Publication Type,Authors,Book Authors,Book Editors,Book Group Authors,Author Full Names,Book Author Full Names,Group Authors,Article Title,Source Title,Book Series Title,Book Series Subtitle,Language,Document Type,Conference Title,Conference Date,Conference Location,Conference Sponsor,Conference Host,Author Keywords,Keywords Plus,Abstract,Addresses,Affiliations,Reprint Addresses,Email Addresses,Researcher Ids,ORCIDs,Funding Orgs,Funding Name Preferred,Funding Text,Cited References,Cited Reference Count,"Times Cited, WoS Core","Times Cited, All Databases",180 Day Usage Count,Since 2013 Usage Count,Publisher,Publisher City,Publisher Address,ISSN,eISSN,ISBN,Journal Abbreviation,Journal ISO Abbreviation,Publication Date,Publication Year,Volume,Issue,Part Number,Supplement,Special Issue,Meeting Abstract,Start Page,End Page,Article Number,DOI,DOI Link,Book DOI,Early Access Date,Number of Pages,WoS Categories,Web of Science Index,Research Areas,IDS Number,Pubmed Id,Open Access Designations,Highly Cited Status,Hot Paper Status,Date of Export,UT (Unique WOS ID),Web of Science Record
J,"Börner, S; Sasse-Zeltner, U",,,,"Boerner, Stefanie; Sasse-Zeltner, Ulrike",,,Solidarity During Crises. The Importance of Welfare State Solidarity in Times of Crisis,ZEITSCHRIFT FUR SOZIOLOGIE,,,German,Article,,,,,,Arbeitsmarktpolitik; Covid-19; Durkheim; Krisenmanagement; Solidaritat; Sozialpolitik; Wohlfahrtsstaat; Labour Market Policies; Crisis Management; Solidarity; Social Policy; Welfare State,POLICY RESPONSES; EUROPE,"This paper examines the crisis-specific impact of the Covid 19 pandemic on welfare state solidarity during the first wave of infection and the first lockdown from March to May 2020. We combine a sociological understanding of solidarity in the context of the welfare state with sociological reflections on crisis-specific solidarity and a differentiation-theoretical perspective on institutional change. By means of a structuring content analysis of the Bundestagsplenarprotokolle, an intra-parliamentary solidarity pressure is traced that leads to crisis-specific Vergemeinschaftung. Through the qualitative analysis of the parliamentary debates, we also clarify the temporary limitation of this connection, which made the resumption of party-political solidarity conflicts possible in the first place after the successful reconstitution of a common normative basis of the members of parliament. On a further level, we elaborate the stabilizing function of welfare state solidarity as an abstract normative guiding idea (Leitidee), which also exerts its effect in conflictual negotiations of social policy measures.","[Boerner, Stefanie; Sasse-Zeltner, Ulrike] Otto von Guericke Univ, Inst Gesellschaftswissensch, Fak Humanwissensch, Zschokkestr 32, D-39104 Magdeburg, Germany",Otto von Guericke University,"Börner, S (corresponding author), Otto von Guericke Univ, Inst Gesellschaftswissensch, Fak Humanwissensch, Zschokkestr 32, D-39104 Magdeburg, Germany.",stefanie.boerner@ovgu.de; ulrike.sasse-zeltner@ovgu.de,,"Sasse-Zeltner, Ulrike/0009-0004-6424-188X",,,,,55,1,2,2,9,WALTER DE GRUYTER GMBH,BERLIN,"GENTHINER STRASSE 13, D-10785 BERLIN, GERMANY",0340-1804,2366-0325,,Z SOZIOL,Z. Soziol.,JUN 2,2023,52,2,,,,,126,142,,10.1515/zfsoz-2023-2011,http://dx.doi.org/10.1515/zfsoz-2023-2011,,MAY 2023,17,Sociology,Social Science Citation Index (SSCI),Sociology,I1RN3,,hybrid,,,2026-01-06,WOS:000988175200001,View Full Record in Web of Science
J,"O'Donoghue, C; Sologon, DM; Kyzyma, I",,,,"O'Donoghue, Cathal; Sologon, Denisa M.; Kyzyma, Iryna",,,Novel welfare state responses in times of crises: the COVID-19 crisis versus the Great Recession,SOCIO-ECONOMIC REVIEW,,,English,Article,,,,,,Economic crises; income; income distribution; methodology; social policy,DISTRIBUTIONAL IMPACT; WAGE INEQUALITY; EUROPEAN-UNION; POLICY; POVERTY; TRANSFERS; IRELAND; EROSION; HEALTH; INCOME,"Using microsimulation tools, we explore the social policy responses to the Great Recession and the COVID-19 crisis, and their impact on preserving living standards in Ireland. During the Great Recession, the focus was on cost reduction. By contrast, during the COVID-19 crisis, the focus was on mitigating the impact on household incomes. In addition, an innovation in joint public and private responses emerged through social partnership. We find a stronger policy response during the COVID-19 crisis than the Great Recession. The COVID-19 crisis was more rapid, leaving more individuals out of work, thus family support was weaker. This was compensated by stronger private support through social partnership. Consequently, those with lower incomes had larger disposable incomes at the onset of the crisis; an effect that reduced with policy learning. We find increasing trust in public institutions during the COVID-19 crisis as opposed to a decline during the Great Recession.","[O'Donoghue, Cathal] Natl Univ Ireland, Galway, Ireland; [Sologon, Denisa M.; Kyzyma, Iryna] Luxembourg Inst Socioecon Res LISER, Esch Sur Alzette, Luxembourg",Ollscoil na Gaillimhe-University of Galway,"Kyzyma, I (corresponding author), Luxembourg Inst Socioecon Res LISER, Esch Sur Alzette, Luxembourg.",Iryna.Kyzyma@liser.lu,"O’Donoghue, Cathal/AAW-4109-2021","Kyzyma, Iryna/0000-0001-8163-2269; Sologon, Denisa Maria/0000-0002-0309-5952",Irish Health Research Board; Irish Research Council,"Irish Health Research Board(Health Research Board - Ireland); Irish Research Council(Irish Research Council for Science, Engineering and Technology)",The authors are grateful to the Irish Health Research Board and Irish Research Council for funding this research.,,81,11,12,0,9,OXFORD UNIV PRESS,OXFORD,"GREAT CLARENDON ST, OXFORD OX2 6DP, ENGLAND",1475-1461,1475-147X,,SOCIO-ECON REV,Socio-Econ. Rev.,MAR 17,2023,21,1,,,,,501,531,,10.1093/ser/mwac033,http://dx.doi.org/10.1093/ser/mwac033,,AUG 2022,31,Economics; Political Science; Sociology,Social Science Citation Index (SSCI),Business & Economics; Government & Law; Sociology,W7OA4,,"Green Submitted, hybrid",,,2026-01-06,WOS:000839565200001,View Full Record in Web of Science
J,"Rueda, D",,,,"Rueda, David",,,"Dualization, crisis and the welfare state",SOCIO-ECONOMIC REVIEW,,,English,Article,,,,,,comparative politics; crises; labor markets; political economy; unemployment; welfare state,POLITICS; DEMOCRACIES,Labour market dualization (an increasing separation between insiders and outsiders) has become an influential feature of many OECD economies since 1980s. This paper argues that dualization mitigates the generosity of the welfare state in a significant way. It also investigates the relationship between dualization and policies that protect and insure against unemployment. The compensating role of social policy is shown to be limited in cases where dualization is more significant. The paper then focuses on the relationship between dualization and the welfare state during the present crisis. It emphasizes the influence of insider-outsider differences on both the nature of unemployment and the responsiveness of social policy during the Great Recession.,"[Rueda, David] Univ Oxford, Dept Polit & IR, Oxford, England; [Rueda, David] Univ Oxford Nuffield Coll, Oxford OX1 1NF, England",University of Oxford; University of Oxford,"Rueda, D (corresponding author), Univ Oxford, Dept Polit & IR, Oxford, England.",david.rueda@politics.ox.ac.uk,"Rueda, David/NDS-5548-2025",,,,,,47,94,119,0,36,OXFORD UNIV PRESS,OXFORD,"GREAT CLARENDON ST, OXFORD OX2 6DP, ENGLAND",1475-1461,1475-147X,,SOCIO-ECON REV,Socio-Econ. Rev.,APR,2014,12,2,,,,,381,407,,10.1093/ser/mwu015,http://dx.doi.org/10.1093/ser/mwu015,,,27,Economics; Political Science; Sociology,Social Science Citation Index (SSCI),Business & Economics; Government & Law; Sociology,AS7DK,,,,,2026-01-06,WOS:000344417400007,View Full Record in Web of Science
J,"Hatland, A",,,,"Hatland, Aksel",,,The Welfare State from Crisis to Consolidation,TIDSSKRIFT FOR SAMFUNNSFORSKNING,,,Norwegian,Article,,,,,,Welfare state; individualisation; autonomy; social costs,,"Around 1980, many researchers and prominent economists interpreted developments in the western welfare states to mean that they were heading towards a crisis. Central elements of the criticism were that cost growth was out of control and that welfare schemes deprived people of control over their own lives. In this paper, developments in Norwegian welfare policy after 1980 are interpreted as responses to this criticism. It shows how expenditure growth has been reduced to grow in line with gross national product. Users' autonomy has been strengthened and the power of service","[Hatland, Aksel] Inst Samfunnsforskning, Oslo, Norway",,"Hatland, A (corresponding author), Inst Samfunnsforskning, Oslo, Norway.",aksel.hatland@gmail.com,,,,,,,39,3,4,0,4,UNIVERSITETSFORLAGET,OSLO,"POSTBOKS 508 SENTRUM, OSLO, NORWAY",0040-716X,1504-291X,,TIDSSKR SAMFUNNSFOR,Tidsskr. Samfunnsforsk.,,2023,64,2,,,,,147,163,,10.18261/tfs.64.2.3,http://dx.doi.org/10.18261/tfs.64.2.3,,,17,"Social Sciences, Interdisciplinary",Social Science Citation Index (SSCI),Social Sciences - Other Topics,HX1V4,,gold,,,2026-01-06,WOS:001162726200003,View Full Record in Web of Science
J,"Castles, FG",,,,"Castles, FG",,,The future of the welfare state: Crisis myths and crisis realities,INTERNATIONAL JOURNAL OF HEALTH SERVICES,,,English,Article,,,,,,,,"Accounts of the future of the welfare state are often presented in crisis terms. Some commentators identify globalization as a force that has already led to a major retreat by the state and is likely to lead to further downsizing of the public sector. Others see the future burden of an aging population as creating huge public expenditure pressures that can be countered only by increased parsimony in most areas of spending. Although both crisis scenarios contain elements of truth, analysis of recent public expenditure trends shows that both are substantially exaggerated as general representations of likely developments over the next two or three decades. However, unnoticed by most commentators, a real, longer-term crisis is beginning to make itself felt. This crisis arises, in part, from the demographic impact of a cultural transformation in the labor market, in progress for several decades. Extreme scenarios of possible consequences over the next 50 to 100 years include population implosion, mass migration, increasingly dangerous eruptions of right-wing populism, and, possibly, territorial conflict between developed and underdeveloped nations. This is not a crisis of the welfare state but rather a crisis for which the welfare state may be an essential part of the answer. The only way Western societies can lessen the future impact of the ongoing cultural transformation of the labor market is through the redesign of welfare state institutions to confront these new challenges.","Univ Edinburgh, Dept Social Policy, Edinburgh EH8 9LL, Midlothian, Scotland",University of Edinburgh,"Castles, FG (corresponding author), Univ Edinburgh, Dept Social Policy, Adam Ferguson Bldg George Sq, Edinburgh EH8 9LL, Midlothian, Scotland.",,,,,,,,40,16,25,0,17,BAYWOOD PUBL CO INC,AMITYVILLE,"26 AUSTIN AVE, AMITYVILLE, NY 11701 USA",0020-7314,,,INT J HEALTH SERV,Int. J. Health Serv.,,2002,32,2,,,,,255,277,,10.2190/GJ9M-WUGX-DMJ2-35PA,http://dx.doi.org/10.2190/GJ9M-WUGX-DMJ2-35PA,,,23,Health Care Sciences & Services; Health Policy & Services,Science Citation Index Expanded (SCI-EXPANDED); Social Science Citation Index (SSCI),Health Care Sciences & Services,558XL,12067031,,,,2026-01-06,WOS:000175992900003,View Full Record in Web of Science
J,"Manow, P; Seils, E",,,,"Manow, P; Seils, E",,,The employment crisis of the German welfare state,WEST EUROPEAN POLITICS,,,English,Article,,,,,,,,"The mainstream of the academic debate on the German political economy attributes the problems of the welfare state and the labour market to unification rather than the traits of the German model. By contrast, we find a pathological response pattern to recessions which results from the interplay of the Bundesbank, the government and the social partners - the employers' and union organisations. While, on the one hand, the central bank forces the government to observe fiscal discipline, with the government then shifting costs on to the social insurance funds, on the other, employers and unions use early retirement as a key instrument of adjustment in the labour market. This process of dual cost externalisation leads to increasing non-wage labour costs which, in turn, contribute to the problem of unemployment.","Max Planck Inst Study Soc, Cologne, Germany",Max Planck Society,"Manow, P (corresponding author), Max Planck Inst Study Soc, Cologne, Germany.",,,"Manow, Philip/0000-0002-7154-7789",,,,,47,20,24,0,10,"ROUTLEDGE JOURNALS, TAYLOR & FRANCIS LTD",ABINGDON,"4 PARK SQUARE, MILTON PARK, ABINGDON OX14 4RN, OXFORDSHIRE, ENGLAND",0140-2382,,,WEST EUR POLIT,West Eur. Polit.,APR,2000,23,2,,,,,137,+,,10.1080/01402380008425370,http://dx.doi.org/10.1080/01402380008425370,,,25,Political Science,Social Science Citation Index (SSCI),Government & Law,364WU,,,,,2026-01-06,WOS:000089917700007,View Full Record in Web of Science
J,"Yerkes, M; van der Veen, R",,,,"Yerkes, Mara; van der Veen, Romke",,,Crisis and Welfare State Change in the Netherlands,SOCIAL POLICY & ADMINISTRATION,,,English,Article,,,,,,Crisis; Institutional change; Netherlands; Social rights; Social risks; Welfare state reform,SOCIAL-POLICY; SECURITY; POLITICS,"The current economic crisis is assumed to create new pressures for the welfare state. In this article we investigate to what extent the crisis leads to changes in Dutch welfare state policies and institutions. Usually these changes are operationalized in terms of retrenchment (cost reduction) or restructuring (institutions). Hie focus, however, on developments in social rights in the hope of gaining better insight into the content and extent of policy change. This perspective combines attention for costs and institutional structure with attention for the content and substance of social rights. We start by analyzing the development of social rights in the Dutch welfare state as a reaction to the economic crisis of the 1970s and 1980s. Consequently, we will analyze current perceptions of social risks and social rights as well as how we think these perceptions will be affected by the pressures brought on by the economic crisis of 2008-09. Using an institutional perspective, we examine the consequences of the current economic crisis for perceptions of social citizenship and entitlement to social risk protection within the welfare state.","[Yerkes, Mara] Univ Queensland, Social Sci Res Inst, St Lucia, Qld 4072, Australia; [van der Veen, Romke] Erasmus Univ, Rotterdam, Netherlands; [Yerkes, Mara] Univ Queensland, Social Sci Res Inst, Brisbane, Qld 4072, Australia",University of Queensland; Erasmus University Rotterdam; Erasmus University Rotterdam - Excl Erasmus MC; University of Queensland,"Yerkes, M (corresponding author), Univ Queensland, Social Sci Res Inst, Room 451,Level 4,GPN3 Bldg 39A,Campbell Rd, St Lucia, Qld 4072, Australia.",m.yerkes@uq.edu.au,"van der veen, romke/F-5518-2013; Yerkes, Mara/AAJ-2904-2020","Yerkes, Mara/0000-0002-5480-4878",,,,,24,20,24,1,33,WILEY-BLACKWELL,MALDEN,"COMMERCE PLACE, 350 MAIN ST, MALDEN 02148, MA USA",0144-5596,,,SOC POLICY ADMIN,Soc. Policy Adm.,AUG,2011,45,4,,,SI,,430,444,,10.1111/j.1467-9515.2011.00783.x,http://dx.doi.org/10.1111/j.1467-9515.2011.00783.x,,,15,Development Studies; Public Administration; Social Issues; Social Work,Social Science Citation Index (SSCI),Development Studies; Public Administration; Social Issues; Social Work,785IA,,,,,2026-01-06,WOS:000292220900007,View Full Record in Web of Science
J,"Lynch, J",,,,"Lynch, Julia",,,The Italian welfare state after the financial crisis,JOURNAL OF MODERN ITALIAN STUDIES,,,English,Article,,,,,,Italy; welfare state; pensions; family policy; unemployment; financial crisis.,,"The essential characteristics of the Italian welfare state as it developed after the Second WorldWar generated social cleavages and inequities that affected the Italian economy and provided grist for future reforms. At the same time, the welfare state provided political actors with incentives and resources that constrained attempts at reform. With the financial crisis beginning in 2008, serious reform was no longer optional. But austerity politics have generated pressures for changes to the welfare state which are unlikely to moderate most of the underlying inequities generated by the post- war system. Going forward, Italian policymakers must chart a path that is informed by efforts to overcome the pathologies of the past without further undermining the social and economic health of the country.","[Lynch, Julia] Univ Penn, Philadelphia, PA 19104 USA; [Lynch, Julia] Univ Penn, Leonard Davis Inst Hlth Econ, Philadelphia, PA 19104 USA",University of Pennsylvania; University of Pennsylvania,"Lynch, J (corresponding author), Univ Penn, Philadelphia, PA 19104 USA.",,,,,,,,4,5,6,0,8,"ROUTLEDGE JOURNALS, TAYLOR & FRANCIS LTD",ABINGDON,"4 PARK SQUARE, MILTON PARK, ABINGDON OX14 4RN, OXFORDSHIRE, ENGLAND",1354-571X,1469-9583,,J MOD ITAL STUD,J. Mod. Ital. Stud.,,2014,19,4,,,,,380,388,,10.1080/1354571X.2014.929821,http://dx.doi.org/10.1080/1354571X.2014.929821,,,9,History,Arts & Humanities Citation Index (A&HCI),History,AO5UP,,,,,2026-01-06,WOS:000341411100002,View Full Record in Web of Science
J,"Dragulin, S",,,,"Dragulin, Sabin",,,THE WELFARE STATE CRISIS A CASE STUDY - ITALY,EUROPEAN JOURNAL OF SCIENCE AND THEOLOGY,,,English,Article; Proceedings Paper,International Conference on Academos - Reconstructing Good Society,"JUN 05-07, 2013","Natl Sch Polit & Adm Studies (NSPAS), Bucharest, ROMANIA",,Natl Sch Polit & Adm Studies (NSPAS),Italian welfare state; public debt; gross domestic product,,"The welfare state is a current topic because its components directly affect the standard of living of every citizen. Severe economic crisis that started in 2008 embarrass governments that are called to maintain or even develop the welfare state. Research hypothesis underlying the analysis of this study is that the Italian welfare state development in the last three decades disregarded domestic, objective economic realities. In the first part of the study, the author undertakes a theoretical analysis of Italian welfare state model. In the second part, based on empirical data collected from the National Institute of Statistics (ISTAT) in Italy, were analyzed three independent variables: health care, social assistance and social benefits systems; and, respectively, a dependent variable - level of indebtedness of the Italian State. Following the analysis of these variables were found several conclusions: the welfare state has received significant financial resources during this period, but the growth rate of these investments was not correlated with that of GDP development and massive capital allocations in this area had a major and negative impact on the country's indebtedness. The corollary of this conclusion is that it must identify a new paradigm of welfare state that does not endanger the personal security of individuals, but allowing at the same time the sustainability of the system.","Univ Bucharest, Bucharest 023997, Romania",University of Bucharest,"Dragulin, S (corresponding author), Univ Bucharest, 24 Sfantul Stefan, Bucharest 023997, Romania.",dragulinsabin@yahoo.com,,,,,,,19,1,1,0,11,ACAD ORGANISATION ENVIRONMENTAL ENGINEERING & SUSTAINABLE DEV,IASI,"MANGERON BLVD NO 71A, PO 10, BOX 2111, IASI, 700050, ROMANIA",1841-0464,1842-8517,,EUR J SCI THEOL,Eur. J. Sci. Theol.,JUN,2013,9,,,2,,,147,156,,,,,,10,Religion,Science Citation Index Expanded (SCI-EXPANDED); Arts & Humanities Citation Index (A&HCI); Conference Proceedings Citation Index - Social Science & Humanities (CPCI-SSH); Conference Proceedings Citation Index - Science (CPCI-S),Religion,165ML,,,,,2026-01-06,WOS:000320487900016,View Full Record in Web of Science
J,"Kim, S",,,,"Kim, S",,,"Economic crisis, domestic politics and welfare state changes",PACIFIC REVIEW,,,English,Article,,,,,,economic crisis; welfare reform; globalization; pension system; policy networks,,"This essay re-examines the debate over the relationship between economic crises and welfare system changes and the role of domestic political factors which may refract the wave of influence from economic crisis. While acknowledging the inherent weakness of research design in a single case study, this study cautiously contends that an examination of the Korean case reveals that domestic factors continue to play an important role in welfare policy-making, even when decisive global economic forces are at work. Theoretically, this study argues not only for the continued theoretical relevance of the state-centered theory, but also in favor of a more integrated and configurational approach.","Dongshin Univ, Dept Social Welf, Naju 520714, South Korea",Dongshin University,"Kim, S (corresponding author), Dongshin Univ, Dept Social Welf, 252 Dae Ho Dong, Naju 520714, South Korea.",shinyoungkim-1@hanmail.net,,,,,,,24,2,4,0,5,"ROUTLEDGE JOURNALS, TAYLOR & FRANCIS LTD",ABINGDON,"4 PARK SQUARE, MILTON PARK, ABINGDON OX14 4RN, OXFORDSHIRE, ENGLAND",0951-2748,,,PAC REV,Pac. Rev.,SEP,2005,18,3,,,,,375,391,,10.1080/09512740500189090,http://dx.doi.org/10.1080/09512740500189090,,,17,Area Studies; International Relations,Social Science Citation Index (SSCI),Area Studies; International Relations,965XF,,Bronze,,,2026-01-06,WOS:000231983500004,View Full Record in Web of Science
J,"Matos, CS",,,,"Matos, Cristina Soeiro",,,Household Income Instability: Portuguese Welfare State Meets the Eurozone Crisis,JOURNAL OF ECONOMIC ISSUES,,,English,Article,,,,,,welfare state; institutionalism; social insurance; employment protection; Portugal,,"This article approaches welfare state evolution in terms of protection against household income volatility. It maintains wage earner household income instability emerges from firm routines, household habits, and welfare state provisions. It considers the impact of austerity measures in the context of a longer trend of labor market institutional evolution. Prior to austerity-driven measures, labor market developments shifted risk from firms to state and households. Austerity measures amplified previous trends and left household incomes exceedingly exposed to effective demand risk.","[Matos, Cristina Soeiro] Univ Minho, Sch Econ & Management, Dept Econ, Braga, Portugal",Universidade do Minho,"Matos, CS (corresponding author), Univ Minho, Sch Econ & Management, Dept Econ, Braga, Portugal.",,"Matos, Cristina/AGK-4315-2022","Matos, Cristina/0000-0001-7286-4252",,,,,24,1,1,2,11,"ROUTLEDGE JOURNALS, TAYLOR & FRANCIS LTD",ABINGDON,"2-4 PARK SQUARE, MILTON PARK, ABINGDON OX14 4RN, OXON, ENGLAND",0021-3624,1946-326X,,J ECON ISSUES,J. Econ. Issues,JUL 3,2022,56,3,,,,,758,769,,10.1080/00213624.2022.2079935,http://dx.doi.org/10.1080/00213624.2022.2079935,,,12,Economics,Social Science Citation Index (SSCI),Business & Economics,5B2JH,,,,,2026-01-06,WOS:000863399800006,View Full Record in Web of Science
J,"Nexo, TA",,,,"Nexo, Tue Andersen",,,Utopia against the welfare state: rethinking utopia in an age of reproductive crises,TEXTUAL PRACTICE,,,English,Article,,,,,,Utopia; everyday life; reproductive crisis; Asta Olivia Nordenhof; Fredric Jameson; Miguel Abensour,,"This essay uses the work the easiness and the loneliness (2013) by the Danish author Asta Olivia Nordenhof to examine the relationship between utopian imaginings and representations of everyday life. It also attempts to develop an alternative to the American literary theorist Fredric Jameson's influential theories on the form and function of utopian writing. The context for Jameson's theory of utopia is a diagnosis of our present characterised by our inability to conceive of any alternative; for Jameson, the principal function of utopian writing is its capacity to open the future as a site of alterity. Arguing that the last decade has seen our historical moment theorised as one incapable of sustaining itself, rather than characterised by the impossibility of imagining the future, the essay uses, among others, the French philosopher Miguel Abensour to articulate how the connection between utopia and the everyday might foster a new and more timely understanding of utopia.","[Nexo, Tue Andersen] Univ Copenhagen, Dept Cultural Studies & Arts, Copenhagen, Denmark",University of Copenhagen,"Nexo, TA (corresponding author), Univ Copenhagen, Dept Cultural Studies & Arts, Copenhagen, Denmark.",tan@hum.ku.dk,,,,,,,32,1,1,0,3,"ROUTLEDGE JOURNALS, TAYLOR & FRANCIS LTD",ABINGDON,"2-4 PARK SQUARE, MILTON PARK, ABINGDON OX14 4RN, OXON, ENGLAND",0950-236X,1470-1308,,TEXTUAL PRACT,Textual Pract.,SEP 2,2023,37,9,,,SI,,1456,1474,,10.1080/0950236X.2023.2248796,http://dx.doi.org/10.1080/0950236X.2023.2248796,,SEP 2023,19,Literature,Arts & Humanities Citation Index (A&HCI),Literature,S8EV1,,,,,2026-01-06,WOS:001063852400001,View Full Record in Web of Science
J,"Matsaganis, M",,,,"Matsaganis, Manos",,,The welfare state and the crisis: the case of Greece,JOURNAL OF EUROPEAN SOCIAL POLICY,,,English,Article,,,,,,crisis; Greece; pensions; safety net; unemployment,PENSION REFORM; POLITICS; LIMITS; UNION; EMU,"The paper examines the relationship between the severe economic crisis facing Greece and the country's social protection system, arguing that this relationship is ambivalent. On one level, the welfare state itself has contributed in a far from trivial way to the fiscal crisis of the state, with its various failures including huge deficits in key programmes such as pensions and health. On a second level, the crisis and the measures to counter it deprive the welfare state of resources, while at the same time setting in motion sweeping changes. On a third level, social protection can help cope with the consequences of the crisis, but enhancing its capacity to do so will require considerable reconfiguration and proper funding of social safety nets. The paper concludes by discussing the prospects for a revival of welfare state building in Greece in the current harsh climate.","Athens Univ Econ & Business, Dept European & Int Econ Studies, Athens 10434, Greece",Athens University of Economics & Business,"Matsaganis, M (corresponding author), Athens Univ Econ & Business, Dept European & Int Econ Studies, Patiss 76, Athens 10434, Greece.",matsaganis@aueb.gr,,"MATSAGANIS, EMMANUEL/0000-0002-0369-6280",,,,,40,95,116,1,52,SAGE PUBLICATIONS LTD,LONDON,"1 OLIVERS YARD, 55 CITY ROAD, LONDON EC1Y 1SP, ENGLAND",0958-9287,1461-7269,,J EUR SOC POLICY,J. Eur. Soc. Policy,DEC,2011,21,5,,,,,501,512,,10.1177/0958928711418858,http://dx.doi.org/10.1177/0958928711418858,,,12,Public Administration; Social Issues,Social Science Citation Index (SSCI),Public Administration; Social Issues,861TC,,,,,2026-01-06,WOS:000298041100007,View Full Record in Web of Science
J,"Sacchi, S",,,,"Sacchi, Stefano",,,The Italian Welfare State in the Crisis: Learning to Adjust?,SOUTH EUROPEAN SOCIETY AND POLITICS,,,English,Article,,,,,,Italy; welfare state; social investment; Jobs Act; Renzi government; Monti government,ECONOMIC-CRISIS; INDUSTRIAL-RELATIONS; POLITICAL-ECONOMY; REFORMS; FAMILY; CONDITIONALITY; AUSTERITY; POLICIES; GERMANY; IMPACT,"After a decade of inertia, that left it unprepared to withstand the blow of the great recession, the Italian welfare state has witnessed significant changes since 2012. Externally driven consolidation in the wake of the sovereign debt crisis spurred yet another wave of social policy reforms after that of the 1990s. These reforms did not however invariably entail retrenchment. Both the Monti and the Renzi governments combined liberalisation with expansion of social rights, particularly in income support. As a result, the Italian welfare state looks more comprehensive than it was before the crisis. At the same time, there was no overall strategy of welfare modernisation based on coordinated social investment measures. The changes in Italian social policy since the outburst of the great recession highlight the importance of domestic politics interacting with external drivers of change. They also facilitate an assessment of the opportunity structures for further reforms in a political system that appears to be veering again towards consensus democracy.","[Sacchi, Stefano] Univ Milan, Polit Sci, Milan, Italy; [Sacchi, Stefano] LUISS Univ, Rome, Italy; [Sacchi, Stefano] Collegio Carlo Alberto Turin, Turin, Italy; [Sacchi, Stefano] Italian Natl Inst Publ Policy Anal INAPP, Rome, Italy",University of Milan; Luiss Guido Carli University,"Sacchi, S (corresponding author), Univ Milan, Polit Sci, Milan, Italy.;Sacchi, S (corresponding author), LUISS Univ, Rome, Italy.;Sacchi, S (corresponding author), Collegio Carlo Alberto Turin, Turin, Italy.;Sacchi, S (corresponding author), Italian Natl Inst Publ Policy Anal INAPP, Rome, Italy.",stefano.sacchi@carloalberto.org,,"SACCHI, STEFANO/0000-0002-1318-0253",,,,,57,50,55,1,12,"ROUTLEDGE JOURNALS, TAYLOR & FRANCIS LTD",ABINGDON,"2-4 PARK SQUARE, MILTON PARK, ABINGDON OX14 4RN, OXON, ENGLAND",1360-8746,1743-9612,,S EUR SOC POLIT,S. Eur. Soc. Polit.,,2018,23,1,,,SI,,29,46,,10.1080/13608746.2018.1433478,http://dx.doi.org/10.1080/13608746.2018.1433478,,,18,Political Science; Social Issues,Social Science Citation Index (SSCI),Government & Law; Social Issues,FZ9SO,,"Green Submitted, Bronze",,,2026-01-06,WOS:000427952100003,View Full Record in Web of Science
J,"Béland, D; Hansen, R",,,,"Béland, D; Hansen, R",,,"Reforming the French welfare state:: Solidarity, social exclusion and the three crises of citizenship",WEST EUROPEAN POLITICS,,,English,Article,,,,,,,,"The article explores recent debates about citizenship and social provision in France. It examines the essential concepts comparable to 'social citizenship', as understood in British debates, and the role that they have played in the development of the French welfare state. Its conclusions are threefold. First, social provision in France is founded on the principle of solidarite, which holds that all citizens face a series of social risks (unemployment and illness) that make them dependent on one another. Second, as the traditional insurance principle (the core of the French welfare state) is founded on socio-economic conditions (concerning the nature of social interdependence and social risk) that no longer exist, the emergence of these social ills has led to not one but three crises of citizenship: a crisis of coverage, of legitimacy and of participation. Third, while it is to early to draw definitive conclusions, recent policy reforms suggest that the difficulties faced by French welfare are encouraging moves towards the British model of tax-based (rather than insurance-based) financing of social provision.","Ecole Hautes Etud Sci Sociales, Paris, France; Univ London Queen Mary & Westfield Coll, London E1 4NS, England",University of London; Queen Mary University London,"Béland, D (corresponding author), Ecole Hautes Etud Sci Sociales, Paris, France.",,"Béland, Daniel/AAD-8642-2021",,,,,,79,40,46,0,11,FRANK CASS CO LTD,ESSEX,"NEWBURY HOUSE, 900 EASTERN AVE, NEWBURY PARK, ILFORD, ESSEX IG2 7HH, ENGLAND",0140-2382,,,WEST EUR POLIT,West Eur. Polit.,JAN,2000,23,1,,,,,47,64,,10.1080/01402380008425351,http://dx.doi.org/10.1080/01402380008425351,,,18,Political Science,Social Science Citation Index (SSCI),Government & Law,364WT,,,,,2026-01-06,WOS:000089917600003,View Full Record in Web of Science
J,"Buendía, L; Serrano, PJG; Molero-Simarro, R",,,,"Buendia, Luis; Gomez Serrano, Pedro Jose; Molero-Simarro, Ricardo",,,Gone with the Crisis? Welfare State Change in Europe Before and Since the 2008 Crisis,SOCIAL INDICATORS RESEARCH,,,English,Article,,,,,,Welfare state; Social regress; Income benefits; Adjustment policies; Replacement rates,RETRENCHMENT; INEQUALITY; AUSTERITY; REFORM; TRANSFORMATION; UNEMPLOYMENT; RECESSION; COUNTRIES; VALIDITY; POLITICS,"The economic crisis has undoubtedly impacted welfare states through the austerity policies prioritised to purportedly lead economies back to a growth path. In this paper, we assess the effects of the crisis in those welfare states, focusing on income benefits and analysing cases of welfare state change before the crisis via gross replacement rates available through the OECD tax/benefits database. We begin with a literature review on impacts of the crisis on welfare states, then focus on our hypothesis that retrenchment trends were already in motion before the crisis. From our point of view, this is relevant to understanding the evolution of welfare states since 2001, particularly those effects attributable to the crisis (versus those that are not); this may also be of help in the prediction of future trends.","[Buendia, Luis] Univ Leon, Dept Econ & Estadist, Campus Vegazana S-N, E-24071 Leon, Spain; [Gomez Serrano, Pedro Jose] Univ Complutense Madrid, Dept Econ Aplicada Estruct & Hist, Madrid, Spain; [Molero-Simarro, Ricardo] Univ Autonoma Madrid, Dept Estruct Econ & Econ Desarrollo, Madrid, Spain",Universidad de Leon; Complutense University of Madrid; Autonomous University of Madrid,"Buendía, L (corresponding author), Univ Leon, Dept Econ & Estadist, Campus Vegazana S-N, E-24071 Leon, Spain.",luis.buendia@unileon.es; pjgomezs@ucm.es; ricardo.molero@uam.es,"Molero-Simarro, Ricardo/A-4716-2015; Buendia, Luis/B-8755-2016","Molero-Simarro, Ricardo/0000-0002-6157-322X; Buendia, Luis/0000-0002-8507-7538",,,,,42,3,4,0,6,SPRINGER,DORDRECHT,"VAN GODEWIJCKSTRAAT 30, 3311 GZ DORDRECHT, NETHERLANDS",0303-8300,1573-0921,,SOC INDIC RES,Soc. Indic. Res.,JUL,2020,150,1,,,,,243,264,,10.1007/s11205-020-02286-y,http://dx.doi.org/10.1007/s11205-020-02286-y,,FEB 2020,22,"Social Sciences, Interdisciplinary; Sociology",Social Science Citation Index (SSCI),Social Sciences - Other Topics; Sociology,MQ2IJ,,,,,2026-01-06,WOS:000516115900002,View Full Record in Web of Science
J,"Taeger, K",,,,"Taeger, K",,,Welfare state crisis - what does it mean for critical care medicine?,ANASTHESIOLOGIE & INTENSIVMEDIZIN,,,German,Article,,,,,,social welfare; health and welfare planning; critical care; medical futility; ethics-triage,PATIENTS REFUSED ADMISSION; INTENSIVE-CARE; FUTILITY; DEFINE,"The crisis of the German welfare state, caused by drastic changes in the age structure and excessive demands placed on the social system by the German citizens, will result in a shortage of medical services in the near future. Critical care is one of the most expensive facilities in hospitals. The expenses for critically ill patients can be justified only if the performance is fairly optimal. The demand for critical care services will continuously increase over the next few years. However, it will not be possible to increase the number of ICU beds accordingly. Therefore, structures will have to be optimized, economy measures to be taken, and limits to be set for diagnosis and therapy.","Klinikum Univ Regensburg, Anasthesiol Klin, D-93042 Regensburg, Germany",University of Regensburg,"Taeger, K (corresponding author), Klinikum Univ Regensburg, Anasthesiol Klin, Franz Josef Str Allee 11, D-93042 Regensburg, Germany.",,,,,,,,15,4,5,0,0,D I O MED VERLAGS GMBH,NURNBERG,"OBERE SCHMIEDGASSE 11, 90403 NURNBERG, GERMANY",0170-5334,,,ANASTH INTENSIVMED,Anasthesiol. Intensivmed.,JUL-AUG,2003,44,7-8,,,,,546,550,,,,,,5,Anesthesiology; Critical Care Medicine,Science Citation Index Expanded (SCI-EXPANDED); Social Science Citation Index (SSCI),Anesthesiology; General & Internal Medicine,712AC,,,,,2026-01-06,WOS:000184772400006,View Full Record in Web of Science
J,"Josifidis, K; Hall, JB; Supic, N; Pucar, EB",,,,"Josifidis, Kosta; Hall, John B.; Supic, Novica; Pucar, Emilija Beker",,,THE EUROPEAN WELFARE STATE REGIMES: QUESTIONING THE TYPOLOGY DURING THE CRISIS,TECHNOLOGICAL AND ECONOMIC DEVELOPMENT OF ECONOMY,,,English,Article,,,,,,welfare state; economic crisis; the European Union; institutional changes; pension system; unemployment benefit system,FINANCIAL CRISIS; CONVERGENCE; POPULATION; GERMANY; REFORM; IMPACT,"This paper examines the nature of changes within the EU-15 welfare states affected by the 2008 crisis. We try to answer the question of whether the differences that exist among different welfare state regimes, according to prevailing welfare state typologies, lead to different responses to the consequences of the crisis. Welfare state regimes are the result of different institutional perceptions of social risks hence it is realistic to expect specific responses to the effects of crisis among different welfare state regimes, and similar responses among the countries that belong to the same welfare state regimes. In order to recognize convergent vs. divergent processes, we perform a comparative analysis of the dynamics of the key welfare state determinants of the EU-15 countries, grouping according to welfare state regimes, in the pre-crisis and crisis periods. The results indicate that institutional rigidity and inherent inertia has remained a key factor of convergent welfare state processes in countries that belong to the Social Democratic and Corporatist welfare state regimes. Deviations from such a course are the most evident in the Mediterranean welfare state regimes, especially in Greece and Portugal where austerity measures have been formulated under the strong influence of the Troika.","[Josifidis, Kosta; Supic, Novica; Pucar, Emilija Beker] Univ Novi Sad, Fac Econ Subot, Novi Sad 21000, Serbia; [Hall, John B.] Portland State Univ, Dept Econ, Portland, OR 97207 USA",University of Novi Sad; Portland State University,"Supic, N (corresponding author), Univ Novi Sad, Fac Econ Subot, Novi Sad 21000, Serbia.",novicasupic@yahoo.com,"; Supic, Novica/ABF-9244-2022","Josifidis, Kosta/0000-0002-2522-9202; Supic, Novica/0000-0002-9526-7255; Beker Pucar, Emilija/0000-0002-6369-3225","Ministry of Education and Science, Republic of Serbia [47010]","Ministry of Education and Science, Republic of Serbia","The first version of this paper was presented at the 10th International Conference Developments in Economic Theory and Policy (Bilbao, June 27-28, 2013). The paper is written under the auspices of the project 47010 supported by the Ministry of Education and Science, Republic of Serbia.",,34,10,12,1,50,VILNIUS GEDIMINAS TECH UNIV,VILNIUS,"SAULETEKIO AL 11, VILNIUS, LT-10223, LITHUANIA",2029-4913,2029-4921,,TECHNOL ECON DEV ECO,Technol. Econ. Dev. Econ.,JUL 4,2015,21,4,,,,,577,595,,10.3846/20294913.2015.1055612,http://dx.doi.org/10.3846/20294913.2015.1055612,,,19,Economics,Social Science Citation Index (SSCI),Business & Economics,CN0US,,"Green Submitted, gold",,,2026-01-06,WOS:000358130000003,View Full Record in Web of Science
J,"Perisic, N; Vidojevic, J",,,,"Perisic, Natalija; Vidojevic, Jelena",,,Responses of the Serbian Welfare State to the Global Economic Crisis,REVIJA ZA SOCIJALNU POLITIKU,,,English,Article,,,,,,the crisis; welfare; labour market; social welfare; pensions; health,,"The global financial crisis has revealed serious weaknesses in Serbia's' economic and social systems. Short term measures to mitigate the negative effects of the crisis were only partially successful. In 2010, the welfare state has been marked as one of the priority areas of middle term state reforms, but so far, there have been no radical cuts, even though it is uncertain, whether this situation is sustainable. The main directions of reform, have been, and will be, directed by deficit budgetary funds (i.e. the need to reduce the share of social transfers within the GDP and their sustainability). Even though accessibility and quality have been declared as equally important reform objectives, effects of reforms point to fiscal constraints as the most important challenge. Austerity measures, characteristic of the Serbian welfare state, during the crisis are not only linked to the crisis, but may be viewed as a part of the declining role of the state after the breakdown of socialism in the 1990s. Therefore, it is sometimes hard to distinguish between the measures as a reaction to the crisis and those contemplated prior to the crisis, because their aims seem rather compatible.","[Perisic, Natalija; Vidojevic, Jelena] Univ Belgrade, Fac Polit Sci, Belgrade 11000, Serbia",University of Belgrade,"Perisic, N (corresponding author), Univ Belgrade, Fac Polit Sci, Jove Ilica 165, Belgrade 11000, Serbia.",natalija.perisic@fpn.bg.ac.rs,,,,,,,38,1,2,0,7,"SVEUCLISTE ZAGREBU, PRAVNI FAKULTED-UNIV ZAGREB, FAC LAW",ZAGREB,"TRG MARSALA TITA 14, ZAGREB, 10000, CROATIA",1330-2965,,,REV SOC POLIT,Rev. Soc. Polit.,JUL,2015,22,2,,,,,177,194,,10.3935/rsp.v22i2.1209,http://dx.doi.org/10.3935/rsp.v22i2.1209,,,18,Social Issues,Social Science Citation Index (SSCI),Social Issues,CP6AL,,"Green Submitted, gold",,,2026-01-06,WOS:000359966600003,View Full Record in Web of Science
J,"Dahlström, C",,,,"Dahlstroem, Carl",,,The Bureaucratic Politics of Welfare-State Crisis: Sweden in the 1990s,GOVERNANCE-AN INTERNATIONAL JOURNAL OF POLICY ADMINISTRATION AND INSTITUTIONS,,,English,Article,,,,,,,SWEDISH; MODEL,"This article suggests that key bureaucrats play a decisive role in times of welfare crisis. It argues that key bureaucrats, through their advice, define both the type of welfare crisis and the range of possible solutions, which have at least two important consequences: First, it broadens the distribution of welfare cuts, as key bureaucrats-contrary to politicians-have no interests in targeting special voter groups. Second, it enables political compromises, as both the government and the opposition trust the key bureaucrats' expertise. These suggestions are tested empirically in a case study of Sweden in the 1990s. It shows that key bureaucrats did indeed influence both the distribution of the cuts and enabled a compromise between the center-right government and the Social Democratic opposition.","[Dahlstroem, Carl] Univ Gothenburg, Dept Polit Sci, Gothenburg, Sweden",University of Gothenburg,"Dahlström, C (corresponding author), Harvard Univ, Ctr European Studies, Cambridge, MA 02138 USA.",,"Dahlström, Carl/U-6807-2019","Dahlström, Carl/0000-0003-4996-2449",,,,,47,22,24,0,3,WILEY,HOBOKEN,"111 RIVER ST, HOBOKEN 07030-5774, NJ USA",0952-1895,1468-0491,,GOVERNANCE,Governance-Int. J. Policy Adm. I.,APR,2009,22,2,,,,,217,238,,10.1111/j.1468-0491.2009.01433.x,http://dx.doi.org/10.1111/j.1468-0491.2009.01433.x,,,22,Political Science; Public Administration,Social Science Citation Index (SSCI),Government & Law; Public Administration,430ZH,,,,,2026-01-06,WOS:000265030600005,View Full Record in Web of Science
J,"Watson, M",,,,"Watson, Matthew",,,THE WELFARE STATE SOURCES OF BANK INSTABILITY: DISPLACING THE CONDITIONS OF WELFARE STATE FISCAL CRISIS UNDER PRESSURES OF MACROECONOMIC FINANCIALIZATION,PUBLIC ADMINISTRATION,,,English,Article,,,,,,,NEW-LABOR; KEYNESIANISM; ECONOMY,"The post-financial crisis decision-making of Britain's Labour Government represents an interesting case of the more general tensions embedded in welfare reform strategies under macroeconomic pressures of financialization. It continued to find additional sources of funding out of current taxation to finance enhanced levels of short-term frontline services, yet this was always against the backdrop of attempting to facilitate greater long-term affordability through negotiating the switch to increasingly self-sufficient welfare citizens. These twin policy objectives provided the backdrop for New Labour's opposition to the Bank of England's post-financial crisis arguments for forcibly separating banks' trading practices from their depository business. It was in this way that increasing welfare state sources of future bank instability became apparent. In Britain at least, attempts to juggle conflicting short-term and long-term policy priorities have resulted in the displacement of the most obvious manifestations of welfare state fiscal crisis into other areas of the public finances.","Univ Warwick, Dept Polit & Int Studies, Coventry CV4 7AL, W Midlands, England",University of Warwick,"Watson, M (corresponding author), Univ Warwick, Dept Polit & Int Studies, Coventry CV4 7AL, W Midlands, England.",,,,,,,,57,4,4,0,13,WILEY-BLACKWELL,HOBOKEN,"111 RIVER ST, HOBOKEN 07030-5774, NJ USA",0033-3298,1467-9299,,PUBLIC ADMIN,Public Adm.,DEC,2013,91,4,,,SI,,855,870,,10.1111/j.1467-9299.2012.02069.x,http://dx.doi.org/10.1111/j.1467-9299.2012.02069.x,,,16,Political Science; Public Administration,Social Science Citation Index (SSCI),Government & Law; Public Administration,274CB,,,,,2026-01-06,WOS:000328581600005,View Full Record in Web of Science
J,"Leoni, T",,,,"Leoni, Thomas",,,Social investment: A guiding principle for welfare state adjustment after the crisis?,EMPIRICA,,,English,Article; Proceedings Paper,Euroframe Conference on Challenges for Europe 2050,"JUN 12, 2015","Vienna, AUSTRIA",Euroframe,,Welfare state; Social investment; New social risks,POLITICS; DEMOCRACIES; INEQUALITY; POVERTY; RETRENCHMENT; CONVERGENCE; CHILDHOOD; EUROPE; HEALTH; TRENDS,"The European welfare states have undergone a significant amount of change over the last decades. In light of the unresolved tensions resulting from changed macroeconomic conditions, the emergence of new social risks as well as from the consequences of the Great Recession and its aftershocks, more adjustments are needed. The present paper investigates the current outlook on welfare state change, retracing its socio-economic drivers and the salient steps that were undertaken to reform welfare states in the last decades. Since the outbreak of the crisis, calls to adopt a social investment perspective on welfare state reform intensified, both in the academic field and at the EU policy-level. Ample space is therefore devoted to the discussion of this perspective, its conceptual basis, and implementation. For a number of reasons, social investment seems the most appropriate approach to frame the objectives that contemporary welfare states have to pursue and to devise a consistent set of policies. The objections which have been moved against the social investment perspective have however to be taken seriously. Moreover, current developments indicate diverging trends across EU Member States, with lack of progress in those countries which are most in need of a social investment strategy. To become an effective policy paradigm, the social investment perspective thus needs a stronger anchoring within the EU architecture and more co-ordinated commitment from Member States.","[Leoni, Thomas] Austrian Inst Econ Res WIFO, Arsenal Objekt 20, A-1030 Vienna, Austria",,"Leoni, T (corresponding author), Austrian Inst Econ Res WIFO, Arsenal Objekt 20, A-1030 Vienna, Austria.",Thomas.Leoni@wifo.ac.at,"Leoni, Thomas/ABG-8725-2020","Leoni, Thomas/0000-0001-6300-5536",European Community [290647],European Community(Instituto Politecnico Nacional - Mexico),"This research has received funding from the European Community's Seventh Framework Programme FP7/2007-2013 under Grant agreement no. 290647. The author is grateful to a referee for insightful comments and suggestions as well as to Romke Van der Veen, Rainer Eppel, Christoph Lorenz and participants of the Euroframe conference in Vienna and the RE-InVEST seminar in Salzburg for their inputs on earlier versions of this paper. All remaining errors are the responsibility of the author.",,92,10,13,0,20,SPRINGER,DORDRECHT,"VAN GODEWIJCKSTRAAT 30, 3311 GZ DORDRECHT, NETHERLANDS",0340-8744,1573-6911,,EMPIRICA,Empirica,NOV,2016,43,4,,,SI,,831,858,,10.1007/s10663-016-9348-0,http://dx.doi.org/10.1007/s10663-016-9348-0,,,28,Economics,Social Science Citation Index (SSCI); Conference Proceedings Citation Index - Social Science & Humanities (CPCI-SSH),Business & Economics,EA1SI,,,,,2026-01-06,WOS:000386371800007,View Full Record in Web of Science
J,"Peng, I",,,,"Peng, I",,,"Social care in crisis: Gender, demography, and welfare state restructuring in Japan",SOCIAL POLITICS,,,English,Article,,,,,,,POLICY; INSURANCE,"This article looks at welfare state restructuring in Japan in the 1990s from the perspective of changes in gender relations and demography. Contrary to the retrenchment pressures exerted by economic and political globalization that figured predominantly in the 1980s, changes in gender relations and demographic patterns have been stimulating the Japanese welfare state in an expansionary direction, as witnessed by more active roles taken by the state in providing social care and promoting family-work reconciliation. Welfare state restructuring in Japan in the 1990s is interesting not only, because of its juncture with a broader regime shift characterized by the collapse of the old-style conservative politics dominated by the Liberal Democratic Part), (LDP) and the reconfiguration of Japan's political economy but also because it underlines a new fluidity in bureaucratic policy-making processes as a result of an increasing politicization of social policy issues and the entry of new participants (such as women's groups) in the policy debate. Moreover, it helps us bring into sharper focus the relationships between gender and welfare state restructuring and to address the question of bow changes in gender relations are stimulating welfare state responses.","Univ Toronto, Dept Sociol, Toronto, ON M5S 1A1, Canada",University of Toronto,"Peng, I (corresponding author), Univ Toronto, Dept Sociol, 100 Coll St, Toronto, ON M5S 1A1, Canada.",,,,,,,,46,86,98,3,28,OXFORD UNIV PRESS,OXFORD,"GREAT CLARENDON ST, OXFORD OX2 6DP, ENGLAND",1072-4745,,,SOC POLIT,Soc. Polit.,FAL,2002,9,3,,,,,411,443,,10.1093/sp/9.3.411,http://dx.doi.org/10.1093/sp/9.3.411,,,33,Social Issues; Women's Studies,Social Science Citation Index (SSCI),Social Issues; Women's Studies,661YH,,,,,2026-01-06,WOS:000181917300003,View Full Record in Web of Science
J,"Homanen, R; Meskus, M",,,,"Homanen, Riikka; Meskus, Mianna",,,Population anxieties in constituting Nordic welfare state futures: affective biopolitics in the age of environmental crises,BIOSOCIETIES,,,English,Article,,,,,,Affect; Biopolitics; Fertility decline; Climate crisis; Population policy; Nordic welfare state,CLIMATE-CHANGE; TECHNOSCIENCE,"Declining fertility rates across world have generated deep concern among different stakeholders. In 2019, Finland's fertility rate was at an 'ultra-low' 1.35 children per woman. Investigating the affective work of policymaking on population issues-'population anxieties'-in a Nordic welfare state, this article constructs a genealogy of the affective biopolitics of populations in Finland. Drawing from a corpus of historical and recent materials, the article explores how population policy has invited and harnessed emotional orientation towards certain collective futures, while being disclosive of others. The analysis focuses on the issues of 'fertility decline' and 'the environment', and the reconfigurations of the population-environment nexus over the past decades. The article argues that persistent concerns about depopulation through ultra-low fertility underlie the affective stakes of Nordic biopolitics. Meanwhile, there is evident resistance to connecting population policy concerns with the climate crisis in the Nordic context. While in the so-called developing countries, demographic and ecological futures are seen mutually constitutive, the connection is not perceived as relevant to the Finnish welfare state. This is so despite Finland belonging to the affluent part of the world that is the largest producer of carbon dioxide emissions.","[Homanen, Riikka; Meskus, Mianna] Tampere Univ, Fac Social Sci, POB 400, Tampere 33014, Finland",Tampere University,"Homanen, R (corresponding author), Tampere Univ, Fac Social Sci, POB 400, Tampere 33014, Finland.",riikka.homanen@tuni.fi,"; Homanen, Riikka/ABC-1473-2021","Meskus, Mianna/0000-0002-8562-2524; Homanen, Riikka/0000-0003-4630-9532","Academy of Finland [325457, 321711]; Finnish Cultural Foundation [223166-21143]; Academy of Finland (AKA) [321711, 325457] Funding Source: Academy of Finland (AKA)",Academy of Finland(Research Council of Finland); Finnish Cultural Foundation(Finnish Cultural FoundationFinnish IT center for science); Academy of Finland (AKA)(Research Council of Finland),"AcknowledgementsThis work was supported by the Academy of Finland under Grant 325457 and Grant 321711, and the Finnish Cultural Foundation under Grant 223166-21143.",,111,2,2,1,6,PALGRAVE MACMILLAN LTD,BASINGSTOKE,"BRUNEL RD BLDG, HOUNDMILLS, BASINGSTOKE RG21 6XS, HANTS, ENGLAND",1745-8552,1745-8560,,BIOSOCIETIES,BioSocieties,JUN,2024,19,2,,,,,232,258,,10.1057/s41292-023-00300-3,http://dx.doi.org/10.1057/s41292-023-00300-3,,MAR 2023,27,"Social Sciences, Biomedical",Social Science Citation Index (SSCI),Biomedical Social Sciences,TS9Y3,,hybrid,,,2026-01-06,WOS:000956746800001,View Full Record in Web of Science
J,"Steinebach, Y; Knill, C; Jordana, J",,,,"Steinebach, Yves; Knill, Christoph; Jordana, Jacint",,,Austerity or welfare state transformation? Examining the impact of economic crises on social regulation in Europe,REGULATION & GOVERNANCE,,,English,Article,,,,,,crisis; policy dismantling; policy instrument; social policy; social regulation,PATH DEPENDENCE; HARD TIMES; POLICY; GLOBALIZATION; RETRENCHMENT; DEMOCRACIES; STRATEGIES; COALITIONS; EXPANSION; RESPONSES,"This article provides an encompassing analysis of how economic crises affect social regulation. The analysis is based on an innovative dataset that covers policy output changes in 13 European countries over a period of 34 years (1980-2013) in the areas of pensions, unemployment, and child benefits. By performing a negative binomial regression analysis, we show that economic crises do matter for social policymaking. Our main empirical finding is that crises impinge on social regulation by opening a window of opportunity that facilitates the dismantling of social policy standards. Yet crisis-induced policy dismantling is restricted to adjustments based on existing policy instruments. We do not find significant variation in policymaking patterns across different macroeconomic conditions for the more structural elements of social policy portfolios, such as the envisaged social policy targets or the policy instruments applied. This suggests that economic crises do not lead to a profound transformation of the welfare state but to austerity.","[Steinebach, Yves; Knill, Christoph] Ludwig Maximilians Univ Munchen, Geschwister Scholl Inst Polit Sci, Munich, Germany; [Jordana, Jacint] Pompeu Fabra Univ, Dept Polit & Social Sci, Barcelona, Spain; [Jordana, Jacint] IBEI, Barcelona, Spain",University of Munich; Pompeu Fabra University,"Steinebach, Y (corresponding author), Ludwig Maximilians Univ LMU Munchen, Geschwister Scholl Inst GSI Polit Wissensch, Lehrstuhl Empir Theorien Polit, Oettingenstr 67, D-80538 Munich, Germany.",yves.steinebach@gsi.uni-muenchen.de,"Jordana, Jacint/C-9097-2014; Knill, Christoph/N-7205-2017","Jordana, Jacint/0000-0003-2700-6747; Steinebach, Yves/0000-0001-7453-7204;","European Commission [217239]; Center for Advanced Studies (CAS) at the LMU, Munich; Academy of Finland (AKA) [217239] Funding Source: Academy of Finland (AKA)","European Commission(European Union (EU)European Commission Joint Research Centre); Center for Advanced Studies (CAS) at the LMU, Munich; Academy of Finland (AKA)(Research Council of Finland)","We gratefully acknowledge the financial support of the European Commission provided within the Seventh Framework Program (Project ID 217239), and the support of the Center for Advanced Studies (CAS) at the LMU, Munich. We also thank participants for their comments in the workshops at the School for Regulation and Global Governance, Australia National University (Canberra), and at the Hertie School of Governance (Berlin). We wish to thank the five Regulation & Governance referees for their very helpful suggestions. The usual disclaimers apply.",,55,20,21,1,23,WILEY,HOBOKEN,"111 RIVER ST, HOBOKEN 07030-5774, NJ USA",1748-5983,1748-5991,,REGUL GOV,Regul. Gov.,SEP,2019,13,3,,,,,301,320,,10.1111/rego.12174,http://dx.doi.org/10.1111/rego.12174,,,20,Law; Political Science; Public Administration,Social Science Citation Index (SSCI),Government & Law; Public Administration,IS5SL,,,,,2026-01-06,WOS:000482212700001,View Full Record in Web of Science
J,"Kushi, S; McManus, IP",,,,"Kushi, Sidita; McManus, Ian P.",,,"Gender, crisis and the welfare state: Female labor market outcomes across OECD countries",COMPARATIVE EUROPEAN POLITICS,,,English,Article,,,,,,economic crisis; female employment; dualization; welfare regimes; OECD; gender,WOMENS ECONOMIC DEPENDENCY; EMPLOYMENT; POLITICS; INEQUALITY; POLICIES; REGIMES; WORKERS; MOTHERS,"The 2008 global economic crisis has had profound social and economic consequences across states. In addition to cross-national social and economic disparities, the crisis generated increased domestic divisions between labor market insider and outsider groups. This article analyzes the impact of the global economic crisis on female workers across advanced welfare states. While considerable attention has been given to the impact of the Great Recession on financial markets and employment sectors, we argue that the crisis had an important gendered effect across advanced capitalist states that remains significantly underexplored. In particular, we examine the divergent ways in which distinct welfare systems and their cultural underpinnings shape labor market access and levels of social protection for women. In this endeavor, we integrate literature on welfare systems, feminist political economy and financial crisis to examine the relationship between social protection structures, cultural legacies and gender inequalities - which manifests most strongly during times of economic crisis. Our hierarchical panel model of 28 countries across 7 years is supplemented by cultural and survey data. Our findings not only give an important analysis of an understudied aspect of the global economic crisis, but also provide policy implications for more gender-conscious crisis management responses going forward.","[Kushi, Sidita; McManus, Ian P.] Northeastern Univ, Dept Polit Sci, 360 Huntington Ave, Boston, MA 02115 USA",Northeastern University,"Kushi, S (corresponding author), Northeastern Univ, Dept Polit Sci, 360 Huntington Ave, Boston, MA 02115 USA.",kushi.s@husky.neu.edu; mcmanus.i@husky.neu.edu,,"McManus, Ian/0000-0002-2639-3151",,,,,74,18,25,0,15,PALGRAVE MACMILLAN LTD,BASINGSTOKE,"BRUNEL RD BLDG, HOUNDMILLS, BASINGSTOKE RG21 6XS, HANTS, ENGLAND",1472-4790,1740-388X,,COMP EUR POLIT,Comp. Eur. Polit.,MAY,2018,16,3,,,,,434,463,,10.1057/cep.2016.21,http://dx.doi.org/10.1057/cep.2016.21,,,30,Political Science,Social Science Citation Index (SSCI),Government & Law,GP9PZ,,,,,2026-01-06,WOS:000441250200004,View Full Record in Web of Science
J,"Lampert, H",,,,"Lampert, H",,,Political failure as a cause of the crisis of the German welfare state,JAHRBUCHER FUR NATIONALOKONOMIE UND STATISTIK,,,German,Article,,,,,,political failure; welfare state crises; social insurance; labor market policy; employment policy,,"The author deals with the question, whether political failure is an important cause of the high unemployment and of the crisis of the german welfare state. He starts with a desription of political failure in the field of social security politics in form of installing early retirement pensions before reaching the normal retirement age and in form of violating the principle of self-government of the social insurance institutions especially by financing social expenditures for the east-german population by the contributions of the west-german employers and employees to social insurance instead by taxes. Another political failure is seen in establishing the European economic and currency union before realizing the political union. This mistake in timing the steps to European integration created the possibility for an aggressive tax-competition and injured employment as well as the tax revenues in countries with higher taxes. Finally the overcharge of labor market policy is regarded. This overcharge is on one side a consequence of the Maastricht Treaty, which charges to renounce a national employment policy and on the other side a consequence of overestimating the possible employment effects of labor market policy.",,,"Lampert, H (corresponding author), Christoph Doring Str 16, D-91207 Lauf AD Pegnitz, Germany.",heinz.lampert@t-online.de,,,,,,,41,0,0,0,2,LUCIUS LUCIUS VERLAG MBH,STUTTGART,"GEROKSTR 51, D-70184 STUTTGART, GERMANY",0021-4027,,,JAHRB NATL STAT,Jahrb. Natl. Okon. Stat.,JAN,2005,225,1,,,,,44,59,,,,,,16,"Economics; Social Sciences, Mathematical Methods",Social Science Citation Index (SSCI),Business & Economics; Mathematical Methods In Social Sciences,906WX,,,,,2026-01-06,WOS:000227676600003,View Full Record in Web of Science
J,"Schwartz, H",,,,"Schwartz, Herman",,,"Housing, the Welfare State, and the Global Financial Crisis: What is the Connection?",POLITICS & SOCIETY,,,English,Article,,,,,,welfare state; deregulation; mortgages; pensions; securitization,POLITICAL-ECONOMY,"Analyses of the global financial crisis that assign causality to the erosion of parts of the welfare state that protected individuals miss the importance of macro level regulation that protected firms and the financial system from itself. Post-Depression macro level regulation of finance prevented the emergence of mismatched maturities where deposits lacked state guarantees, and thus prevented runs on banks or near-banks. A balance sheet approach shows that macro regulation linked long duration liabilities in housing finance (mortgages) to long duration assets (pensions). Deregulation permitted the reemergence of mismatched maturities, providing both a necessary and sufficient condition for the current financial crisis.","Univ Virginia, Dept Polit, Charlottesville, VA 22904 USA",University of Virginia,"Schwartz, H (corresponding author), Univ Virginia, Dept Polit, POB 400787, Charlottesville, VA 22904 USA.",Schwartz@virginia.edu,,"Schwartz, Herman Mark/0000-0002-5571-3644",,,,,44,66,82,0,23,SAGE PUBLICATIONS INC,THOUSAND OAKS,"2455 TELLER RD, THOUSAND OAKS, CA 91320 USA",0032-3292,1552-7514,,POLIT SOC,Polit. Soc.,MAR,2012,40,1,,,SI,,35,58,,10.1177/0032329211434689,http://dx.doi.org/10.1177/0032329211434689,,,24,Political Science; Social Issues; Sociology,Social Science Citation Index (SSCI),Government & Law; Social Issues; Sociology,884KX,,Green Accepted,,,2026-01-06,WOS:000299705100003,View Full Record in Web of Science
J,"Palier, B",,,,"Palier, B",,,From crisis to reforms in the welfare state - The French example in compared perspective,REVUE FRANCAISE DE SOCIOLOGIE,,,French,Article,,,,,,,POLITICS,"Since the end of the 1970s, three different types of reform in social protection have been implemented in France : reduction of social deficit by putting up social contributions; sectorial reform to control social costs institutional alterations transforming the basis of the system. Blocking the first attempts at change by the social security was made easier by institutions belonging to social insurance. However governments, under pressure from Europe, managed to negotiate reduction measures applicable to social costs by separating more rigourously the social insurance sector and that of national solidarity. The institutional reforms were introduced first in a marginal fashion on the basis of ambiguous consensus, then were used to back up a global process of making the French social protection system a dualist system.","CEVIPOF, F-75006 Paris, France",,"Palier, B (corresponding author), CEVIPOF, Maison Sic Homme,54 Blvd Raspail, F-75006 Paris, France.",,,,,,,,58,9,12,0,2,EDITIONS OPHRYS,MARSEILLE,"BP87 05003 GAP CEDEX, 636 09 E MARSEILLE, FRANCE",0035-2969,,,REV FR SOCIOL,Rev. Fr. Sociol.,APR-JUN,2002,43,2,,,,,243,+,,10.2307/3322506,http://dx.doi.org/10.2307/3322506,,,34,Sociology,Social Science Citation Index (SSCI),Sociology,571BJ,,,,,2026-01-06,WOS:000176694700003,View Full Record in Web of Science
J,"Parkinson, P",,,,"Parkinson, Patrick",,,Another Inconvenient Truth: Fragile Families and the Looming Financial Crisis for the Welfare State,FAMILY LAW QUARTERLY,,,English,Article,,,,,,,ECONOMIC CONSEQUENCES; UNION TRANSITIONS; MARRIAGE; DIVORCE; FATHERS; CHILDREN; TRENDS; COHABITATION; DISRUPTION; EDUCATION,,"[Parkinson, Patrick] Univ Sydney, Fac Law, Sydney, NSW 2006, Australia",University of Sydney,"Parkinson, P (corresponding author), Univ Sydney, Fac Law, Sydney, NSW 2006, Australia.",,,"Parkinson, Patrick/0000-0001-8485-3550",,,,,133,9,12,0,6,"AMER BAR ASSOC, ADMINISTRATIVE LAW & REGULATORY PRACTICE SECTION",CHICAGO,"321 N CLARK ST, CHICAGO, IL 60610 USA",0014-729X,2162-7991,,FAM LAW QUART,Fam. Law Q.,FAL,2011,45,3,,,,,329,352,,,,,,24,Family Studies; Law,Social Science Citation Index (SSCI),Family Studies; Government & Law,879WS,,,,,2026-01-06,WOS:000299364200003,View Full Record in Web of Science
J,"Ideström, J; Linde, S",,,,"Idestrom, Jonas; Linde, Stig",,,Welfare State Supporter and Civil Society Activist: Church of Sweden in the Refugee Crisis 2015,SOCIAL INCLUSION,,,English,Article,,,,,,action research; Church of Sweden; civil society; diaconal work; parish; refugee; welfare state,,"2015 was a year of an unprecedented migration from the Middle East to Europe. Sweden received almost 163,000 asylum applications. The civil society, including the former state church, took a notable responsibility. In a situation where the welfare systems are increasingly strained, and both the welfare state and the majority church are re-regulated, we ask: how does this play out in local contexts? This article reports from a theological action research project within a local parish in the Church of Sweden. The Lutheran church has from year 2000 changed its role to an independent faith denomination. The study describes the situation when the local authority and the parish together run temporary accommodation for young asylum seekers. For the local authority the choice of the church as a collaborator was a strategic choice. For the local parish this occasion verified the mission of the church. Confirming its former role as carrier of societal beliefs and values the Church of Sweden supports the welfare state. At the same time, the church explores a new role as a faith denomination and part of the civil society.","[Idestrom, Jonas] Church Sweden Res Dept, S-75170 Uppsala, Sweden; [Linde, Stig] Lund Univ, Sch Social Work, S-22100 Lund, Sweden",Lund University,"Linde, S (corresponding author), Lund Univ, Sch Social Work, S-22100 Lund, Sweden.",jonas.idestrom@svenskakyrkan.se; stig.linde@soch.lu.se,,,,,,,32,10,12,1,5,COGITATIO PRESS,LISBON,"RUA FIALHO ALMEIDA 14, 2 ESQ, LISBON, 1070-129, PORTUGAL",2183-2803,,,SOC INCL,Soc. Incl.,,2019,7,2,,,,,4,13,,10.17645/si.v7i2.1958,http://dx.doi.org/10.17645/si.v7i2.1958,,,10,"Social Issues; Social Sciences, Interdisciplinary",Social Science Citation Index (SSCI),Social Issues; Social Sciences - Other Topics,IE8OY,,"Green Submitted, gold",,,2026-01-06,WOS:000472634200002,View Full Record in Web of Science
J,"Vis, B; van Kersbergen, K; Hylands, T",,,,"Vis, Barbara; van Kersbergen, Kees; Hylands, Tom",,,To What Extent Did the Financial Crisis Intensify the Pressure to Reform the Welfare State?,SOCIAL POLICY & ADMINISTRATION,,,English,Article,,,,,,Financial crisis; Welfare state reform; Retrenchment; Public opinion,PUBLIC-OPINION; POLICY RESPONSIVENESS; ATTITUDES; GLOBALIZATION; POLITICS; SUPPORT; IMPACT,"If ever there was momentum to roll back the welfare state, it is the (aftermath) of the financial crisis of 2008-09. All theoretical perspectives within comparative welfare state research predict radical reform in this circumstance, but does it also happen? Our data indicate that - at least so far - it does not. Focusing on a selection of advanced welfare states (the UK, the USA, Germany, the Netherlands, Denmark and Sweden), we find that these countries face similar problems and that their initial response to these problems is also similar. The latter is surprising because, theoretically, we would expect varying responses across welfare state regime types. Rather than retrenchment, we observe a first phase of emergency capital injections in the banking sector and a second of Keynesian demand management and labour market protection, including the (temporary) expansion of social programmes. Continuing public support for the welfare state was a main precondition for this lack of immediate radical retrenchment. However, the contours of a third phase have become apparent now that budgetary constraints are forcing political actors to make tough choices and introduce austerity policies. As a result, the question of who pays what, when, and how will likely give rise to increasingly sharp distributional conflicts.","[Vis, Barbara] Vrije Univ Amsterdam, Dept Polit Sci, NL-1081 HV Amsterdam, Netherlands; [van Kersbergen, Kees] Aarhus Univ, Dept Polit Sci, DK-8000 Aarhus C, Denmark; [Hylands, Tom] Vrije Univ Amsterdam, Fac Social Sci, MSR Program, NL-1081 HV Amsterdam, Netherlands",Vrije Universiteit Amsterdam; Aarhus University; Vrije Universiteit Amsterdam,"Vis, B (corresponding author), Vrije Univ Amsterdam, Dept Polit Sci, De Boelelaan 1081, NL-1081 HV Amsterdam, Netherlands.",b.vis@vu.nl,"Vis, Barbara/J-2747-2019","Vis, Barbara/0000-0003-2323-3862; van Kersbergen, Kees/0000-0001-7607-2447",,,,,46,113,131,2,88,WILEY,HOBOKEN,"111 RIVER ST, HOBOKEN 07030-5774, NJ USA",0144-5596,1467-9515,,SOC POLICY ADMIN,Soc. Policy Adm.,AUG,2011,45,4,,,SI,,338,353,,10.1111/j.1467-9515.2011.00778.x,http://dx.doi.org/10.1111/j.1467-9515.2011.00778.x,,,16,Development Studies; Public Administration; Social Issues; Social Work,Social Science Citation Index (SSCI),Development Studies; Public Administration; Social Issues; Social Work,785IA,,"Green Submitted, Bronze",,,2026-01-06,WOS:000292220900002,View Full Record in Web of Science
J,"Kwon, S; Holliday, I",,,,"Kwon, Soonman; Holliday, Ian",,,The Korean welfare state: a paradox of expansion in an era of globalisation and economic crisis,INTERNATIONAL JOURNAL OF SOCIAL WELFARE,,,English,Article,,,,,,Korea; productivism; social policy; welfare state,SOCIAL-POLICY; SOUTH-KOREA; SINGAPORE; POLITICS; REFORM,"When the Asian financial crisis took a heavy toll on Korea in the late 1990s, policy makers responded by extending welfare policy. For many analysts, this was a paradoxical move, marking a fundamental reconfiguration of the social policy system. This article contests that interpretation. It examines the changes made to Korean social policy in recent years, and considers their impact on the Korean welfare state. It notes both that welfare extensions have been comparatively limited, and that they have often formed part of wider attempts to boost labour market flexibility. It thus concludes that limited expansion of the Korean welfare state is chiefly an attempt to bolster industrial competitiveness and economic growth. For now, Korea retains the productivist social policy orientation that has long characterised it. It also concedes, however, that in the future underlying social change, notably a rapidly ageing population, may prompt policy makers to make significant changes to the Korean welfare state.","Seoul Natl Univ, Dept Hlth Policy & Management, Seoul 110799, South Korea; City Univ Hong Kong, Hong Kong, Hong Kong, Peoples R China",Seoul National University (SNU); City University of Hong Kong,"Kwon, S (corresponding author), Seoul Natl Univ, Dept Hlth Policy & Management, 28 Yonkon Dong, Seoul 110799, South Korea.",kwons@snu.ac.kr,"Holliday, Ian/D-4881-2009",,,,,,34,98,123,1,28,WILEY,HOBOKEN,"111 RIVER ST, HOBOKEN 07030-5774, NJ USA",1369-6866,1468-2397,,INT J SOC WELF,Int. J. Soc. Welf.,JUL,2007,16,3,,,,,242,248,,10.1111/j.1468-2397.2006.00457.x,http://dx.doi.org/10.1111/j.1468-2397.2006.00457.x,,,7,Social Work,Social Science Citation Index (SSCI),Social Work,183GT,,,,,2026-01-06,WOS:000247561400007,View Full Record in Web of Science
J,"Benítez, HG",,,,"Galan Benitez, Homero",,,WHAT CRISIS AFFLICTS THE WELFARE STATE? THE GENERAL SITUATION AND SPECIFIC LESSONS OF THE GERMAN CASE,ANDAMIOS,,,Spanish,Article,,,,,,Welfare state; globalization; economic change; contractarianism; continental welfare state,,"This article aims to get a general approximation to the so called welfare state crisis, and looks for identifying the institutional and structural components that sets this process. It will be analyzed also the German welfare state case, given that doing so could be very helpful in order to throw light and to visualize the specifics of the general debate. The main approach used in this article emphasizes the contractarian importance that historically has had the welfare state, which means, its contribution to both the social stability -in terms of democratic pluralism-, and the capitalist economic reproduction. In this sense, it is stated that the biggest challenges to the welfare state, current and prospective, relates to the link equality-full employment, the demographic transformation and the effects globalization.","Univ Autonoma Ciudad Mexico, Acad Ciencia Polit, Mexico City, DF, Mexico",,"Benítez, HG (corresponding author), Univ Autonoma Ciudad Mexico, Acad Ciencia Polit, Mexico City, DF, Mexico.",hgalan9@gmail.com,,,,,,,16,0,0,0,2,UNIV AUTONOMA CIUDAD MEXICO,MEXICO DF,"CALLE PROLONGACION SAN ISIDRO NO 151, CUBICULO E-102, COL SAN LORENZO TEZONCO, MEXICO DF, CP 09790, MEXICO",1870-0063,,,ANDAMIOS,Andamios,APR,2009,5,10,,,,,335,+,,,,,,26,"Social Sciences, Interdisciplinary",Social Science Citation Index (SSCI),Social Sciences - Other Topics,470MC,,,,,2026-01-06,WOS:000267977800014,View Full Record in Web of Science
J,"Reeskens, T; van Oorschot, W",,,,"Reeskens, Tim; van Oorschot, Wim",,,European feelings of deprivation amidst the financial crisis: Effects of welfare state effort and informal social relations,ACTA SOCIOLOGICA,,,English,Article,,,,,,crowding-out hypothesis; European Social Survey; multi-level analysis; social capital; welfare state; worldwide financial crisis,NETWORKS; TRANSITION; ADULTHOOD; CONTEXT; REGIMES; HEALTH; IMPACT,"As European governments have embraced the credo of austerity, the perennial discussion whether welfare states erode the quality of social networks has taken on a more prominent position on political and social science research agendas. While non-believers of this so-called 'crowding out' thesis argue that social networks flourish well in welfare states, believers argue that welfare provisions render social networks irrelevant in mobilizing resources. Using the 2010 wave of the European Social Survey, we analyse the extent to which both the welfare state and social networks have prevented deprivation, as well as the extent to which the functional quality of social networks in inhibiting impoverishment differs as a function of welfare state generosity. Both the 'crowding out' and the 'crowding in' theses are supported: resources are less mobilized through networks in more generous welfare states precisely because encompassing welfare provisions reduce deprivation significantly, lowering the functional quality of social networks.","[Reeskens, Tim] Univ Amsterdam, Dept Polit Sci, NL-1012 WX Amsterdam, Netherlands; [Reeskens, Tim] Katholieke Univ Leuven, Ctr Sociol Res, Res Council Flanders, Leuven, Belgium; [van Oorschot, Wim] Katholieke Univ Leuven, Ctr Sociol Res, Leuven, Belgium",University of Amsterdam; KU Leuven; KU Leuven,"Reeskens, T (corresponding author), OZ Achterburgwal 237, NL-1012 DL Amsterdam, Netherlands.",t.reeskens@uva.nl,"Reeskens, Tim/L-1469-2015","Reeskens, Tim/0000-0003-1211-7188",,,,,54,19,20,0,32,SAGE PUBLICATIONS LTD,LONDON,"1 OLIVERS YARD, 55 CITY ROAD, LONDON EC1Y 1SP, ENGLAND",0001-6993,1502-3869,,ACTA SOCIOL,Acta Sociol.,AUG,2014,57,3,,,,,191,206,,10.1177/0001699313504231,http://dx.doi.org/10.1177/0001699313504231,,,16,Sociology,Social Science Citation Index (SSCI),Sociology,AK1OU,,,,,2026-01-06,WOS:000338185200001,View Full Record in Web of Science
J,"Alvarez-Sousa, A",,,,"Alvarez-Sousa, Antonio",,,The Influence of the Crisis on the Pillars of the Welfare State. The opinion of EU citizens,REVISTA DE CERCETARE SI INTERVENTIE SOCIALA,,,English,Article,,,,,,social space; economic capital; cultural capital; political ideology; world system; multilevel analysis,FINANCIAL CRISIS,"The aim of this research is to analyse the perception held by citizens of the various EU member states regarding the evolution of the pillars of the Welfare State in their countries during the crisis. Variations in these visions can be attributed to individual and contextual variables. The starting point for this research is the theory of social space, with its various capitals, measured in terms of both the individual and the country they reside in. The dependent variable (the perception held by citizens regarding the evolution of the pillars of the Welfare State in their country of residence) is associated with individual and contextual independent variables. The analysis was carried out using a multilevel model. The results showed that those persons ranking lower in terms of social stratification and resident in semi-peripheral and peripheral EU member states have a more negative vision of the evolution of the pillars of the Welfare State, although there is also a key symbolic factor resulting from their political ideology and religious beliefs.","Univ A Coruna, Fac Sociol, Ferrol, A Coruna, Spain",Universidade da Coruna,"Alvarez-Sousa, A (corresponding author), Univ A Coruna, Fac Sociol, Ferrol, A Coruna, Spain.",sousa@udc.es,,"Alvarez-Sousa, Antonio/0000-0002-8553-0208",,,,,30,0,0,0,2,EXPERT PROJECTS PUBLISHING,IASI,"IASI, STR VOINESTI 63, IASI, 700615, ROMANIA",1583-3410,1584-5397,,REV CERCET INTERV SO,Rev. Cercet. Interv. Soc.,JUN,2015,49,,,,,,5,22,,,,,,18,"Social Sciences, Interdisciplinary",Social Science Citation Index (SSCI),Social Sciences - Other Topics,CK7FR,,,,,2026-01-06,WOS:000356398700001,View Full Record in Web of Science
J,"Petmesidou, M; Guillén, AM",,,,"Petmesidou, Maria; Guillen, Ana M.",,,Can the Welfare State as We Know It Survive? A View from the Crisis-Ridden South European Periphery,SOUTH EUROPEAN SOCIETY AND POLITICS,,,English,Article,,,,,,Crisis; Welfare State; Southern Europe; Reform Paths; Retrenchment; Recalibration,,South European countries have been hit hardest and longest by the post-2008 economic crisis. This has brought their welfare states under acute strain. Unmet need has sharply increased while significant welfare reforms and (more or less) deep cuts and changes in social spending have been prominent in the repertoire of the crisis management solutions implemented by the governments (under European Union constraints and the strict rescue-deal requirements for Greece and Portugal). This introduction briefly reviews reform trends prior to and during the crisis in order to highlight convergent and divergent paths among the four countries and outline the major questions addressed by the contributions to this volume.,"[Petmesidou, Maria] Democritus Univ, Xanthi, Greece; [Petmesidou, Maria] Int Social Sci Council, Comparat Res Programme Poverty CROP, Paris, France; [Guillen, Ana M.] Univ Oviedo, Oviedo, Spain",University of Oviedo,"Petmesidou, M (corresponding author), Democritus Univ, Xanthi, Greece.",,"Guillén, Ana M/L-7249-2018","Guillén, Ana M/0000-0003-4425-7695",,,,,19,31,47,0,13,"ROUTLEDGE JOURNALS, TAYLOR & FRANCIS LTD",ABINGDON,"4 PARK SQUARE, MILTON PARK, ABINGDON OX14 4RN, OXFORDSHIRE, ENGLAND",1360-8746,1743-9612,,S EUR SOC POLIT,S. Eur. Soc. Polit.,,2014,19,3,,,SI,,295,307,,10.1080/13608746.2014.950369,http://dx.doi.org/10.1080/13608746.2014.950369,,,13,Political Science; Social Issues,Social Science Citation Index (SSCI),Government & Law; Social Issues,AP8FU,,Green Submitted,,,2026-01-06,WOS:000342315100001,View Full Record in Web of Science
J,"Artazcoz, L; Cortès, I; Benavides, FG; Escribà-Agüir, V; Bartoll, X; Vargas, H; Borrell, C",,,,"Artazcoz, Lucia; Cortes, Imma; Benavides, Fernando G.; Escriba-Aguir, Vicenta; Bartoll, Xavier; Vargas, Hernan; Borrell, Carme",,,Long working hours and health in Europe: Gender and welfare state differences in a context of economic crisis,HEALTH & PLACE,,,English,Article,,,,,,Europe; Long working hours; Family characteristics; Gender; Stress; Psychological,FAMILY POLICIES; MENTAL-HEALTH; TIME; EMPLOYMENT; EXPLANATIONS; PREFERENCES; BEHAVIORS; EMPLOYEES; COUNTRIES; WORKER,"This article examines the relationship between moderately long working hours and health status in Europe. A cross-sectional study based on data from the 2010 European Working Conditions Survey (13,518 men and 9381 women) was performed. Working moderately long hours was consistently associated with poor health status and poor psychological wellbeing in countries with traditional family models, in both sexes in Liberal countries and primarily among women in Continental and Southern European countries. A combination of economic vulnerability, increasing labour market deregulation and work overload related to the combination of job and domestic work could explain these findings. (C) 2016 Elsevier Ltd. All rights reserved.","[Artazcoz, Lucia; Cortes, Imma; Bartoll, Xavier; Vargas, Hernan; Borrell, Carme] Agencia Salut Publ Barcelona, Pl Lesseps 1, Barcelona 08023, Spain; [Artazcoz, Lucia; Cortes, Imma; Benavides, Fernando G.; Escriba-Aguir, Vicenta; Bartoll, Xavier; Borrell, Carme] CIBER Epidemiol & Salud Publ CIBERESP, Barcelona, Spain; [Artazcoz, Lucia; Benavides, Fernando G.; Borrell, Carme] Univ Pompeu Fabra, Barcelona, Spain; [Artazcoz, Lucia; Borrell, Carme] Inst Biomed Res IIB St Pau, Barcelona, Spain; [Escriba-Aguir, Vicenta] Ctr Publ Hlth Res, Hlth Inequal Area, Valencia, Spain; [Escriba-Aguir, Vicenta] Univ Valencia, Generalitat Valenciana, Reg Minist Hlth, Nursing Dept,Valencian Sch Hlth Studies, Valencia, Spain",Public Health Agency of Barcelona; CIBER - Centro de Investigacion Biomedica en Red; CIBERESP; Pompeu Fabra University; University of Valencia,"Artazcoz, L (corresponding author), Agencia Salut Publ Barcelona, Pl Lesseps 1, Barcelona 08023, Spain.",lartazco@gmail.com,"Benavides, Fernando/A-5137-2008; ARTAZCOZ, LUCIA/G-9538-2017; Espelt, Albert/OHV-0055-2025","ARTAZCOZ, LUCIA/0000-0002-6300-5111; Espelt, Albert/0000-0002-8625-4356; Vargas-Leguas, Hernán/0000-0002-5517-0360; Bartoll, Xavier/0000-0001-6865-8034","European Community [278,173]",European Community(Instituto Politecnico Nacional - Mexico),"This research was supported by the European Community's Seventh Framework Program (FP7/2007-2013, Grant agreement number 278,173): Evaluating the impact of structural policies on health inequalities and their social determinants and fostering change (SOPHIE) project.",,47,45,50,0,42,ELSEVIER SCI LTD,OXFORD,"THE BOULEVARD, LANGFORD LANE, KIDLINGTON, OXFORD OX5 1GB, OXON, ENGLAND",1353-8292,1873-2054,,HEALTH PLACE,Health Place,JUL,2016,40,,,,,,161,168,,10.1016/j.healthplace.2016.06.004,http://dx.doi.org/10.1016/j.healthplace.2016.06.004,,,8,"Public, Environmental & Occupational Health",Science Citation Index Expanded (SCI-EXPANDED); Social Science Citation Index (SSCI),"Public, Environmental & Occupational Health",DR1XF,27341274,,,,2026-01-06,WOS:000379697500022,View Full Record in Web of Science
J,"Antonucci, L; Seo, H; Strobl, M",,,,"Antonucci, Lorenza; Seo, Hyojin; Strobl, Martin",,,"Quantity over quality? How economic factors and welfare state interventions affected job insecurity and job quality before, during and after the economic crises",SOCIAL POLICY & ADMINISTRATION,,,English,Article,,,,,,ALMP (active labour market policy); labour markets and labour market policy; welfare states,POLICY; EMPLOYMENT; AUTONOMY; WORK,"This article uses multilevel analysis of 24 European countries to examine the effects of macroeconomic variables (GDP and unemployment) and welfare state interventions (active and passive labour market policies) on job insecurity and job quality in Europe from the mid-1990s until the last 2021 COVID crisis. The paper makes a distinction between the crisis of the welfare state and the reaction of welfare states to crises and connects the job quality literature with that on the transformation of the welfare state. The article introduces several innovations to the literature by looking at the impact of welfare state interventions on multidimensional job quality, distinguishing between different types of active labour market policy spending and considering the generosity of benefits. The findings show that active labour market policies (ALMPs) and passive labour market policies (PLMPs) have a positive effect in reducing job insecurity across skill groups. ALMPs and PLMPs also improved several dimensions of job quality, but mostly among manual/low-skilled workers, while they have a negative effect on work pressure which mostly affects medium- and high-skilled workers. The article concludes by discussing how, due to the reach of ALMP and PLMP interventions, the positive effects of the welfare state on job quality are concentrated among lower-skilled workers, thereby limiting the ambition of contemporary welfare states to generate positive spillover effects on the quality of work for all workers.","[Antonucci, Lorenza] Harvard Univ, Minda de Gunzburg Ctr European Studies, Cambridge, MA USA; [Antonucci, Lorenza; Strobl, Martin] Univ Birmingham, Sch Social Policy, Birmingham, England; [Seo, Hyojin] Katholieke Univ Leuven, Ctr Sociol Res, Leuven, Belgium",Harvard University; University of Birmingham; KU Leuven,"Antonucci, L (corresponding author), Univ Birmingham, Sch Social Policy, Birmingham, England.",l.antonucci@bham.ac.uk,"Seo, Hyojin/IQS-7326-2023","Seo, Hyojin/0000-0002-1021-5588; Antonucci, Lorenza/0000-0002-1145-2972","Minda de Gunzburg Center for European Studies, Harvard University, German Kennedy Memorial Fellowship 2022-23; Minda de Gunzburg Center for European Studies at Harvard University [2022-23]; German Kennedy Memorial Fellowship","Minda de Gunzburg Center for European Studies, Harvard University, German Kennedy Memorial Fellowship 2022-23(Harvard University); Minda de Gunzburg Center for European Studies at Harvard University(Harvard University); German Kennedy Memorial Fellowship",Lorenza Antonucci would like to acknowledge and thank the Minda de Gunzburg Center for European Studies at Harvard University for funding this research through the German Kennedy Memorial Fellowship 2022-23 and Justin Hu for his research assistance.,,40,4,5,5,19,WILEY,HOBOKEN,"111 RIVER ST, HOBOKEN 07030-5774, NJ USA",0144-5596,1467-9515,,SOC POLICY ADMIN,Soc. Policy Adm.,MAR,2024,58,2,,,SI,,277,298,,10.1111/spol.13003,http://dx.doi.org/10.1111/spol.13003,,JAN 2024,22,Development Studies; Public Administration; Social Issues; Social Work,Social Science Citation Index (SSCI),Development Studies; Public Administration; Social Issues; Social Work,HR4D1,,"Green Submitted, hybrid",,,2026-01-06,WOS:001148557000001,View Full Record in Web of Science
J,"Dukelow, F; Kennett, P",,,,"Dukelow, Fiona; Kennett, Patricia",,,"Discipline, debt and coercive commodification: Post-crisis neoliberalism and the welfare state in Ireland, the UK and the USA",CRITICAL SOCIAL POLICY,,,English,Article,,,,,,Anglo-liberal capitalism; coercive commodification; disciplinary neoliberalism; post-crisis; welfare state,AUSTERITY; CRISIS; POLICY,"Ireland, the UK and the USA are heterogeneous examples of liberal worlds of welfare capitalism yet all three countries were deeply implicated in the 2008 global financial crisis. Examining these three countries together provides the opportunity to further develop an international comparative political economy of instability in the context of the globalised and financialised dimensions of Anglo-liberal capitalism and disciplinary governance. Our analysis is guided by the concept of disciplinary neoliberalism (Gill, 1995) through which we explore: (i) the dynamics that have shaped the impacts of and responses to the Great Recession; (ii) the ways in which state-market relations, shaped by differentiated accommodations to market imperative or market discipline, have been used as disciplinary tools and how these have interacted with existing social divisions and iii) the implications for shaping conditions for resistance. We suggest that the neoliberal pathways of each country, whilst not uniform, mark a step-change' and acceleration in the operation of disciplinary neoliberalism, and is particularly evident in what we identify as the coercive commodification of social policy.","[Dukelow, Fiona] Univ Coll Cork, Sch Appl Social Studies, Social Policy, Cork, Ireland; [Kennett, Patricia] Univ Bristol, Sch Policy Studies, Comparat & Int Policy Studies, Bristol, Avon, England",University College Cork; University of Bristol,"Kennett, P (corresponding author), Univ Bristol, Sch Policy Studies, 8 Priory Rd, Bristol BS8 1TZ, Avon, England.",p.kennett@bristol.ac.uk,"Dukelow, Fiona/JBJ-7644-2023","Dukelow, Fiona/0000-0003-3800-2653",,,,,67,30,33,0,20,SAGE PUBLICATIONS LTD,LONDON,"1 OLIVERS YARD, 55 CITY ROAD, LONDON EC1Y 1SP, ENGLAND",0261-0183,1461-703X,,CRIT SOC POLICY,Crit. Soc. Policy,AUG,2018,38,3,,,,,482,504,,10.1177/0261018318762727,http://dx.doi.org/10.1177/0261018318762727,,,23,"Social Issues; Social Sciences, Interdisciplinary",Social Science Citation Index (SSCI),Social Issues; Social Sciences - Other Topics,GM9JL,,,,,2026-01-06,WOS:000438563400003,View Full Record in Web of Science
J,"Babic, Z; Baturina, D",,,,"Babic, Zdenko; Baturina, Danijel",,,THE CONCEPT OF SOCIAL INVESTMENT IN RESPONSE TO THE CRISIS AND THE NEW CHALLENGES OF THE WELFARE STATE: TRENDS AND PERSPECTIVES,REVIJA ZA SOCIJALNU POLITIKU,,,Croatian,Article,,,,,,social investment; new social risks; welfare state; social costs,RISKS; POLITICS; POVERTY,"The context of today's debates about social policies is marked by the negative effects of the economic crisis and new social risks. There is a need for re-designing of the welfare state, which should take into account the new changes and trends, including demographic changes, changes in the labour market and family structure. As a possible answer to the aforementioned social changes and new social risks, especially in the EU countries, a concept of social investment is developing. The paper presents the characteristics of social investment, the way in which it appears in European strategic documents and refers to the criticism of the concept. Social investment is a new concept which in its essence implies a double return on investment: financial return on invested capital on the one hand and the achievement of positive social returns on the other. It is focused on the future; on support of the children and families, work activation and coping with new social risks throughout the life cycle. The authors have analyzed, using the data that show the long-term changes in the structure of social costs in European countries, to what extent has the concept 'come to life' in the European area. The analysis shows that, for now, there is no significant shift in European welfare states towards social investment, with the exception of the Scandinavian countries, and therefore we cannot speak about its achievements and effectiveness. The concept of social investment for now remains a normative platform and an ambiguous policy attempt for reconciling economic and social logic of the welfare state in new conditions. Nevertheless, social investment is becoming a part of social policy and it remains to be seen how much will it be further encouraged as an attempt to respond to new social risks and a possible way of re-thinking the welfare state.","[Babic, Zdenko; Baturina, Danijel] Univ Zagreb, Dept Social Work, Fac Law, Nazorova 51, Zagreb 10000, Croatia",University of Zagreb,"Babic, Z (corresponding author), Univ Zagreb, Dept Social Work, Fac Law, Nazorova 51, Zagreb 10000, Croatia.",zdenko.babic@pravo.hr,"; Babic, Zdenko/A-5785-2012","Baturina, Danijel/0000-0002-9063-305X; Babic, Zdenko/0000-0002-3896-8688",,,,,50,7,8,0,17,"SVEUCLISTE ZAGREBU, PRAVNI FAKULTED-UNIV ZAGREB, FAC LAW",ZAGREB,"TRG MARSALA TITA 14, ZAGREB, 10000, CROATIA",1330-2965,1845-6014,,REV SOC POLIT,Rev. Soc. Polit.,MAR,2016,23,1,,,,,39,60,,10.3935/rsp.v23i1.1280,http://dx.doi.org/10.3935/rsp.v23i1.1280,,,22,Social Issues,Social Science Citation Index (SSCI),Social Issues,DI8JY,,gold,,,2026-01-06,WOS:000373748500003,View Full Record in Web of Science
J,"Schmidt, TD; Mitze, T",,,,"Schmidt, Torben Dall; Mitze, Timo",,,Crisis and the welfare state: the role of public employment services for job placement and the Danish flexicurity system during COVID-19,CAMBRIDGE JOURNAL OF REGIONS ECONOMY AND SOCIETY,,,English,Article,,,,,,COVID-19; public employment services; welfare state; local labour markets; skill levels; geography; H72; H73; J64; R23,DIFFERENCE-IN-DIFFERENCES; POLICY; UNEMPLOYMENT; SEARCH,"Denmark is a Nordic welfare state with local government autonomy in public service provision related to workfare policies. We use a policy experiment that re-opened on-site public employment services after the first COVID-19 lockdown in a spatially staggered manner to provide evidence on the effect of public employment services on job placement during a crisis. Early re-opening of on-site public employment services is associated with a better local labour market performance. It particularly benefits low-skilled unemployed and rural areas with specific sector mixes and demographic structures, why workfare-oriented welfare state arrangements remain important to counter social and regional imbalances.","[Schmidt, Torben Dall] Helmut Schmidt Univ, Inst Employment Relat & Labour, Holstenhofweg 85, D-22043 Hamburg, Germany; [Schmidt, Torben Dall; Mitze, Timo] Univ Southern Denmark, Dept Econ, Campusvej 55, DK-5230 Odense, Denmark",Helmut Schmidt University; University of Southern Denmark,"Schmidt, TD (corresponding author), Helmut Schmidt Univ, Inst Employment Relat & Labour, Holstenhofweg 85, D-22043 Hamburg, Germany.;Schmidt, TD (corresponding author), Univ Southern Denmark, Dept Econ, Campusvej 55, DK-5230 Odense, Denmark.",tds@hsu-hh.de,"Schmidt, Torben Dall/ADA-6752-2022","Schmidt, Torben Dall/0000-0002-7662-1669; Mitze, Timo/0000-0003-3799-5200",,,,,47,3,4,5,29,OXFORD UNIV PRESS,OXFORD,"GREAT CLARENDON ST, OXFORD OX2 6DP, ENGLAND",1752-1378,1752-1386,,CAMB J REG ECON SOC,Camb. J. Regions Econ. Soc.,MAR 30,2023,16,1,,,SI,,65,79,,10.1093/cjres/rsad002,http://dx.doi.org/10.1093/cjres/rsad002,,MAR 2023,15,Development Studies; Economics; Geography,Social Science Citation Index (SSCI),Development Studies; Business & Economics; Geography,D4KZ9,,,,,2026-01-06,WOS:000942826300001,View Full Record in Web of Science
J,"Süss, W",,,,"Suess, Winfried",,,"Reforming the German Model: Social Change, Economic Crisis and the Politics of the Welfare State in the Federal Republic after the Boom",JOURNAL OF MODERN EUROPEAN HISTORY,,,German,Article,,,,,,,,"The triad of changes in values and social and economic structures has altered the possible reach of social policies profoundly. In this context, this article examines perception of post-industrial transformations and their discursive processing of and political reaction to through social policy in the 1970s and 1980s. While its discursive framework changed significantly through its intensified focus on social inequality, the problem - solving patterns of social policy remained remarkably stable. Elements of continuity between socialist-liberal and Christian-liberal social policy thus outweighed these different accentuations. A policy of fiscal consolidation, which was successful in European comparison, started already in the mid-1970s. Both governments, however, preferred interventions that were effective only for a short term. These were mostly motivated by budgetary policy. This emphasised the problematic peculiarities within the framework of the German welfare state model, for instance the high burden of labour costs. It also delayed the adaptation of welfare state institutions to changed socio-structural circumstances result for example from the pluralisation of occupational careers and family structures.","Zentrum Zeithistor Forsch, D-14467 Potsdam, Germany",Leibniz Association; Zentrum fur Zeithistorische Forschung Potsdam (ZZF),"Süss, W (corresponding author), Zentrum Zeithistor Forsch, Neuen Markt 1, D-14467 Potsdam, Germany.",suess@zzf-pdm.de,,,,,,,80,2,2,0,5,SAGE PUBLICATIONS LTD,LONDON,"1 OLIVERS YARD, 55 CITY ROAD, LONDON EC1Y 1SP, ENGLAND",1611-8944,2631-9764,,J MOD EUR HIST,J. Mod. Eur. Hist.,,2011,9,2,,,,,215,240,,,,,,26,History,Arts & Humanities Citation Index (A&HCI),History,818TX,,,,,2026-01-06,WOS:000294779700005,View Full Record in Web of Science
J,"Busemeyer, MR",,,,"Busemeyer, Marius R.",,,Financing the welfare state in times of extreme crisis: public support for health care spending during the Covid-19 pandemic in Germany,JOURNAL OF EUROPEAN PUBLIC POLICY,,,English,Article,,,,,,Covid-19 pandemic; Germany; health care spending; political trust; welfare state attitudes,POLITICAL TRUST; PERCEPTIONS; LEGITIMACY; ATTITUDES; EUROPE; POLICY,"Employing new and original survey data collected in three waves (April/May and November 2020 as well as May 2021) in Germany, this paper studies the dynamics of individual-level support for additional health care spending. A first major finding is that, so far, health care spending preferences have not radically changed during the Covid-19 pandemic, at least at the aggregate level. A more detailed analysis reveals, secondly, that individual-level support for additional spending on health care is strongly conditioned by performance perceptions and, to a lesser extent, general political trust. Citizens who regard the system as badly (well) prepared to cope with the crisis are more likely to support (oppose) additional spending. Higher levels of political trust are also positively associated with spending support, but to a lesser degree. The paper concludes by discussing the implications of these findings for policy-making and welfare state politics in the post-pandemic era.","[Busemeyer, Marius R.] Univ Konstanz, Dept Polit & Publ Adm, Constance, Germany",University of Konstanz,"Busemeyer, MR (corresponding author), Univ Konstanz, Dept Polit & Publ Adm, Constance, Germany.",Marius.Busemeyer@uni-konstanz.de,"Busemeyer, Marius R/Q-6951-2016","Busemeyer, Marius R/0000-0003-4085-1689",Deutsche Forschungsgemeinschaft [EXC 2035/1],Deutsche Forschungsgemeinschaft(German Research Foundation (DFG)),This work was supported by Deutsche Forschungsgemeinschaft: [grant number EXC 2035/1].,,41,20,26,0,15,"ROUTLEDGE JOURNALS, TAYLOR & FRANCIS LTD",ABINGDON,"2-4 PARK SQUARE, MILTON PARK, ABINGDON OX14 4RN, OXON, ENGLAND",1350-1763,1466-4429,,J EUR PUBLIC POLICY,J. Eur. Public Policy,JAN 2,2023,30,1,,,,,21,40,,10.1080/13501763.2021.1977375,http://dx.doi.org/10.1080/13501763.2021.1977375,,SEP 2021,20,Political Science; Public Administration,Social Science Citation Index (SSCI),Government & Law; Public Administration,7X6DI,,,,,2026-01-06,WOS:000698923700001,View Full Record in Web of Science
J,"Cortès-Franch, I; Puig-Barrachina, V; Vargas-Leguás, H; Arcas, MM; Artazcoz, L",,,,"Cortes-Franch, Imma; Puig-Barrachina, Vanessa; Vargas-Leguas, Hernan; Arcas, M. Marta; Artazcoz, Lucia",,,Is Being Employed Always Better for Mental Wellbeing Than Being Unemployed? Exploring the Role of Gender and Welfare State Regimes during the Economic Crisis,INTERNATIONAL JOURNAL OF ENVIRONMENTAL RESEARCH AND PUBLIC HEALTH,,,English,Article,,,,,,unemployment; job quality; mental wellbeing; gender; welfare states; Europe,EUROPEAN WORKING-CONDITIONS; JOB QUALITY; HEALTH-STATUS; BAD JOBS; FAMILY; SATISFACTION; INEQUALITIES; ASSOCIATION; CONTINUUM; POLICIES,"The growth of poor jobs related to economic crisis adds to its increase since the mid-1970s as a result of new forms of flexible employment. In Europe, there is no clear evidence on whether working in a poor-quality job is better for mental wellbeing than being unemployed. The objectives of this study were to compare mental wellbeing between the unemployed and those working in jobs with different quality levels and to examine gender and welfare state differences in Europe. We selected 8324 men and 7496 women from the European Social Survey, 2010. Hierarchical multiple logistic regression models were fitted, separated by sex and country group. No significant differences in mental wellbeing were shown between unemployed-non-active, unemployed-active, and those working in low-quality jobs in either sex. Only men from Conservative countries in low-quality jobs had better mental wellbeing than unemployed (non-active) men. Only having a good-quality job reduced the likelihood of poor mental wellbeing compared with being unemployed (non-active) among men in all countries (except Social-Democratic) and among women in Eastern and Southern European countries. No differences were observed among men or women in Social-Democratic countries, while strong gender differences were found in Conservative and Liberal countries. Our study indicates the need to take job quality into account, in addition to creating jobs during economic crises. The main mechanisms to explain the strong gender and welfare state differences identified could be social protection for unemployed, labor market regulations, and family models.","[Cortes-Franch, Imma; Puig-Barrachina, Vanessa; Vargas-Leguas, Hernan; Arcas, M. Marta; Artazcoz, Lucia] Agencia Salut Publ, Hlth & Work Dept, Barcelona 08023, Spain; [Cortes-Franch, Imma; Artazcoz, Lucia] CIBERESP, Madrid 28029, Spain; [Cortes-Franch, Imma; Artazcoz, Lucia] IIB St Pau, Inst Biomed Res, Barcelona 08041, Spain; [Cortes-Franch, Imma] Univ Autonoma Barcelona, Dept Pediat Obstet & Gynecol & Prevent Med, E-08193 Barcelona, Spain; [Vargas-Leguas, Hernan; Artazcoz, Lucia] Univ Pompeu Fabra, Ctr Res Occupat Hlth, Barcelona 08002, Spain",Public Health Agency of Barcelona; CIBER - Centro de Investigacion Biomedica en Red; CIBERESP; Barcelona Institute of Science & Technology; Institute for Research in Biomedicine - IRB Barcelona; Institut de Recerca Sant Pau; Autonomous University of Barcelona; Pompeu Fabra University,"Cortès-Franch, I (corresponding author), Agencia Salut Publ, Hlth & Work Dept, Barcelona 08023, Spain.;Cortès-Franch, I (corresponding author), CIBERESP, Madrid 28029, Spain.;Cortès-Franch, I (corresponding author), IIB St Pau, Inst Biomed Res, Barcelona 08041, Spain.;Cortès-Franch, I (corresponding author), Univ Autonoma Barcelona, Dept Pediat Obstet & Gynecol & Prevent Med, E-08193 Barcelona, Spain.",icortes@aspb.cat; vpuig@aspb.cat; hvargas@aspb.cat; marcas@aspb.cat; lartazco@aspb.cat,"; ARTAZCOZ, LUCIA/G-9538-2017","Maria Marta, Arcas/0000-0001-7814-0896; Vargas-Leguas, Hernán/0000-0002-5517-0360; ARTAZCOZ, LUCIA/0000-0002-6300-5111; Cortès-Franch, Imma/0000-0002-1244-9652",,,,,60,8,9,1,23,MDPI,BASEL,"ST ALBAN-ANLAGE 66, CH-4052 BASEL, SWITZERLAND",,1660-4601,,INT J ENV RES PUB HE,Int. J. Environ. Res. Public Health,DEC,2019,16,23,,,,,,,4799,10.3390/ijerph16234799,http://dx.doi.org/10.3390/ijerph16234799,,,16,"Environmental Sciences; Public, Environmental & Occupational Health",Science Citation Index Expanded (SCI-EXPANDED); Social Science Citation Index (SSCI),"Environmental Sciences & Ecology; Public, Environmental & Occupational Health",KC6HG,31795388,"Green Submitted, gold",,,2026-01-06,WOS:000507275700002,View Full Record in Web of Science
J,"Güre, MDP; Ugurlu, Z; Karatas, M; Bascillar, M; Karakaya, C",,,,"Gure, Merve Deniz Pak; Ugurlu, Zilan; Karatas, Mustafa; Bascillar, Mehmet; Karakaya, Cihangir",,,Social workers amidst the crisis of medical neoliberalism and welfare state: Perspectives of healthcare workers in private hospitals regarding social work needs in emergency departments in Türkiye,SOCIAL WORK IN HEALTH CARE,,,English,Article,,,,,,Emergency department; private hospital; social worker; medical social work; medical neoliberalism,SERVICES; SYSTEMS,"The study aims to examine the perspectives of healthcare workers in the emergency departments of private hospitals in T & uuml;rkiye regarding the social work needs in these units. Twenty emergency department specialists participated in this qualitative research. The data were obtained by conducting in-depth interviews using a semi-structured interview form. In the analyses made with MAXQDA, 3 themes, and 7 sub-themes were created. The study results show that healthcare professionals encounter patients in need of social work in emergency departments and hospital administrators do not employ social workers due to neoliberal policies.","[Gure, Merve Deniz Pak; Ugurlu, Zilan] Baskent Univ, Social Work Dept, Ankara, Turkiye; [Karatas, Mustafa] Kutahya Hlth Sci Univ, Social Work Dept, Kutahya, Turkiye; [Bascillar, Mehmet] Necmettin Erbakan Univ, Social Work Dept, Konya, Turkiye; [Karakaya, Cihangir] Zonguldak Bulent Ecevit Univ, Hlth Care Serv Dept, Zonguldak, Turkiye",Baskent University; Kutahya Health Sciences University; Necmettin Erbakan University; Zonguldak Bulent Ecevit University,"Güre, MDP (corresponding author), Baskent Univ, Social Work Dept, Ankara, Turkiye.",mdpak@baskent.edu.tr,"Pak Güre, Merve Deniz/R-2064-2016; Karakaya, Cihangir/HPC-8533-2023; Başcıllar, Mehmet/AGV-2596-2022; Karataş, Mustafa/ADJ-0035-2022",,,,,,64,1,1,5,8,"ROUTLEDGE JOURNALS, TAYLOR & FRANCIS LTD",ABINGDON,"2-4 PARK SQUARE, MILTON PARK, ABINGDON OX14 4RN, OXON, ENGLAND",0098-1389,1541-034X,,SOC WORK HEALTH CARE,Soc. Work Health Care,MAY 28,2025,64,4-5,,,,,85,112,,10.1080/00981389.2025.2468280,http://dx.doi.org/10.1080/00981389.2025.2468280,,FEB 2025,28,Social Work,Social Science Citation Index (SSCI),Social Work,5HX6D,,,,,2026-01-06,WOS:001425413100001,View Full Record in Web of Science
