Publication Type,Authors,Book Authors,Book Editors,Book Group Authors,Author Full Names,Book Author Full Names,Group Authors,Article Title,Source Title,Book Series Title,Book Series Subtitle,Language,Document Type,Conference Title,Conference Date,Conference Location,Conference Sponsor,Conference Host,Author Keywords,Keywords Plus,Abstract,Addresses,Affiliations,Reprint Addresses,Email Addresses,Researcher Ids,ORCIDs,Funding Orgs,Funding Name Preferred,Funding Text,Cited References,Cited Reference Count,"Times Cited, WoS Core","Times Cited, All Databases",180 Day Usage Count,Since 2013 Usage Count,Publisher,Publisher City,Publisher Address,ISSN,eISSN,ISBN,Journal Abbreviation,Journal ISO Abbreviation,Publication Date,Publication Year,Volume,Issue,Part Number,Supplement,Special Issue,Meeting Abstract,Start Page,End Page,Article Number,DOI,DOI Link,Book DOI,Early Access Date,Number of Pages,WoS Categories,Web of Science Index,Research Areas,IDS Number,Pubmed Id,Open Access Designations,Highly Cited Status,Hot Paper Status,Date of Export,UT (Unique WOS ID),Web of Science Record
J,"Yerkes, M; van der Veen, R",,,,"Yerkes, Mara; van der Veen, Romke",,,Crisis and Welfare State Change in the Netherlands,SOCIAL POLICY & ADMINISTRATION,,,English,Article,,,,,,Crisis; Institutional change; Netherlands; Social rights; Social risks; Welfare state reform,SOCIAL-POLICY; SECURITY; POLITICS,"The current economic crisis is assumed to create new pressures for the welfare state. In this article we investigate to what extent the crisis leads to changes in Dutch welfare state policies and institutions. Usually these changes are operationalized in terms of retrenchment (cost reduction) or restructuring (institutions). Hie focus, however, on developments in social rights in the hope of gaining better insight into the content and extent of policy change. This perspective combines attention for costs and institutional structure with attention for the content and substance of social rights. We start by analyzing the development of social rights in the Dutch welfare state as a reaction to the economic crisis of the 1970s and 1980s. Consequently, we will analyze current perceptions of social risks and social rights as well as how we think these perceptions will be affected by the pressures brought on by the economic crisis of 2008-09. Using an institutional perspective, we examine the consequences of the current economic crisis for perceptions of social citizenship and entitlement to social risk protection within the welfare state.","[Yerkes, Mara] Univ Queensland, Social Sci Res Inst, St Lucia, Qld 4072, Australia; [van der Veen, Romke] Erasmus Univ, Rotterdam, Netherlands; [Yerkes, Mara] Univ Queensland, Social Sci Res Inst, Brisbane, Qld 4072, Australia",University of Queensland; Erasmus University Rotterdam; Erasmus University Rotterdam - Excl Erasmus MC; University of Queensland,"Yerkes, M (corresponding author), Univ Queensland, Social Sci Res Inst, Room 451,Level 4,GPN3 Bldg 39A,Campbell Rd, St Lucia, Qld 4072, Australia.",m.yerkes@uq.edu.au,"van der veen, romke/F-5518-2013; Yerkes, Mara/AAJ-2904-2020","Yerkes, Mara/0000-0002-5480-4878",,,,,24,20,24,1,33,WILEY-BLACKWELL,MALDEN,"COMMERCE PLACE, 350 MAIN ST, MALDEN 02148, MA USA",0144-5596,,,SOC POLICY ADMIN,Soc. Policy Adm.,AUG,2011,45,4,,,SI,,430,444,,10.1111/j.1467-9515.2011.00783.x,http://dx.doi.org/10.1111/j.1467-9515.2011.00783.x,,,15,Development Studies; Public Administration; Social Issues; Social Work,Social Science Citation Index (SSCI),Development Studies; Public Administration; Social Issues; Social Work,785IA,,,,,2026-01-06,WOS:000292220900007,View Full Record in Web of Science
J,"Ferragina, E",,,,"Ferragina, Emanuele",,,Welfare state change as a double movement: Four decades of retrenchment and expansion in compensatory and employment-oriented policies across 21 high-income countries,SOCIAL POLICY & ADMINISTRATION,,,English,Article,,,,,,family policy; labour markets and labour market policy; Polanyi; welfare state change,DEPENDENT VARIABLE PROBLEM; BENEFIT RECIPIENCY DATA; SOCIAL-POLICY; FAMILY POLICY; POLITICS; CRISIS; REFORM; GLOBALIZATION; INVESTMENT; RISKS,"We conceptualise and measure welfare state change across 21 high-income countries as a continuum delineated by a double movement, that is, the combined change of compensatory and employment-oriented policies. Our double movement framework readapts Polanyi's concept into the context of welfare state change. We analyse this double movement across four decades using Principal Component Analysis and a new indicator that compares spending in 2015 to maximum and minimum spending levels since the 1980. We contribute to the literature in three ways. First, we empirically document an overall change in spending for compensatory and employment-oriented policies, with the latter becoming more prominent over time. This change is more pronounced in the 1990s and even more so in the 2000s, and partially reduced classic regime differences. The PCAs generate a Cartesian space where each country is positioned across time (the 1980s, the 1990s, the 2000s and the 2010s) and space (within four quadrants, i.e., 'the strong employment-oriented space', 'the weak employment-oriented space', 'the strong compensatory space', and 'the weak compensatory space'). Second, we develop a fivefold taxonomy of welfare state change characterised by: (1) retrenchment in Canada, Germany, Ireland, Netherlands, Sweden and the United Kingdom; (2) abridged adaptation in Australia, Belgium, Finland, Norway, Spain and the United States; (3) minor expansionary adaptation in Greece, Italy, Japan, Portugal and Switzerland-where spending levels were low in the 1980; (4) adaptation with an equilibrium between the two movements in New Zealand and (5) strong expansionary adaptation in Austria, Denmark and France. Overall retrenchment and abridging adaptation prevail over expansionary adaptation-this is due to cutbacks of unemployment, family allowances and active labour market programmes not being counterbalanced by the expansion of childcare. Third, we critically interpret these changes, introducing the double movement concept into comparative social policy.","[Ferragina, Emanuele] Sci Po, Observ Sociol Changement, Paris, France",Institut d'Etudes Politiques Paris (Sciences Po),"Ferragina, E (corresponding author), Sci Po Paris, 27 Rue St Guillaume, F-75337 Paris 07, France.",emanuele.ferragina@sciencespo.fr,,"Ferragina, Emanuele/0000-0002-6308-1413","French National Research Agency (ANR) as part of the 'Investissements d'Avenir' program LIEPP [ANR-11-LABX0091, ANR-11-IDEX-0005-02]; universite de Paris IdEx [ANR-18-IDEX-0001]",French National Research Agency (ANR) as part of the 'Investissements d'Avenir' program LIEPP(Agence Nationale de la Recherche (ANR)); universite de Paris IdEx,"This research was funded by a public grant overseen by the French National Research Agency (ANR) as part of the 'Investissements d'Avenir' program LIEPP (ANR-11-LABX0091, ANR-11-IDEX-0005-02) and the universite de Paris IdEx (ANR-18-IDEX-0001)",,111,23,26,0,19,WILEY,HOBOKEN,"111 RIVER ST, HOBOKEN 07030-5774, NJ USA",0144-5596,1467-9515,,SOC POLICY ADMIN,Soc. Policy Adm.,SEP,2022,56,5,,,,,705,725,,10.1111/spol.12789,http://dx.doi.org/10.1111/spol.12789,,JAN 2022,21,Development Studies; Public Administration; Social Issues; Social Work,Social Science Citation Index (SSCI),Development Studies; Public Administration; Social Issues; Social Work,3M5NR,,,,,2026-01-06,WOS:000741086500001,View Full Record in Web of Science
J,"Castles, FG",,,,"Castles, FG",,,Developing new measures of welfare state change and reform,EUROPEAN JOURNAL OF POLITICAL RESEARCH,,,English,Article,,,,,,,POLITICS,"Since the publication of Gosta Esping-Andersen's The Three Worlds of Welfare Capitalism (Esping-Andersen 1990), which built its typologies on a rich database of detailed programme characteristics, it has been generally accepted that measures of social expenditure are an inferior, and even a misleading, source of information concerning the character of welfare state development. The problem is, however, that the kinds of detailed programme data Esping-Andersen used are not routinely available, while the quality of social expenditure data has been improving rapidly, culminating in the Organisation for Economic Cooperation and Development's (OECD) now regularly updated and highly disaggregated Social Expenditure Database (SOCX). This article explores the possibility of using SOCX to devise measures of the extent, structure and trajectory of welfare state change and reform in 21 OECD countries over the period 1984 to 1997. On the basis of these measures, it suggests that there has been almost no sign of systematic welfare retrenchment in recent years and only limited evidence of major structural transformation or programmatic reorientation.","Univ Edinburgh, Dept Social Policy, Edinburgh EH8 9LL, Midlothian, Scotland",University of Edinburgh,"Castles, FG (corresponding author), Univ Edinburgh, Dept Social Policy, Adam Ferguson Bldg,George Sq, Edinburgh EH8 9LL, Midlothian, Scotland.",F.Castles@ed.ac.uk,,,,,,,53,50,54,1,14,WILEY,HOBOKEN,"111 RIVER ST, HOBOKEN 07030-5774, NJ USA",0304-4130,1475-6765,,EUR J POLIT RES,Eur. J. Polit. Res.,AUG,2002,41,5,,,,,613,641,,10.1111/1475-6765.00024,http://dx.doi.org/10.1111/1475-6765.00024,,,29,Political Science,Social Science Citation Index (SSCI),Government & Law,589WN,,,,,2026-01-06,WOS:000177784700002,View Full Record in Web of Science
J,"Dingeldey, I",,,,"Dingeldey, Irene",,,Welfare-state change between compulsion to work and ability,BERLINER JOURNAL FUR SOZIOLOGIE,,,German,Article,,,,,,,UNEMPLOYMENT; ACTIVATION; BRITAIN; REGIME; GENDER,"The concepts of workfare, an enabling or a social investment state, respectively of an activating welfare state, share the idea of a paradigm shift of welfare state policies resetting the classic tension between de-commodification and (re-)commodification. In this article, a comparative analysis of activating labor market policies in Denmark, Germany and the UK is giving evidence that in all countries recommodification has become a major goal, put into practice by both an increase of workfare and enabling policies. Different reform paths, however, can be identified as the emphasis on enforcing and enabling instruments as well as the particular mix of the instruments varies due to the country-specific background. Hence, the difference of reform policies is supposed to lead to a path dependent implementation of the paradigm shift of welfare state policies.","Univ Bremen, Zentrum Sozialpolit, Abt Geschlechter Polit, D-2800 Bremen 33, Germany",University of Bremen,"Dingeldey, I (corresponding author), Univ Bremen, Zentrum Sozialpolit, Abt Geschlechter Polit, D-2800 Bremen 33, Germany.",,,,,,,,84,10,21,0,20,VS VERLAG SOZIALWISSENSCHAFTEN-GWV FACHVERLAGE GMBH,WIESBADEN,"ABRAHAM-LINCOLN-STR 46, 65189 WIESBADEN, GERMANY",0863-1808,1862-2593,,BERL J SOZIOL,Berliner J. Soz.,,2007,17,2,,,,,189,+,,10.1007/s11609-007-0016-x,http://dx.doi.org/10.1007/s11609-007-0016-x,,,22,Sociology,Social Science Citation Index (SSCI),Sociology,190FY,,,,,2026-01-06,WOS:000248045200004,View Full Record in Web of Science
J,"Bannink, D; Hoogenboom, M",,,,"Bannink, Duco; Hoogenboom, Marcel",,,Hidden change: disaggregation of welfare state regimes for greater insight into welfare state change,JOURNAL OF EUROPEAN SOCIAL POLICY,,,English,Article,,,,,,disaggregation; institutional change; stability; welfare state,,"In this article, we propose a method for the disaggregation of welfare state regimes that enhances our insight into innovative welfare state change; that is, change beyond the borders of regime logic. Welfare states, we argue, are composed of different approaches to various social risks, and the approach to each social risk is often 'hybrid': it consists of various types of arrangements. It is no coincidence that risk approaches, and consequently welfare states, are often hybrid entities. We argue that a singular approach to a social risk creates a social residue that may evoke social pressure which can in turn be diminished by hybridizing the arrangement; that is, changing allocation rules to include new social groups or to cover previously uncovered needs. In itself, however, a hybrid arrangement is unstable. This is why hybridization may be followed by either a return to a singular risk approach so that social pressure re-emerges, or by the establishment of a new, additional arrangement so that a hybrid risk approach emerges. This is innovative change. We do not argue that innovative change inevitably occurs. Change requires that groups facing residues are able to employ sufficient power resources. However, some level of autonomous institutional welfare state change is to be expected as an outcome of the continuous creation of residues.","Univ Twente, NL-7500 AE Enschede, Netherlands",University of Twente,"Bannink, D (corresponding author), Univ Twente, POB 217, NL-7500 AE Enschede, Netherlands.",d.b.d.bannink@utwente.nl,,,,,,,33,22,26,1,10,SAGE PUBLICATIONS LTD,LONDON,"1 OLIVERS YARD, 55 CITY ROAD, LONDON EC1Y 1SP, ENGLAND",0958-9287,1461-7269,,J EUR SOC POLICY,J. Eur. Soc. Policy,FEB,2007,17,1,,,,,19,32,,10.1177/0958928707071877,http://dx.doi.org/10.1177/0958928707071877,,,14,Public Administration; Social Issues,Social Science Citation Index (SSCI),Public Administration; Social Issues,146LH,,gold,,,2026-01-06,WOS:000244935400002,View Full Record in Web of Science
J,"Daübler, T",,,,"Dauebler, Thomas",,,Veto players and welfare state change:: What delays social entitlement bills?,JOURNAL OF SOCIAL POLICY,,,English,Article,,,,,,,POLITICS; POLICY; GOVERNMENT; REFORM,"In contrast to the study of outcomes such as social spending, systematic comparative analysis of political processes underlying welfare state change is scarce. This study deals with the influence of government parties and second chambers as veto players in social entitlement legislation. It asks three questions regarding the duration and outcome of the legislative process at the parliamentary stage. Does the number of government parties or the ideological distance between them affect the passage of bills? Under which circumstances do second chambers have an influence? Does the ideological position of the leftmost governing party affect the speed of passage of bills in policy areas where there is pressure for retrenchment? The hypotheses are tested using an original dataset on social entitlement bills initiated in Belgium, Germany and the UK between 1987/88 and 2002/03. Event history analysis at the level of individual bills yields the following results: proposals initiated from among the government parties on the floor are delayed by a higher number of parties in government, by greater ideological distance between them, if the second chamber is controlled by the opposition and its approval is mandatory, if the left veto player is more rightwing and if the bills deal with expansionary or mixed policies. Cabinet bills, in contrast, are not affected by any of these factors. The results point to a number of further research questions and show that quantitative studies in comparative welfare state research can go beyond testing simple hypotheses with macro-level outcome data.","Trinity Coll Dublin, Dept Polit Sci, Dublin, Ireland",Trinity College Dublin,"Daübler, T (corresponding author), Trinity Coll Dublin, Dept Polit Sci, Dublin, Ireland.",daublert@tcd.ie,,"Däubler, Thomas/0000-0001-5106-4918",,,,,63,9,10,0,18,CAMBRIDGE UNIV PRESS,NEW YORK,"32 AVENUE OF THE AMERICAS, NEW YORK, NY 10013-2473 USA",0047-2794,1469-7823,,J SOC POLICY,J. Soc. Policy,OCT,2008,37,,4,,,,683,706,,10.1017/S0047279408002274,http://dx.doi.org/10.1017/S0047279408002274,,,24,Public Administration; Social Issues; Social Work,Social Science Citation Index (SSCI),Public Administration; Social Issues; Social Work,356BV,,,,,2026-01-06,WOS:000259754600008,View Full Record in Web of Science
J,"Buendía, L",,,,"Buendia, Luis",,,Expansion and Retrenchment of the Swedish Welfare State: A Long-Term Approach,INTERNATIONAL JOURNAL OF HEALTH SERVICES,,,English,Article,,,,,,Swedish Model; welfare state retrenchment; economic crisis; welfare state,REHN-MEIDNER MODEL; POLITICS; SWEDEN; CHALLENGES; EVOLUTION; POLICY; POWER,"In this article, we will undertake a long-term analysis of the evolution of the Swedish welfare state, seeking to explain that evolution through the use of a systemic approach. That is, our approach will consider the interrelations between economic growth (EG), the sociopolitical institutional framework (IF), and the welfare state (WS)understood as a set of institutions embracing the labor market and its regulation, the tax system, and the so-called social wagein order to find the main variables that elucidate its evolution. We will show that the expansive phase of the Swedish welfare state can be explained by the symbiotic relationships developed in the WS-EG-IF interaction, whereas the period of welfare state retrenchment is one result of changes operating within the sociopolitical IF and EG bases.","Isabel I Univ, Dept Econ, Burgos 09003, Spain",Universidad Isabel I,"Buendía, L (corresponding author), Isabel I Univ, Dept Econ, Fernan Gonzalez 76, Burgos 09003, Spain.",luis.buendia@uil.es,"Buendia, Luis/B-8755-2016","Buendia, Luis/0000-0002-8507-7538",FPU research fellowship - Spanish Ministry of Education,FPU research fellowship - Spanish Ministry of Education(German Research Foundation (DFG)National Health & Medical Research Council (NHMRC) of Australia),"The author(s) disclosed receipt of the following financial support for the research, authorship, and/or publication of this article: Research leading to this article was funded with an FPU research fellowship granted by the Spanish Ministry of Education.",,71,3,3,2,20,SAGE PUBLICATIONS LTD,LONDON,"1 OLIVERS YARD, 55 CITY ROAD, LONDON EC1Y 1SP, ENGLAND",0020-7314,1541-4469,,INT J HEALTH SERV,Int. J. Health Serv.,APR,2015,45,2,,,,,226,245,,10.1177/0020731414568506,http://dx.doi.org/10.1177/0020731414568506,,,20,Health Care Sciences & Services; Health Policy & Services,Science Citation Index Expanded (SCI-EXPANDED); Social Science Citation Index (SSCI),Health Care Sciences & Services,CE7FF,25813499,Green Submitted,,,2026-01-06,WOS:000352002700002,View Full Record in Web of Science
J,"Borevi, K",,,,"Borevi, Karin",,,Multiculturalism and welfare state integration: Swedish model path dependency,IDENTITIES-GLOBAL STUDIES IN CULTURE AND POWER,,,English,Article,,,,,,multiculturalism; Sweden; Denmark; welfare state; citizenship; integration policies,IMMIGRANT INTEGRATION; NATIONAL MODELS; CITIZENSHIP; POLICIES; RETREAT,"The present article offers an account of Swedish integration policies in the post-war period. The theoretical purpose is to assess Christian Joppke's hypothesis that recent trends of integration policy convergence have rendered the national model approach analytically useless. The analysis shows that Sweden deviates, in some important respects, from the European trend by not formulating demands that link integration achievements to immigrants' access to fundamental rights. The conclusion is that the Swedish case does not support Joppke's hypothesis, but rather indicates that path dependency of national models is a valid explanation to ongoing developments. It is argued that the Swedish exception should be understood as an expression of the persistent impact of a policy logic according to which integration requires that all citizens have equal and universal access to certain fundamental rights. The article builds on general comparisons with European policy developments and uses Denmark as a more specific reference point.","Uppsala Univ, Dept Govt, S-75120 Uppsala, Sweden",Uppsala University,"Borevi, K (corresponding author), Uppsala Univ, Dept Govt, Box 514, S-75120 Uppsala, Sweden.",karin.borevi@statsvet.uu.se,"Borevi, Karin/AAA-1183-2022","Borevi, Karin/0000-0002-5662-3579",,,,,46,76,88,0,33,TAYLOR & FRANCIS INC,PHILADELPHIA,"530 WALNUT STREET, STE 850, PHILADELPHIA, PA 19106 USA",1070-289X,1547-3384,,IDENTITIES-GLOB STUD,Identities-Glob. Stud. Cult. Power,NOV 2,2014,21,6,,,SI,,708,723,,10.1080/1070289X.2013.868351,http://dx.doi.org/10.1080/1070289X.2013.868351,,,16,Cultural Studies; Ethnic Studies,Social Science Citation Index (SSCI); Arts & Humanities Citation Index (A&HCI),Cultural Studies; Ethnic Studies,AQ9YO,,,,,2026-01-06,WOS:000343216200007,View Full Record in Web of Science
J,"Goerres, A; Kumlin, S; Karlsen, R",,,,"Goerres, Achim; Kumlin, Staffan; Karlsen, Rune",,,Pressure without Pain: What Politicians (Don't) Tell You about Welfare State Change,JOURNAL OF SOCIAL POLICY,,,English,Article,,,,,,,QUALITATIVE RESEARCH; HEALTH-CARE; POLICY; RELIABILITY; SUPPORT; CONSTITUENCIES; CONSEQUENCES; PARTISANSHIP; NETHERLANDS; INVESTMENT,"How do political leaders politicise welfare state reform pressures, e.g. unemployment, ageing or globalisation, in election campaigns? Competing expectations range from no politicization at all to a clear and unbiased coupling between pressures and intended policy responses. Eighteen speeches held by prime ministerial candidates at election-year party congresses in Germany, Norway and Sweden (2000-2010) reveal an unfinished and biased problem-solution coupling. On the one hand, even in these affluent countries pressures are frequently politicised. On the other hand, leaders either cherry-pick less painful policy solutions, or refrain altogether from debating them. So, while citizens learn that the welfare state is pressured, they are not exposed to the full range of policies they increasingly have reason to expect after elections.","[Goerres, Achim] Univ Duisburg Essen, Inst Polit Sci, Lotharstr 65, D-47057 Duisburg, Germany; [Kumlin, Staffan] Univ Oslo, Dept Polit Sci, Oslo, Norway; [Kumlin, Staffan; Karlsen, Rune] Inst Social Res Oslo, Oslo, Norway; [Karlsen, Rune] Univ Olso, Dept Media & Commun, Oslo, Norway",University of Duisburg Essen; University of Oslo,"Goerres, A (corresponding author), Univ Duisburg Essen, Inst Polit Sci, Lotharstr 65, D-47057 Duisburg, Germany.",achim.goerres@uni-due.de; staffan.kumlin@stv.uio.no; rune.karlsen@media.uio.no,"Karlsen, Rune/AAJ-8889-2020; Goerres, Achim/D-4849-2014","Goerres, Achim/0000-0002-6065-6613",Research Council of Norway [217122/H20]; University of Duisburg-Essen,Research Council of Norway(Research Council of NorwayInstituto Politecnico Nacional - Mexico); University of Duisburg-Essen,"We acknowledge funding from The Research Council of Norway (project 217122/H20) to Staffan Kumlin. Further funding came from seed money of the University of Duisburg-Essen. Earlier drafts were presented at a panel organised by Felix Hoerisch and Georg Wenzelburger at the ECPR General Conference in Bordeaux, France, 5-8 September 2013, at the annual conference of the Social Policy Section of the German Sociological Association, 26-27 September 2013, two internal seminars at the University of Duisburg-Essen and the Colloquium Empirical Social Research at the University of Frankfurt (Main) and the workshop on welfare state reforms at Lund University organised in 2015 by Moira Nelson and Georg Wenzelburger. We thank all participants and discussants as well as Christoffer Green-Pedersen. We thank research assistants Hedda Haakestad, Hayfat Hamidou, Atle Haugsgjerd and Hanna Bugge for much appreciated efforts.",,62,4,5,0,10,CAMBRIDGE UNIV PRESS,CAMBRIDGE,"EDINBURGH BLDG, SHAFTESBURY RD, CB2 8RU CAMBRIDGE, ENGLAND",0047-2794,1469-7823,,J SOC POLICY,J. Soc. Policy,OCT,2019,48,4,,,,,861,884,,10.1017/S0047279419000138,http://dx.doi.org/10.1017/S0047279419000138,,,24,Public Administration; Social Issues; Social Work,Social Science Citation Index (SSCI),Public Administration; Social Issues; Social Work,JC5MN,,"Green Submitted, hybrid",,,2026-01-06,WOS:000489327000010,View Full Record in Web of Science
J,"Seeleib-Kaiser, M; Fleckenstein, T",,,,"Seeleib-Kaiser, Martin; Fleckenstein, Timo",,,"Discourse, learning and welfare state change: The case of german labour market reforms",SOCIAL POLICY & ADMINISTRATION,,,English,Article,,,,,,welfare state change; discourse; learning; Germany; unemployment insurance; active labour market policy,POLICY TRANSFER; POLITICS; PARTIES,"In this article we argue that Germany has significantly changed its approach to labour market policies (LMPs) during the past decade; in many instances Britain has served as a model to learn from. In a first step, we identify the core institutional arrangements of the conservative approach to LMP in Germany and contrast them with the liberal approach, using the UK as an example. Secondly, we trace the development and nature of changes in German LMP since the 1990s. We show that the policy has increasingly incorporated elements of, and to a considerable extent shifted towards, a liberal approach. Thirdly, we review competing theoretical approaches that might explain this turn in LMP and conclude that changed interpretative patterns have been crucial to understand the overall shift. Fourthly, utilizing the policy transfer framework, we show that in regards to the specific policy instruments German policy-makers have learnt from the experiences in the UK.","Univ Oxford, Dept Social Policy & Social Work, Oxford OX1 2ER, England",University of Oxford,"Seeleib-Kaiser, M (corresponding author), Univ Oxford, Dept Social Policy & Social Work, Barnett House,32 Wellington Square, Oxford OX1 2ER, England.",martin.seeleib@applied-social-studies.oxford.ac.uk,,"Fleckenstein, Timo/0000-0002-0154-7644",,,,,78,65,77,0,30,WILEY-BLACKWELL,HOBOKEN,"111 RIVER ST, HOBOKEN 07030-5774, NJ USA",0144-5596,1467-9515,,SOC POLICY ADMIN,Soc. Policy Adm.,OCT,2007,41,5,,,,,427,448,,10.1111/j.1467-9515.2007.00566.x,http://dx.doi.org/10.1111/j.1467-9515.2007.00566.x,,,22,Development Studies; Public Administration; Social Issues; Social Work,Social Science Citation Index (SSCI),Development Studies; Public Administration; Social Issues; Social Work,206QK,,,,,2026-01-06,WOS:000249197800001,View Full Record in Web of Science
J,"McCashin, A",,,,"McCashin, Anthony",,,"Social security expenditures in Ireland, 1981-2007: an analysis of welfare state change",POLICY AND POLITICS,,,English,Article,,,,,,Ireland; retrenchment; social security,POLITICS; POLICY,"The analysis of welfare state change is bedevilled by controversy about how to define and measure change, and about the role of expenditure data in quantifying change. Using social security in Ireland as an illustration, this article shows that national-level expenditure data, properly decomposed and disaggregated, can identify patterns of change that are masked in highly aggregated, comparative data. Social security in Ireland, when examined through the lens of detailed, national data, has experienced quite varied patterns of change that combine expansion, retrenchment and extension, substantiating the emerging findings that small states are not necessarily prone to general retrenchment.","Univ Dublin Trinity Coll, Sch Social Work & Social Policy, Dublin 2, Ireland",Trinity College Dublin,"McCashin, A (corresponding author), Univ Dublin Trinity Coll, Sch Social Work & Social Policy, Dublin 2, Ireland.",amccshin@tcd.ie,,,,,,,36,4,4,1,12,POLICY PRESS,BRISTOL,"UNIV BRISTOL, 4TH FL, BEACONS HOUSE, QUEENS ROAD, BRISTOL BS8 1QU, ENGLAND",0305-5736,1470-8442,,POLICY POLIT,Policy Polit.,OCT,2012,40,4,,,,,547,567,,10.1332/030557312X645784,http://dx.doi.org/10.1332/030557312X645784,,,21,Political Science; Public Administration,Social Science Citation Index (SSCI),Government & Law; Public Administration,029JN,,,,,2026-01-06,WOS:000310491600006,View Full Record in Web of Science
J,"Popic, T",,,,"Popic, Tamara",,,Veto Points Revisited: The Role of Party System Institutionalization in Welfare State Change,GOVERNMENT AND OPPOSITION,,,English,Article,,,,,,veto points; party system institutionalization; policy change; process tracing,VOLATILITY; POLITICS,"This article argues that the impact of veto points on a government's policy outcomes depends crucially on the degree of institutionalization of the party system. Specifically, the article claims that two dimensions of party system institutionalization - stability of relations between parties and between parties and voters - condition the ability of the opposition to block governments' policy plans through veto points. It showcases this argument by applying the method of causal process tracing to a comparative analysis of health policy reforms in Slovakia (2002-2004) and Hungary (2006-2008).","[Popic, Tamara] Queen Mary Univ London, Sch Polit & Int Relat, London, England",University of London; Queen Mary University London,"Popic, T (corresponding author), Queen Mary Univ London, Sch Polit & Int Relat, London, England.",t.popic@qmul.ac.uk,"Popic, Tamara/AAX-8772-2020","Popic, Tamara/0000-0003-2444-1671",,,,,70,1,1,1,11,CAMBRIDGE UNIV PRESS,CAMBRIDGE,"EDINBURGH BLDG, SHAFTESBURY RD, CB2 8RU CAMBRIDGE, ENGLAND",0017-257X,1477-7053,,GOV OPPOS,Gov. Oppos.,APR,2023,58,2,,,,,338,359,PII S0017257X21000373,10.1017/gov.2021.37,http://dx.doi.org/10.1017/gov.2021.37,,SEP 2021,22,Political Science,Social Science Citation Index (SSCI),Government & Law,D7LY6,,,,,2026-01-06,WOS:000767252100001,View Full Record in Web of Science
J,"Amable, B; Gatti, D; Schumacher, J",,,,"Amable, Bruno; Gatti, Donatella; Schumacher, Jan",,,Welfare-state retrenchment: The partisan effect revisited,OXFORD REVIEW OF ECONOMIC POLICY,,,English,Article,,,,,,,SECTORAL SHIFTS; GLOBALIZATION; EXPANSION; SIZE,"This paper aims to shed light on the role of the 'ideology' of political parties in shaping the evolution of the welfare state in 18 developed democracies, by providing empirical findings on the determinants of social-programme entitlements and social spending over the period 1981-99. The paper shows that structural change is a major determinant of the extent of social protection. Our results suggest that overall spending is driven up by structural change. On the other hand, strong structural change has a negative influence on welfare entitlements measured by the net rate of sickness insurance. Partisan influence plays an important role in the dynamics of the welfare state. Left-wing governments strengthen the positive effect of shocks on aggregate social expenditure, while right-wing governments undertake even stronger cutbacks in replacement rates as a reaction to structural change.","Univ Paris 01, F-75231 Paris 05, France; Univ Paris 13, F-93430 Villetaneuse, France; Univ Regensburg, D-8400 Regensburg, Germany",heSam Universite; Universite Pantheon-Sorbonne; Universite Paris 13; University of Regensburg,"Amable, B (corresponding author), Univ Paris 01, F-75231 Paris 05, France.",bruno.amable@ens.fr; donatella.gatti@cepremap.cnrs.fr; jan.schumacher@wiwi.uni-regensburg.de,"Gatti, Donatella/GRO-6034-2022","Gatti, Donatella/0000-0003-2836-4335",,,,,56,48,55,0,19,OXFORD UNIV PRESS,OXFORD,"GREAT CLARENDON ST, OXFORD OX2 6DP, ENGLAND",0266-903X,1460-2121,,OXFORD REV ECON POL,Oxf. Rev. Econ. Policy,FAL,2006,22,3,,,,,426,444,,10.1093/oxrep/grj025,http://dx.doi.org/10.1093/oxrep/grj025,,,19,Economics,Social Science Citation Index (SSCI),Business & Economics,097EY,,,,,2026-01-06,WOS:000241430900008,View Full Record in Web of Science
J,"Green-Pedersen, C",,,,"Green-Pedersen, C",,,The puzzle of Dutch welfare state retrenchment,WEST EUROPEAN POLITICS,,,English,Article,,,,,,,PARLIAMENTARY ELECTION; POLITICS,"In the literature on welfare state retrenchment and in the general emphasis on the resilience of welfare states, the Dutch case appears puzzling by virtue of the fact that significant retrenchments have actually taken place in the Netherlands. It appears even more puzzling considering that the arguments in this literature as to the difficulties in welfare state retrenchments apply very well to this case, whereas the arguments as to why after all welfare state retrenchments are possible do not apply particularly well. This article argues that the explanation for the Dutch puzzle should be found in Dutch politics. Due to the power of the CDA as a pivotal centre party, the PvdA was at an early stage forced to accept welfare state retrenchment. A party consensus thus emerged allowing Dutch governments to define the issue of welfare state retrenchment as a matter of economic necessity.","Aarhus Univ, Dept Polit Sci, DK-8000 Aarhus C, Denmark",Aarhus University,"Green-Pedersen, C (corresponding author), Aarhus Univ, Dept Polit Sci, DK-8000 Aarhus C, Denmark.",,,,,,,,75,12,14,0,5,"ROUTLEDGE JOURNALS, TAYLOR & FRANCIS LTD",ABINGDON,"4 PARK SQUARE, MILTON PARK, ABINGDON OX14 4RN, OXFORDSHIRE, ENGLAND",0140-2382,,,WEST EUR POLIT,West Eur. Polit.,JUL,2001,24,3,,,,,135,150,,10.1080/01402380108425456,http://dx.doi.org/10.1080/01402380108425456,,,16,Political Science,Social Science Citation Index (SSCI),Government & Law,460PD,,,,,2026-01-06,WOS:000170316900008,View Full Record in Web of Science
J,"Vis, B; Van Kersbergen, K",,,,"Vis, Barbara; Van Kersbergen, Kees",,,"TOWARDS AN OPEN FUNCTIONAL APPROACH TO WELFARE STATE CHANGE: PRESSURES, IDEAS, AND BLAME AVOIDANCE",PUBLIC ADMINISTRATION,,,English,Article,,,,,,,POLITICS; REFORM; POLICY,"Why are some governments able to push through radical welfare state reforms while others, operating in similar circumstances, are not? Why are some ideas more acceptable than others? We present an open functional approach to reform to answer these questions and illustrate it empirically by discussing the drastic reform of the Dutch disability scheme in the early 1990s. Ideas translate a functional pressure that existentially threatens a social insurance system into a drastic welfare state reform, such as a severe tightening of eligibility criteria. Functional requirements constrain the range of ideas that political actors can consider for welfare state reform, although they do not determine which ideas are adopted. But once adopted, ideas influence the reforms pursued. A government's choice of ideas and the political strategies to implement them determine the success or failure of the reform. Blame avoidance strategies mediate vitally between the functional pressure, the idea and the reform.","[Vis, Barbara] Vrije Univ Amsterdam, Dept Polit Sci, Amsterdam, Netherlands; [Van Kersbergen, Kees] Aarhus Univ, Dept Polit Sci & Govt, DK-8000 Aarhus C, Denmark",Vrije Universiteit Amsterdam; Aarhus University,"Vis, B (corresponding author), Vrije Univ Amsterdam, Dept Polit Sci, Amsterdam, Netherlands.",,"; Vis, Barbara/J-2747-2019","van Kersbergen, Kees/0000-0001-7607-2447; Vis, Barbara/0000-0003-2323-3862",,,,,51,29,30,4,26,WILEY,HOBOKEN,"111 RIVER ST, HOBOKEN 07030-5774, NJ USA",0033-3298,1467-9299,,PUBLIC ADMIN,Public Adm.,DEC,2013,91,4,,,SI,,840,854,,10.1111/j.1467-9299.2012.02071.x,http://dx.doi.org/10.1111/j.1467-9299.2012.02071.x,,,15,Political Science; Public Administration,Social Science Citation Index (SSCI),Government & Law; Public Administration,274CB,,,,,2026-01-06,WOS:000328581600004,View Full Record in Web of Science
J,"Buendía, L; Serrano, PJG; Molero-Simarro, R",,,,"Buendia, Luis; Gomez Serrano, Pedro Jose; Molero-Simarro, Ricardo",,,Gone with the Crisis? Welfare State Change in Europe Before and Since the 2008 Crisis,SOCIAL INDICATORS RESEARCH,,,English,Article,,,,,,Welfare state; Social regress; Income benefits; Adjustment policies; Replacement rates,RETRENCHMENT; INEQUALITY; AUSTERITY; REFORM; TRANSFORMATION; UNEMPLOYMENT; RECESSION; COUNTRIES; VALIDITY; POLITICS,"The economic crisis has undoubtedly impacted welfare states through the austerity policies prioritised to purportedly lead economies back to a growth path. In this paper, we assess the effects of the crisis in those welfare states, focusing on income benefits and analysing cases of welfare state change before the crisis via gross replacement rates available through the OECD tax/benefits database. We begin with a literature review on impacts of the crisis on welfare states, then focus on our hypothesis that retrenchment trends were already in motion before the crisis. From our point of view, this is relevant to understanding the evolution of welfare states since 2001, particularly those effects attributable to the crisis (versus those that are not); this may also be of help in the prediction of future trends.","[Buendia, Luis] Univ Leon, Dept Econ & Estadist, Campus Vegazana S-N, E-24071 Leon, Spain; [Gomez Serrano, Pedro Jose] Univ Complutense Madrid, Dept Econ Aplicada Estruct & Hist, Madrid, Spain; [Molero-Simarro, Ricardo] Univ Autonoma Madrid, Dept Estruct Econ & Econ Desarrollo, Madrid, Spain",Universidad de Leon; Complutense University of Madrid; Autonomous University of Madrid,"Buendía, L (corresponding author), Univ Leon, Dept Econ & Estadist, Campus Vegazana S-N, E-24071 Leon, Spain.",luis.buendia@unileon.es; pjgomezs@ucm.es; ricardo.molero@uam.es,"Molero-Simarro, Ricardo/A-4716-2015; Buendia, Luis/B-8755-2016","Molero-Simarro, Ricardo/0000-0002-6157-322X; Buendia, Luis/0000-0002-8507-7538",,,,,42,3,4,0,6,SPRINGER,DORDRECHT,"VAN GODEWIJCKSTRAAT 30, 3311 GZ DORDRECHT, NETHERLANDS",0303-8300,1573-0921,,SOC INDIC RES,Soc. Indic. Res.,JUL,2020,150,1,,,,,243,264,,10.1007/s11205-020-02286-y,http://dx.doi.org/10.1007/s11205-020-02286-y,,FEB 2020,22,"Social Sciences, Interdisciplinary; Sociology",Social Science Citation Index (SSCI),Social Sciences - Other Topics; Sociology,MQ2IJ,,,,,2026-01-06,WOS:000516115900002,View Full Record in Web of Science
J,"Slothuus, R",,,,"Slothuus, Rune",,,Framing deservingness to win support for welfare state retrenchment,SCANDINAVIAN POLITICAL STUDIES,,,English,Article,,,,,,,SOCIAL CONSTRUCTION; PUBLIC SUPPORT; POLITICS; ATTITUDES; REFORM; MATTER; DELIBERATION; NETHERLANDS; COMPETITION; DENMARK,"Recent studies of welfare state retrenchment have argued that policy makers can win public support for welfare state reform by framing the issue in terms of deservingness of welfare recipients. However, this literature has not tested the argument at the individual level. Using a Scandinavian context, this experimental study investigates how alternative framing of a welfare state retrenchment proposal affects citizens' perception of welfare recipients' deservingness, policy support and whether perceptions of deservingness mediate policy opinion. A news story was manipulated to present welfare recipients as either deserving or undeserving of welfare benefits. This issue framing affected citizens' perception of deservingness as well as support for retrenchment policy. Opinion change was partly explained by differences in perceptions of deservingness. These results provide strong support for the effectiveness of the deservingness frame.","Univ Aarhus, Dept Polit Sci, DK-8000 Aarhus C, Denmark",Aarhus University,"Slothuus, R (corresponding author), Univ Aarhus, Dept Polit Sci, Univ Pk, DK-8000 Aarhus C, Denmark.",slothuus@ps.au.dk,,,,,,,69,98,109,2,33,WILEY,HOBOKEN,"111 RIVER ST, HOBOKEN 07030-5774, NJ USA",0080-6757,1467-9477,,SCAND POLIT STUD,Scand. Polit. Stud.,,2007,30,3,,,,,323,344,,10.1111/j.1467-9477.2007.00183.x,http://dx.doi.org/10.1111/j.1467-9477.2007.00183.x,,,22,Political Science,Social Science Citation Index (SSCI),Government & Law,206QZ,,,,,2026-01-06,WOS:000249199300002,View Full Record in Web of Science
J,"Kühner, S",,,,"Kuehner, Stefan",,,Country-level comparisons of welfare state change measures:: another facet of the dependent variable problem within the comparative analysis of the welfare state?,JOURNAL OF EUROPEAN SOCIAL POLICY,,,English,Article,,,,,,comparative social policy; dependent variable problem; welfare reform,,"The introduction of innovative macro-measures has been one of the preferred means to account for identified limitations of traditional quantitative approaches in comparative analyses of the welfare state. However, these state-of-the-art indicators are not powerful enough to account for the nuanced politics of 'welfare state change' across mature welfare states as they produce inconsistent - and in several cases contrary - findings on the country level, which also appear to be at odds with the established notion of 'regime dependence' in the historical, case-study literature. Touching upon the limitations of the relevant indicators, we argue that they can at best be seen as crude approximations; this is the root cause for the above asymmetries. The 'dependent variable problem' within the comparative analysis of the welfare state is a problem of data and operational definitions as much as it is a problem of theoretical conceptualization. While the combination of nuanced quantitative and historical findings has become the norm in the broader literature, the article stresses the potential of disaggregated analyses of individual social policy domains within nations and its combination with detailed case-study analyses of social policy making.","Univ York, Dept Social Policy & Social Work, York YO10 5DD, N Yorkshire, England",University of York - UK,"Kühner, S (corresponding author), Univ York, Dept Social Policy & Social Work, York YO10 5DD, N Yorkshire, England.",sk165@york.ac.uk,"Kühner, Stefan/AAU-4683-2020","Kühner, Stefan/0000-0001-6598-6526",,,,,29,56,64,0,13,SAGE PUBLICATIONS LTD,LONDON,"1 OLIVERS YARD, 55 CITY ROAD, LONDON EC1Y 1SP, ENGLAND",0958-9287,1461-7269,,J EUR SOC POLICY,J. Eur. Soc. Policy,FEB,2007,17,1,,,,,5,18,,10.1177/0958928707071875,http://dx.doi.org/10.1177/0958928707071875,,,14,Public Administration; Social Issues,Social Science Citation Index (SSCI),Public Administration; Social Issues,146LH,,,,,2026-01-06,WOS:000244935400001,View Full Record in Web of Science
J,"Starke, P",,,,"Starke, P",,,The politics of welfare state retrenchment: A literature review,SOCIAL POLICY & ADMINISTRATION,,,English,Article,,,,,,welfare state; retrenchment; literature review,PROSPECT-THEORY; SOCIAL EXPENDITURE; PARTISAN POLITICS; GLOBALIZATION; REFORM; CONSTRUCTION; CONCERTATION; ECONOMY; MATTER; POLICY,"Welfare state retrenchment is widely seen as a highly unpopular endeavour and, therefore, as politically difficult to pursue. This assumption has underpinned most of the political science research on this issue, notably Paul Pierson's seminal contributions about the 'new politics of the welfare state'. Yet, the question remains why and under what circumstances cutbacks take place in highly developed welfare states despite these formidable political obstacles. This article reviews the literature on the politics of retrenchment, namely on the impact of socio-economic problem pressure, political parties, political institutions, welfare state structures and ideas. Most authors agree that socio-economic problems - particularly domestic problems - contribute to an atmosphere of 'permanent austerity' which inspires cutbacks. Moreover, according to most scholars, the extent of retrenchment possible depends on the specific institutional configuration of a political system and the path dependence of existing welfare state structures. The debate on the relevance of political parties and ideas, by contrast, is still far from settled. Further unresolved issues include the nature of the dependent variable in retrenchment studies. Also, the exact motives for cutbacks are theoretically still little understood, as are the political mechanisms through which they are realized. I argue that, because of the nature of these persisting issues, the pluralistic dialogue between different methods and approaches - as well as their combination - remains the most promising way forward in the study of welfare state politics.","Univ Bremen, Collaborat Res Ctr 597, D-28334 Bremen, Germany",University of Bremen,"Starke, P (corresponding author), Univ Bremen, Collaborat Res Ctr 597, POB 33 04 40, D-28334 Bremen, Germany.",peter.starke@sfb597.uni-bremen.de,,"Starke, Peter/0000-0002-0837-7553",,,,,88,242,297,3,90,WILEY,HOBOKEN,"111 RIVER ST, HOBOKEN 07030-5774, NJ USA",0144-5596,1467-9515,,SOC POLICY ADMIN,Soc. Policy Adm.,FEB,2006,40,1,,,,,104,120,,10.1111/j.1467-9515.2006.00479.x,http://dx.doi.org/10.1111/j.1467-9515.2006.00479.x,,,17,Development Studies; Public Administration; Social Issues; Social Work,Social Science Citation Index (SSCI),Development Studies; Public Administration; Social Issues; Social Work,001WJ,,,,,2026-01-06,WOS:000234573100008,View Full Record in Web of Science
J,"Büchs, M",,,,"Buechs, Milena",,,The Open Method of Coordination - Effectively preventing welfare state retrenchment?,EUROPEAN INTEGRATION ONLINE PAPERS-EIOP,,,English,Article,,,,,,soft law; Europeanisation; single market; stability and growth pact; welfare state; positive integration; negative integration; political science,WESTERN-EUROPE; POLITICS; GLOBALIZATION; POLICY; MODEL,"This article re-examines the division between optimists and pessimists within the literature on the Open Method of Coordination's (OMC) effectiveness. Each of those camps tends to focus on a different question. Optimists are more concerned with the question of whether the OMC exerts an influence on the national level and through which mechanisms, whilst pessimists concentrate on the question of whether the OMC can strengthen EU social policy and therefore European welfare states. This article combines these two perspectives and argues that the OMC is indeed capable of influencing national policies through the dissemination of ideas and learning as the optimists stress. However, policy learning at the member state level is shaped and constrained by a variety of internal and external pressures. Against the hopes of most of the OMC optimists, this makes the OMC largely ineffective in preventing welfare state retrenchment.","Univ Southampton, Southampton SO9 5NH, Hants, England",University of Southampton,"Büchs, M (corresponding author), Univ Southampton, Southampton SO9 5NH, Hants, England.",m.buechs@soton.ac.uk,"Büchs, Milena/AAU-2581-2021","Büchs, Milena/0000-0001-6304-3196",,,,,56,6,8,0,9,ECSA AUSTRIA,VIENNA,"ALTHANSTRASSE 39-45, VIENNA, A-1090, AUSTRIA",1027-5193,,,EUR INTEGR ONLINE PA,Eur. Integr. Online Pap-EIOP,,2009,13,,,,S1,,,,11,10.1695/2009011,http://dx.doi.org/10.1695/2009011,,,20,"Social Sciences, Interdisciplinary",Social Science Citation Index (SSCI),Social Sciences - Other Topics,522AA,,,,,2026-01-06,WOS:000271967600007,View Full Record in Web of Science
J,"Elmelund-Præstekær, C; Klitgaard, MB; Schumacher, G",,,,"Elmelund-Praestekaer, Christian; Klitgaard, Michael Baggesen; Schumacher, Gijs",,,What wins public support? Communicating or obfuscating welfare state retrenchment,EUROPEAN POLITICAL SCIENCE REVIEW,,,English,Article,,,,,,Retrenchment; blame avoidance; electoral consequences; welfare state; communication,ELECTORAL CONSEQUENCES; POLICY; GOVERNMENT; POLITICS; OPINION; MEDIA; DECISION; FAILURE; IDEAS,"Conventional wisdom holds that in order to evade electoral punishment governments obfuscate welfare state retrenchment. However, governments do not uniformly lose votes in elections after they cut back on welfare benefits or services. Recent evidence indicates that some of these unpopular reforms are in fact vote-winners for the government. Our study of eight Danish labor marked related reforms uses insights from experimental framing studies to evaluate the impact of welfare state retrenchment on government popularity. We hypothesize that communicating retrenchment is a better strategy than obfuscating retrenchment measures. In addition, we hypothesize that the opposition's choice between arguing against the retrenchment measure, or staying silent on the issue, affects the government's popularity. Thus, the study presents a novel theoretical model of the popularity effects of welfare state retrenchment. In order to evaluate our propositions, we move beyond the standard measure in the literature and use monthly opinion polls to reduce the number of other factors that might affect government popularity. We demonstrate that governments can evade popular punishment by communication. They can even gain popularity if the opposition chooses not to attack. On the other hand, government popularity declines if the government obfuscates - and the decline is even larger if the opposition chooses to attack.","[Elmelund-Praestekaer, Christian; Klitgaard, Michael Baggesen; Schumacher, Gijs] Univ Southern Denmark, Dept Polit Sci, DK-5230 Odense M, Denmark",University of Southern Denmark,"Elmelund-Præstekær, C (corresponding author), Univ Southern Denmark, Dept Polit Sci, DK-5230 Odense M, Denmark.",cel@sam.sdu.dk,,"Klitgaard, Michael Baggesen/0000-0001-6561-8774; Schumacher, Gijs/0000-0002-6503-4514; Elmelund-Præstekær, Christian/0000-0002-5095-8917",Danish Council of Independent Research,Danish Council of Independent Research(Det Frie Forskningsrad (DFF)),"An earlier version of this article was presented in the workshop Beyond Class Politics at the ECPR Joint Sessions of Workshops, Mainz, Germany, 11-15 March 2013, at the 70th MPSA Annual Conference, Chicago, IL, 12-15 April 2012, and that the Dutch-Danish Workshop Parties, Interest Groups and Welfare Reform, University of Southern Denmark, 29 March 2012. The authors sincerely thank the participants at these events as well as the anonymous EPSR reviewers for constructive and supportive comments. The usual disclaimer applies. The research was supported by the Danish Council of Independent Research.",,58,17,18,2,12,CAMBRIDGE UNIV PRESS,NEW YORK,"32 AVENUE OF THE AMERICAS, NEW YORK, NY 10013-2473 USA",1755-7739,1755-7747,,EUR POLIT SCI REV,Eur. Polit. Sci. Rev.,AUG,2015,7,3,,,,,427,450,,10.1017/S1755773914000253,http://dx.doi.org/10.1017/S1755773914000253,,,24,Political Science,Social Science Citation Index (SSCI),Government & Law,CM4ZN,,,,,2026-01-06,WOS:000357695800004,View Full Record in Web of Science
J,"Van der Klein, M",,,,"Van der Klein, M",,,The widows of the gasworks: Gendered path dependency and the early Dutch welfare state,SOCIAL POLITICS,,,English,Article,,,,,,,,"In this article the focus is on the gender implications of the early Dutch welfare state and the status of male and female breadwinners and their dependents in social insurance and poor relief in the Netherlands around 1900. Barbara Nelson's model of two gendered channels (workmen's compensation acts versus mothers' aid laws) in early U.S. social policy serves as a point of reference. The author concludes that, compared to the United States, social policy in the Netherlands did not start as extremely gendered. The assumption of Dutch second-wave feminists that the Dutch welfare state was male breadwinner-minded from the very beginning does not bold water.","Univ Utrecht, NL-3508 TC Utrecht, Netherlands",Utrecht University,,,,,,,,,44,8,9,0,0,OXFORD UNIV PRESS,OXFORD,"GREAT CLARENDON ST, OXFORD OX2 6DP, ENGLAND",1072-4745,,,SOC POLIT,Soc. Polit.,SPR,2003,10,1,,,,,1,22,,10.1093/sp/jxg005,http://dx.doi.org/10.1093/sp/jxg005,,,22,Social Issues; Women's Studies,Social Science Citation Index (SSCI),Social Issues; Women's Studies,705XY,,,,,2026-01-06,WOS:000184423600001,View Full Record in Web of Science
J,"Schumacher, G; Vis, B; van Kersbergen, K",,,,"Schumacher, Gijs; Vis, Barbara; van Kersbergen, Kees",,,"Political parties' welfare image, electoral punishment and welfare state retrenchment",COMPARATIVE EUROPEAN POLITICS,,,English,Article,,,,,,welfare state reform; electoral punishment; political parties; partisanship; economic voting,ISSUE OWNERSHIP; PROSPECT-THEORY; CONSEQUENCES; GOVERNMENT,"Will voters punish the government for cutting back welfare state entitlements? The comparative literature on the welfare state suggests that the answer is yes. Unless governments are effectively employing strategies of blame avoidance, retrenchment leads to vote loss. Because a large majority of voters supports the welfare state, the usual assumption is that retrenchment backfires equally on all political parties. This study contributes to an emerging body of research that demonstrates that this assumption is incorrect. On the basis of a regression analysis of the electoral fate of the governing parties of 14 OECD countries between 1970 and 2002, we show that most parties with a positive welfare image lose after they implemented cutbacks, whereas most parties with a negative welfare image do not. In addition, we show that positive welfare image parties in opposition gain votes, at the expense of those positive welfare image parties in government that implemented welfare state retrenchment. Comparative European Politics (2013) 11, 1-21. doi:10.1057/cep.2012.5; published online 11 June 2012","[Schumacher, Gijs] Univ So Denmark, Dept Polit Sci, DK-5230 Odense M, Denmark; [Schumacher, Gijs; Vis, Barbara] Vrije Univ Amsterdam, Dept Polit Sci, NL-1081 HV Amsterdam, Netherlands; [van Kersbergen, Kees] Univ Aarhus, Dept Polit Sci & Govt, DK-8000 Aarhus C, Denmark",University of Southern Denmark; Vrije Universiteit Amsterdam; Aarhus University,"Schumacher, G (corresponding author), Univ So Denmark, Dept Polit Sci, Campusvej 55, DK-5230 Odense M, Denmark.",gijs@sam.sdu.dk; b.vis@vu.nl; kvk@ps.au.dk,"; Vis, Barbara/J-2747-2019","van Kersbergen, Kees/0000-0001-7607-2447; Vis, Barbara/0000-0003-2323-3862; Schumacher, Gijs/0000-0002-6503-4514",,,,,42,75,86,6,83,PALGRAVE MACMILLAN LTD,BASINGSTOKE,"BRUNEL RD BLDG, HOUNDMILLS, BASINGSTOKE RG21 6XS, HANTS, ENGLAND",1472-4790,1740-388X,,COMP EUR POLIT,Comp. Eur. Polit.,JAN,2013,11,1,,,,,1,21,,10.1057/cep.2012.5,http://dx.doi.org/10.1057/cep.2012.5,,,21,Political Science,Social Science Citation Index (SSCI),Government & Law,054QN,,,,,2026-01-06,WOS:000312358400001,View Full Record in Web of Science
J,"Bergh, A; Erlingsson, GO",,,,"Bergh, Andreas; Erlingsson, Gissur O.",,,Liberalization without Retrenchment: Understanding the Consensus on Swedish Welfare State Reforms,SCANDINAVIAN POLITICAL STUDIES,,,English,Article,,,,,,,INSTITUTIONS; POLITICS; GROWTH,"In 1980, Sweden was a highly regulated economy with several state monopolies and low levels of economic freedom. Less than twenty years later, liberal reforms turned Sweden into one of the world's most open economies with a remarkable increase in economic freedom. While there is resilience when it comes to high levels of taxes and expenditure shares of GDP, there has been a profound restructuring of Sweden's economy in the 1980s and 1990s that previous studies have under-estimated. Furthermore, the degree of political consensus is striking, both regarding the welfare state expansions that characterized Sweden up to 1980, as well as the subsequent liberalizations. Since established theories have difficulties explaining institutional change, this article seeks to understand how the Swedish style of policy making produced this surprising political consensus on liberal reforms. It highlights the importance of three complementary factors: policy making in Sweden has always been influenced by, and intimately connected to, social science; government commissions have functioned as 'early warning systems', pointing out future challenges and creating a common way to perceive problems; and, as a consequence, political consensus has evolved as a feature of Swedish style of policy making. The approach to policy making has been rationalistic, technocratic and pragmatic. The article concludes that the Swedish style of policy making not only explains the period of welfare state expansion - it is also applicable to the intense reform period of the 1980s and 1990s.","[Bergh, Andreas] Lund Univ, Dept Econ, S-22100 Lund, Sweden; [Bergh, Andreas] Ratio Inst Stockholm, Stockholm, Sweden",Lund University,"Bergh, A (corresponding author), Ratio Inst Stockholm, Stockholm, Sweden.",Andreas.bergh@ratio.se,"Erlingsson, Gissur/N-3842-2019; Bergh, Aneas/E-9962-2018","Bergh, Aneas/0000-0003-2621-6769",,,,,66,55,65,0,25,WILEY,HOBOKEN,"111 RIVER ST, HOBOKEN 07030-5774, NJ USA",0080-6757,1467-9477,,SCAND POLIT STUD,Scand. Polit. Stud.,MAR,2009,32,1,,,,,71,93,,10.1111/j.1467-9477.2008.00210.x,http://dx.doi.org/10.1111/j.1467-9477.2008.00210.x,,,23,Political Science,Social Science Citation Index (SSCI),Government & Law,394XX,,,,,2026-01-06,WOS:000262487600004,View Full Record in Web of Science
J,"Wilson, PI",,,,"Wilson, PI",,,Deficit reduction as causal story: Strategic politics and welfare state retrenchment,SOCIAL SCIENCE JOURNAL,,,English,Article; Proceedings Paper,Biennial Meeting of the Association-for-Canadian-Studies-in-the-United-States,"NOV, 1997","MINNEAPOLIS, MINNESOTA",Assoc Canadian Stud US,,,PUBLIC-ATTITUDES,"In 1993, the Government of Alberta, facing continued budget deficits and increasing public debt, announced a multibillion dollar reduction in social welfare expenditures that included large cuts to health care and education, and the elimination of thousands of public sector jobs. This article examines the Alberta government's attempts to overcome the often daunting challenge of effecting sizable reductions in social welfare expenditures. It explores how the government employed a number of political strategies in an effort to limit potential opposition to its retrenchment policies. The article argues the government was able to achieve its goals because it controlled the debate on the cause and potential consequences of deficit spending and government debt. This allowed the government to define problems and issues in terms that most suited its goal of restructuring the provincial welfare state. The conclusion notes that the Alberta experience offers an opportunity to add to the limited but growing literature on subnational social policy retrenchment.","Univ Idaho, Dept Polit Sci & Publ Affairs Res, Moscow, ID 83844 USA",University of Idaho,"Wilson, PI (corresponding author), Univ Idaho, Dept Polit Sci & Publ Affairs Res, Moscow, ID 83844 USA.",,,,,,,,37,5,5,0,9,ELSEVIER SCIENCE BV,AMSTERDAM,"PO BOX 211, 1000 AE AMSTERDAM, NETHERLANDS",0362-3319,,,SOC SCI J,Soc. Sci. J.,,2000,37,1,,,,,97,112,,10.1016/S0362-3319(99)00065-8,http://dx.doi.org/10.1016/S0362-3319(99)00065-8,,,16,"Social Sciences, Interdisciplinary",Conference Proceedings Citation Index - Social Science & Humanities (CPCI-SSH); Social Science Citation Index (SSCI),Social Sciences - Other Topics,292LC,,,,,2026-01-06,WOS:000085794700007,View Full Record in Web of Science
J,"Kühner, S",,,,"Kuehner, Stefan",,,"Do Party Governments Matter After All? Executive Ideology, Constitutional Structures and their Combined Effect on Welfare State Change",JOURNAL OF COMPARATIVE POLICY ANALYSIS,,,English,Article,,,,,,,VETO PLAYERS; GLOBALIZATION; INSTITUTIONS; DEMOCRACIES; COUNTRIES; POLITICS,"This paper presents a series of innovative, pooled time-series, cross-section (TSCS) regression models for 18 OECD countries (1971-2001) to explore the impact of executive ideology alternation and constitutional structures on welfare state change. Unlike other approaches in comparative welfare state research, the models specified in this paper focus not on the content or direction, but on the extent of change. Interaction effects between executive ideology alternation and constitutional structures are emphasized. The paper suggests that the effect of party ideology is particularly strong in political systems that concentrate power in the executive. In these systems, ideological differences from one cabinet to another lead to considerable policy change. Contrarily, systems with considerable degrees of consensus-based policy making are not only characterized by lower levels of welfare state change, but ideological differences of successive cabinets are more likely to lead to policy gridlock.","Univ York, Dept Social Policy & Social Work, York YO10 5DD, N Yorkshire, England",University of York - UK,"Kühner, S (corresponding author), Univ York, Dept Social Policy & Social Work, York YO10 5DD, N Yorkshire, England.",sk165@york.ac.uk,"Kühner, Stefan/AAU-4683-2020","Kühner, Stefan/0000-0001-6598-6526",,,,,59,9,9,0,11,"ROUTLEDGE JOURNALS, TAYLOR & FRANCIS LTD",ABINGDON,"2-4 PARK SQUARE, MILTON PARK, ABINGDON OX14 4RN, OXON, ENGLAND",1387-6988,1572-5448,,J COMP POLICY ANAL,J. Comp. Policy Anal.,,2010,12,4,,,,,395,415,,10.1080/13876988.2010.495507,http://dx.doi.org/10.1080/13876988.2010.495507,,,21,Public Administration,Social Science Citation Index (SSCI),Public Administration,818DM,,,,,2026-01-06,WOS:000294731300003,View Full Record in Web of Science
J,"Di Carlo, D; Hemerijck, A; Karremans, J",,,,"Di Carlo, Donato; Hemerijck, Anton; Karremans, Johannes",,,"The Continental Social Investment Turn: Sequencing Corrective and Transformative Welfare State Change in the Netherlands, Germany, and Italy",POLITICS & SOCIETY,,,English,Article,,,,,,welfare state; institutional complementarity; social policy; comparative politics; social investment,FAMILY POLICY REFORMS; POLITICAL-ECONOMY; PARTY COMPETITION; CHILD-CARE; DEMOCRACY; SUPPORT,"European welfare states have experienced a binary transformation characterized by recalibration of traditional social protection programs and expansion of employment-oriented social policies, favoring the emergence of dual-earner families. This article sheds a new light on the pathways leading to these transformations in continental Europe. Theoretically, we characterize continental European welfare states as a configuration of complementary and interacting labor market and social policy provisions. We conjecture that such welfare state types are prone to evolve through a sequential process of institutional change where new social policy provisions emerge to correct and enhance the effectiveness of previously implemented labor market policies in pursuit of novel policy objectives. The timing and pace of this sequence is mediated by governments' cognitive orientations and their responsiveness toward domestic societal interests. Through a qualitative comparative process analysis, we find evidence of our theorized three-pronged sequence of institutional change in the Netherlands, Germany, and Italy.","[Di Carlo, Donato] LUISS Guido Carli, Rome, Italy; [Hemerijck, Anton] European Univ Inst, Florence, Italy; [Karremans, Johannes] Univ Catholique Lille, ESPOL LAB, 60 Bvd Vauban Lille, Lille, France",Luiss Guido Carli University; European University Institute; Universite Catholique de Lille,"Karremans, J (corresponding author), Univ Catholique Lille, ESPOL LAB, 60 Bvd Vauban Lille, Lille, France.",johannes.karremans@univ-catholille.fr,"; Di Carlo, Donato/JDW-7465-2023; Karremans, Johannes/AFT-8532-2022","Karremans, Johannes/0000-0002-8770-374X; Di Carlo, Donato/0000-0002-4406-7739;",European Research Council (ERC) [882276]; European Research Council (ERC) [882276] Funding Source: European Research Council (ERC),European Research Council (ERC)(European Research Council (ERC)); European Research Council (ERC)(European Research Council (ERC)Instituto Politecnico Nacional - Mexico),"The authors disclosed receipt of the following financial support for the research, authorship, and/or publication of this article: This work has received funding from the European Research Council (ERC) under the European Union's Horizon 2020 research and innovation program (grant agreement no. 882276).",,82,3,3,4,10,SAGE PUBLICATIONS INC,THOUSAND OAKS,"2455 TELLER RD, THOUSAND OAKS, CA 91320 USA",0032-3292,1552-7514,,POLIT SOC,Polit. Soc.,MAR,2025,53,1,,,,,29,56,,10.1177/00323292241252261,http://dx.doi.org/10.1177/00323292241252261,,JUL 2024,28,Political Science; Social Issues; Sociology,Social Science Citation Index (SSCI),Government & Law; Social Issues; Sociology,Y4J9J,,hybrid,,,2026-01-06,WOS:001278261900001,View Full Record in Web of Science
J,"Kerstenetzky, CL",,,,"Kerstenetzky, Celia Lessa",,,"On the Crisis in the Welfare State: Retrenchment, Faustian Transformation, or What?",DADOS-REVISTA DE CIENCIAS SOCIAIS,,,Portuguese,Article,,,,,,welfare state; welfare state crisis; private social policies; public domain; political economy,POLITICS,"On the Crisis in the Welfare State: Retrenchment, Faustian Transformation, or What? The crisis in the welfare state has been announced for nearly four decades, prophesying its retrenchment or even its imminent demise. The article examines this position, based on an operational definition of welfare state, the meanings ascribed to its crisis, and a compilation of the available evidence, and concludes that while the scenarios of retrenchment and imminent demise can be ruled out, other perils such as the privatization of social policies appear to be more serious. The conclusions suggest that the extent to which such hazards represent a negotiation of the welfare state's soul needs to be evaluated not only in economic and financial metrics, but also through a normative framework.",,,,celiakersten@gmail.com,,,,,,,45,3,9,0,19,INST UNIV PESQUISAS RIO DE JANEIRO-IUPERJ,RIO DE JANEIRO,"RUA DA MATRIZ 82, BOTAFOGO, RIO DE JANEIRO, 22260.100, BRAZIL",0011-5258,1678-4588,,DADOS-REV CIENC SOC,Dados-Rev. Cienc. Sociais,,2012,55,2,,,,,447,485,,10.1590/S0011-52582012000200006,http://dx.doi.org/10.1590/S0011-52582012000200006,,,39,"Social Sciences, Interdisciplinary",Social Science Citation Index (SSCI),Social Sciences - Other Topics,015UY,,"Green Submitted, gold",,,2026-01-06,WOS:000309473100006,View Full Record in Web of Science
J,"Torfing, J",,,,"Torfing, J",,,Towards a Schumpeterian workfare postnational regime: path-shaping and path-dependency in Danish welfare state reform,ECONOMY AND SOCIETY,,,English,Article,,,,,,post-Fordism; welfare; workfare; social reform; path-dependency,,"The present article offers an analysis of the dialectics of path-shaping and path-dependency in relation to recent Danish reforms which appear to bring us from the Keynesian welfare national state to a Schumpeterian workfare postnational regime. It provides a brief outline of the theoretical framework for understanding the restructuration of the Danish welfare state along these lines of thought, and describes and characterizes the recent reforms in the field of economic and social policy. To explain this particular formulation, choice and implementation of the Danish restructuration strategy the article provides an heuristic account of the dialectics of path-shaping and path-depending. The conclusion reflects on possibilities for future research into the intricacies of welfare state restructuring.","Roskilde Univ, Dept Social Sci, DK-4000 Roskilde, Denmark",Roskilde University,"Torfing, J (corresponding author), Roskilde Univ, Dept Social Sci, POB 260,Bldg 23-2, DK-4000 Roskilde, Denmark.",,,,,,,,37,56,69,0,18,ROUTLEDGE,LONDON,"11 NEW FETTER LANE, LONDON EC4P 4EE, ENGLAND",0308-5147,,,ECON SOC,Econ. Soc.,AUG,1999,28,3,,,,,369,402,,10.1080/03085149900000010,http://dx.doi.org/10.1080/03085149900000010,,,34,Economics; Sociology,Social Science Citation Index (SSCI),Business & Economics; Sociology,232MD,,,,,2026-01-06,WOS:000082373800002,View Full Record in Web of Science
J,"Zylan, Y; Soule, SA",,,,"Zylan, Y; Soule, SA",,,"Ending welfare as we know it (again): Welfare state retrenchment, 1989-1995",SOCIAL FORCES,,,English,Article,,,,,,,UNITED-STATES; INSTITUTIONAL POLITICS; DIFFUSION; POLICY; MOVEMENT; GENDER; REFORM; FAMILY; RACE,"In the late 1980s and 1990s, the Aid to Families with Dependent Children fell victim to a dramatic retrenchment as states submitted waivers, or permission slips to experiment with their public assistance programs by implementing new methods of exclusion and regulation. We find that Republican states were quick to submit federal waivers to the the AFDC program,as were states with high AFDC payments. As Soule and Zylan (1997) found in their study of an earlier wave of welfare retrenchment in the U.S., states with higher minority group populations and heavier AFDC caseloads were quick to pass waivers. Following Pierson (1994, 1996), we find that states with an increasing tax revenue base and with a high proportion of Social Security recipients were quick to submit waivers, while states with a high proportion of Unemployment Insurance recipients were slow to do so. We also find evidence for the geographic diffusion of waiver submission and that states experiencing fiscal crisis were more susceptible to the diffusing of waivers. Finally, we find that states which are traditionally innovative with regard to policy decisions served as referents to other states puzzling over whether or not to submit waivers.","Univ Arizona, Dept Sociol, Tucson, AZ 85721 USA",University of Arizona,"Soule, SA (corresponding author), Univ Arizona, Dept Sociol, 400 Social Sci Bldg, Tucson, AZ 85721 USA.",soule@u.arizona.edu,,,,,,,67,60,91,0,17,OXFORD UNIV PRESS INC,CARY,"JOURNALS DEPT, 2001 EVANS RD, CARY, NC 27513 USA",0037-7732,1534-7605,,SOC FORCES,Soc. Forces,DEC,2000,79,2,,,,,623,652,,10.2307/2675511,http://dx.doi.org/10.2307/2675511,,,30,Sociology,Social Science Citation Index (SSCI),Sociology,382JP,,,,,2026-01-06,WOS:000165819400009,View Full Record in Web of Science
J,"Collington, R",,,,"Collington, Rosie",,,Disrupting the Welfare State? Digitalisation and the Retrenchment of Public Sector Capacity,NEW POLITICAL ECONOMY,,,English,Article,,,,,,Digitalisation; public sector; welfare state; retrenchment; political economy; state capacity,POLITICAL-ECONOMY; SYSTEM; POLICY; CUTS,"Welfare state bureaucracies the world over have adopted far-reaching digitalisation reforms in recent years. From the deployment of AI in service management, to the 'opening up' of administrative datasets, digitalisation initiatives have uprooted established modes of public sector organisation and administration. And, as this paper suggests, they have also fundamentally transformed the political economy of the welfare state. Through a case study of Danish reforms between 2002 and 2019, the analysis finds that public sector digitalisation has entailed the transfer of responsibility for key infrastructure to private actors. Reforms in Denmark have not only been pursued in the name of public sector improvement and efficiency. A principal objective of public sector digitalisation has rather been the growth of Denmark's nascent digital technology industries as part of the state's wider export-led growth strategy, adopted in response to functional pressures on the welfare state model. The attempt to deliver fiscal stability in this way has, paradoxically, produced retrenchment of critical assets and capabilities. The paper's findings hold important implications for states embarking on public sector digitalisation reforms, as well as possibilities for future research on how states can harness technological progress in the interests of citizens - without hollowing out in the process.","[Collington, Rosie] UCL, Inst Innovat & Publ Purpose, London, England; [Collington, Rosie] Univ Copenhagen, Dept Polit Sci, Copenhagen, Denmark",University of London; University College London; University of Copenhagen,"Collington, R (corresponding author), UCL, Inst Innovat & Publ Purpose, London, England.;Collington, R (corresponding author), Univ Copenhagen, Dept Polit Sci, Copenhagen, Denmark.",ucbqrhc@ucl.ac.uk,"Collington, Rosie/LIF-7717-2024","Collington, Rosie/0000-0002-7737-9958",,,,,106,47,59,8,75,"ROUTLEDGE JOURNALS, TAYLOR & FRANCIS LTD",ABINGDON,"2-4 PARK SQUARE, MILTON PARK, ABINGDON OX14 4RN, OXON, ENGLAND",1356-3467,1469-9923,,NEW POLIT ECON,New Polit. Econ.,MAR 4,2022,27,2,,,,,312,328,,10.1080/13563467.2021.1952559,http://dx.doi.org/10.1080/13563467.2021.1952559,,JUL 2021,17,Economics; International Relations; Political Science,Social Science Citation Index (SSCI),Business & Economics; International Relations; Government & Law,ZE1SA,,Bronze,,,2026-01-06,WOS:000673088500001,View Full Record in Web of Science
J,"Bendaoud, M",,,,"Bendaoud, Maroine",,,Does Targeting Always Mean Retrenchment? Housing Assistance Exceptionalism in Canadian Welfare State,ADMINISTRATION & SOCIETY,,,English,Article,,,,,,housing policy; targeting; retrenchment; welfare state; Canada,POLITICS; REFORM; AUSTRALIA,"According to many scholars, policy targeting is the product of conservative and/or neoliberal politics. Targeting is perceived as a reduction of social welfare or a form of exclusion, usually resulting in no winners but only losers. Based on the study of housing assistance in Canadian provinces, this article argues that alternative views are possible. I emphasize the historic low coverage of housing assistance, that I term the housing exceptionalism, which refers to the small number of households who benefit from government support. The exceptionalism sets the stage to understanding why the vulnerable citizen winners have gained over the moderate-income losers.","[Bendaoud, Maroine] Natl Collaborating Ctr Hlth Publ Policy, 90 Boul Cremazie E, Montreal, PQ H2P 1E2, Canada",,"Bendaoud, M (corresponding author), Natl Collaborating Ctr Hlth Publ Policy, 90 Boul Cremazie E, Montreal, PQ H2P 1E2, Canada.",maroineb@hotmail.com,,,Social Sciences and Humanities Research Council of Canada; Fonds de recherche du Quebec -Societe et culture,Social Sciences and Humanities Research Council of Canada(Social Sciences & Humanities Research Council of Canada (SSHRC)); Fonds de recherche du Quebec -Societe et culture,"The author(s) disclosed receipt of the following financial support for the research, authorship, and/or publication of this article: This study was supported by the Social Sciences and Humanities Research Council of Canada and Fonds de recherche du Quebec -Societe et culture.",,59,3,4,1,7,SAGE PUBLICATIONS INC,THOUSAND OAKS,"2455 TELLER RD, THOUSAND OAKS, CA 91320 USA",0095-3997,1552-3039,,ADMIN SOC,Adm. Soc.,MAR,2021,53,3,,,,,439,467,9.53997E+13,10.1177/0095399720947992,http://dx.doi.org/10.1177/0095399720947992,,AUG 2020,29,Public Administration,Social Science Citation Index (SSCI),Public Administration,QI7PD,,,,,2026-01-06,WOS:000561684400001,View Full Record in Web of Science
J,"Giger, N; Nelson, M",,,,"Giger, Nathalie; Nelson, Moira",,,"The Welfare State or the Economy? Preferences, Constituencies, and Strategies for Retrenchment",EUROPEAN SOCIOLOGICAL REVIEW,,,English,Article,,,,,,,ELECTORAL CONSEQUENCES; COUNTRIES; SUPPORT,"The assumption that voters systematically defend the welfare state is challenged by recent research showing that parties are on average not punished and sometimes even rewarded for welfare state retrenchment. We work to understand better the micro-foundations for this finding of non-punishment by exploring individuals' preferences over social policy. In particular, we distinguish general support for redistribution from views that existing levels of government spending strain the economy. As voters value economic stability in addition to equality, they are hypothesized to tolerate or support retrenchment when they feel that there are economic costs at stake. Analyzing a sample of 13 European societies with data from the European Social Survey Round 4, our results show that only welfare state supporters who do not believe that the welfare state hampers the economy punish retrenching governments. This finding helps explain the lack of more widespread electoral punishment following retrenchment, though other results also suggest that retrenchment involves a rather delicate process of juggling the preferences of diverse constituencies.","[Giger, Nathalie] Univ Zurich, Dept Polit Sci, CH-8050 Zurich, Switzerland; [Nelson, Moira] Lund Univ, Dept Polit Sci, SE-22100 Lund, Sweden",University of Zurich; Lund University,"Giger, N (corresponding author), Univ Zurich, Dept Polit Sci, Affolternstr 56, CH-8050 Zurich, Switzerland.",nathalie.giger@mzes.uni-mannheim.de; moira.nelson@svet.lu.se,,,,,,,44,57,63,1,38,OXFORD UNIV PRESS,OXFORD,"GREAT CLARENDON ST, OXFORD OX2 6DP, ENGLAND",0266-7215,1468-2672,,EUR SOCIOL REV,Eur. Sociol. Rev.,OCT,2013,29,5,,,,,1083,1094,,10.1093/esr/jcs082,http://dx.doi.org/10.1093/esr/jcs082,,,12,Sociology,Social Science Citation Index (SSCI),Sociology,236AD,,"Green Published, Bronze",,,2026-01-06,WOS:000325764700016,View Full Record in Web of Science
J,"Altermark, N; Plesner, A",,,,"Altermark, Niklas; Plesner, Asa",,,How Do Social Democrats Legitimize Cutbacks? Welfare Retrenchment to Save the Welfare State,GOVERNMENT AND OPPOSITION,,,English,Article,,,,,,social democracy; Sweden; welfare retrenchment; legitimations,DISCURSIVE INSTITUTIONALISM; POLITICS; IDEAS; TRANSFORMATION; GLOBALIZATION; DISCOURSE; DECLINE; REFORM; POLICY,"Social democratic parties have contributed to the development of welfare state retrenchment in many European countries. While numerous studies have attempted to explain this, few have focused on how parties legitimize cuts, given that they are often unpopular with social democratic voters. Examining Sweden, we argue that the Swedish Social Democratic Party has developed a legitimation model that presents welfare cuts as a way of safeguarding the welfare state. This model has been persistently used since the early 1990s and is now central to the party's rhetoric. This has implications for how we should understand the ideological development of Swedish social democracy and suggests that it may be fruitful to study how welfare cuts are justified in other empirical contexts.","[Altermark, Niklas] Lund Univ, Dept Polit Sci, Lund, Sweden; [Plesner, Asa] Stockholm Univ, Stockholm Business Sch, Stockholm, Sweden",Lund University; Stockholm University,"Altermark, N (corresponding author), Lund Univ, Dept Polit Sci, Lund, Sweden.",niklas.altermark@svet.lu.se,"; Plesner, Åsa/ADG-0715-2022","Altermark, Niklas/0000-0001-7114-1431; Plesner, Åsa/0000-0002-9673-3545",FORTE [2017-02098]; Forte [2017-02098] Funding Source: Forte,FORTE(Swedish Research Council for Health Working Life & Welfare (Forte)); Forte(Swedish Research Council for Health Working Life & Welfare (Forte)),The study was funded by FORTE (2017-02098).,,73,3,3,2,4,CAMBRIDGE UNIV PRESS,CAMBRIDGE,"EDINBURGH BLDG, SHAFTESBURY RD, CB2 8RU CAMBRIDGE, ENGLAND",0017-257X,1477-7053,,GOV OPPOS,Gov. Oppos.,JUL,2025,60,3,,,,,664,681,,10.1017/gov.2025.1,http://dx.doi.org/10.1017/gov.2025.1,,MAR 2025,18,Political Science,Social Science Citation Index (SSCI),Government & Law,6GM4P,,hybrid,,,2026-01-06,WOS:001443762400001,View Full Record in Web of Science
J,"Trampusch, C",,,,"Trampusch, Christine",,,Industrial relations as a source of solidarity in times of welfare state retrenchment,JOURNAL OF SOCIAL POLICY,,,English,Article,,,,,,,JUSTICE,"Within the literature on retrenchment policies, the 'solidarity-decline thesis' is discussed. it is argued that current welfare state restructuring leads to a decrease in the actual social cohesion of society because redistributive public benefits are cut. The article addresses this thesis by presenting empirical evidence on social security based on collective bargaining. In Denmark, France, Germany and the Netherlands, collective agreements are increasingly used to regulate and finance social benefits. These collectively negotiated benefits may compensate to a certain degree for solidarity losses caused by retrenchment policies. The article reviews concepts of solidarity used in the literature and develops a two-dimensional scheme of four different concepts. The conclusion for comparative welfare state research is twofold. First, when viewing policies of welfare state retrenchment, the research should systematically include industrial relations in its frame of reference, Second, further studies should analyse the politics as well as the outcomes of collectively negotiated benefits more systematically. Under certain conditions, which are worth specifying, collective bargaining may lead to complex public-private mixes that shift welfare states in other directions than outright market liberalisation, not only in factual but also in normative terms.","Univ Bern, Dept Polit Sci, CH-3000 Bern 9, Switzerland",University of Bern,"Trampusch, C (corresponding author), Univ Bern, Dept Polit Sci, Lerchenweg 36, CH-3000 Bern 9, Switzerland.",trampusch@ipw.unibe.ch,"Trampusch, Christine/AAD-9670-2019","Trampusch, Christine/0000-0003-1024-2065",,,,,48,40,44,0,10,CAMBRIDGE UNIV PRESS,NEW YORK,"32 AVENUE OF THE AMERICAS, NEW YORK, NY 10013-2473 USA",0047-2794,1469-7823,,J SOC POLICY,J. Soc. Policy,APR,2007,36,,2,,,,197,215,,10.1017/S0047279406000560,http://dx.doi.org/10.1017/S0047279406000560,,,19,Public Administration; Social Issues; Social Work,Social Science Citation Index (SSCI),Public Administration; Social Issues; Social Work,149MY,,Bronze,,,2026-01-06,WOS:000245152200002,View Full Record in Web of Science
J,"Otto, A; van Oorschot, W",,,,"Otto, Adeline; van Oorschot, Wim",,,Welfare reform by stealth? Cash benefit recipiency data and its additional value to the understanding of welfare state change in Europe,JOURNAL OF EUROPEAN SOCIAL POLICY,,,English,Article,,,,,,Benefit recipiency data; dependent variable problem; EU-SILC; welfare state change,SOCIAL INSURANCE; VALIDITY; POLITICS; EARNINGS,"Trends in social protection schemes have been one of the main subjects in comparative welfare state research, not least since the financial crisis and the austerity measures that many European countries implemented in its aftermath. One of the key debates in literature is about how to measure the extent of public welfare provision as an indicator of welfare state change. Many quantitative researchers have used macro-level data on programmatic social expenditure or on the generosity of benefit rights, bringing forth major theories of welfare state retrenchment, system convergence, path dependency and paradigm changes in social policies. Recently, however, micro-level data on cash benefit receipt is seen as an alternative measure of welfare state change. Instead of gauging the cost reality of spending trends or the law reality of social rights reforms, this indicator is claimed to provide insight into changes of actual welfare receipt. This article studies benefit recipiency data from the EU Statistics on Income and Living Conditions, covering 14 European countries for the period 2003 to 2013. It investigates cross-national welfare state dynamics by analysing national receipt-based benefit access rates and transfer shares and how they relate to dynamics in the prevailing indicators. Results show how much the choice of the indicator for the dependent variable affects the results of descriptive accounts of welfare state change. In addition, findings indicate what could be called welfare state reform by stealth. In several countries, levels of unemployment benefits stay significantly behind the development of median household incomes. This observation applies particularly to countries that are believed to have generous welfare systems, and it has not been revealed by research based on disaggregated social spending data or social rights data.","[Otto, Adeline; van Oorschot, Wim] Katholieke Univ Leuven, Leuven, Belgium",KU Leuven,"Otto, A (corresponding author), Katholieke Univ Leuven, Ctr Sociol Res, Parkstr 45,Box 3601, B-3000 Leuven, Belgium.",adeline.otto@kuleuven.be,"Otto, Adeline/AAO-5109-2021","Otto, Adeline/0000-0002-1595-1672",KU Leuven [OT/13/029]; European Commission [312691],KU Leuven(KU LeuvenInstituto Politecnico Nacional - Mexico); European Commission(European Union (EU)European Commission Joint Research Centre),"The authors disclosed receipt of the following financial support for the research, authorship, and/or publication of this article: The research leading to the results at hand is funded by KU Leuven (OT/13/029) and has received additional support under the European Commission's 7th Framework Programme (FP7/2013-2017, no. 312691), InGRID - Inclusive Growth Research Infrastructure Diffusion.",,69,12,15,0,12,SAGE PUBLICATIONS LTD,LONDON,"1 OLIVERS YARD, 55 CITY ROAD, LONDON EC1Y 1SP, ENGLAND",0958-9287,1461-7269,,J EUR SOC POLICY,J. Eur. Soc. Policy,JUL,2019,29,3,,,,,307,324,,10.1177/0958928718796299,http://dx.doi.org/10.1177/0958928718796299,,,18,Public Administration; Social Issues,Social Science Citation Index (SSCI),Public Administration; Social Issues,IB5QB,,Green Submitted,,,2026-01-06,WOS:000470325500001,View Full Record in Web of Science
J,"Alexopoulou, S",,,,"Alexopoulou, Sofia",,,Paradigm shift: Exploring the impact of digital technologies on the welfare state through a systematic literature review,SOCIAL POLICY & ADMINISTRATION,,,English,Article,,,,,,citizens; digital technologies; public services; SLR; welfare state,STREET-LEVEL; DISCRETION; SCIENCE,"This systematic literature review (SLR) explores the impact of digital technologies on welfare states and bureaucracies, analyzing the evolving dynamics between the state and citizens. The integration of digital technologies reshapes traditional interactions, granting citizens new levels of autonomy and responsibility. Service delivery evolves from conventional bureaucracies to dynamic, data-driven systems. Employing the PRISMA methodology, the review covers articles from 2017 to 2024, synthesizing insights from 37 selected articles. Key themes, challenges, and opportunities associated with digital transformation in the welfare state are identified. The study offers valuable insights for policymakers, scholars, and practitioners navigating the complex intersection of technology and welfare provision. It underscores the need for a balanced approach to welfare transformation, addressing both the benefits of digitalization and potential challenges such as exclusion, citizen profiling, and other ethical concerns.","[Alexopoulou, Sofia] Panteion Univ, Dept Publ Adm, Athens, Greece",Panteion University,"Alexopoulou, S (corresponding author), Panteion Univ, Dept Publ Adm, Athens, Greece.",alexopoulousofia1@gmail.com,,"Alexopoulou, Sofia/0000-0002-8391-5606",,,,,67,7,8,4,35,WILEY,HOBOKEN,"111 RIVER ST, HOBOKEN 07030-5774, NJ USA",0144-5596,1467-9515,,SOC POLICY ADMIN,Soc. Policy Adm.,JAN,2025,59,1,,,,,135,157,,10.1111/spol.13054,http://dx.doi.org/10.1111/spol.13054,,JUL 2024,23,Development Studies; Public Administration; Social Issues; Social Work,Social Science Citation Index (SSCI),Development Studies; Public Administration; Social Issues; Social Work,O2B6O,,Bronze,,,2026-01-06,WOS:001261166700001,View Full Record in Web of Science
J,"da Silva, FC; Martinez, LV",,,,"da Silva, Filipe Carreira; Martinez, Laura Valadez",,,SOPHIE'S CHOICE Social attitudes to welfare state retrenchment in bailed-out Portugal,EUROPEAN SOCIETIES,,,English,Article,,,,,,welfare attitudes; social rights; social rights consciousness; welfare regimes; dualization; Portugal,REDISTRIBUTION; POLITICS; REGIMES; SUPPORT; RIGHTS,"This article examines social attitudes towards social rights in Portugal. It utilizes original survey data from 2013 to study the distribution of welfare attitudes in a context of economic austerity and welfare retrenchment. The main argument is that there are at least two sources of preference formation regarding public social provision: one is universalistic (or needs-based), and the other is contributory. These two logics frame choices concerning the future of the welfare state in Portugal. We explore the determinants of this choice through three hypotheses: dualization between insiders and outsiders (H1), the type of welfare regime (H2) and social rights consciousness (H3). Our findings suggest that choice between universalistic and contributory models is not impervious to macro-institutional factors and labour market performance. The paper's main contribution, however, is to empirically demonstrate that this choice is significantly shaped by pre-existing understandings of social rights in Portugal, namely its politically contested character.","[da Silva, Filipe Carreira] Univ Lisbon, Inst Social Sci, P-1699 Lisbon, Portugal; [da Silva, Filipe Carreira] Univ Cambridge Selwyn Coll, Cambridge, England; [Martinez, Laura Valadez] Univ Loughborough, Ctr Res Social Policy, Loughborough, Leics, England","Institute of Social Sciences, University of Lisbon (ICS-UL); Universidade de Lisboa; University of Cambridge; Loughborough University","da Silva, FC (corresponding author), Univ Lisbon, Inst Social Sci, P-1699 Lisbon, Portugal.",fcs23@ics.ul.pt,"; Carreira da Silva, Filipe/I-1832-2019","Valadez-Martinez, Laura/0000-0001-9204-9976; Carreira da Silva, Filipe/0000-0003-2459-0802",Portuguese Foundation for Science and Technology [PTDC/CPJ-CPO/101290/2008]; Fundação para a Ciência e a Tecnologia [PTDC/CPJ-CPO/101290/2008] Funding Source: FCT,Portuguese Foundation for Science and Technology(Fundacao para a Ciencia e a Tecnologia (FCT)); Fundação para a Ciência e a Tecnologia,This paper benefited from a research grant from the Portuguese Foundation for Science and Technology [grant number PTDC/CPJ-CPO/101290/2008].,,40,2,4,0,13,"ROUTLEDGE JOURNALS, TAYLOR & FRANCIS LTD",ABINGDON,"4 PARK SQUARE, MILTON PARK, ABINGDON OX14 4RN, OXFORDSHIRE, ENGLAND",1461-6696,1469-8307,,EUR SOC,Eur. Soc.,MAY 27,2015,17,3,,,,,351,371,,10.1080/14616696.2015.1035299,http://dx.doi.org/10.1080/14616696.2015.1035299,,,21,Sociology,Social Science Citation Index (SSCI),Sociology,CP2JY,,,,,2026-01-06,WOS:000359704500005,View Full Record in Web of Science
J,"Schumacher, G",,,,"Schumacher, Gijs",,,'Marx' or the Market? Intra-party Power and Social Democratic Welfare State Retrenchment,WEST EUROPEAN POLITICS,,,English,Article,,,,,,,ELECTORAL CONSEQUENCES; POLITICS; PARTIES; REFORM; INSTITUTIONS; SCANDINAVIA; COUNTRIES; POLICIES,"Differences in the intra-party balance of power explain variation in social democratic responses to the economic crisis of the late 1970s. This article evidences this claim by analysing the case of welfare state retrenchment by social democratic parties. Welfare state retrenchment is electorally risky for social democrats and often contrary to their principles. Therefore cases of welfare state retrenchment by social democrats provide an excellent case study of the difficult trade-offs parties have to make between office, policy and vote pay-offs. The article claims that leadership-dominated parties advance office-seeking strategies and are therefore responsive to economic conditions and public opinion. Conversely, activist-dominated parties advance policy-seeking strategies and therefore support traditional social democratic policy platforms or seek more radical solutions. By comparing seven social democratic parties (Denmark, France, Germany, the Netherlands, Spain, Sweden and the UK) between 1980 and 2005, this article explains variation in when social democrats introduced welfare state retrenchment.","[Schumacher, Gijs] Univ So Denmark, Odense, Denmark; [Schumacher, Gijs] Vrije Univ Amsterdam, Amsterdam, Netherlands",University of Southern Denmark; Vrije Universiteit Amsterdam,"Schumacher, G (corresponding author), Univ So Denmark, Odense, Denmark.",gijs@sam.sdu.dk,,"Schumacher, Gijs/0000-0002-6503-4514",,,,,62,21,22,0,33,"ROUTLEDGE JOURNALS, TAYLOR & FRANCIS LTD",ABINGDON,"2-4 PARK SQUARE, MILTON PARK, ABINGDON OX14 4RN, OXON, ENGLAND",0140-2382,1743-9655,,WEST EUR POLIT,West Eur. Polit.,,2012,35,5,,,,,1024,1043,,10.1080/01402382.2012.706409,http://dx.doi.org/10.1080/01402382.2012.706409,,,20,Political Science,Social Science Citation Index (SSCI),Government & Law,994JI,,Green Submitted,,,2026-01-06,WOS:000307926300005,View Full Record in Web of Science
J,"Nakabayashi, M",,,,"Nakabayashi, Masaki",,,From family security to the welfare state: Path dependency of social security on the difference in legal origins,ECONOMIC MODELLING,,,English,Article,,,,,,Law and public finance; Welfare state capacity; Family security; Law origins; Two-sector model,LONG-TERM-CARE; ECONOMIC-GROWTH; 2-SECTOR MODEL; DEMOGRAPHIC-TRANSITION; FILIAL RESPONSIBILITY; ENDOGENOUS FERTILITY; TRADITIONAL JAPAN; LABOR-MARKETS; RISK; INSURANCE,"We provide a new framework to analyze law and public finance from the perspective of difference in legal origins. The size of the welfare system differs from country to country. The security net provided by the family and other informal institutions also varies. Our two-sector model links these phenomena. We consider two cases of security. The first considers security achieved through intra-household resource redistribution in the traditional sector. The second case considers the welfare state, which taxes the modern sector. Switching from intense family security to an extensive welfare state model enhances growth because state taxation on the modern sector harnesses the potential productivity of the entire economy. In contrast, countries with low levels of family security should transition to a small welfare state model to sustain growth. This finding explains the different trends of welfare benefits in civil law and common law countries. The different sizes of the welfare state have their origins in family law, which differently stipulates family security between civil law and common law countries.","[Nakabayashi, Masaki] Univ Tokyo, Inst Social Sci, Bunkyo Ku, Hongo 7-3-1, Tokyo 1030033, Japan",University of Tokyo,"Nakabayashi, M (corresponding author), Univ Tokyo, Inst Social Sci, Bunkyo Ku, Hongo 7-3-1, Tokyo 1030033, Japan.",mn@iss.u-tokyo.ac.jp,"Nakabayashi, Masaki/AAM-4041-2020","Nakabayashi, Masaki/0000-0003-1096-1350","JSPS [KAKENHI JP17K18558, JP18H03630]","JSPS(Ministry of Education, Culture, Sports, Science and Technology, Japan (MEXT)Japan Society for the Promotion of Science)","The author is grateful to Douglas Hanley for his insightful comments on an earlier version. He is also thankful to Minhyeon Jeong, Hirokazu Ishise, Zhiwei Xu, and other participants of the North American Summer Meeting of the Econometric Society, 2018; the 2018 China Meeting of the Econometric Society; the Osaka Workshop on Economics of Institutions and Organizations, and the Midwest Macroeconomics Meetings, Fall 2017, for their inspiring comments. The author also appreciates the helpful discussions with Shingo Ishiguro, Tetsushi Saito, Susumu Cato, Felix Reichling, and Susana Ferreira to construct the research idea. He is indebted to the editor in charge, Angus Chu, for his thoughtful suggestions to improve the presentation of the initially submitted version. Also, the comments from the two anonymous referees helped in revising the presentation. This research was funded by JSPS Grant-in-Aid KAKENHI JP17K18558 and JP18H03630.",,128,10,12,4,18,ELSEVIER,AMSTERDAM,"RADARWEG 29, 1043 NX AMSTERDAM, NETHERLANDS",0264-9993,1873-6122,,ECON MODEL,Econ. Model.,NOV,2019,82,,,,,,280,293,,10.1016/j.econmod.2019.01.011,http://dx.doi.org/10.1016/j.econmod.2019.01.011,,,14,Economics,Social Science Citation Index (SSCI),Business & Economics,JN4VN,,hybrid,,,2026-01-06,WOS:000496897200022,View Full Record in Web of Science
J,"Klitgaard, MB; Elmelund-Præstekær, C",,,,"Klitgaard, Michael Baggesen; Elmelund-Praestekaer, Christian",,,Partisan Effects on Welfare State Retrenchment: Empirical Evidence from a Measurement of Government Intentions,SOCIAL POLICY & ADMINISTRATION,,,English,Article,,,,,,Welfare state; Retrenchment; Partisan politics; Policy change; Social policy,SOCIAL-DEMOCRACY; LABOR-MARKET; POLITICS; GLOBALIZATION; NETHERLANDS; ACTIVATION; REFORM,"The effect of partisanship is disputed in the literature on welfare state retrenchment. The new politics school argues that partisan conflicts are irrelevant to the understanding of retrenchment, but the second generation of retrenchment research concludes that such conflicts are still important. We engage in this debate by introducing a new empirical approach. Our method provides a necessary but currently missing link in the second generation of retrenchment studies which theorize on the input side of welfare state reform but conduct empirical studies on the output side. Our empirical approach entails a new type of data, compiled on the basis of content analysis of adopted laws, and we analyze the intentions pursued by incumbent governments in social policy-making. Based on an empirical study, we find partisan effects in programmes protecting against social risks that are disproportionally distributed among social strata.","[Elmelund-Praestekaer, Christian] Univ So Denmark, Dept Polit Sci, DK-5230 Odense M, Denmark",University of Southern Denmark,"Elmelund-Præstekær, C (corresponding author), Univ So Denmark, Dept Polit Sci, Campusvej 55, DK-5230 Odense M, Denmark.",cel@sam.sdu.dk,,"Klitgaard, Michael Baggesen/0000-0001-6561-8774; Elmelund-Præstekær, Christian/0000-0002-5095-8917",,,,,49,12,15,1,57,WILEY,HOBOKEN,"111 RIVER ST, HOBOKEN 07030-5774, NJ USA",0144-5596,1467-9515,,SOC POLICY ADMIN,Soc. Policy Adm.,FEB,2013,47,1,,,,,50,71,,10.1111/j.1467-9515.2012.00850.x,http://dx.doi.org/10.1111/j.1467-9515.2012.00850.x,,,22,Development Studies; Public Administration; Social Issues; Social Work,Social Science Citation Index (SSCI),Development Studies; Public Administration; Social Issues; Social Work,068EG,,,,,2026-01-06,WOS:000313347300003,View Full Record in Web of Science
J,"Bandau, F; Ahrens, L",,,,"Bandau, Frank; Ahrens, Leo",,,The impact of partisanship in the era of retrenchment: Insights from quantitative welfare state research,JOURNAL OF EUROPEAN SOCIAL POLICY,,,English,Article,,,,,,Meta-study; new politics of the welfare state; old social policies; partisan effects; retrenchment; social spending; welfare generosity,LABOR-MARKET POLICIES; POLITICAL-ECONOMY; SOCIAL-DEMOCRACY; CHILD-CARE; GLOBALIZATION; PARTIES; GOVERNMENTS; EXPENDITURE; EMPLOYMENT; PERMANENT,"Does government partisanship still matter in the era of welfare retrenchment? The comprehensive quantitative research on this question offers contradicting answers. Our meta-analysis demonstrates that the results of published empirical studies depend on a number of the studies' characteristics. Focusing on studies on retrenchment-prone 'old social policies', we show that the single most important factor affecting the results on partisanship is the choice of the dependent variable. In general, studies using entitlements are four times more likely to find partisan effects than studies based on social spending. Furthermore, partisan effects are more pronounced in class-related programmes like unemployment benefits and sick pay than in lifecourse-related welfare programmes such as pensions. Finally, we show a clear decline of partisanship over time. Some recent studies, however, indicate that innovations in terms of operationalisation and measurement of the independent variable may bring new life to the debate on the persistence of partisanship.","[Bandau, Frank] Univ Bamberg, Frank Bandau, Fak Sozial, Wirtschaftswissenschaften, Feldkirchenstr 21, D-96052 Bamberg, Germany",Otto Friedrich University Bamberg,"Bandau, F (corresponding author), Univ Bamberg, Frank Bandau, Fak Sozial, Wirtschaftswissenschaften, Feldkirchenstr 21, D-96052 Bamberg, Germany.",frank.bandau@uni-bamberg.de,,"Ahrens, Leo/0000-0003-2029-9145; Bandau, Frank/0000-0002-3714-7298",,,,,62,29,34,0,22,SAGE PUBLICATIONS LTD,LONDON,"1 OLIVERS YARD, 55 CITY ROAD, LONDON EC1Y 1SP, ENGLAND",0958-9287,1461-7269,,J EUR SOC POLICY,J. Eur. Soc. Policy,FEB,2020,30,1,,,,,34,47,,10.1177/0958928719868446,http://dx.doi.org/10.1177/0958928719868446,,,14,Public Administration; Social Issues,Social Science Citation Index (SSCI),Public Administration; Social Issues,KI6SD,,Bronze,,,2026-01-06,WOS:000511479700004,View Full Record in Web of Science
J,"Schields, C",,,,"Schields, Chelsea",,,"A Science of Reform and Retrenchment: Black Kinship Studies, Decolonisation and the Dutch Welfare State",CONTEMPORARY EUROPEAN HISTORY,,,English,Article,,,,,,,,"This paper charts the emergence of social scientific studies on Black kinship from its origins in the United States and colonial Caribbean to its revivification in the decolonisation-era Netherlands. Demonstrating how racial knowledge was from its inception a tool of transnational governance, the author argues that Black kinship studies also informed the development of the Dutch welfare state in the aftermath of decolonisation. Drawing upon Dutch state - and municipal - archival sources as well as the private papers and published works of key figures in Black kinship studies, she charts how publicly-funded sociologists and anthropologists tracked Dutch citizens from Suriname and the Netherlands Antilles through the metropolitan welfare state, producing a corpus of knowledge that connected kinship and welfare reliance. Though Caribbean-born Dutch citizens opposed the racist assumptions of state-funded scholarship, research on Black kinship ultimately informed the course of Dutch welfarism from the expansion of interventionist programmes in the 1970s to retrenchment in the 1990s.","[Schields, Chelsea] Univ Calif Irvine, Hist Dept, 300B Murray Krieger Hall, Irvine, CA 92697 USA",University of California System; University of California Irvine,"Schields, C (corresponding author), Univ Calif Irvine, Hist Dept, 300B Murray Krieger Hall, Irvine, CA 92697 USA.",cschield@uci.edu,,"Schields, Chelsea/0000-0001-9602-3749","German Historical Institute in Washington, DC","German Historical Institute in Washington, DC","For their constructive feedback and generous engagement, I thank the editors and three anonymous reviewers of Contemporary European History, Wigbertson Julian Isenia and audiences at the University of Wisconsin, Madison; the German Historical Institute in Washington, DC and Berkeley, California; Universiteit Utrecht and the Royal Netherlands Institute of Southeast Asian and Caribbean Studies/KITLV. A fellowship at the German Historical Institute in Washington, DC supported the research on which this article is partially based.",,126,4,5,0,6,CAMBRIDGE UNIV PRESS,CAMBRIDGE,"EDINBURGH BLDG, SHAFTESBURY RD, CB2 8RU CAMBRIDGE, ENGLAND",0960-7773,1469-2171,,CONTEMP EUR HIST,Contemp. Eur. Hist.,FEB,2024,33,1,,,,,4,22,PII S0960777323000024,10.1017/S0960777323000024,http://dx.doi.org/10.1017/S0960777323000024,,MAR 2023,19,History,Social Science Citation Index (SSCI); Arts & Humanities Citation Index (A&HCI),History,GD9S3,,hybrid,,,2026-01-06,WOS:000943269000001,View Full Record in Web of Science
J,"Korpi, W",,,,"Korpi, W",,,Contentious institutions - An augmented rational-action analysis of the origins and path dependency of welfare state institutions in Western countries,RATIONALITY AND SOCIETY,,,English,Article,,,,,,institutional change; new institutionalism; power; rationality; welfare states,,"Welfare states in Western countries have shared similar goals, yet the choice of institutions to approach these shared goals has generated protracted power struggles among major interest groups and great cross-country variation in institutional structures. Relating recent debates on new institutionalism to earlier debates on power, this paper outlines an augmented rational-action approach to the explanation of the origins of welfare state institutions and of variations in their degree of path dependence. With a differentiated concept of power costs and the degree of power asymmetry among actors as a central variable, this augmented approach partly combines some salient characteristics of the rational-choice, historical, and sociological versions of new institutionalism. The augmented rational-action approach proves fruitful in understanding conflicts characterizing the emergence and change of major social insurance institutions in 18 rich Western countries since the late 19th century and up to the present. It complements rational-choice institutionalism focused on voluntary cooperation, contracts and conventions.","Stockholm Univ, Swedish Inst Social Res, S-10691 Stockholm, Sweden",Stockholm University,"Korpi, W (corresponding author), Stockholm Univ, Swedish Inst Social Res, S-10691 Stockholm, Sweden.",Walter.Korpi@sofi.su.se,,,,,,,88,72,87,1,25,SAGE PUBLICATIONS LTD,LONDON,"1 OLIVERS YARD, 55 CITY ROAD, LONDON EC1Y 1SP, ENGLAND",1043-4631,1461-7358,,RATION SOC,Ration. Soc.,MAY,2001,13,2,,,,,235,283,,10.1177/104346301013002005,http://dx.doi.org/10.1177/104346301013002005,,,49,Sociology,Social Science Citation Index (SSCI),Sociology,436YX,,,,,2026-01-06,WOS:000168964400005,View Full Record in Web of Science
J,"Grootegoed, E; Van Dijk, D",,,,"Grootegoed, Ellen; Van Dijk, Diana",,,The Return of the Family? Welfare State Retrenchment and Client Autonomy in Long-Term Care,JOURNAL OF SOCIAL POLICY,,,English,Article,,,,,,,INDEPENDENCE; CITIZENSHIP; GOVERNANCE; PAID; NEED,"European welfare states are cutting back their responsibilities for long-term care, emphasising 'self-reliance' and replacing care as an entitlement of citizenship with targeted services. But we do not know how former long-term care recipients cope with retrenchment and if they are able to negotiate support from their family and friends. Through an analysis of 500 telephone interviews and thirty face-to-face interviews with long-term care recipients facing reduced care rights in the Netherlands, we found that disabled and elderly persons resist increased dependence on their personal networks. Most clients who face reduced access to public long-term care do not seek alternative help despite their perceived need for it, and feel trapped between the policy definition of self-reliance and their own ideals of autonomy.","[Grootegoed, Ellen] Univ Amsterdam, Amsterdam Inst Social Sci Res, NL-1012 CX Amsterdam, Netherlands; [Van Dijk, Diana] Ctr Social Policy Studies, Rotterdam, Netherlands",University of Amsterdam,"Grootegoed, E (corresponding author), Univ Amsterdam, Amsterdam Inst Social Sci Res, Kloveniersburgwal 48, NL-1012 CX Amsterdam, Netherlands.",e.m.grootegoed@uva.nl; danavandijk@gmail.com,"van Dijk, Diana/AAV-5069-2021",,,,,,45,42,46,0,41,CAMBRIDGE UNIV PRESS,NEW YORK,"32 AVENUE OF THE AMERICAS, NEW YORK, NY 10013-2473 USA",0047-2794,1469-7823,,J SOC POLICY,J. Soc. Policy,OCT,2012,41,,4,,,,677,694,,10.1017/S0047279412000311,http://dx.doi.org/10.1017/S0047279412000311,,,18,Public Administration; Social Issues; Social Work,Social Science Citation Index (SSCI),Public Administration; Social Issues; Social Work,048EU,,"Green Submitted, Green Published",,,2026-01-06,WOS:000311893900002,View Full Record in Web of Science
J,"Leibfried, S; Obinger, H",,,,"Leibfried, S; Obinger, H",,,The state of the welfare state: German social policy between macroeconomic retrenchment and microeconomic recalibration,WEST EUROPEAN POLITICS,,,English,Article,,,,,,,,"Germany's welfare state has been exposed to severe challenges since the mid-1970s. This article takes stock of the state of German social policy. It sketches the development and patterns of social expenditure since the 1980s and provides an overview of the social policy reforms enacted by the Kohl and Schroder governments. No comprehensive short or medium term recalibration of the German welfare state has taken place that is likely to overcome its structural problems; but the various reforms may, in the long run, bring about a substantial policy shift. In the social policy reforms carried out over the last two decades, there was both retrenchment and expansion. Overall, however, benefit provision has become fully dependent on the state of the budget, rather than being led by demand.","Univ Bremen, Ctr Social Policy Res, Bremen, Germany",University of Bremen,"Leibfried, S (corresponding author), Univ Bremen, Ctr Social Policy Res, Bremen, Germany.",stlf@zes.uni-bremen.de; hobinger@zes.uni-bremen.de,,,,,,,42,21,25,1,8,"ROUTLEDGE JOURNALS, TAYLOR & FRANCIS LTD",ABINGDON,"2-4 PARK SQUARE, MILTON PARK, ABINGDON OX14 4RN, OXON, ENGLAND",0140-2382,1743-9655,,WEST EUR POLIT,West Eur. Polit.,OCT,2003,26,4,,,,,199,+,,10.1080/01402380312331280748,http://dx.doi.org/10.1080/01402380312331280748,,,21,Political Science,Social Science Citation Index (SSCI),Government & Law,745UE,,,,,2026-01-06,WOS:000186706500009,View Full Record in Web of Science
J,"van Kersbergen, K; Vis, B; Hemerijck, A",,,,"van Kersbergen, Kees; Vis, Barbara; Hemerijck, Anton",,,The Great Recession and Welfare State Reform: Is Retrenchment Really the Only Game Left in Town?,SOCIAL POLICY & ADMINISTRATION,,,English,Article,,,,,,Welfare state reform; Triple crisis; Retrenchment; Cost containment; Social investment; Comparative analysis,CRISIS; GERMANY; POLICY; NETHERLANDS; POLITICS; UK,"By 2010, when the Greek sovereign debt crisis changed into an existential crisis of the euro, all developed democracies entered a phase in which they had to consolidate their budgets, typically implying a politics of austerity. The scholarly literature, as well as the popular press, suggests that - consequently - welfare retrenchment and cost containment became the only games left in town. In this article, we study the welfare state reform measures taken between 2010 and 2012 in four countries characteristic of mature welfare state regimes (liberal, UK; conservative, Germany; social democratic, Denmark; and hybrid, the Netherlands) to examine empirically whether austerity has indeed become the only item left on the policy menu. Our analysis reveals that retrenchment features prominently on the agenda everywhere, but nowhere by itself. While compensation for income loss is rare since 2010, this still happens. More unexpectedly, reforms in line with a social investment agenda (like expansion of child care or active labour market policies) are still being pursued in all our four cases.","[van Kersbergen, Kees] Aarhus Univ, Dept Polit Sci & Govt, Aarhus, Denmark; [Vis, Barbara; Hemerijck, Anton] Vrije Univ Amsterdam, Dept Polit Sci & Publ Adm, Amsterdam, Netherlands",Aarhus University; Vrije Universiteit Amsterdam,"van Kersbergen, K (corresponding author), Aarhus Univ, Dept Polit Sci & Govt, Aarhus, Denmark.",kvk@ps.au.dk; b.vis@vu.nl; a.c.hemerijck@vu.nl,"; Vis, Barbara/J-2747-2019","van Kersbergen, Kees/0000-0001-7607-2447; Vis, Barbara/0000-0003-2323-3862",,,,,56,91,111,1,49,WILEY,HOBOKEN,"111 RIVER ST, HOBOKEN 07030-5774, NJ USA",0144-5596,1467-9515,,SOC POLICY ADMIN,Soc. Policy Adm.,DEC,2014,48,7,,,,,883,904,,10.1111/spol.12063,http://dx.doi.org/10.1111/spol.12063,,,22,Development Studies; Public Administration; Social Issues; Social Work,Social Science Citation Index (SSCI),Development Studies; Public Administration; Social Issues; Social Work,AU4JD,,Bronze,,,2026-01-06,WOS:000345575900009,View Full Record in Web of Science
J,"Iversen, T; Cusack, TR",,,,"Iversen, T; Cusack, TR",,,The causes of welfare state expansion - Deindustrialization or globalization?,WORLD POLITICS,,,English,Article; Proceedings Paper,Annual Conference of the American-Political-Science-Association,"AUG 30-SEP 06, 1998","BOSTON, MA",Amer Polit Sci Assoc,,,,"An influential line of argument holds that globalization causes economic uncertainty and spurs popular demands for compensatory welfare state spending. This article argues that the relationship between globalization and welfare state expansion is spurious and that the engine of welfare state expansion since the 1960s has been deindustrialization. Based on cross-sectional-time-series data for fifteen OECD countries, the authors show that there is no relationship between globalization and the level of labor-market risks (in terms of employment and wages), whereas the uncertainty and dislocations caused by deindustrialization have spurred electoral demands for welfare state compensation and risk sharing. Yet, while differential rates of deindustrialization explain differences in the overall size of the welfare stale, its particular character-in terms of the share of direct government provision and the equality of transfer payments-is shaped by government partisanship. The argument has implications for the study and the future of the welfare state that are very different from those suggested in the globalization literature.","Harvard Univ, Cambridge, MA 02138 USA",Harvard University,"Iversen, T (corresponding author), Harvard Univ, Cambridge, MA 02138 USA.",,"Iversen, Torben/B-3108-2008",,,,,,76,380,472,3,129,CAMBRIDGE UNIV PRESS,NEW YORK,"32 AVENUE OF THE AMERICAS, NEW YORK, NY 10013-2473 USA",0043-8871,,,WORLD POLIT,World Polit.,APR,2000,52,3,,,,,313,+,,10.1017/S0043887100016567,http://dx.doi.org/10.1017/S0043887100016567,,,38,International Relations; Political Science,Social Science Citation Index (SSCI); Conference Proceedings Citation Index - Social Science & Humanities (CPCI-SSH),International Relations; Government & Law,328LH,,,,,2026-01-06,WOS:000087852000002,View Full Record in Web of Science
J,"Inglot, T",,,,"Inglot, Tomasz",,,Path-dependency versus Reform in Pensions and Family Policy Re-examined: Dual Trajectories of the Polish Welfare State since the 1990s,SOCIAL POLICY & ADMINISTRATION,,,English,Article,,,,,,,SOCIAL-POLICY; CHILD-CARE; POLAND; POLITICS; HUNGARY; CRISIS; PRIVATIZATION,"Many studies of the welfare state in Poland underestimate continuity in pension policy and overlook evidence of change in family policy. I argue that each of these policies evolves historically along dual trajectories. One trajectory represents a set of constantly reproduced and politically reinforced norms and structures, and the other exemplifies cyclical, emergency adjustments and innovations, enabling incremental and cumulative change that may potentially produce path-departure. Even though the paradigms which guide the two policy areas originate in the same period of the golden age of the European welfare state, pensions, which more closely resemble the overall development of Polish social policy as a whole, are likely to remain path-dependent more consistently into the future, whereas family policy exhibits clear signs of change, indicating a gradual but significant break with the past.","[Inglot, Tomasz] Minnesota State Univ, Dept Govt, Mankato, MN 56001 USA",Minnesota State Colleges & Universities; Minnesota State University Mankato,"Inglot, T (corresponding author), Minnesota State Univ, Dept Govt, Mankato, MN 56001 USA.",tinglot@mnsu.edu,,,Minnesota State University (Department of Government and the Faculty Research Grant),Minnesota State University (Department of Government and the Faculty Research Grant),"I would like to thank the editors of this special edition, Daniel Beland and Martin Powell, and the two anonymous reviewers for their helpful comments and suggestions. My special thanks also go to Minnesota State University (Department of Government and the Faculty Research Grant) for their generous support of my research. I would also like to thank my graduate assistant, Kouliga Koala, for his assistance with this project.",,45,9,10,0,17,WILEY,HOBOKEN,"111 RIVER ST, HOBOKEN 07030-5774, NJ USA",0144-5596,1467-9515,,SOC POLICY ADMIN,Soc. Policy Adm.,MAR,2016,50,2,,,SI,,241,261,,10.1111/spol.12213,http://dx.doi.org/10.1111/spol.12213,,,21,Development Studies; Public Administration; Social Issues; Social Work,Social Science Citation Index (SSCI),Development Studies; Public Administration; Social Issues; Social Work,DF0ZV,,,,,2026-01-06,WOS:000371069100007,View Full Record in Web of Science
J,"Marx, P; Schumacher, G",,,,"Marx, Paul; Schumacher, Gijs",,,The effect of economic change and elite framing on support for welfare state retrenchment: A survey experiment,JOURNAL OF EUROPEAN SOCIAL POLICY,,,English,Article,,,,,,Economic crisis; elite framing; partisanship; preferences; welfare state,POLICY; PREFERENCES; POLITICS; REFORM; REDISTRIBUTION; NETHERLANDS; STRATEGIES; COUNTRIES; GERMANY; PARADOX,"How do economic downturns affect citizens' support for welfare state retrenchment? Existing observational studies fail to isolate the effect of economic conditions and the effect of elite framing of these conditions. We therefore designed a survey experiment to evaluate how economic change in conjunction with different elite frames impact citizens' support for welfare state retrenchment. We hypothesise and demonstrate that the effects of these frames differ by income group and partisanship. Our survey experiment - carried out in the United Kingdom - demonstrates that poor economic prospects generally motivate support for unemployment benefits vis-a-vis deficit reduction. Emphasis on inequality does not change this picture. Emphasis on government debt and deficits increases support for retrenchment compared with objective information. We find support for the hypothesis that partisans are less responsive to the economy than independents. However, income differences are a surprisingly weak moderator of our treatments. We derive two main conclusions: first, elite frames significantly influence the effect of economic change on welfare state preferences. Second, party identification is crucial to understand individual differences in welfare state preferences and should receive more attention in future research.","[Marx, Paul] Univ So Denmark, Campusvej 55, DK-5230 Odense, Denmark; [Schumacher, Gijs] Univ Amsterdam, NL-1012 WX Amsterdam, Netherlands",University of Southern Denmark; University of Amsterdam,"Marx, P (corresponding author), Univ So Denmark, Campusvej 55, DK-5230 Odense, Denmark.",marx@sam.sdu.dk,,"Schumacher, Gijs/0000-0002-6503-4514; Marx, Paul/0000-0003-4310-9228",Danish Council for Independent Research; Carlsberg Foundation [2012_01_0494]; Reforming Welfare State Institutions Programme,Danish Council for Independent Research(Det Frie Forskningsrad (DFF)); Carlsberg Foundation(Carlsberg Foundation); Reforming Welfare State Institutions Programme,"This work was supported by the Danish Council for Independent Research [G.S.], the Carlsberg Foundation [2012_01_0494 P.M.] and the Reforming Welfare State Institutions Programme [G.S. and P.M.].",,33,20,21,0,26,SAGE PUBLICATIONS LTD,LONDON,"1 OLIVERS YARD, 55 CITY ROAD, LONDON EC1Y 1SP, ENGLAND",0958-9287,1461-7269,,J EUR SOC POLICY,J. Eur. Soc. Policy,FEB,2016,26,1,,,,,20,31,,10.1177/0958928715621711,http://dx.doi.org/10.1177/0958928715621711,,,12,Public Administration; Social Issues,Social Science Citation Index (SSCI),Public Administration; Social Issues,DD6ZQ,,"Green Submitted, Green Published",,,2026-01-06,WOS:000370073700002,View Full Record in Web of Science
