Key,Item Type,Publication Year,Author,Title,Publication Title,ISBN,ISSN,DOI,Url,abstract,Date,Date Added,Date Modified,Access Date,Pages,Num Pages,Issue,Volume,Number Of Volumes,Journal Abbreviation,Short Title,Series,Series Number,Series Text,Series Title,Publisher,Place,Language,Rights,Type,Archive,Archive Location,Library Catalog,Call Number,Extra,Notes,File Attachments,Link Attachments,Manual Tags,Automatic Tags,Editor,Series Editor,Translator,Contributor,Attorney Agent,Book Author,Cast Member,Commenter,Composer,Cosponsor,Counsel,Interviewer,Producer,Recipient,Reviewed Author,Scriptwriter,Words By,Guest,Number,Edition,Running Time,Scale,Medium,Artwork Size,Filing Date,Application Number,Assignee,Issuing Authority,Country,Meeting Name,Conference Name,Court,References,Reporter,Legal Status,Priority Numbers,Programming Language,Version,System,Code,Code Number,Section,Session,Committee,History,Legislative Body
CYZYFUJY,journalArticle,2025,"Yeung, D.C.F.; Li, Y.W.V.; Ho, K.K.L.; Cheung, T.Y.P.",The Developmental Social Policy Standstill: Cash Payout Schemes Amid the Covid-19 Pandemic in Four East Asian Economies,Asian Politics and Policy,,,10.1111/aspp.70040,https://www.scopus.com/inward/record.uri?eid=2-s2.0-105018594947&doi=10.1111%2Faspp.70040&partnerID=40&md5=ea51e9127a67cdac9f8cb6243395a44f,"In response to the Covid-19 pandemic, the governments of Hong Kong, Taiwan, Japan, and South Korea implemented direct cash disbursements to citizens in 2020 and 2021. This paper assesses whether these near-simultaneous universal cash payout schemes presage a broader transformation in the welfare paradigm of these East Asian economies, traditionally viewed as minimal-welfare developmental states. Our analysis finds that economic stimulus, rather than social protection, was the primary objective in all four cases, even amid the public health crisis. This reflects a strong continuity with the policy responses adopted following the 2007/8 Global Financial Crisis. The underlying “productivist” welfare regimes remained largely unchanged and firmly rooted in the developmentalist, pro-growth paradigm that has shaped these economies for decades. Accordingly, the adoption of universal cash payouts is best understood as a pragmatic policy adjustment to evolving political-economic conditions, rather than evidence of a paradigmatic shift in welfare governance. © 2025 The Author(s). Asian Politics & Policy published by Wiley Periodicals LLC on behalf of Policy Studies Organization.",2025,12/29/2025 21:39,12/29/2025 21:39,,,,4,17,,,,,,,,,,English,,,Scopus,,,,,,,,cash payout; Covid-19; developmental welfare model; East Asia; social policy,,,,,,,,,,,,,,,,,,,,,,,,,,,,,,,,,,,,,,,,,,,,,,,
SFWNQYRZ,journalArticle,2025,"Saxonberg, S.; Sirovátka, T.; Csudai, E.",Populists dealing with experts and policy legacies: Social policies in Czechia and Slovakia during the Covid-19 pandemic,International Journal of Social Welfare,,,10.1111/ijsw.70034,https://www.scopus.com/inward/record.uri?eid=2-s2.0-105013667161&doi=10.1111%2Fijsw.70034&partnerID=40&md5=97e19422d91e9b52b43b43cb19f513e3,"The Covid-19 pandemic presented an unusually complex challenge, particularly in the areas of social and health policy. A comparative analysis of policymaking during this emergency situation can help us better understand the factors influencing social policy development. Czechia and Slovakia make for a good comparison in determining what factors influenced social policy and health policy during the COVID pandemic. Since they previously formed the same country, they have many things in common, thus making for a classic “most similar case” design. Yet, the two countries have some interesting differences. In their healthcare policies, Slovakia was generally stricter than Czechia, and imposed harsher rules. However, when it comes to social benefits, Czechia was generally more generous than Slovakia. How can we explain these differences? We will base our argument on expert interviews with policymakers, as well as an analysis of the political discourse and the party-electoral dynamics. We argue that the interaction of the following factors was important: policy legacies, electoral cycles and the political constellations of each country. After discussing our theory and methodology, we review the actual policies and results; then we analyse the reasons for the differences between the countries. © 2025 The Author(s). International Journal of Social Welfare published by Akademikerförbundet SSR (ASSR) and John Wiley & Sons Ltd.",2025,12/29/2025 21:39,12/29/2025 21:39,,,,4,34,,,,,,,,,,English,,,Scopus,,,,,,,,COVID-19; Czechia; electoral cycles; policy legacies; political constellations; Slovakia,,,,,,,,,,,,,,,,,,,,,,,,,,,,,,,,,,,,,,,,,,,,,,,
5UBRCL6C,journalArticle,2025,"Daly, M.; Ryu, S.",Child-related Social Policies in Europe during the COVID-19 Pandemic,Journal of Social Policy,,,10.1017/S0047279423000351,https://www.scopus.com/inward/record.uri?eid=2-s2.0-85169933471&doi=10.1017%2FS0047279423000351&partnerID=40&md5=206b4ae3e3be1126708066ba466aeaca,"Looking at core features of child and family related spending and policy design, and covering five domains of policy, the paper offers new empirical evidence and an original perspective for better understanding how EU countries and the UK responded to the needs of children and families during the pandemic and how to classify responses in terms of child-centredness. The paper is driven by a concept of child-centredness to examine developments from March to December 2020 in five policy fields: income support, food assistance, early childcare and education services, school opening and support for parental care-giving. The analysis shows strong variation across countries in terms of how active they were and what fields they were active in. One very striking commonality, though, is that the most popular field of policy action was in resourcing parental care of children at home, through paid leaves usually. A related finding is that there was little prioritising of children for most kinds of actions. Thirdly, in terms of national patterning those countries that were generous spenders on this field of policy prior to the pandemic were most child-centred in their response and there are few if any exceptions to this. © The Author(s), 2023.",2025,12/29/2025 21:39,12/29/2025 21:39,,894-911,,3,54,,,,,,,,,,English,,,Scopus,,,,,,,,children; covid-19; ECEC; family policy; food support; parenting provisions; COVID-19; social policy; European Union; United Kingdom; wage; child care; education; food aid; parental care,,,,,,,,,,,,,,,,,,,,,,,,,,,,,,,,,,,,,,,,,,,,,,,
BKE4Q2LU,journalArticle,2025,"Kennett, P.; Yi, J.Y.; Hong, M.","Cities, Local Social Policy, and Critical Human Security in Times of Turbulence: Seoul and London Compared",Social Policy and Society,,,10.1017/S1474746425000284,https://www.scopus.com/inward/record.uri?eid=2-s2.0-105007200535&doi=10.1017%2FS1474746425000284&partnerID=40&md5=c90591331a51850450be5339ca7d21aa,"Focusing on the metropolitan cities of Seoul, Korea and London, England, this paper seeks to provide a better understanding of the role of cities and local social policy in addressing responses to and impacts of the pandemic, as well as in governing a place-based approach to pandemic recovery, human security, and inclusive and sustainable growth. It draws on a critical human security perspective and the application of a multi-scalar governance and territorial matrix for local social policy and social infrastructure to highlight the complex and multisectoral social and public policy challenges facing both Seoul and London in the aftermath of the pandemic as well as the overlapping, intersectional, and multi-layered insecurities, how they have evolved and strategies to address them. The study draws on secondary data sources, workshops, and qualitative interviews with key city stakeholders in both cities conducted between February 2022 and July 2023. © The Author(s), 2025. Published by Cambridge University Press.",2025,12/29/2025 21:39,12/29/2025 21:39,,515-534,,3,24,,,,,,,,,,English,,,Scopus,,,,,,,,critical human security; global cities; local social policy; Seoul and London; social infrastructure,,,,,,,,,,,,,,,,,,,,,,,,,,,,,,,,,,,,,,,,,,,,,,,
KHAKNAEA,journalArticle,2025,"Cruz-Martínez, G.; Hernández-Moreno, J.",Dualization and Social Policies: A Conceptual and Analytical Framework,Politics and Policy,,,10.1111/polp.70039,https://www.scopus.com/inward/record.uri?eid=2-s2.0-105005999426&doi=10.1111%2Fpolp.70039&partnerID=40&md5=757aa5d395f28956aff3112bbf69c40e,"This thematic review offers a conceptual and analytical framework to assess, identify, and explain the processes of dualization in labor markets and social protection systems in 21st-century welfare states. After a brief historical examination of the concept's origins, we review the primary definitions, theories, and typologies developed to explore and measure dualization, connecting the fields of social policy and political economy. Our systematic review reveals that dualization varies significantly across welfare regimes. Following an institutionalist approach, we identify four key institutional factors that shape the differential impact and scope of dualization: trade unions' strategies, governmental partisanship, coalitions of interests, and the growing influence of international organizations, particularly the EU. Our findings demonstrate that these factors interact through complex direct and indirect mechanisms, mediated by electoral considerations, power resources, institutional constraints, and political opportunities. The review acknowledges the complexities and ambiguities surrounding the notion of dualization. We highlight the importance of institutional and policy responses at national and international levels to address dualization processes, particularly in light of recent crises like the COVID-19 pandemic. © 2025 The Author(s). Politics & Policy published by Wiley Periodicals LLC on behalf of Policy Studies Organization.",2025,12/29/2025 21:39,12/29/2025 21:39,,,,3,53,,,,,,,,,,English,,,Scopus,,,,,,,,welfare state; dualization; labor markets; social protection systems,,,,,,,,,,,,,,,,,,,,,,,,,,,,,,,,,,,,,,,,,,,,,,,
IZA2C53F,journalArticle,2025,"Vargas Faulbaum, L.; Velasco, J.J.; Cruz-Martínez, G.",Beyond Emergency Measures: Assessing Preexisting Social Policy and Labor Program Expansion in Latin America During COVID-19,Latin American Policy,,,10.1111/lamp.70015,https://www.scopus.com/inward/record.uri?eid=2-s2.0-105004673328&doi=10.1111%2Flamp.70015&partnerID=40&md5=56095391805996d57374bf1cdcf289ef,"This study examines the effects of the Covid-19 pandemic on preexisting cash transfers and labor programs across Latin America, analyzing their temporal expansion and identifying the determinants of changes in their generosity and coverage, with a particular focus on the inclusion of informal workers. The research employed two main analytical approaches, (1) inferential statistics (t-tests) to examine program expansion and its temporality across 17 Latin American countries, and (2) pooled time-series cross-section regression analysis with panel-corrected standard errors to investigate determinants of program transformations. The study focuses on two types of social assistance programs—conditional cash transfers and labor and productive inclusion programs. Data was collected for the period 2019–2022 period. Results show the region experienced an expansion in preexisting cash transfer programs, in addition to the previously documented growth in emergency cash transfer programs. No significant expansion was observed in labor and productive inclusion programs. Policy legacies emerged as the primary determinant for social policy transformations. While conditional cash transfer programs expanded, labor programs remained largely unchanged. The findings underscore the critical role of policy legacies in shaping the evolution of social assistance programs during the pandemic, particularly in their expansion to include informal workers. © 2025 The Author(s). Latin American Policy published by Wiley Periodicals LLC on behalf of Policy Studies Organisation.",2025,12/29/2025 21:39,12/29/2025 21:39,,,,2,16,,,,,,,,,,English,,,Scopus,,,,,,,,social policy; CCTs; Covid-19 pandemic; informal workers; productive inclusion,,,,,,,,,,,,,,,,,,,,,,,,,,,,,,,,,,,,,,,,,,,,,,,
S9XM5P6E,journalArticle,2025,"Weil, J.; Rooks, R.N.; Leonard, E.E.; Evans, E.",Older Adults and Gentrification: The Positive Role of Social Policy,Canadian Journal on Aging,,,10.1017/S0714980824000333,https://www.scopus.com/inward/record.uri?eid=2-s2.0-85209891522&doi=10.1017%2FS0714980824000333&partnerID=40&md5=ef951e4319d2876de6e04bc168133eca,"Supportive public policies are suggested as ways to lessen gentrification's impact for older adults. While explicit policies designed to help older adults with gentrification are rare, literature on age-friendly cities is a close proxy. We utilized three North American cases undergoing gentrification: New York City, NY, and Denver, CO, in the United States and Hamilton, in Ontario, Canada, to present existing neighbourhood-based policies as social determinants of health in housing, resource access, healthcare, transportation, and communal places. Age-friendly policy application gap examples and COVID-19's impact were included. Using a qualitative comparative case study method, we found policies were not specifically designed to address older adults' gentrification needs. With the call for age-friendly designations, the role of gentrification in neighbourhoods with older populations must be included. We call for gentrification-specific policies for older adults to provide greater safeguards especially when events such as COVID-19 compete for existing, over-stretched resources. © 2024 Canadian Association on Gerontology.",2025,12/29/2025 21:39,12/29/2025 21:39,,126-136,,1,44,,,,,,,,,,English,,,Scopus,,,,,,,,"public policy; COVID-19; social policy; SARS-CoV-2; human; housing; Humans; Public Policy; social determinants of health; Social Determinants of Health; epidemiology; coronavirus disease 2019; Severe acute respiratory syndrome coronavirus 2; aged; Aged; Aged, 80 and over; gentrification; health care access; Health Services Accessibility; neighborhood characteristic; Neighborhood Characteristics; neighbourhoods; New York; New York City; older adults; Ontario; qualitative research; Qualitative Research; Residential Segregation; social segregation; social vulnerability; very elderly",,,,,,,,,,,,,,,,,,,,,,,,,,,,,,,,,,,,,,,,,,,,,,,
E5UY2JM4,journalArticle,2025,"Fitzpatrick, C.; Chapman, A.; Harding, S.",Social policy in a political vacuum: Women's experiences of hunger during the Cost-of-Living Crisis in Northern Ireland,Social Policy and Administration,,,10.1111/spol.13063,https://www.scopus.com/inward/record.uri?eid=2-s2.0-85198711465&doi=10.1111%2Fspol.13063&partnerID=40&md5=01496731e9446f4376420f8c168c2bd3,"Between 2022 and 2024, there was no devolved government functioning in Northern Ireland. This protracted absence of government occurred in the aftermath of the Covid-19 pandemic and during what is arguably the worst economic crisis of recent years. Women are more vulnerable to hardship during economic crisis and thus it is unsurprising that the Cost-of-Living Crisis is hitting women hardest. This paper examines increasing food insecurity for women in Northern Ireland and the implications for the realisation of their human right to an adequate standard of living. The UK Government has ratified the International Covenant on Economic, Social and Cultural Rights, which provides a legal duty to ensure that everyone has adequate access to food. However, increasing numbers of food banks and ill health related to insufficient food intake indicates that there is a fundamental problem. This article draws on 20 focus groups with 250 women on a low-income to explore their experiences of the Cost-of-Living Crisis in Northern Ireland. The research found that women routinely skipped meals; described feelings of shame and guilt associated with struggling to feed their children; and discussed difficulties associated with purchasing food. Much of the pain associated with the hunger experienced by these women and children is hidden within the private sphere of the home. This article intends to shine a light on women's experiences and will reflect on the necessary policy change required to ensure compliance with international human rights obligations. © 2024 The Author(s). Social Policy & Administration published by John Wiley & Sons Ltd.",2025,12/29/2025 21:39,12/29/2025 21:39,,221-236,,2,59,,,,,,,,,,English,,,Scopus,,,,,,,,social policy; low income population; human rights; United Kingdom; Northern Ireland; food insecurity; food security; cost-of-living; food aid; food provisioning; hunger; living standard; maternal care; women,,,,,,,,,,,,,,,,,,,,,,,,,,,,,,,,,,,,,,,,,,,,,,,
E8NZEUL8,journalArticle,2025,"Berten, J.; Grabo, K.; Kaasch, A.; Martens, K.; Meier, S.; Moore, M.; Panaro, A.V.","Global social policy ideas in the COVID-19 crisis: Ideational change and continuity in the ILO, the OECD, the WHO, and the World Bank",Journal of International and Comparative Social Policy,,,10.1017/ics.2025.17,https://www.scopus.com/inward/record.uri?eid=2-s2.0-105003534982&doi=10.1017%2Fics.2025.17&partnerID=40&md5=9905948aa922591e40b0501a48d4007e,"Global crises constitute challenges for social policy. While social policy is predominantly a national concern, international organisations (IOs) contribute frames of reference for state decisions. In this article, we explore whether the COVID-19 pandemic led to changes in IOs' social policy ideas and recommendations in health care, labour market, and social protection policies due to how IOs perceived the crisis' specific nature, severity, and global scope. We focus on four IOs regarded as key actors in global social policy, namely the ILO, OECD, WHO, and the World Bank. Theoretically, we employ a framework of ideational policy change combining different levels (recommendations - including parameters and instruments - and paradigmatic ideas) with different types of change (layering, conversion, dismantlement, and displacement). We find that IOs have not fundamentally reimagined their pre-pandemic stances during the pandemic. The IOs' perceptions of the crisis do not undermine IOs' ideas and recommendations but highlight their appropriateness. © 2025 The Author(s).",2025,12/29/2025 21:39,12/29/2025 21:39,,15-Jan,,1,41,,,,,,,,,,English,,,Scopus,,,,,,,,COVID-19; social policy; change; crisis; ideas; international organisations,,,,,,,,,,,,,,,,,,,,,,,,,,,,,,,,,,,,,,,,,,,,,,,
4M9G97ZL,journalArticle,2025,"Amoah, J.O.",Social Policy and Coping with Precarity During COVID-19: Experiences of Hotel Employees in the Cape Metropolis of Ghana,Journal of Progressive Human Services,,,10.1080/10428232.2025.2561732,https://www.scopus.com/inward/record.uri?eid=2-s2.0-105016882614&doi=10.1080%2F10428232.2025.2561732&partnerID=40&md5=f38397c13d1ffff4359bbb7d6ae50783,"While precarious employment is not novel, COVID-19 has exposed the weakness of existing social policy structures to shield people from crises. This paper describes precarity and limitations of social policy in the hotel sector in Ghana. Using interpretative phenomenology, I draw on in-depth interviews with 17 hotel wage workers to reveal the experiences of precarity in the hotel working environment. Findings illustrate workers experienced reduced earnings, anxiety about job security, limited social protection and control over work schedules. I also document the workers’ responses to precarious working conditions, which show varied coping strategies. I noted that the workers drew from their savings, cut down expenditure on non-food items and relied on support from family and friends. I explain the social policy implications by highlighting how transformative social policy instruments can be adopted to reduce precarity in the labor market. This article calls for a scale-up effort on social policy reforms. © 2025 Taylor & Francis Group, LLC.",2025,12/29/2025 21:39,12/29/2025 21:39,,155-176,,2,36,,,,,,,,,,English,,,Scopus,,,,,,,,COVID-19; gender; hospitality; precarity; Social policy,,,,,,,,,,,,,,,,,,,,,,,,,,,,,,,,,,,,,,,,,,,,,,,
TUIWB256,journalArticle,2025,"Nurhadi, N.; Yuda, T.K.; Kafaa, K.A.; Pratiyudha, P.P.",Changing welfare solidarity: social policy and solidarity ventures during COVID-19 outbreak in Indonesia,Journal of Asian Public Policy,,,10.1080/17516234.2023.2236397,https://www.scopus.com/inward/record.uri?eid=2-s2.0-105001975020&doi=10.1080%2F17516234.2023.2236397&partnerID=40&md5=9499f73f973a37b9628254ac0a8e665d,"This study aims to draw the solidarity patterns of welfare providers, i.e. state and non-state responders to COVID-19, and how their acts of solidarity reacted to the crisis and its impacts. These data are based upon secondary literature and semi-structured interviews with relevant stakeholders associated with each particular case. We suggest that interactional patterns of solidarity between institutionalized type and informal solidarity have changed twice during the crisis. First, a shortage of public resources in the early phases of the crisis encouraged informal solidarity to play a significant role, even conditioned, in providing social services to citizens. The relentless spread of COVID-19 has also resulted in the interactional patterns of both solidarities shifting in a more contingent manner, resulting in a collaborative partnership between state and non-state actors. The evolving phenomenon of changing welfare solidarity practices has been largely disregarded in the midst of a rapidly expanding literature that scrutinizes the transformation of social policy in the Global South during the crisis, while also highlighting the emergence of fragmented solidarity within the country. © 2023 Informa UK Limited, trading as Taylor & Francis Group.",2025,12/29/2025 21:39,12/29/2025 21:39,,163-183,,1,18,,,,,,,,,,English,,,Scopus,,,,,,,,COVID-19; social policy; informal solidarity; institutionalized solidarity; solidarity ventures,,,,,,,,,,,,,,,,,,,,,,,,,,,,,,,,,,,,,,,,,,,,,,,
J26UCUHE,journalArticle,2024,"Caleiras, J.; Carmo, R.M.",The politics of social policies in Portugal: Different responses in times of crises,Social Policy and Administration,,,10.1111/spol.13008,https://www.scopus.com/inward/record.uri?eid=2-s2.0-85185494876&doi=10.1111%2Fspol.13008&partnerID=40&md5=8d7f9426f0417a46e9fb751fdd83569c,"Portugal has been confronted with a succession of crises in recent years. This article explores the differences in the way that, in Portugal, the welfare regime tackled the Great Recession context (financial, euro, sovereign debt, structural adjustment crises) and COVID-19 crisis through very different policy responses. The fact that the governments in office acted differently when faced with realities that were close in time but very distinct, generates a paired comparative scenario, without forgetting the interim period. Supported by a plural methodological approach that gathers information from various sources, the outcomes reveal important aspects about the policy direction of changes and in terms of socio-economic indicators. First, policy responses have followed three dynamics in tension: Retrenchment, Mitigation, and Expansion. Second, the policies make a difference, producing distinct outcomes in terms of socioeconomic indicators (unemployment, inequality, poverty). Third, the responses to crises induced more “radical” measures (towards Retrenchment or Expansion), which are not consistent with interim situations. Finally, while the austeritarian response was part of the government in office's program, this was not the case during the pandemic, when the response was involuntary and unprogrammed. This means that, in being a provisional and dated response, there is a high risk that in the near future there will be a resumption of Mitigation or even Retrenchment policies. © 2024 The Authors. Social Policy & Administration published by John Wiley & Sons Ltd.",2024,12/29/2025 21:39,12/29/2025 21:39,,1042-1058,,7,58,,,,,,,,,,English,,,Scopus,,,,,,,,vulnerability; mitigation; employment; social policy; welfare provision; governance approach; state role; Portugal; welfare regimes; crisis management; policy approach; crises; employment measures; political geography; poverty alleviation; vulnerabilities,,,,,,,,,,,,,,,,,,,,,,,,,,,,,,,,,,,,,,,,,,,,,,,
ASFB4KAH,journalArticle,2024,"Lee, S.-H.; Nunn, A.","Social policy support for families in South Korea during and after the pandemic of COVID-19, from a comparative perspective",Journal of International and Comparative Social Policy,,,10.1017/ics.2025.10053,https://www.scopus.com/inward/record.uri?eid=2-s2.0-105011394391&doi=10.1017%2Fics.2025.10053&partnerID=40&md5=ac3819c2a77d7df6b042dd977ecdb5a8,"The pandemic of Covid-19 exposed critical gaps in social policy and underscored the foundational role of families and households in both societal and economic stability. This introductory chapter to a Special Issue explores the interdependence between formal economic participation and unpaid domestic labour-collectively referred to as 'social reproduction'. Drawing on feminist political economy, the chapter addresses how gendered and undervalued reproductive labour is essential to economic growth and the realisation of international commitments such as the Sustainable Development Goals, particularly gender equality and inclusive growth. This Special Issue uses South Korea as a comparative case study due to its unique economic trajectory, rapid demographic ageing, stark gender inequalities, and limited social protection systems. The country's long working hours, low fertility rate, and pronounced wage and care burdens on women illustrate how inadequate social reproduction support can threaten broader social and economic sustainability. The pandemic further intensified these issues, disrupting institutional supports and deepening inequalities. This Special Issue collectively examines how policies across different contexts either alleviate or exacerbate the tensions between productive and reproductive labour, using South Korea as a focal point for comparison. This comparative analysis highlights the need for structural reforms and cultural change to support effective social reproduction policies, emphasising that gender-equal leave, accessible childcare, and shared caregiving responsibilities are crucial for work-family balance and social well-being. South Korea's experience illustrates both progress and ongoing challenges, offering valuable lessons on the limitations of market-driven approaches and the importance of resilient, state-supported family policies. © The Author(s), 2025.",2024,12/29/2025 21:39,12/29/2025 21:39,,237-245,,3,40,,,,,,,,,,English,,,Scopus,,,,,,,,East Asia; social policy; welfare state; labour market; care policies; migrant workers,,,,,,,,,,,,,,,,,,,,,,,,,,,,,,,,,,,,,,,,,,,,,,,
SL5SHZXB,journalArticle,2024,"Im, B.-N.; Kim, H.","A comparative study on childcare-related social policy support during the COVID-19 pandemic: Focusing on South Korea, France, and the UK",Journal of International and Comparative Social Policy,,,10.1017/ics.2025.10056,https://www.scopus.com/inward/record.uri?eid=2-s2.0-105009438209&doi=10.1017%2Fics.2025.10056&partnerID=40&md5=9e8bd3150ba2a4e642d951083341d69f,"The COVID-19 pandemic caused widespread disruption to early childhood education and care services worldwide, affecting children's well-being and placing unprecedented caregiving burdens on families. This paper compares the childcare-related social policy responses in three countries representing distinct welfare regimes: South Korea (Productivist/East Asian), France (Conservative-Corporatist), and the UK (Liberal). Focusing on four key domains-ECEC services, family leave, work environment, and financial support-it examines how each country addressed childcare challenges during the pandemic. The findings show that, while some similarities emerged in responding to shared challenges, the policy responses diverged considerably. These differences were shaped not only by pandemic-specific health strategies but also by pre-existing welfare structures and childcare systems. France utilised its strong public infrastructure and introduced special childcare leave; Korea expanded temporary family leave and financial aid while relying heavily on informal care; and the UK prioritised employment protection with limited direct caregiving support. The study underscores the importance of institutional flexibility and multi-layered care systems in building crisis-resilient childcare policies. © The Author(s), 2025.",2024,12/29/2025 21:39,12/29/2025 21:39,,380-391,,3,40,,,,,,,,,,English,,,Scopus,,,,,,,,France; South Korea; UK; childcare-related policies; COVID-19 response,,,,,,,,,,,,,,,,,,,,,,,,,,,,,,,,,,,,,,,,,,,,,,,
XZBY76DS,journalArticle,2024,"Carradore, M.",A Bibliometric Analysis on the Topic of Social Policy,Social Sciences,,,10.3390/socsci13100524,https://www.scopus.com/inward/record.uri?eid=2-s2.0-85207276154&doi=10.3390%2Fsocsci13100524&partnerID=40&md5=44b2e813716208114ad9c5abfa5e2c43,"Social policy relates to a variety of social phenomena. Over recent decades, it has attracted the interest of scholars from a variety of academic disciplines as well as that of national and international organizations. This study applied the bibliometric approach to identify and analyse articles present in the Web of Science database, published in the English language, containing the term social policy in the title, abstract, or author keywords. Bibliometric networks and analyses were conducted using bibliometrix and VOSviewer software. The results show that the publication trend of articles on social policy varied over time and in association with social phenomena; for instance, an increase in publications occurred in the wake of the 2008 financial crisis. COVID-19, environmental issues, migration, and austerity were the main social policy topics being addressed in more recent investigations. This paper advances our knowledge about the research trends on the topic of social policy. This analysis included all articles published until the end of 2023 and can thus be considered to be up to date at the time of publication. It highlights the latest topics social policy has become interested in and the range of research disciplines it is associated with. © 2024 by the author.",2024,12/29/2025 21:39,12/29/2025 21:39,,,,10,13,,,,,,,,,,English,,,Scopus,,,,,,,,social policy; social policies; bibliometric analysis; bibliometrix; VOSviewer; web of science database,,,,,,,,,,,,,,,,,,,,,,,,,,,,,,,,,,,,,,,,,,,,,,,
9DH7R3KQ,journalArticle,2024,"Demirgüç-Kunt, A.; Lokshin, M.; Torre, I.",Protect incomes or protect jobs? The role of social policies in post-pandemic recovery,World Development,,,10.1016/j.worlddev.2024.106672,https://www.scopus.com/inward/record.uri?eid=2-s2.0-85195700607&doi=10.1016%2Fj.worlddev.2024.106672&partnerID=40&md5=ac0078f34f9ea1611c0cf590328f2535,"This paper examines the effectiveness of income protection and job protection policies for the post-pandemic economic recovery of the second half of 2020 through 2021. The paper is based on a new dataset of the budgets of social protection programs implemented as a part of the pandemic stimulus package in 154 countries. The empirical analysis shows that the effect of the social protection response is heterogeneous. In the short run, higher expenditure on job protection measures is associated with more robust GDP growth, increased employment, and decreased inactivity and poverty rates compared to the expansion of income protection programs. Both policies had a significant economic impact only in countries with weaker pre-pandemic social insurance systems. In countries with broader coverage of the social insurance system, the income and job protection programs appear to have a limited impact on post-pandemic recovery. Because the structural economic changes induced by the pandemic are expected to fully materialize in several years, more research is needed to understand the longer-term effects of job protection and income protection policies on labor markets and economic recovery. © 2024",2024,12/29/2025 21:39,12/29/2025 21:39,,,,,182,,,,,,,,,,English,,,Scopus,,,,,,,,social policy; labor market; labor policy; Labor market policies; unemployment; insurance system; policy approach; Unemployment insurance; income distribution; Cash transfers; Job retention; Pandemic; Social protection,,,,,,,,,,,,,,,,,,,,,,,,,,,,,,,,,,,,,,,,,,,,,,,
GFR2VAQN,journalArticle,2024,"Besbris, M.; Dempsey, S.; McCabe, B.; Rosen, E.","Pandemic Housing: The Role of Landlords, Social Networks, and Social Policy in Mitigating Housing Insecurity During the COVID-19 Pandemic",RSF,,,10.7758/RSF.2024.10.4.10,https://www.scopus.com/inward/record.uri?eid=2-s2.0-85202478991&doi=10.7758%2FRSF.2024.10.4.10&partnerID=40&md5=f492bce7847d8d2d572f95e249bb42d9,"This article uses a subsample of low-income American Voices Project respondents who rent their homes to examine how households coped with housing insecurity at the onset of the COVID-19 pandemic. First, some renters reported more housing stability because of the expansion of existing programs. However, access to and distribution of these resources was uneven. Second, renters continued to rely on social ties to secure housing but the interpersonal and financial issues that often arise with such arrangements remained during the pandemic. Third, the pandemic provided some renters with reason to request and receive flexibility in payment plans on existing leases, though landlord largess was far from universal. Our findings reveal the limitations of temporary policy responses that are administered in uneven ways, require eligible individuals to seek out and enroll in novel benefit programs, and do not intervene directly in markets to increase supply or control prices. © 2024 Russell Sage Foundation. Besbris, Max, Sadie Dempsey, Brian McCabe, and Eva Rosen.",2024,12/29/2025 21:39,12/29/2025 21:39,,207-224,,4,10,,,,,,,,,,English,,,Scopus,,,,,,,,COVID-19; American Voices Project; housing insecurity; housing market; qualitative data analysis; social safety net,,,,,,,,,,,,,,,,,,,,,,,,,,,,,,,,,,,,,,,,,,,,,,,
KDSN369Q,journalArticle,2024,"Colombo, F.; Ray, A.","Trust in action: Cooperation, information, and social policy preferences",Political Psychology,,,10.1111/pops.12944,https://www.scopus.com/inward/record.uri?eid=2-s2.0-85181894504&doi=10.1111%2Fpops.12944&partnerID=40&md5=2fa3aa7b3b6b20adbdf5512b0db2ecbd,"What happens to peoples' social-policy preferences when their expectations concerning collective behavior are met, or even exceeded? And what conversely occurs when these expectations are unmet, and trust is thereby breached? Drawing on the first Italian COVID-19 lockdown as a massive exercise in collective action, this study tests how information on lockdown-compliance rates causally affects the social-policy preferences of Italian voters, conditional on their pretreatment levels of trust. Examining social-policy preferences across multiple dimensions, we find that trust is most closely linked to attitudes towards transfer generosity, as opposed to preferences on policy universalism and conditionality. Results highlight that neutral, fact-based information on cooperation levels can affect social-policy preferences—and that the direction of attitude change depends on whether one's trust has been met or breached. © 2024 International Society of Political Psychology.",2024,12/29/2025 21:39,12/29/2025 21:39,,709-726,,4,45,,,,,,,,,,English,,,Scopus,,,,,,,,COVID-19; Italy; redistributive attitudes; trust; welfare policy,,,,,,,,,,,,,,,,,,,,,,,,,,,,,,,,,,,,,,,,,,,,,,,
84QSWNCV,journalArticle,2024,"Pandolfi, A.F.; Soto, O.P.; Spolander, G.; Garcia, M.L.T.",The importance of social policy and economic context for social work: a Latin American dialogue,Critical and Radical Social Work,,,10.1332/204986023X16773346038026,https://www.scopus.com/inward/record.uri?eid=2-s2.0-85218764622&doi=10.1332%2F204986023X16773346038026&partnerID=40&md5=d491727b790d7acc9d43c63eeec42149,"This article delineates the importance of critical social work understanding and engagement in social policy analysis and practice. Using a Marxist lens, we initially explore the context of globalisation and its challenges, and locate the contradictions inherent in capitalism for social policy, especially in a Latin American context. Our analysis considers the current capitalist and COVID-19 crisis, before reviewing the withdrawal of social policy in the reproduction of the workforce. We use Brazil as an example because, along with other Latin American countries, it has never witnessed the consolidation of government-supported, universal and comprehensive social policies to meet the needs of the entire population. We conclude that we continue to face a clash between capital and labour, which sets most global workers, especially those of underdeveloped countries, in a precarious, if not life-threatening, situation, and we highlight the importance for social work to engage critically with social policy. © Policy Press 2024.",2024,12/29/2025 21:39,12/29/2025 21:39,,282-293,,3,12,,,,,,,,,,English,,,Scopus,,,,,,,,COVID-19 pandemic; social policy; social work; economic crisis; globalisation,,,,,,,,,,,,,,,,,,,,,,,,,,,,,,,,,,,,,,,,,,,,,,,
WFC5ETAS,journalArticle,2024,"Hay, C.",‘Asset-based welfare’: The social policy corollary of the Anglo-liberal growth model?,British Journal of Politics and International Relations,,,10.1177/13691481231218666,https://www.scopus.com/inward/record.uri?eid=2-s2.0-85181200785&doi=10.1177%2F13691481231218666&partnerID=40&md5=96191768bea84edddc52149cffc5c1a6,"In the wake of the deepest and longest recession that the United Kingdom has experienced since the 1930s, the consequences of Brexit and now COVID too, this article examines the origins, sustenance and puncturing of the growth dynamic it enjoyed since the early 1990s. It identifies what is termed the ‘Anglo-liberal growth model’ and its social policy corollary, ‘asset-based welfare’, considering the symbiotic yet increasingly tense and dynamic interdependence of the two. It argues that although both are compromised by the compound shocks of the crisis, Brexit and COVID, they have in fact become more not less intertwined and interdependent in these more troubled times. It considers the implications for the long-term sustainability of this fractious coupling and the wider consequences for UK economic performance and social welfare in the years ahead. © The Author(s) 2023.",2024,12/29/2025 21:39,12/29/2025 21:39,,299-324,,2,26,,,,,,,,,,English,,,Scopus,,,,,,,,COVID-19; social policy; welfare retrenchment; United Kingdom; Anglo-liberal growth model; asset-based welfare; assetisation; austerity; Brexit; COVID; economic activity; sustainability,,,,,,,,,,,,,,,,,,,,,,,,,,,,,,,,,,,,,,,,,,,,,,,
R3RKA2FF,journalArticle,2024,"Chipenda, C.",A Transformative Social Policy Perspective on Land and Agrarian Reform in Zimbabwe,Africa Spectrum,,,10.1177/00020397241234024,https://www.scopus.com/inward/record.uri?eid=2-s2.0-85189037301&doi=10.1177%2F00020397241234024&partnerID=40&md5=5c3730b9667aa3914df11498fc37fba6,"Land and agrarian reform in former settler colonies is an overlooked aspect of social policy, especially in the African context. This is, however, changing with the recognition that it is a policy instrument with functional equivalents to other conventional forms of social policy. Since the cataclysmic COVID-19 pandemic exposed the shortcomings of conventional social policy approaches, a renewed interest in land and agrarian reforms has emerged. Increasingly there has been a call for the decolonisation of social policy in Africa and for transformative social policy (TSP) initiatives, which privilege local needs and policy perspectives. With scholarship crystallising around possibilities of post-pandemic social policy transformation, this article explores lessons that can be learned from Zimbabwe's agrarian welfare regime in dealing with the challenges of rural poverty and inequality. Using empirical evidence gathered from the Goromonzi and Zvimba districts in Zimbabwe and the analytical lenses of the TSP framework, this article argues that land reform beneficiaries in an agrarian welfare regime have better opportunities for the enhancement of their welfare and wellbeing, as well as their productive and reproductive capacities. Arguably, the pandemic highlighted that access to land enhances the resilience of land reform beneficiaries and surrounding communities. Land access can be utilised to overcome rural poverty and inequality, which makes it critical for inclusive and sustainable growth. © The Author(s) 2024.",2024,12/29/2025 21:39,12/29/2025 21:39,,89-118,,1,59,,,Land- und Agrarreform in Simbabwe aus transformativer sozialpolitischer Perspektive,,,,,,,English,,,Scopus,,,,,,,,inequality; social policy; land reform; postpandemic; rural poverty; Zimbabwe,,,,,,,,,,,,,,,,,,,,,,,,,,,,,,,,,,,,,,,,,,,,,,,
V7JA8LMB,journalArticle,2024,"Berkowitz, S.A.; Drake, C.; Byhoff, E.",Food Insecurity and Social Policy: A Comparative Analysis of Welfare State Regimes in 19 Countries,International Journal of Social Determinants of Health and Health Services,,,10.1177/27551938231219200,https://www.scopus.com/inward/record.uri?eid=2-s2.0-85179689020&doi=10.1177%2F27551938231219200&partnerID=40&md5=0a7ce907d64713a28d275c221d7e299a,"We sought to determine whether a country's social policy configuration—its welfare state regime—is associated with food insecurity risk. We conducted a cross-sectional study of 2017 U.N. Food and Agriculture Organization individual-level food insecurity survey data from 19 countries (the most recent data available prior to COVID-19). Countries were categorized into three welfare state regimes: liberal (e.g., the United States), corporatist (e.g., Germany), or social democratic (e.g., Norway). Food insecurity probability, calibrated to an international reference standard, was calculated using a Rasch model. We used linear regression to compare food insecurity probability across regime types, adjusting for per-capita gross domestic product, age, gender, education, and household composition. There were 19,008 participants. The mean food insecurity probability was 0.067 (SD: 0.217). In adjusted analyses and compared with liberal regimes, food insecurity probability was lower in corporatist (risk difference: −0.039, 95% CI −0.066 to −0.011, p =.006) and social democratic regimes (risk difference: −0.037, 95% CI −0.062 to −0.012, p =.004). Social policy configuration is strongly associated with food insecurity risk. Social policy changes may help lower food insecurity risk in countries with high risk. © The Author(s) 2023.",2024,12/29/2025 21:39,12/29/2025 21:39,,76-86,,2,54,,,,,,,,,,English,,,Scopus,,,,,,,,public policy; Germany; social policy; welfare state; Norway; comparative study; human; economics; Humans; Public Policy; Cross-Sectional Studies; cross-sectional study; questionnaire; Surveys and Questionnaires; United States; epidemiology; food insecurity; Food Insecurity; food safety; food security; international comparisons; population health; probability; social gradients; socioeconomic factors; socioeconomic indicator,,,,,,,,,,,,,,,,,,,,,,,,,,,,,,,,,,,,,,,,,,,,,,,
VXL6SEFN,journalArticle,2024,"Peltoniemi, J.; Ketonen, E.-L.; Hiilamo, H.",The de-ideologization of welfare politics: Political governments' social policy measures in eight welfare states during the COVID-19 pandemic,Journal of International and Comparative Social Policy,,,10.1017/ics.2024.10,https://www.scopus.com/inward/record.uri?eid=2-s2.0-85211744933&doi=10.1017%2Fics.2024.10&partnerID=40&md5=114789922df3a486403035014f700dcc,"During the global COVID-19 pandemic, many countries have expanded the level and coverage of current social insurance and social assistance programs as well as implemented new programs. Based on three separate datasets, V-Dem V-Party dataset; fourteen structured expert interviews; and a dataset of 114 social security measures, we study the link between the welfare regime, pandemic-related social policy measures, and incumbents' ideological stand. Does the pandemic-related social policy measures mirror the political attitudes of the incumbents? What role did the welfare regime play? We scrutinise eight OECD countries (Denmark, Finland, Germany, Netherlands, Norway, Sweden, UK, and the US) representing three different welfare regimes: corporatist-conservative countries, liberal countries, and socio-democratic countries. The key findings of this article show that the pandemic-related social policy measures did not mirror the political attitudes of the incumbents. © The Author(s), 2024. Published by Cambridge University Press on behalf of Social Policy Association.",2024,12/29/2025 21:39,12/29/2025 21:39,,24-41,,1,40,,,,,,,,,,English,,,Scopus,,,,,,,,COVID-19 pandemic; political ideology; incumbents; social policy measures; solidarity,,,,,,,,,,,,,,,,,,,,,,,,,,,,,,,,,,,,,,,,,,,,,,,
S7UXY7AY,journalArticle,2024,"Saxonberg, S.; Sirovátka, T.; Csudai, E.","Crisis? What crisis? Social policy when crises are and are not crises in Czechia, Hungary and Slovakia",Social Policy and Administration,,,10.1111/spol.13004,https://www.scopus.com/inward/record.uri?eid=2-s2.0-85183935391&doi=10.1111%2Fspol.13004&partnerID=40&md5=63deb939370a4bef667722175bd592a8,"In this article, we analyse how different governments have dealt with situations, labelled as ‘crises’ in the international and national discourses. More specifically, we analyse how the Czech, Hungarian and Slovak governments framed and dealt with their social policies during the 2008 ‘financial crisis’, the 2015 ‘refugee crisis’, and the 2020 ‘Covid crisis’. We argue that sometimes governments and the mass media frame the situation as a crisis, when objectively it would be hard to argue empirically that there really was a crisis. At other times, according to objective criteria, there is ample evidence that there is indeed a crisis, but the government tries to deny it for political reasons. Despite differences in objective conditions and differences in political constellations, none of the policymakers in the three countries took advantage of the windows of opportunity that the alleged crises presented to carry out path-changing social policy? changes. Instead, the changes we rather small and usually only temporary; thus, showing the importance of path dependency even during crisis situations. © 2024 The Authors. Social Policy & Administration published by John Wiley & Sons Ltd.",2024,12/29/2025 21:39,12/29/2025 21:39,,228-247,,2,58,,,,,,,,,,English,,,Scopus,,,,,,,,social policy; Slovakia; crisis; government; Central Europe; Czech Republic; crisis management; Hungary; mass media; path dependency; window of opportunity,,,,,,,,,,,,,,,,,,,,,,,,,,,,,,,,,,,,,,,,,,,,,,,
4VB993J7,journalArticle,2024,"Béland, D.; Cantillon, B.; Greve, B.; Hick, R.; Moreira, A.",Understanding the Inflation and Social Policy Nexus,Social Policy and Society,,,10.1017/S1474746423000349,https://www.scopus.com/inward/record.uri?eid=2-s2.0-85176099232&doi=10.1017%2FS1474746423000349&partnerID=40&md5=d9b9e33016d19efb73dddbb7e9a58eea,"The cost-of-living crisis that began in the aftermath of the COVID-19 crisis and the attempted Russian invasion of Ukraine has major implications for social policy. In advanced industrial countries, this is the most dramatic cost-of-living crisis since the mid-late 1970s and early 1980s. In this contribution, we explore the inflation and social policy nexus to identify the nature and sources of inflation, its redistributive and policy implications, and the specific nature of the current cost-of-living crisis compared to two other recent crises: The 2008 financial crisis and the COVID-19 pandemic. Focusing on advanced industrial countries and drawing on the available scholarship about these topics, we offer the background necessary to understand the challenges facing welfare states in times of dramatically high inflation. As a way to provide broad context to the present themed section, our discussion stresses the economic, social, and political dynamics shaping social policy adaptation to inflationary pressures. © The Author(s), 2023. Published by Cambridge University Press.",2024,12/29/2025 21:39,12/29/2025 21:39,,149-162,,1,23,,,,,,,,,,English,,,Scopus,,,,,,,,COVID-19; social policy; crisis; welfare state; cost-of-living; inflation,,,,,,,,,,,,,,,,,,,,,,,,,,,,,,,,,,,,,,,,,,,,,,,
5CT78NPE,journalArticle,2024,"Moreira, A.; Roumpakis, A.; Coda Moscarola, F.; Cantó, O.",Social Policy Responses to Rising Inflation in Southern Europe,Social Policy and Society,,,10.1017/S147474642400006X,https://www.scopus.com/inward/record.uri?eid=2-s2.0-85187314745&doi=10.1017%2FS147474642400006X&partnerID=40&md5=455bd60604c5b684373632cac67d5dd0,"As they were just coming out of the COVID-19 pandemic, Southern European nations were confronted with a new shock to their economies-this time in the form of a steep rise in prices. This article describes and typifies the social policy responses and measures adopted in Greece, Italy, Portugal and Spain in response to rising inflation. We find that Southern European (SE) governments have put forward a substantive fiscal response-which compares well with that of its neighbours, and even with the previous crisis. The thrust of the response was targeted at limiting the pass-Through of international energy prices to consumers. This was complemented, albeit to a lesser degree, with direct support to families. Nevertheless, we do find important differences concerning the weight given to (traditional) welfare transfers, and the role given to indexation mechanisms and wage increases. We also find important continuities with the model of crisis-response adopted during the pandemic. © The Author(s), 2024. Published by Cambridge University Press.",2024,12/29/2025 21:39,12/29/2025 21:39,,224-239,,1,23,,,,,,,,,,English,,,Scopus,,,,,,,,social policy; welfare state; Inflation; southern Europe; cost-of-living,,,,,,,,,,,,,,,,,,,,,,,,,,,,,,,,,,,,,,,,,,,,,,,
SB8PBILF,journalArticle,2024,"Dettano, A.; Cena, R.",The implementation of social policies in a pandemic context: an analysis of anger,Social Work and Society,,,,https://www.scopus.com/inward/record.uri?eid=2-s2.0-85212311820&partnerID=40&md5=89f533d74101b0ed7fbf6814e07640d2,"The pandemic context put into operation social policies that sought to accompany the difficulties in earning an income. Against this background, social policies acquired a visible centrality in state agendas, dedicated to dealing with the health emergency caused by COVID-19. In the Argentine case, a policy called Emergency Family Income (EFI) was implemented, consisting of a cash transfer intended to mitigate the loss of income generated by Social, Preventive, and Compulsory Isolation (SPCI). The EFI’s management, implementation, access, and collection method underwent a digitalisation process, enabling access through official and nonofficial channels. Among nonofficial channels there are Facebook Groups, where the beneficiaries of social policies exchange information, doubts, and advice. Its application and actual access encountered several obstacles and engendered different emotions. As part of a virtual ethnography in a Facebook group, this paper develops -from the social studies of emotions-, how anger unfolds in the collection of a social policy. The analysis of emotions in state interventions allows us to reformulate the study of the implementation processes. The main findings are 1) anger appears as a product of the mismatch between expectation and experience in the face of irregular operations in its implementation; 2) anger presents a binding and supportive character that is shared in the search for empathy and is reinforced by sharing it; 3) it is driven by the evaluations of deserving/not deserving subsidies 4) politicians and different leaders are regarded as legitimate recipients. The conclusions highlight the central place that anger holds in the implementation of social policies. Studying anger allows us to shed light on the obstacles and the practices involved in state interventions and thus improve the implementation processes of social policies based on the experiences of the recipient population. It also makes it possible to identify some guidelines for improving government interventions, such as help with digitalisation processes; provide clear and uniform information; comply with regular payments; assist recipients; and promote government transparency. © (2024), (University of Duisburg). All rights reserved.",2024,12/29/2025 21:39,12/29/2025 21:39,,16-Jan,,1,22,,,,,,,,,,English,,,Scopus,,,,,,,,Pandemic; Anger; Emotions; Social Networks; Social Policies,,,,,,,,,,,,,,,,,,,,,,,,,,,,,,,,,,,,,,,,,,,,,,,
PAAHBAD6,journalArticle,2024,"Wailerdsak, N.; Suehiro, A.",Impacts of external shocks and domestic change on Thailand’s economy and social policies,Journal of Contemporary East Asia Studies,,,10.1080/24761028.2024.2434299,https://www.scopus.com/inward/record.uri?eid=2-s2.0-85210738177&doi=10.1080%2F24761028.2024.2434299&partnerID=40&md5=2023cb28996975f4bd8558f86dbad24a,"This article examines the impacts on Thailand’s economy and social policies of external shocks, especially the 1997 Asian financial crisis (AFC), Global Financial Crisis (GFC), and coronavirus disease 2019 (COVID-19) pandemic, in addition to domestic political and societal movements. It points out that in Thailand as well as some Asian countries, there are three threats exposed by the COVID-19 pandemic, including the globalization of the world economy, the growth of international migrant workers, and the tertiarization of the economy. Crisis-induced economic downturns leave many unemployed and lower living standards. Governments intervene to mitigate social and political risks and retain public support. This greatly improved social policy. This study will examine the social security system, focusing on worker protection during crises, such as unemployment insurance, universal health coverage, and employment-related legislation. Normal circumstances would make progress on these concerns difficult, especially in developing nations like Thailand where worker collective bargaining power is severely curtailed. The paper concludes that both external shocks and domestic change accelerated the social policy shifts and their challenge in a more egalitarian society of a latecomer industrialized nation. © 2024 The Author(s). Published by Informa UK Limited, trading as Taylor & Francis Group.",2024,12/29/2025 21:39,12/29/2025 21:39,,240-261,,1,13,,,,,,,,,,English,,,Scopus,,,,,,,,COVID-19 pandemic; Asian financial crisis; health insurance; international migrant workers; social security system; Thailand,,,,,,,,,,,,,,,,,,,,,,,,,,,,,,,,,,,,,,,,,,,,,,,
6RCMLECS,journalArticle,2024,"Nassimov, M.; Paridinova, B.; Abikenov, Z.",Impact of COVID-19 on social policy: a literature review in the social and human sciences,Problemy Polityki Spolecznej,,,10.31971/pps/171624,https://www.scopus.com/inward/record.uri?eid=2-s2.0-85189370111&doi=10.31971%2Fpps%2F171624&partnerID=40&md5=f8c4a41658289b533c8ddeab70bfcaf6,"COVID-19 has paralysed many countries’ social and economic lives. COVID-19 has pushed the world towards drastic social distancing and sterilisation measures to limit the spread and impact of the infection. However, it remains unclear what the long-term physical, psychological, socio-economic, and political decisions will be and their consequences. Scientists today have a great responsibility to study this period. Therefore, expert data contributes to the individual and collective development of citizens. The analytical method used in this study involved a theoretical analysis of publications on social and human sciences from the Scopus database, mainly focusing on the year 2020, to develop a framework for understanding the societal repercussions of the pandemic. The study defines a wide range of social consequences and effects of COVID-19, shows the impact pandemic on education in the context of social policy, establishes the socio-political and economic consequences of COVID-19, and substantiates psychological reactions to COVID-19. A review of the literature can help determine the impact of COVID-19 on social policy. Based on the analysis of the papers, it can be concluded that COVID-19 has increased inequality, widened the gap between the rich and the poor, and threatened the stability of society in low-income countries. © 2024 Faculty of Political Science and International Studies, University of Warsaw. All rights reserved.",2024,12/29/2025 21:39,12/29/2025 21:39,,,,1,64,,,,,,,,,,English,,,Scopus,,,,,,,,pandemic; COVID-19; social and human sciences; social consequences; social effects,,,,,,,,,,,,,,,,,,,,,,,,,,,,,,,,,,,,,,,,,,,,,,,
M7EA3N6W,journalArticle,2024,"Goswami, P.",The Political Economy of Precarious Work in India: A Case of Languishing Social Policy?,Critical Sociology,,,10.1177/08969205231185270,https://www.scopus.com/inward/record.uri?eid=2-s2.0-85165190886&doi=10.1177%2F08969205231185270&partnerID=40&md5=08ec9745925c17cfdcac51a1cda3b750,"The paper critically dissects the contemporary policy landscape and its ability to counter precarious work for construction workers in the Indian context. By focusing on the governance challenges faced by welfare institutions and the pre-existing fault lines exposed by the pandemic, the paper argues that social policies are languishing and inefficient to respond to the challenges of growing precarity. The paper uses Breman’s conception of ‘Footloose labour’ to understand informality related to construction workers and Gilbert and Terrell’s social policy analytical framework to understand the institutional response. The two major arguments that make the social policy languish are the inability of the policy to alter neoliberal employment relationships and the operational challenges that institutions face in implementing welfare schemes for many footloose labourers. Moreover, the situation is further exacerbated by inherent contradictions of the state which is entangled between promoting economic growth through neoliberal policies while consecutively ensuring labour welfare. If the Institutional challenges persist along with the persuasion of neoliberal reforms, footloose labour is only going to be further marginalized and pushed to limits. © The Author(s) 2023.",2024,12/29/2025 21:39,12/29/2025 21:39,,125-140,,1,50,,,,,,,,,,English,,,Scopus,,,,,,,,policy; institutions; footloose labour; neoliberal,,,,,,,,,,,,,,,,,,,,,,,,,,,,,,,,,,,,,,,,,,,,,,,
Q9WFN7JG,journalArticle,2024,"Sirovátka, T.; Saxonberg, S.; Csudai, E.","Emergency welfare states in action: Social policy adaptations to COVID-19 in the Czechia, Hungary and Slovakia",Social Policy and Administration,,,10.1111/spol.12945,https://www.scopus.com/inward/record.uri?eid=2-s2.0-85164369641&doi=10.1111%2Fspol.12945&partnerID=40&md5=549f94144057fc37e6e232657c53aa69,"This article analyses the developments of the welfare state's reaction to the pandemic in Czechia, Hungary and Slovakia during 2020–2022, asking whether the changes in social policy represent only temporary responses to the challenges of the pandemic, or if the changes will likely lead to long-run transformative changes in social policies. All three countries applied emergency adaptive changes to some extent except for job protection, as the short-time work schemes represent a permanent change in Czechia and Slovakia. Furthermore, the absorption capacity of the welfare state was relatively good, which enabled the countries to avoid the negative social impacts of the crisis in terms of increased unemployment, poverty, and social exclusion. We argue the governments did not introduce permanent third-order change because they already introduced such changes during the transition to the market economy in which they introduced a low-expenditure welfare state trajectory. During the pandemic, this trajectory limited their fiscal space for introducing reforms that could radically expand the welfare state. Policy learning and political constellations also had some influence. © 2023 The Authors. Social Policy & Administration published by John Wiley & Sons Ltd.",2024,12/29/2025 21:39,12/29/2025 21:39,,93-107,,1,58,,,,,,,,,,English,,,Scopus,,,,,,,,COVID-19; social policy; Czechia; Slovakia; welfare provision; policy reform; Czech Republic; adaptive management; Hungary; social policy changes,,,,,,,,,,,,,,,,,,,,,,,,,,,,,,,,,,,,,,,,,,,,,,,
D7Q83923,journalArticle,2024,"Griffen, Z.W.","The Economization of Early Life: Human Capital Theory, Biology, and Social Policy",Science Technology and Human Values,,,10.1177/01622439221147701,https://www.scopus.com/inward/record.uri?eid=2-s2.0-85146086149&doi=10.1177%2F01622439221147701&partnerID=40&md5=6bf7ab37b112998b785d7208b5fa2b92,"The US government response to the coronavirus pandemic has prompted renewed debate about the size and structure of the welfare state. Particular attention has been paid to prenatal and early childhood policy, domains in which the US safety net is less robust than those of its peer countries. Contra claims that the so-called care economy constitutes a sharp break with the neoliberal consensus, this article argues that the shift in social policy focus toward early life is consistent with changes in economic ideas about the best environment in which to grow “human capital”: the economization of early life. Building on insights about “critical periods” of development drawn from diverse fields including epigenetics and neurobiology, economists estimate that human capital gains are greatest when “investments in people” occur before the age of five. This article traces the history of how this research was brought to the attention of federal policy makers in the United States. While much human capital–focused social policy traditionally placed the burden of risk on the private family (e.g., with student loan debt or health insurance), in recent years, economists have instead argued that social programs dedicated to early childhood development are more “efficient” sources of public investment. © The Author(s) 2023.",2024,12/29/2025 21:39,12/29/2025 21:39,,175-205,,1,49,,,,,,,,,,English,,,Scopus,,,,,,,,social policy; economics; epigenetics; expertise; human capital,,,,,,,,,,,,,,,,,,,,,,,,,,,,,,,,,,,,,,,,,,,,,,,
ZNWN7BXT,journalArticle,2024,"Pincock, K.; Jones, N.; Baniodeh, K.; Iyasu, A.; Workneh, F.; Yadete, W.",COVID-19 and social policy in contexts of existing inequality: experiences of youth with disabilities in Ethiopia and Jordan,Disability and Society,,,10.1080/09687599.2022.2087488,https://www.scopus.com/inward/record.uri?eid=2-s2.0-85132702602&doi=10.1080%2F09687599.2022.2087488&partnerID=40&md5=e68ea750742ece0254db2e49c02b9c57,"This article explores the social policy implications of the COVID-19 pandemic for adolescents and young people with disabilities in Ethiopia and Jordan. The article draws on qualitative research interviews carried out in person between November and December 2019 and by phone between April and June 2020 with 65 young people with hearing, visual and physical impairments in urban settings in both countries, complemented by interviews with key informants in government and civil society organisations working with young people. Whilst in Jordan social policy on disability is more developed, and in Ethiopia, systems are still embryonic, the COVID-19 pandemic has increased the marginalisation of adolescents and young people with disabilities in both contexts as health, education and social protection systems have been slow to mobilise targeted support and address social exclusion. This article identifies social policy gaps in Ethiopia and Jordan that must be addressed in order to support young people with disabilities during crises. © 2022 The Author(s). Published by Informa UK Limited, trading as Taylor & Francis Group.",2024,12/29/2025 21:39,12/29/2025 21:39,,571-593,,3,39,,,,,,,,,,English,,,Scopus,,,,,,,,Social policy; disability; inclusion; inequalities; stigma; youth,,,,,,,,,,,,,,,,,,,,,,,,,,,,,,,,,,,,,,,,,,,,,,,
52DU6WF3,journalArticle,2023,"Hawley, A.",Reviving Social Europe: a critical assessment of EU social policy in the wake of multiple crises,European Journal of Government and Economics,,,10.17979/ejge.2023.12.2.9541,https://www.scopus.com/inward/record.uri?eid=2-s2.0-85179747025&doi=10.17979%2Fejge.2023.12.2.9541&partnerID=40&md5=c7e2a5dba470e5f3bfae513c85b6bcb6,"The concept of ""Social Europe"" encompasses the European Union's social policy framework. This paper argues that the financial crisis of 2007-2009, the subsequent Euro crisis, and the ensuing austerity measures diverted significant attention away from Social Europe. This neglect led to declining living standards, reductions in public services, and the emergence of critical challenges such as the gig economy. In recent years, the COVID-19 pandemic has further exacerbated these issues, prompting a renewed focus on Social Europe by EU institutions. This paper conducts a chronological analysis of recent legislative (acquis) and non-legislative (soft power) instruments implemented to address these challenges and assesses the prospects of Social Europe in the near term. © The Author(s) 2023.",2023,12/29/2025 21:39,12/29/2025 21:39,,105-118,,2,12,,,,,,,,,,English,,,Scopus,,,,,,,,European Union; crises; acquis; Social Europe; soft power,,,,,,,,,,,,,,,,,,,,,,,,,,,,,,,,,,,,,,,,,,,,,,,
BNKEXHD9,journalArticle,2023,"López-Santana, M.; Núñez, L.; Béland, D.",Assessing public support for social policy in times of crisis: evidence from the Child Tax Credit during the COVID-19 era in the United States,Policy and Society,,,10.1093/polsoc/puad009,https://www.scopus.com/inward/record.uri?eid=2-s2.0-85182487322&doi=10.1093%2Fpolsoc%2Fpuad009&partnerID=40&md5=bf9812141fd8650506071c6600ed28f2,"The 2021 American Rescue Plan included the temporary expansion of the Child Tax Credit (CTC)-the largest individual income tax credit program in the United States-for most families with children. In the context of the COVID-19 pandemic, how did the public perceive this social policy benefit for families, especially in relation to other traditional social programs? By focusing on the CTC, an understudied policy area, and presenting original survey data, this paper first shows that, while the majority of respondents favored the CTC, levels of support for these benefits were lower than support for other social programs. Second, the paper suggests that, compared to older people and people with disabilities, Americans view families as part of the “undeserving” population. Third, by presenting panel data, we show that there is no change in levels of CTC support even among recipients of these benefits. Overall, these findings shed light on important challenges to the development and implementation of family policy in the USA, as well as the possibility of recalibrating the US liberal welfare state. © The Author(s) 2023. Published by Oxford University Press.",2023,12/29/2025 21:39,12/29/2025 21:39,,526-547,,4,42,,,,,,,,,,English,,,Scopus,,,,,,,,family policy; social policy; welfare state; United States; public support; Child Tax Credit,,,,,,,,,,,,,,,,,,,,,,,,,,,,,,,,,,,,,,,,,,,,,,,
JAS3MQB5,journalArticle,2023,"Yuda, T.K.",Beyond path dependency: Analysing Indonesia's social policy responses to two crises,Social Policy and Administration,,,10.1111/spol.12902,https://www.scopus.com/inward/record.uri?eid=2-s2.0-85148608939&doi=10.1111%2Fspol.12902&partnerID=40&md5=5c6229c17f93926d11f6fd68c52316cc,"This article sets out a coherent framework for debates and discussions on social policy changes during crisis periods. Using Indonesia as a case, this article compares its social policy responses to the 1997–1998 economic crisis and the current COVID-19 pandemic crisis. Both two crises and their responses, once analysed, lead to an argument that path dependence does not always dominate policy processes, as most literature claims, but rather it operates alongside other path-creation-related processes, such as path-clearing policy accelerators and path-creation policy accelerators. This article also presents that ‘old player’ penetration in policy processes does not necessarily preclude alternatives and, in some examined cases, it, instead, strengthens impulses toward substantial reforms. Therefore, revised policies must be viewed as political vehicles for seeking popular support and power reconsolidation as democracy allows. Furthermore, this current analysis contributes to enhancing our understanding of crises, often seen as issues in public policy literature, yet less explored in terms of their importance as unique critical junctures and their implications for social policy changes in multiple paths. © 2023 John Wiley & Sons Ltd.",2023,12/29/2025 21:39,12/29/2025 21:39,,727-743,,5,57,,,,,,,,,,English,,,Scopus,,,,,,,,COVID-19; social policy; policy change; economic instability; policy reform; crisis management; Indonesia; Asian economic crisis; path creation; path dependence,,,,,,,,,,,,,,,,,,,,,,,,,,,,,,,,,,,,,,,,,,,,,,,
XRDZUCLN,journalArticle,2023,"Cena, R.; Dettano, A.",About Waiting: A Reading from Social Policies and Emotions in the Context of a Pandemic,Social Policy and Society,,,10.1017/S1474746422000331,https://www.scopus.com/inward/record.uri?eid=2-s2.0-85171657942&doi=10.1017%2FS1474746422000331&partnerID=40&md5=812c2337214eb8aeb83d0b9f5e9414b1,"The pandemic declared in 2020 has implied extreme transformations. In the Argentine case, measures were announced to provide relief to the sectors defined as the most affected, within which the so-called emergency family income (EFI) was established. The EFI's management, implementation, access and collection method underwent a digitalisation process, enabling access through official and nonofficial channels. The nonofficial channels include Facebook Groups, where the recipients of social policies exchange information, doubts and advice. This article, based on virtual ethnography, aims to explore the emotions linked to the management and perception of EFI. In particular, we address a practice that has become relevant in the aforementioned context: waiting. It has been observed that the barriers between registration and access to the EFI transfer have implied different types of waiting on the part of the receiving population. We conclude that waiting has become an operative element in the implementation of social policies. © The Author(s), 2022.",2023,12/29/2025 21:39,12/29/2025 21:39,,531-544,,3,22,,,,,,,,,,English,,,Scopus,,,,,,,,pandemic; Waiting; emotions; social programs; virtual ethnography,,,,,,,,,,,,,,,,,,,,,,,,,,,,,,,,,,,,,,,,,,,,,,,
WH8L8VMI,journalArticle,2023,"Cruz-Martínez, G.; Pellissery, S.; Velázquez Leyer, R.",Have Social Policy Responses to COVID-19 Been Institutionalised?,Social Policy and Society,,,10.1017/S147474642300009X,https://www.scopus.com/inward/record.uri?eid=2-s2.0-85171659381&doi=10.1017%2FS147474642300009X&partnerID=40&md5=fcfdb27d75e5b8dd2ca563bdbc171781,"Countries adopted a variety of social policy responses to reduce the social risks exacerbated by the COVID-19 pandemic, which in some cases took the form of institutional reforms. The study of the institutionalisation of emergency responses is relevant to understanding if and how a critical juncture, like the one opened by the pandemic, can generate path dependencies or changes that expand or retrench social protection. This state-of-The-Art article offers an overview of how social policy responses to the pandemic have translated to institutional reform across the globe under various types of welfare systems. By conducting a systematic literature review of thirty-nine peer-reviewed journal articles in two leading bibliographic databases (Scopus and Web of Science), this article reviews the available evidence on the responses to the pandemic and their institutional consequences. We find four underlying research clusters regarding the degree of institutionalisation of the social policy responses implemented during the pandemic. © The Author(s), 2023.",2023,12/29/2025 21:39,12/29/2025 21:39,,475-494,,3,22,,,,,,,,,,English,,,Scopus,,,,,,,,pandemic; welfare state; literature review; Coronavirus; path-dependence,,,,,,,,,,,,,,,,,,,,,,,,,,,,,,,,,,,,,,,,,,,,,,,
IUD6DYPL,journalArticle,2023,"Ramia, G.; Perrone, L.","Crisis Management, Policy Reform, and Institutions: The Social Policy Response to COVID-19 in Australia",Social Policy and Society,,,10.1017/S1474746421000427,https://www.scopus.com/inward/record.uri?eid=2-s2.0-85117113165&doi=10.1017%2FS1474746421000427&partnerID=40&md5=983634295f5664592e5dde1125823cc6,"Social policy represents a critical dimension of the governmental response to COVID-19. This article analyses the Australian response, which was radical in that it signalled an unprecedented policy turnaround towards welfare generosity and the almost total relaxation of conditionality. It was also surprising because it was introduced by a conservative, anti-welfarist government. The principal argument is that, though the generosity was temporary, it should be understood simultaneously by reference to institutional change and institutional tradition. The ‘change’ element was shaped by the urgency and scale of the crisis, which indicated an institutional ‘critical juncture’. This provided a ‘window of opportunity’ for reform, which would otherwise be closed. ‘Tradition’ was reflected in the nation’s federalist conventions, which partially steered the response. The central implication for other countries is that, amid the uncertainty of a crisis, governments need to consider change within the bounds of their traditional institutions when introducing welfare reform. © The Author(s), 2021. Published by Cambridge University Press.",2023,12/29/2025 21:39,12/29/2025 21:39,,562-576,,3,22,,,,,,,,,,English,,,Scopus,,,,,,,,crisis management; crises; COVID-19 and social policies; Policy crises; policy responses to COVID-19; the welfare state,,,,,,,,,,,,,,,,,,,,,,,,,,,,,,,,,,,,,,,,,,,,,,,
IZFRE368,journalArticle,2023,"Shek, D.T.L.; Leung, J.T.Y.; Tan, L.",Social Policies and Theories on Quality of Life under COVID-19: In Search of the Missing Links,Applied Research in Quality of Life,,,10.1007/s11482-023-10147-2,https://www.scopus.com/inward/record.uri?eid=2-s2.0-85148582430&doi=10.1007%2Fs11482-023-10147-2&partnerID=40&md5=69acf560bb2b5883d826f2446f05c69e,"COVID-19 has generated many negative impacts on the family, including impaired psychological well-being of family members (parents and children) and family processes (such as parenting and family functioning). Regarding social policies to support families under the pandemic, there are several missing links. First, COVID-19 related policies mainly focus on physical well-being with a relatively weaker emphasis on psychological well-being. Second, with social policies primarily aiming at stabilizing the “financial capital” of the public, human capital (particularly personal resilience) and social capital (particularly family resilience) are relatively neglected. Third, while “general” social policies may help “averaged” individuals and families, there is a need to take pre-existing family vulnerabilities (such as poverty and caregiving burdens) and inequalities into account when formulating “down to earth” social policies. Fourth, while social science knowledge and theories have important potential contributions to help develop relevant policies and services to promote quality of life under COVID-19, explicit utilization is not strong. With reference to these missing links, we proposed several research and practice directions for the promotion of quality of life under the pandemic. © 2023, The Author(s).",2023,12/29/2025 21:39,12/29/2025 21:39,,1149-1165,,3,18,,,,,,,,,,English,,,Scopus,,,,,,,,,,,,,,,,,,,,,,,,,,,,,,,,,,,,,,,,,,,,,,,,,,,,,,,
4ECGGXGQ,journalArticle,2023,"Pavolini, E.; Fullin, G.; Scalise, G.",Labour market dualization and social policy in pandemic times: an in-depth analysis of private consumption services in Europe,International Journal of Sociology and Social Policy,,,10.1108/IJSSP-03-2022-0074,https://www.scopus.com/inward/record.uri?eid=2-s2.0-85135780918&doi=10.1108%2FIJSSP-03-2022-0074&partnerID=40&md5=e49b7f27a283798ab2b3ec6a0ec75393,"Purpose: This article contributes to the debate on how social policies and labour market regulation have been used to limit the socio-economic consequences of the pandemic by focusing on one specific economic segment of European labour markets: private consumption services, such as trade, tourism, catering and other support services. Design/methodology/approach: The analysis combines mixed methods and a variety of sources. First, we built a set of indicators from the EU-LFS microdata for 2019 and the 2018 Eurostat “Structure of earnings survey” and performed a cluster analysis (k-means) on the dimensions and indicators considered. Second, we elaborated EU-LFS data covering 2019 and 2020 (by quarter) and OECD 2020 data, and finally we traced Covid-related policy reforms for the period March 2020–December 2021 and analysed documents and information collected in different policy repositories. Findings: The paper shows the relevance and characteristics of private consumption services in different countries, demonstrating that so-called labour market “outsiders” are highly represented in this sector and illustrates the policies adopted to respond to the pandemic in different European countries. The paper asks whether this emergency has been a window of opportunity to redefine regulation in this sector, making it more inclusive. It demonstrates, however, that the common approach in Europe has been dominated by temporary, short-term and one-off measures, which do not represent major changes to the social security schemes that were in place before the pandemic. Originality/value: This article builds on the literature on labour market dualization, but approaches the concept from a different perspective – one not centred on the nature of employment relations (stable/unstable) but on economic sectors/branches. This article does not, therefore, discuss in general terms what happened to labour market outsiders during the pandemic, but rather focus attention on a specific group of workers who are highly exposed to risks stemming from dualization: those employed in the private consumption services. The economic sector perspective is an integrative way of framing dualization which is still under-researched. © 2022, Emerald Publishing Limited.",2023,12/29/2025 21:39,12/29/2025 21:39,,550-568,,6-May,43,,,,,,,,,,English,,,Scopus,,,,,,,,Social policy; Employment; Pandemic; Service sector,,,,,,,,,,,,,,,,,,,,,,,,,,,,,,,,,,,,,,,,,,,,,,,
WNTNYRJ7,journalArticle,2023,"Natili, M.; Negri, F.; Ronchi, S.",Widening double dualisation? Labour market inequalities and national social policy responses in Western Europe during the first wave of the COVID-19 pandemic,Social Policy and Administration,,,10.1111/spol.12814,https://www.scopus.com/inward/record.uri?eid=2-s2.0-85129884166&doi=10.1111%2Fspol.12814&partnerID=40&md5=51ff49c50806460fd5a58eb4b1b56af5,"Europe is witnessing a ‘double dualisation’ process, whereby inequalities have increased both between labour market insiders and outsiders, and between core and peripheral countries. We test the double dualisation hypothesis in the context of the first wave of the COVID-19 pandemic. Did the COVID crisis exacerbate income inequalities between insiders and outsiders? Did cross-country territorial divides also increase? Did national governments' emergency measures contribute to containing or widening double dualisation? We deploy a multi-method research design that combines original survey data on seven old EU member states with three case studies on Germany, Italy, and the Netherlands. Results show that, in the short term, the COVID-19 pandemic has been a catalyst of double dualisation: outsiders bore the greatest burden, especially in southern European countries. National emergency measures largely depended on the fiscal leeway available to governments and followed pre-existing welfare trajectories, thus worsening cross-country inequalities, with potentially severe consequences for the European integration process. © 2022 The Authors. Social Policy & Administration published by John Wiley & Sons Ltd.",2023,12/29/2025 21:39,12/29/2025 21:39,,416-432,,3,57,,,,,,,,,,English,,,Scopus,,,,,,,,pandemic; COVID-19; Germany; social policy; labor market; European Union; Netherlands; Italy; welfare state reform; income distribution; double dualisation; insider-outsider; labour market inequalities,,,,,,,,,,,,,,,,,,,,,,,,,,,,,,,,,,,,,,,,,,,,,,,
S62M43Z4,journalArticle,2023,"Dorlach, T.",Social Policy Responses to Covid-19 in the Global South: Evidence from 36 Countries,Social Policy and Society,,,10.1017/S1474746422000264,https://www.scopus.com/inward/record.uri?eid=2-s2.0-85144377421&doi=10.1017%2FS1474746422000264&partnerID=40&md5=ba4f62bf67ea7cbc418fc47d256b4d60,"The Covid-19 pandemic has prompted manifold social policy responses all around the world. This article presents the findings of a meta-analysis of thirty-six in-depth country reports on early Covid-19 social policy responses in the Global South. The analysis shows that social policy responses during the early phase of the pandemic have been predominantly focused on expanding temporary and targeted benefits. In terms of policy areas, next to labour market and social assistance measures, the focus has also been on unconventional social policy instruments. The social policy responses of developing economies were often rudimentary, focusing on cash transfers and food relief, and heavily relied on external funding. In contrast, many emerging economies introduced a much broader array of social policies and were less reliant on external support. ©",2023,12/29/2025 21:39,12/29/2025 21:39,,94-105,,1,22,,,,,,,,,,English,,,Scopus,,,,,,,,Covid-19; Global South; meta-analysis; social policy responses,,,,,,,,,,,,,,,,,,,,,,,,,,,,,,,,,,,,,,,,,,,,,,,
FP3P2QFQ,journalArticle,2023,"Nayyar, D.; Malhotra, R.",Economic and Social Policies for Human Development,Journal of Human Development and Capabilities,,,10.1080/19452829.2023.2252645,https://www.scopus.com/inward/record.uri?eid=2-s2.0-85174003814&doi=10.1080%2F19452829.2023.2252645&partnerID=40&md5=24d3e21806199d18c91258ca70f5da7b,"Economic and social policies of governments could improve or worsen the wellbeing of people, so that their impact on human development could be positive or negative. This article discusses the role, as well as the scope, of public policies for human development in the contemporary developing and industrialised worlds, buffeted by frequent global and local economic crises, including a health pandemic of unprecedented proportions, where mainstream economic policies have often been detrimental, rather than conducive, to advancing human wellbeing. The paper revisits the human development framework and anchors it in an interpretation of the capability approach that helps in delineating economic and social policy pathways to desirable outcomes. It argues that this is essential for an effective operationalisation of the approach to human development. Building on that, it explores the nature of economic and social policies that might constitute an appropriate policy-mix for advancing human development. In doing so, it recognises that, while human development problems in poor and rich countries are similar, the choices, sequencing and prioritisation of policies will inevitably be determined by the country-context and government-objectives. Given the context, it suggests that the framework of SDGs at the national level could enable a focus on human development objectives in the policy design and strategic response of countries. © 2023 Human Development and Capability Association.",2023,12/29/2025 21:39,12/29/2025 21:39,,439-467,,4,24,,,,,,,,,,English,,,Scopus,,,,,,,,Inequalities; Social protection; Economic policies; Heterodox polices; Human development; Macroeconomic policies; Social opportunities; Social policies; Sustainable development goals; Wellbeing,,,,,,,,,,,,,,,,,,,,,,,,,,,,,,,,,,,,,,,,,,,,,,,
ZX2USJH6,journalArticle,2022,"Meagher, K.","Crisis Narratives and the African Paradox: African Informal Economies, COVID-19 and the Decolonization of Social Policy",Development and Change,,,10.1111/dech.12737,https://www.scopus.com/inward/record.uri?eid=2-s2.0-85144327381&doi=10.1111%2Fdech.12737&partnerID=40&md5=3c68d836517659c88b0cbbe0585cdf56,"This article challenges the role of COVID-19 crisis narratives in shaping social policy choices in Africa. The COVID-19 pandemic has focused attention on Africa's vast informal economies, both as a symbol of the continent's intense vulnerability to the ravages of the pandemic, and as a puzzle in the face of the uneven and limited effects of COVID-19 across the continent. Indeed, an examination of statistical and documentary evidence reveals an inverse relationship between COVID-19 fatalities and the size of African informal economies, and a perverse relationship between best-practice COVID social protection responses and levels of COVID-19 mortality. Scrutinizing the evidence behind African COVID-19 crisis narratives raises questions about the ability of donor-led digitized social protection paradigms to address social needs in highly informalized, low-resource environments. This article highlights the role of crisis narratives as an exercise of power geared to remastering, homogenizing and reimagining African informal economies in ways that facilitate particular types of development intervention, sidelining alternative, more socially grounded policy perspectives. Through a closer examination of historical and contemporary realities in Africa's vast and varied informal economies, the article highlights the need to decolonize social policy by privileging local needs and policy perspectives over global policy agendas in the interest of transformative rather than palliative policy responses. © 2022 The Authors. Development and Change published by John Wiley & Sons Ltd on behalf of International Institute of Social Studies.",2022,12/29/2025 21:39,12/29/2025 21:39,,1200-1229,,6,53,,,,,,,,,,English,,,Scopus,,,,,,,,vulnerability; health policy; pandemic; COVID-19; social policy; crisis management; policy approach; epidemic; informal sector; Africa; decolonization; health impact; mortality,,,,,,,,,,,,,,,,,,,,,,,,,,,,,,,,,,,,,,,,,,,,,,,
YWF6Z7KJ,journalArticle,2022,"Liu, T.",Social policy reform driven by crises: Promoting and reshaping social policy during the SARS and COVID-19 pandemics in China,Social Policy and Administration,,,10.1111/spol.12818,https://www.scopus.com/inward/record.uri?eid=2-s2.0-85132617161&doi=10.1111%2Fspol.12818&partnerID=40&md5=87acd5baf92f565eca40f2d2413b1e04,"This article focuses on one particular and under-investigated dimension in the study of social policy – crisis events and their special function in promoting and shaping social protection programs. Crises are usually regarded as negative social events that tempestuously challenge the pre-existing socio-economic order, triggering social conflicts and disruption, either temporarily or in a more enduring fashion. However, social crises may also foster new opportunities for social investment, public finance expansion and welfare state building after the outbreak of a crisis and even during the post-crisis period. This article first examines the SARS pandemic and analyzes its developmental trajectory, reconstructing the national debates and discourses on the negative consequences and lessons learned in the SARS and post-SARS period. I argue that this crisis event revealed many loopholes in the Chinese public health system, constituting a powerful driving force for rebuilding the medical insurance system and health governance in China, and strengthening public discourse on welfare state responsibility. Second, I explore how, during the COVID-19 pandemic, scholars and experts have constructed the ‘short board’ of Chinese social policy, calling for further social policy reforms to narrow the gaps in health protection resources among social classes and to eliminate the fragmentation of health resource distribution. © 2022 John Wiley & Sons Ltd.",2022,12/29/2025 21:39,12/29/2025 21:39,,910-924,,6,56,,,,,,,,,,English,,,Scopus,,,,,,,,COVID-19; social policy; policy reform; crisis management; crises; public health; China; driven forces; health services; loopholes; pandemics; severe acute respiratory syndrome; short board,,,,,,,,,,,,,,,,,,,,,,,,,,,,,,,,,,,,,,,,,,,,,,,
ZWS6Y43T,journalArticle,2022,"Ebbinghaus, B.; Lehner, L.; Naumann, E.",Welfare state support during the COVID-19 pandemic: Change and continuity in public attitudes towards social policies in Germany,European Policy Analysis,,,10.1002/epa2.1152,https://www.scopus.com/inward/record.uri?eid=2-s2.0-85132876001&doi=10.1002%2Fepa2.1152&partnerID=40&md5=2ad9c21705973c01e63f5c0d09d1bdb9,"Our analysis asks whether the pandemic situation affects welfare state support in Germany. The pandemic has increased the health and income risks calling for welfare state intervention. While increased needs, more deservingness, and higher state responsibility during such a crisis would suggest augmented support generally and among those at risk, this might be a short-term effect and cost considerations could reverse this trend. We study public attitudes towards four key social policy areas based on the German Internet Panel (GIP). We use three waves prior and further three waves since the pandemic had been declared in March 2020. The analysis shows both continuity in the popularity of social policies, in particular health and pensions, and some short-term increase in support for unemployment and family policies. The results after nearly 2 years suggest rather continuation with some thermostatic short-term boosts in support instead of any long-lasting change. © 2022 The Authors. European Policy Analysis published by Wiley Periodicals LLC on behalf of Policy Studies Organization.",2022,12/29/2025 21:39,12/29/2025 21:39,,297-311,,3,8,,,,,,,,,,English,,,Scopus,,,,,,,,Germany; Covid-19 pandemic; public opinion; social policies; welfare state support,,,,,,,,,,,,,,,,,,,,,,,,,,,,,,,,,,,,,,,,,,,,,,,
LXQVJDVH,journalArticle,2022,"Chung, H.",A Social Policy Case for a Four-Day Week,Journal of Social Policy,,,10.1017/S0047279422000186,https://www.scopus.com/inward/record.uri?eid=2-s2.0-85128136891&doi=10.1017%2FS0047279422000186&partnerID=40&md5=e8c34cb9f7f733301b837d0a1cf04820,"There has been an explosion of interest in the four-day-week movement across the globe, especially due to its potential in addressing many of the societal challenges left by the COVID-19 pandemic. Four-day-week is a movement set to shorten the working hours of full-time workers without a reduction in pay. I aim to set out the case for a national move towards a four-day-week explaining why social policy scholars should lead the debate. First, I provide evidence of the societal costs that the current long-hours work culture has on workers' and their family's well-being and welfare, social inequality, and social cohesion. Shorter working can help tackle these issues by giving workers right to time, shifting the balance between work and non-work activities in our lives and valuing them both. Social policy scholars need to lead this debate owing to our existing knowledge and expertise in dealing with these social issues and state-level interventions. In addition, without pressing for fundamental changes in our labour market, we cannot adequately address some of the key challenges we face as a society. The paper ends with key research questions social policy scholars should address as a part of this move. © 2022 Authors",2022,12/29/2025 21:39,12/29/2025 21:39,,551-566,,3,51,,,,,,,,,,English,,,Scopus,,,,,,,,COVID-19; social policy; labor market; reform; policy reform; labour market; Social Policy; four-day-week; working hours,,,,,,,,,,,,,,,,,,,,,,,,,,,,,,,,,,,,,,,,,,,,,,,
GRDBZDEZ,journalArticle,2022,"Koch, M.",Social Policy Without Growth: Moving Towards Sustainable Welfare States,Social Policy and Society,,,10.1017/S1474746421000361,https://www.scopus.com/inward/record.uri?eid=2-s2.0-85117118924&doi=10.1017%2FS1474746421000361&partnerID=40&md5=5b4124eda55ad3d060719220b93df608,"Growth-dependent welfare states contribute to climate emergency. The ecological economics, degrowth, and sustainable welfare literatures demonstrate that to re-embed Western production and consumption patterns in environmental limits, an encompassing social-ecological transformation would need to be initiated very soon. This article focuses on the potential roles of the welfare state and social policy in this transformation, applying the concepts of 'sustainable welfare' and 'safe-operating space'. Based on two Swedish studies, it also provides an empirical analysis of the popularity of selected eco-social policies designed to steer the economy and society towards this space: Maximum and basic incomes, taxes on wealth and meat, as well as working time reductions. In analogy to the historical role of the state in reconstituting the welfare-work nexus in the post-WWII era and its present engagement in the context of the Covid-19 crisis, it is argued that a more interventionist state is required to grapple with climate emergency. © 2021 The Author(s). Published by Cambridge University Press.",2022,12/29/2025 21:39,12/29/2025 21:39,,447-459,,3,21,,,,,,,,,,English,,,Scopus,,,,,,,,Climate emergency; degrowth; eco-social policies; planetary boundaries; sustainable welfare,,,,,,,,,,,,,,,,,,,,,,,,,,,,,,,,,,,,,,,,,,,,,,,
TM5ZZFXQ,journalArticle,2022,"Foli, R.K.; Ohemeng, F.L.K.","“Provide our basic needs or we go out”: the COVID-19 pandemic lockdown, inequality, and social policy in Ghana",Policy and Society,,,10.1093/polsoc/puac008,https://www.scopus.com/inward/record.uri?eid=2-s2.0-85132075035&doi=10.1093%2Fpolsoc%2Fpuac008&partnerID=40&md5=82af0beb660f05da8ac927903faa5fd3,"The effects of the coronavirus disease (COVID-19) pandemic cuts across every facet of a nation’s life. The near collapse of economies with the attendant job losses has brought forth the need for effective social policies, particularly in developing countries, that can serve citizens in dire need. Consequently, many of these countries have had to craft emergency social policies to help their citizens. Ghana is no exception. While measures to control the spread of the pandemic, such as lockdowns and restrictions on movement and gathering, were timely, they negatively impacted the poor, most of whom work in the informal sector and depend on daily survival activities such as buying and selling basic goods. As a result, some of the measures were ignored as people feared they would die from hunger rather than from the pandemic. Thus, governmental response to the pandemic was highlighted by policy layering and exposed the fragile social support systems in existence. The challenges of responding adequately to the pandemic underscore the importance of a transformative social welfare regime in ensuring the protection of citizens. This paper, based on desk research, explores the limitations of the existing social policy framework, which became manifest during the implementation of Ghana’s pandemic policies. Policy layering by government continues to weaken Ghana’s social welfare system, and this affected the official response with respect to the social issues that have emerged due to the pandemic. © The Author(s) 2022. Published by Oxford University Press.",2022,12/29/2025 21:39,12/29/2025 21:39,,217-230,,2,41,,,,,,,,,,English,,,Scopus,,,,,,,,inequality; COVID-19; historical institutionalism; ghana; lockdown; social Policy,,,,,,,,,,,,,,,,,,,,,,,,,,,,,,,,,,,,,,,,,,,,,,,
A9JCMC8D,journalArticle,2022,"Burgund Isakov, A.; Markovic, V.; Polić Penavić, S.",SOCIAL POLICY AND SOCIAL WORK STUDENTS’ REFLECTIONS ON INTRODUCED MEASURES AND MEDIA COVERAGE DURING COVID-19 PANDEMIC,Ljetopis Socijalnog Rada,,,10.3935/ljsr.v29i3.478,https://www.scopus.com/inward/record.uri?eid=2-s2.0-85163822735&doi=10.3935%2Fljsr.v29i3.478&partnerID=40&md5=7085a36f6464805e8e2203c3a5fb7c8b,"Introduced measures to deal with COVID-19 pandemic in Serbia affected everyday life of people. Media coverage during the pandemic played a significant role in providing ve-rified information, protecting human health and well-being. In order to gain insight into the reactions of social work students on introduced measures and media coverage about these measures during the state of emergency in Republic of Serbia, an analysis of reflective journals is presented. Eighty reflective journals were analyzed, where students’ reactions on introduced measures and media coverage related to these measures are monitored and linked to the electronic archive of the public media service Radio Television of Serbia news. Students’ thoughts on several identified measures are presented and analyzed together with their reactions on media coverage about these measures. Findings indicate the important role of the content and ways of media repor-ting in creation of reflections, as well as the importance of using reflective journals in both education and preservation of mental health. Possible directions of mental health improvement through media coverage in crisis situations and recommendations for education of social workers are presented. © 2022, University of Zagreb. All rights reserved.",2022,12/29/2025 21:39,12/29/2025 21:39,,521-544,,3,29,,,PROMIŠLJANJA STUDENATA SOCIJALNE POLITIKE I SOCIJALNOG RADA O UVEDENIM MJERAMA I MEDIJSKOM IZVJEŠTAVANJU TIJEKOM PANDEMIJE COVID-19,,,,,,,English,,,Scopus,,,,,,,,COVID-19; social work; education; media coverage; mental health; reflective journals,,,,,,,,,,,,,,,,,,,,,,,,,,,,,,,,,,,,,,,,,,,,,,,
27U4EXCW,journalArticle,2022,,Global Social Policy Digest 22.1: Old problems in a Corona context,Global Social Policy,,,10.1177/14680181221079098,https://www.scopus.com/inward/record.uri?eid=2-s2.0-85130228810&doi=10.1177%2F14680181221079098&partnerID=40&md5=86dae2ae910e5c4ea29960e658a9242f,,2022,12/29/2025 21:39,12/29/2025 21:39,,207-235,,1,22,,,,,,,,,,English,,,Scopus,,,,,,,,health policy; COVID-19; social policy; policy implementation,,,,,,,,,,,,,,,,,,,,,,,,,,,,,,,,,,,,,,,,,,,,,,,
NV5TTM3Z,journalArticle,2022,"Gilbert, N.; Ben Brik, A.B.",Family life and the demographic transition in MENA countries: implications for social policy,Journal of International and Comparative Social Policy,,,10.1017/ics.2021.17,https://www.scopus.com/inward/record.uri?eid=2-s2.0-85125734713&doi=10.1017%2Fics.2021.17&partnerID=40&md5=92e77d92237af5aa209c3366248b4397,"This paper reviews recent demographic and familial changes in the Middle East and North African countries (MENA), which parallel the developments associated with the second demographic transition that has transformed population profiles and family life in the more developed OECD countries. The emerging needs for family-oriented policies are analysed in relation to these changes. And the current levels of social protection in the MENA region are assessed along with the recent measures initiated in response to the COVID-19 pandemic. The paper offers evidence of the demographic transition underway in the region, as many countries are experiencing declining fertility rates combined with an increase in life expectancy, which creates a rising old age dependency ratio. This in turn adds an additional burden of elderly dependents on the working age population and on the state's capacity to care for elderly dependents, which generates an increasing need to expand social protection in the MENA region. ©",2022,12/29/2025 21:39,12/29/2025 21:39,,15-35,,1,38,,,,,,,,,,English,,,Scopus,,,,,,,,women; fertility; Demographic transition; elderly; MENA,,,,,,,,,,,,,,,,,,,,,,,,,,,,,,,,,,,,,,,,,,,,,,,
EFA8C7UF,journalArticle,2022,"Daly, M.","COVID-19, Social Policy and Care: A Complex Set of Processes and Outcomes",Frontiers in Sociology,,,10.3389/fsoc.2021.808239,https://www.scopus.com/inward/record.uri?eid=2-s2.0-85123932471&doi=10.3389%2Ffsoc.2021.808239&partnerID=40&md5=0bb7086859e60e94d6fb732be7fb4446,"This article looks at the 2020 period of COVID-19 and especially the first months through the lens of public policy support for care in Europe. It covers the policy responses to both care for young children and frail, ill or disabled adults and develops an understanding of care as welfare-related activity focused on practices and resources oriented to meeting care-related need. The article’s over-arching research question centres around how European countries responded to the 2020 pandemic, especially in regard to the types of care need that were recognized, the resources committed, the actors/agency that were supported or taken for granted and the values underpinning the responses. What we find from the review is that, while care assumed a strong place in public rhetoric, this was not reflected in greater public resourcing of care for young children or long-term care. Instead, care for children was refamilialized and long-term care was under-resourced and relegated to a secondary position; both were in many ways rendered further dependent on the private agency of individuals. In sum, the pandemic spearheaded some reversion to old practices and the opportunity to invest in care as a human need, a basis of rights and entitlements and a valued activity was not availed of. © © 2022 Daly.",2022,12/29/2025 21:39,12/29/2025 21:39,,,,,6,,,,,,,,,,English,,,Scopus,,,,,,,,social policy; care; long-term care; childcare; European care systems; European welfare states,,,,,,,,,,,,,,,,,,,,,,,,,,,,,,,,,,,,,,,,,,,,,,,
E5A5WP69,journalArticle,2022,"Ku, Y.-W.; Yeh, C.-Y.",Social policy responses and social development during and after the unequal pandemic,Asian Pacific Journal of Social Work,,,10.1080/02185385.2022.2141848,https://www.scopus.com/inward/record.uri?eid=2-s2.0-85141987095&doi=10.1080%2F02185385.2022.2141848&partnerID=40&md5=03b0618eadd4b07eb536c2854e252899,"The COVID-19 pandemic has had daunting economic and social impacts on many aspects of human life, but these impacts have been unequally distributed, with the brunt of health and labour market risks falling on socio-economically disadvantaged individuals and families. We argue that the welfare state could help mitigate such social risks and facilitate social solidarity. Moreover, NGOs (and social groups) play a prominent and supplemental role in developing welfare states in the face of the pandemic. The COVID-19 pandemic potentially raises an opportunity to rethink the current structures of the capitalist economy and the welfare state, and result in more ambitious reforms in East and Southeast Asian welfare states. © 2022 Department of Social Work, National University of Singapore, Singapore.",2022,12/29/2025 21:39,12/29/2025 21:39,,161-169,,3,32,,,,,,,,,,English,,,Scopus,,,,,,,,COVID-19 pandemic; welfare state; productivist welfare regime; social policy response; unequal pandemic,,,,,,,,,,,,,,,,,,,,,,,,,,,,,,,,,,,,,,,,,,,,,,,
LLIDJIYY,journalArticle,2022,"Yuda, T.K.; Kim, M.; Pholpark, A.; Bin Aedy Rahman, H.N.",Unmasking the social policy responses of COVID-19 in four Southeast Asian Nations: institutional patterns and policy adjustment,Asian Pacific Journal of Social Work,,,10.1080/02185385.2022.2136234,https://www.scopus.com/inward/record.uri?eid=2-s2.0-85141561458&doi=10.1080%2F02185385.2022.2136234&partnerID=40&md5=e60cdd9209323b4bf65ee9776324b1d3,"This article aimed to compare the social policy responses to COVID-19 in Indonesia, Malaysia, Philippines and Thailand using an institutionalist’s perspective. So far, the crisis expanded social protection through temporary schemes, with rare reforms, and opened greater possibilities for future institutionalisation of new policies. We argue that the COVID-19 policy responses must be viewed as an unfinished agenda of expansion-driven policy responses to the 1997–1998 financial crisis. Still, these are different sets of measures from the previous crisis, which have been characterised by minimal systemic changes. The variegated responses of countries reveal hitherto unexplored policy implications for the Southeast Asian region. © 2022 Department of Social Work, National University of Singapore, Singapore.",2022,12/29/2025 21:39,12/29/2025 21:39,,294-317,,4,32,,,,,,,,,,English,,,Scopus,,,,,,,,COVID-19; Social policy; institutional continuity and change; Policy response; Southeast Asia,,,,,,,,,,,,,,,,,,,,,,,,,,,,,,,,,,,,,,,,,,,,,,,
CYPX5HNL,journalArticle,2022,"Bonea, G.-V.; Roşca, V.I.",SOCIAL POLICIES AROUND THE MINIMUM WAGE IN ROMANIA DURING THE COVID-19 CRISIS,Journal of Community Positive Practices,,,10.35782/JCPP.2022.1.01,https://www.scopus.com/inward/record.uri?eid=2-s2.0-85129620016&doi=10.35782%2FJCPP.2022.1.01&partnerID=40&md5=34c5a4b14780b81b5358c6b42ace4d54,"Given the current circumstances regarding the economic difficulties and uncertainties caused by the Covid-19 pandemic, the study of the evolution of the minimum wage is important in order to perform a radiography on the main trends, opportunities and problems in related social policies. The first and second part of the study bring upfront the importance of public policies on the minimum wage for ensuring a decent living and motivation of employees, for creating equal opportunities or access to the necessary resources for the poor. Through secondary data analysis, the third part of the study focuses on the impact of the Covid-19 crisis on the changes in the minimum wages in Romania compared to other countries in the Balkans, as well as the recent evolution and correlation between the minimum wage and the present situation of employment from the labor market in Romania. The last part offers conclusions in order to clarify several problems aiming at the minimum wage policy under the impact of the Covid-19 pandemic. One of the main limitations of the study was the multitude and complexity of the uncertainties related to the current pandemic context regarding the effects of the progress of the minimum wage at national and international level. © 2022",2022,12/29/2025 21:39,12/29/2025 21:39,,19-Mar,,1,22,,,,,,,,,,English,,,Scopus,,,,,,,,public policy; employment; Covid-19 crisis; Minimum wage; social economy,,,,,,,,,,,,,,,,,,,,,,,,,,,,,,,,,,,,,,,,,,,,,,,
6JELHZ9W,journalArticle,2022,"Di Rosa, R.T.; Allegri, E.","Migrant Families, Social Policies and Community Relations: Towards What (Kind Of) Integration?¹",Italian Sociological Review,,,10.13136/isr.v12i6S.543,https://www.scopus.com/inward/record.uri?eid=2-s2.0-85128870907&doi=10.13136%2Fisr.v12i6S.543&partnerID=40&md5=d5d455666a41e30a8db14ab9517dce8b,"This article aims to present a few considerations regarding the phenomenon of migrant families’ integration processes, in the broader framework of the relationship between politics, policies and services. The stabilization of migrant people in Italy has determined, on the one hand, the growth of the family-based character of the immigrant population, in the face of which, institutions and reception services, in the wake of policy directives, have been called upon to remodel interventions and integration practices. On the other hand, the drastic reduction in political attention to the social, civil and economic integration of migrants and, in particular, of migrant families, linked to the direction taken by migration policies, has had serious effects in terms of social inclusion. The effects of “unsupportive” policies towards migrants have generated major obstacles to integration (ISTAT, 2021), that are added to, exacerbating them, the crisis caused by the pandemic has exacerbated the fragility of migrant families. There has been a fall-out on integration processes, in which the family, the network of relationships and social and socio-medical services play a fundamental role. The provision of social welfare services, up to now, needs both to direct attention not only at the vulnerable and marginalized, but also at the collective dimension, and to integrate the ordinary provision with strategies and resources able to transform the immigrant population from simple consumers to active responsible protagonists. © 2022, Italian Sociological Review. All Rights Reserved.",2022,12/29/2025 21:39,12/29/2025 21:39,,369-388,,Special Issue 6,12,,,,,,,,,,English,,,Scopus,,,,,,,,Integration; Migrants families; Social services,,,,,,,,,,,,,,,,,,,,,,,,,,,,,,,,,,,,,,,,,,,,,,,
LQEPEPP3,journalArticle,2022,"Messkoub, M.","Covid-19, public health and social policy in MENA",Area Development and Policy,,,10.1080/23792949.2021.1997098,https://www.scopus.com/inward/record.uri?eid=2-s2.0-85121671237&doi=10.1080%2F23792949.2021.1997098&partnerID=40&md5=86d25f94c0e9ce5ba25d0067146f34ff,"Covid-19 had major socio-economic impacts on the populations and societies of Middle East and North Africa (MENA) countries. Government reactions depended on their public health institutions/infrastructures, official ideologies and understanding of the situation, as well as wars/conflicts and sanctions. To counter the impact of the pandemic, countries adopted a combination of cash payments to the poor, furlough schemes and financial support to employers. But public health services in most countries have been poorly resourced to cope with the pandemic. Considering that most countries are characterized by inequality in the distribution of income/wealth, entitlement and access to health services and social protection, states need to reorientate public expenditure towards public health and the reduction of inequality. © 2021 Regional Studies Association.",2022,12/29/2025 21:39,12/29/2025 21:39,,356-364,,3,7,,,,,,,,,,English,,,Scopus,,,,,,,,Covid-19; social policy; poverty; public health; Middle East and North Africa,,,,,,,,,,,,,,,,,,,,,,,,,,,,,,,,,,,,,,,,,,,,,,,
CESNHMFX,journalArticle,2022,"Chipenda, C.",Comparative Perspectives on Zimbabwe and South Africa’s Social Policy Response to Covid-19,Afrika Focus,,,10.1163/2031356X-35020001,https://www.scopus.com/inward/record.uri?eid=2-s2.0-105010410396&doi=10.1163%2F2031356X-35020001&partnerID=40&md5=e86e9eaa406535c0244c1d0cbf7b4fef,"Zimbabwe and South Africa have been burdened by the challenges of poverty and inequality, a consequence of their historical legacy and post-colonial developmental challenges. To counter these, the development and adoption of progressive social policies has been witnessed. In 2020, the social policy architecture of both countries was put to the test by the Covid-19 pandemic. What has been the social policy response to Covid-19 by the two countries and how effective has it been? This is the major question which this article addresses, utilising the transformative social policy framework as a conceptual and heuristic tool to undertake a comparative analysis of social policy responses to Covid-19. It shows that responses crystallised around cash transfers, food mitigation and health interventions. Although timely, these interventions proved inadequate in addressing the welfare needs of citizens. The article highlights the limitations of the current social policy paradigm in mitigating Covid-19-induced shocks and reducing vulnerability. © Koninklijke Brill NV, Leiden, 2022.",2022,12/29/2025 21:39,12/29/2025 21:39,,235-269,,2,35,,,,,,,,,,English,,,Scopus,,,,,,,,inequality; Covid-19; social policy; poverty; South Africa; Zimbabwe; cash transfers; food mitigation,,,,,,,,,,,,,,,,,,,,,,,,,,,,,,,,,,,,,,,,,,,,,,,
KGHNGN5L,journalArticle,2021,"Cook, S.; Ulriksen, M.S.","Social policy responses to COVID-19: New issues, old solutions?",Global Social Policy,,,10.1177/14680181211055645,https://www.scopus.com/inward/record.uri?eid=2-s2.0-85120904520&doi=10.1177%2F14680181211055645&partnerID=40&md5=e8ac4d14e81e6ab5dc790ac3979a0d89,,2021,12/29/2025 21:39,12/29/2025 21:39,,381-395,,3,21,,,,,,,,,,English,,,Scopus,,,,,,,,COVID-19; social policy; policy implementation,,,,,,,,,,,,,,,,,,,,,,,,,,,,,,,,,,,,,,,,,,,,,,,
26BNR4CX,journalArticle,2021,,Global Social Policy Digest 21.3: Managing the fallout from COVID-19,Global Social Policy,,,10.1177/14680181211055644,https://www.scopus.com/inward/record.uri?eid=2-s2.0-85120789529&doi=10.1177%2F14680181211055644&partnerID=40&md5=49e8d5feaa72ea6d9601e472c305f48a,,2021,12/29/2025 21:39,12/29/2025 21:39,,595-626,,3,21,,,,,,,,,,English,,,Scopus,,,,,,,,COVID-19; social policy; policy approach,,,,,,,,,,,,,,,,,,,,,,,,,,,,,,,,,,,,,,,,,,,,,,,
W796F98M,journalArticle,2021,"Christensen, T.",The Social Policy Response to COVID-19 – The Failure to Help Vulnerable Children and Elderly People,Public Organization Review,,,10.1007/s11115-021-00560-2,https://www.scopus.com/inward/record.uri?eid=2-s2.0-85113956001&doi=10.1007%2Fs11115-021-00560-2&partnerID=40&md5=3d0252c15fb0162295a574bfe229a223,"Norway’s handling of COVID-19 has been seen as a success. Vulnerable groups among young and elderly people, have however, not been part of this success. Their interests have been defocused in two ways. First, they have not been prioritized in the big picture, because the precautionary principle and health concerns, in particular the capacity questions, have dominated. Second, the more specific social policy measures have been indirect and not particular targeted vulnerable children, youths and old people, and had negative effects for them, such as social isolation and lack of daily support and services, resulting in increasing problems. © 2021, The Author(s).",2021,12/29/2025 21:39,12/29/2025 21:39,,707-722,,4,21,,,,,,,,,,English,,,Scopus,,,,,,,,COVID-19; Norway; Social policy responses; Vulnerable groups,,,,,,,,,,,,,,,,,,,,,,,,,,,,,,,,,,,,,,,,,,,,,,,
ZZRY64R2,journalArticle,2021,"Seemann, A.; Becker, U.; He, L.; Maria Hohnerlein, E.; Wilman, N.",Protecting livelihoods in the COVID-19 crisis: A comparative analysis of European labour market and social policies,Global Social Policy,,,10.1177/14680181211019281,https://www.scopus.com/inward/record.uri?eid=2-s2.0-85107578722&doi=10.1177%2F14680181211019281&partnerID=40&md5=2f10d0a90cd3f4b2988cef58706ec721,"This article provides a comparative study of the labour market and social policy measures introduced in light of the COVID-19 crisis in Denmark, France, Germany, Italy and the United Kingdom between March 2020 and January 2021. Its main aim is to understand whether the crisis response has changed the structures of the welfare states concerned. Focusing in particular on the differences regarding the crisis measures taken for individuals in ‘standard employment’ and ‘non-standard workers’ in each country, it argues that, although extensive temporary protection instruments were introduced for both groups during the crisis, these did not lead to an immediate convergence as regards these groups’ social protection. Rather than changing the underlying structures of welfare systems, many of the measures in fact highlighted the specific vulnerabilities of large segments of Europe’s labour markets. States have, however, granted social compensation at unprecedented levels, which could result in improved infrastructures and a clearer understanding of the responsibility of the welfare state in future emergencies. © The Author(s) 2021.",2021,12/29/2025 21:39,12/29/2025 21:39,,550-568,,3,21,,,,,,,,,,English,,,Scopus,,,,,,,,COVID-19; Germany; social policy; welfare state; labor market; Denmark; France; comparative study; United Kingdom; Italy; crisis management; wage; solidarity; Compensation; livelihood; non-standard work; self employment; self-employment,,,,,,,,,,,,,,,,,,,,,,,,,,,,,,,,,,,,,,,,,,,,,,,
7XVVDI7X,journalArticle,2021,"Kvieskienė, G.; Ivanova, I.; Trasberg, K.; Stasytytė, V.; Celiešienė, E.",Modelling of social policy and initiatives under covid-19: Rural neet youth case study,Social Sciences,,,10.3390/socsci10100393,https://www.scopus.com/inward/record.uri?eid=2-s2.0-85128434234&doi=10.3390%2Fsocsci10100393&partnerID=40&md5=a3931747e320d40fb6b280dddc9f35af,"NEET (Not in Education, Employment, or Training) youth rates in Europe are generally higher in rural regions than in urban areas and the share in rural regions is constantly increasing. During the COVID-19 pandemic, young people became even more vulnerable as they experienced social exclusion and mental health problems. The objective of this paper is to analyse NEET youth-related statistics in Europe and distinguish positive initiatives for young people in rural areas of the Baltic countries to encourage positive emotions and willingness to learn. Statistical analysis and case study methods were employed. Data on youth unemployment, NEET youth by age and gender, and poverty and social exclusion of young people, is analysed. Social policy initiatives in Lithuania, Latvia, and Estonia, mainly from rural municipalities, are presented and discussed. This research determines the key issues related to NEET youth and proposes initiatives to overcome existing problems among young people. Such social initiatives aim to promote positive social emotions of youth, promote their inclusion in society, and foster regional sustainability. © 2021 by the authors. Licensee MDPI, Basel, Switzerland.",2021,12/29/2025 21:39,12/29/2025 21:39,,,,10,10,,,,,,,,,,English,,,Scopus,,,,,,,,COVID-19 pandemic; Unemployment; Emotions; Mental health; NEET youth,,,,,,,,,,,,,,,,,,,,,,,,,,,,,,,,,,,,,,,,,,,,,,,
KXGV3XQB,journalArticle,2021,"Vesan, P.; Pansardi, P.",Speaking social Europe: A paradigmatic shift in the European Commission Presidents’ social policy discourse?,Journal of European Social Policy,,,10.1177/0958928721999596,https://www.scopus.com/inward/record.uri?eid=2-s2.0-85104559922&doi=10.1177%2F0958928721999596&partnerID=40&md5=1e25cde81a33ca3c0c7a320e58fab57b,"This article presents an original analysis of the social policy discourse at the European Union level by focusing on the language used by European Commission Presidents when addressing social issues. Through an empirical analysis based on a semi-supervised machine learning approach, we consider the entire corpus of speeches made by Barroso and Juncker from 2010 to 2018 and we classify all sentences according to three possible variants of social policy language: social-retrenchment, social-investment and rights-based language. We argue that the focus on these languages allows us to understand whether the ‘fiscal consolidation discipline’ narrative, which dominated in the aftermath of the Great Recession, has been challenged over the years by the recourse to alternative ‘social policy images’. The results confirm a significant shift in the overall configuration of social policy discourse between Barroso and Juncker. This shift has been mainly characterized by an increase in the use of rights-based language and a decrease in the use of social-retrenchment language, which however has not been completely abandoned. Therefore, the recalibration of EC’s speeches on social policy has not been abrupt but has instead been incremental. The article concludes by discussing preliminary interpretations of the observed trends and their potential implications in terms of ‘discursive legacy’ in the post-pandemic era. © The Author(s) 2021.",2021,12/29/2025 21:39,12/29/2025 21:39,,365-379,,4,31,,,,,,,,,,English,,,Scopus,,,,,,,,social policy; policy change; Europe; European Union; human rights; Discourse; political discourse; policy reform; empirical analysis; European Commission; European Social Policy; social policy image,,,,,,,,,,,,,,,,,,,,,,,,,,,,,,,,,,,,,,,,,,,,,,,
E7BUD5MJ,journalArticle,2021,,Global Social Policy Digest 21.2: Turning the tide in the battle against COVID-19?,Global Social Policy,,,10.1177/14680181211008665,https://www.scopus.com/inward/record.uri?eid=2-s2.0-85114397974&doi=10.1177%2F14680181211008665&partnerID=40&md5=d47e14c8bb8e6e723939ef68fd14032d,,2021,12/29/2025 21:39,12/29/2025 21:39,,349-377,,2,21,,,,,,,,,,English,,,Scopus,,,,,,,,health policy; COVID-19; epidemic; vaccination; disease control,,,,,,,,,,,,,,,,,,,,,,,,,,,,,,,,,,,,,,,,,,,,,,,
NEGZGSNJ,journalArticle,2021,"Kempf, I.; Dutta, P.",Transformative social policies as an essential buffer during socio-economic crises,Sustainable Development,,,10.1002/sd.2197,https://www.scopus.com/inward/record.uri?eid=2-s2.0-85108248363&doi=10.1002%2Fsd.2197&partnerID=40&md5=205ed3f29ad116fc672d1e577cc49950,"The current COVID-19 crisis raises the question of the role of transformative social policies (TSPs) during socio-economic crises. We used recent findings from an UNRISD survey of vulnerabilities and ILO's Social Protection Spotlight to examine the different roles of TSPs in the response to the COVID-19 crisis. We found that all TSPs are important, especially in terms of reaching vulnerable groups. They need, however, to be used simultaneously in an integrated manner to be successful and should be linked to crisis and disaster management. It is also important to enhance targeting of vulnerable groups within universalism to protect groups of individuals who require additional or different kinds of support, for example, migrant or informal workers. If these additional integrated policies become part of long-term development policies, they could be instrumental in ensuring that no one is left behind when the SDGs are implemented. © 2021 ERP Environment and John Wiley & Sons Ltd.",2021,12/29/2025 21:39,12/29/2025 21:39,,517-527,,3,29,,,,,,,,,,English,,,Scopus,,,,,,,,COVID-19; social policy; socioeconomic impact; COVID-19 crisis; disaster management; eco–social contract; integrated policies; socio-economic crises; Sustainable Development Goal; transformative social policy; universal social protection,,,,,,,,,,,,,,,,,,,,,,,,,,,,,,,,,,,,,,,,,,,,,,,
TCDQNDIT,journalArticle,2021,"Béland, D.; Cantillon, B.; Hick, R.; Moreira, A.",Social policy in the face of a global pandemic: Policy responses to the COVID-19 crisis,Social Policy and Administration,,,10.1111/spol.12718,https://www.scopus.com/inward/record.uri?eid=2-s2.0-85102628497&doi=10.1111%2Fspol.12718&partnerID=40&md5=cf58f3474cb9b9e803cba2624ba0b26b,"How have welfare states responded to the coronavirus pandemic? In this introductory article, we provide a synopsis of papers that comprise this special issue on social policy responses to COVID-19, an overview of some of the key questions they raise, and some provisional answers to these questions. Our conclusions are threefold: first, these social policy responses, while entailing new developments in many countries, nonetheless reflect, at least in part, existing national policy legacies. Second, these responses can be understood as a form of “emergency Keynesianism,” which is characterized by the massive use of deficit spending during economic crises, with the aim of to supporting rather than challenging core capitalist institutions. Third, there are clear differences in terms of the nature of the reforms enacted during the initial phase of the COVID-19 crisis as compared to reforms enacted as a response to the 2008 financial crisis. © 2021 John Wiley & Sons Ltd",2021,12/29/2025 21:39,12/29/2025 21:39,,249-260,,2,55,,,,,,,,,,English,,,Scopus,,,,,,,,pandemic; COVID-19; social policy; crisis; welfare state; welfare provision; financial crisis; policy reform; policy development; policy analysis; crisis management; Coronavirus; epidemic; global perspective; policy responses; Trixis,,,,,,,,,,,,,,,,,,,,,,,,,,,,,,,,,,,,,,,,,,,,,,,
7LYKEVI6,journalArticle,2021,"Aidukaite, J.; Saxonberg, S.; Szelewa, D.; Szikra, D.",Social policy in the face of a global pandemic: Policy responses to the COVID-19 crisis in Central and Eastern Europe,Social Policy and Administration,,,10.1111/spol.12704,https://www.scopus.com/inward/record.uri?eid=2-s2.0-85099746386&doi=10.1111%2Fspol.12704&partnerID=40&md5=f0db43832a3a72a71a853c30039d939f,"This article documents and compares the social policies that the governments in Central and Eastern Europe (CEE) implemented to combat the first wave of COVID-19 pandemic by focusing on Hungary, Lithuania, Poland and Slovakia. Our findings show that governments in all four countries reacted to the COVID-19 crisis by providing extensive protection for jobs and enterprises. Differences arise when it comes to solidaristic policy responses to care for the most vulnerable population, in which CEE countries show great variation. We find that social policy responses to the first wave of COVID-19 have largely depended on precious social policy trajectories as well as the political situation of the country during the pandemic. © 2021 John Wiley & Sons Ltd",2021,12/29/2025 21:39,12/29/2025 21:39,,358-373,,2,55,,,,,,,,,,English,,,Scopus,,,,,,,,COVID-19; social policy; Slovakia; crisis; social security; Poland [Central Europe]; crisis management; policy implementation; local government; Hungary; Lithuania; Poland,,,,,,,,,,,,,,,,,,,,,,,,,,,,,,,,,,,,,,,,,,,,,,,
4ASVJ8KM,journalArticle,2021,"Moreira, A.; León, M.; Coda Moscarola, F.; Roumpakis, A.",In the eye of the storm…again! Social policy responses to COVID-19 in Southern Europe,Social Policy and Administration,,,10.1111/spol.12681,https://www.scopus.com/inward/record.uri?eid=2-s2.0-85098106556&doi=10.1111%2Fspol.12681&partnerID=40&md5=629c2d123811af80d9bd3f8b3f55733b,"This paper aims to describe and discuss the significance of the social policy measures implemented in Southern European countries—Greece, Italy, Portugal and Spain—in response to the first wave of COVID-19. Our analysis covers interventions from 1 March to June 30, 2020. Despite significant differences in how the COVID-19 pandemic spread—with Italy and Spain experiencing much higher rates of infection and lethality—Southern European economies are among the most hard-hit—and are likely to find themselves in the eye of the storm, once more. The paper shows that despite differences in how countries have countered the spread of COVID-19, there are important commonalities in the actions governments took to counteract the economic impact of the pandemic. Foremost efforts were directed at wage subsidy schemes to contain mass job destruction, additional temporary benefits to compensate self-employed and other non-standard workers for the loss of earnings; the expansion of unemployment insurance; and finally, the introduction and/or strengthening of schemes to provide support to families with care responsibilities. The scale of the social policy and employment protection response has nevertheless been constrained by the fiscal position of each individual country in the post-Euro crisis context. We argue that, in the long run, the response capacity of these governments and the social and economic consequences of this crisis will need to be contextualised against the backdrop of the deep and prolonged impact of austerity-driven measures on public budgets, production and welfare regimes over the last decade. © 2020 John Wiley & Sons Ltd",2021,12/29/2025 21:39,12/29/2025 21:39,,339-357,,2,55,,,,,,,,,,English,,,Scopus,,,,,,,,pandemic; COVID-19; employment; social policy; fiscal policy; Portugal; Greece; Italy; economic impact; disease spread; subsidy system; wage; Spain; policy implementation; infectious disease; Southern European welfare regimes,,,,,,,,,,,,,,,,,,,,,,,,,,,,,,,,,,,,,,,,,,,,,,,
H95CHQJ4,journalArticle,2021,"Moreira, A.; Hick, R.","COVID-19, the Great Recession and social policy: Is this time different?",Social Policy and Administration,,,10.1111/spol.12679,https://www.scopus.com/inward/record.uri?eid=2-s2.0-85097558634&doi=10.1111%2Fspol.12679&partnerID=40&md5=b7e060d4245f26d2cbf179c5863742b9,"This paper provides an overview of the initial crisis responses to the coronavirus pandemic and asks whether and how both the nature of the COVID-19 crisis and the national responses to this differ from those witnessed during the Great Recession. We argue that the speed and scale of the crisis are indeed distinctive, but that claims of symmetry—a crisis affecting all equally—are misplaced. We suggest that stimulus packages have, in broad terms, reflected the scale of the threat and that the wage subsidies and employment supports that were introduced or adjusted are novel in scope and scale, with innovative developments. There has been a greater emphasis on housing than was apparent in responses to the Great Recession and, while a focus on taxation in response packages has been a focus in both crises, its form differs, with a greater reliance on deferrals rather than tax reductions in the stimulus plans announced to date. Our account stresses the agility of crisis responses and this agility must be regarded as welcome, mitigating a great deal of social harm during the initial phase of the pandemic. Whether these short-run responses create pressures for wider-ranging change is much debated, but highly uncertain. © 2020 John Wiley & Sons Ltd",2021,12/29/2025 21:39,12/29/2025 21:39,,261-279,,2,55,,,,,,,,,,English,,,Scopus,,,,,,,,COVID-19; employment; social policy; labor market; financial crisis; economic impact; Coronavirus; disease spread; epidemic; Great Recession; health; housing; labour market; subsidy system; tax system; taxation; wage,,,,,,,,,,,,,,,,,,,,,,,,,,,,,,,,,,,,,,,,,,,,,,,
8IPL8KI3,journalArticle,2021,"Magocha, M.J.",Zimbabwe’s social policy response to COVID-19 and implications for social work,African Journal of Social Work,,,,https://www.scopus.com/inward/record.uri?eid=2-s2.0-85130061842&partnerID=40&md5=e0d752f5f2b001f9e170c86e53477b8d,"The COVID-19 pandemic has transformed into a global social, political and economic crisis, impacting significantly on manifest vulnerabilities. Governments in third world countries, already reeling from economic and other shocks, found themselves with a new existential predicament that demanded clear and present responses. Across the globe, the crisis invited quick policy measures to contain and halt the spread of the pandemic. Zimbabwe, like other countries, adopted a raft of policy measures, including statutory instruments and presidential decrees that had a major impact on the livelihoods of the people, in the backdrop of significant economic, social and political crises. This paper investigated the policy measures adopted by the Zimbabwean government to manage the COVID-19 pandemic and ensuring that the social protection needs of the people were catered for. This paper notes that the policy options assumed by government in response to the pandemic seemed more knee jerk reactions premised on what other countries were doing, rather than well thought out strategies that responded to the prevailing realities of the country. Therefore, instead of mitigating the already existing and novel threats, the policy responses in some measure accentuated and compounded those vulnerabilities. This paper thus calls for government to promulgate and implement policy options that take due cognisance of the prevailing national social and economic imperatives. © National Association of Social Workers-Zimbabwe/Author(s)",2021,12/29/2025 21:39,12/29/2025 21:39,,216-222,,4,11,,,,,,,,,,English,,,Scopus,,,,,,,,vulnerability; COVID-19; social policy; social work; social protection; Zimbabwe; statutory instruments,,,,,,,,,,,,,,,,,,,,,,,,,,,,,,,,,,,,,,,,,,,,,,,
GL75L7ZC,journalArticle,2021,"Zaidi, M.; Aaslund, H.",Pedagogy of the protest: teaching social workers about collective action and the social policy context,Social Work and Society,,,,https://www.scopus.com/inward/record.uri?eid=2-s2.0-85124565753&partnerID=40&md5=9e060d0a1aec1d7ca023417c620ada56,"Global disruptions such as COVID-19 have led to mass unemployment and service overload in social welfare systems. Service users and marginalized communities have responded with collective protest in several countries to affect social policies, which also affects social work education (Bright, 2021). Simultaneously, the pandemic threatens to further erode the solidarity needed to address the tension between equality and autonomy central to social work (Pentini & Lorenz, 2020). Although there are subfields of community development and social policy in social work whereby collective action and resistance is discussed, we argue that social workers are ill prepared when responding to collective protests. In turn, social movements have been pointed to as important for future social work education (Ferguson, 2017), but social work education remains dominated by case management and clinical practice focused on social problems of individuals, groups, and families as well as an emphasis in serving the interest of a social welfare state (Asakura et al., 2020). Conversely, social work education is less focused on addressing social problems at the community and national level and teaching collective protest against a social welfare state. Where there is discussion about social problems at the community and national level, social workers are seldom taught about collective protests by marginalized groups against social welfare systems (Aaslund & Woll, 2021; Noble, 2018), especially the dilemmas and complexity when it is a system in which a social worker is employed (Aaslund & Chear, 2020) © 2021. Social Work and Society. All Rights Reserved.",2021,12/29/2025 21:39,12/29/2025 21:39,,,,2,19,,,,,,,,,,English,,,Scopus,,,,,,,,,,,,,,,,,,,,,,,,,,,,,,,,,,,,,,,,,,,,,,,,,,,,,,,
G23B3L4Y,journalArticle,2021,"Astákhova, E.V.; Rostov, N.A.",CURRENT TRENDS IN SOCIAL POLICY IN SPAIN,Iberoamerica (Russian Federation),,,10.37656/S20768400-2021-4-08,https://www.scopus.com/inward/record.uri?eid=2-s2.0-85123714402&doi=10.37656%2FS20768400-2021-4-08&partnerID=40&md5=26494f0cfe200b016ab9165a277a5052,"Against the background of a new coronavirus pandemic, which once again revealed the shortcomings and inefficiency of the existing globalist development model, the socially oriented countries that heavily rely on an advanced public sector in planning their own economic growth proved themselves to be effective. Some attempts to lead the economy out of a permanent structural crisis by giving impetus to the social sphere have also begun to emerge in the West. The case of Spain is the most emblematic, because there the left-wing coalition government is trying to mitigate the impact of the COVID-19 pandemic in a harsh foreign and domestic political climate by widely introducing basic social protection instruments. In this sense, it is of particular interest to analyze the prospects for a possible further evolution of social policy. © 2021. All Rights Reserved.",2021,12/29/2025 21:39,12/29/2025 21:39,,165-188,,4,,,,СОВРЕМЕННЫЕ ТЕНДЕНЦИИ СОЦИАЛЬНОЙ ПОЛИТИКИ ИСПАНИИ,,,,,,,English,,,Scopus,,,,,,,,COVID-19; Social policy; Spain; Crisis management; Development model; Public sector; Second government of Pedro Sánchez; Spanish Socialist Workers’ Party; Unidas Podemos,,,,,,,,,,,,,,,,,,,,,,,,,,,,,,,,,,,,,,,,,,,,,,,
M4B6KSNC,journalArticle,2021,"Li, J.; Huang, C.; Yuan, B.; Liang, H.",The Impact of Stigmatization on Social Avoidance and Fear of Disclosure among Older People: Implications for Social Policy Preparedness in a Public Health Crisis,Journal of Aging and Social Policy,,,10.1080/08959420.2021.1924343,https://www.scopus.com/inward/record.uri?eid=2-s2.0-85106023643&doi=10.1080%2F08959420.2021.1924343&partnerID=40&md5=565528046f304e371c9bf49cab3a21b1,"This study examined whether older people with epicenter travel experiences in the event of the novel coronavirus disease epidemic suffered from stigmatization, which in turn affected subsequent behavior, including fear of disclosure and social avoidance. A three-wave survey was conducted using a time-lagged design of older people who had travel experiences in Hubei, China on the eve of the outbreak. Results reveal positive associations between stigmatization and stress, social avoidance, and fear of disclosure, in addition to positive associations between stress and social avoidance and fear of disclosure. Findings thus suggest that the effects of stigmatization on social avoidance and fear of disclosure is mediated, in part, by stress. De-stigmatization and psychological supports should be prioritized for epidemic prevention and control among older people in quarantine. © 2021 Taylor & Francis.",2021,12/29/2025 21:39,12/29/2025 21:39,,342-358,,5-Apr,33,,,,,,,,,,English,,,Scopus,,,,,,,,health policy; public policy; COVID-19; social policy; policy making; human; female; male; health care; policy approach; Coronavirus; Humans; Public Policy; Female; Male; middle aged; Middle Aged; policy implementation; public health; Public Health; China; aged; Aged; Hubei; Disclosure; fear; Fear; fear of disclosure; interpersonal communication; perceived stress; psychology; quarantine; Quarantine; social avoidance; social isolation; Social Isolation; stereotyping; Stereotyping; Stigmatization; travel; Travel,,,,,,,,,,,,,,,,,,,,,,,,,,,,,,,,,,,,,,,,,,,,,,,
8NK9FP7W,journalArticle,2021,"Yuda, T.K.; Damanik, J.; Nurhadi, N.",Examining emerging social policy during COVID-19 in Indonesia and the case for a community-based support system,Asian Pacific Journal of Social Work,,,10.1080/02185385.2020.1829499,https://www.scopus.com/inward/record.uri?eid=2-s2.0-85095764696&doi=10.1080%2F02185385.2020.1829499&partnerID=40&md5=1ac4f80e0f414f0dadb306cf9fb0f2bc,"This article seeks to examine an emerging model of social policy governance during the COVID-19 crisis. Our observation indicates although positive welfare model reform that leads to protective-developmental orientation is underway, there remains important issues that need to be addressed. We recommend developing a community-based support system that is able to capture the community’s needs based on their real-time conditions, especially for vulnerable groups which have often been neglected. This system would provide better direction for governments, NGOs, and donors to more effectively allocate resources to communities, and be applicable should a similar crisis arise in the future. © 2020 Department of Social Work, National University of Singapore, Singapore.",2021,12/29/2025 21:39,12/29/2025 21:39,,13-22,,2-Jan,31,,,,,,,,,,English,,,Scopus,,,,,,,,COVID-19; welfare reform; developmental; protective; social safety nets,,,,,,,,,,,,,,,,,,,,,,,,,,,,,,,,,,,,,,,,,,,,,,,
UF54WY3D,journalArticle,2021,"Cook, R.; Grimshaw, D.",A gendered lens on COVID-19 employment and social policies in Europe,European Societies,,,10.1080/14616696.2020.1822538,https://www.scopus.com/inward/record.uri?eid=2-s2.0-85092653269&doi=10.1080%2F14616696.2020.1822538&partnerID=40&md5=e6ad86ec9bf92f5d998ece8d62bf7fbe,"The COVID-19 outbreak and resultant economic crisis has led to governments in Europe taking extraordinary action to support citizens. Bodies such as the International Labour Organisation (ILO) recommend such measures should include targeted support for the most affected population groups. Women form one of these groups, with disproportionate impacts on their employment and economic resources already documented. Although the disruption brought about by the COVID-19 crisis has the potential to reshape gender relations for everyone’s benefit, there are concerns that the crisis will exacerbate underlying gender inequalities. Though these impacts are likely to be felt globally, public policy has the potential to mitigate them and to ensure a gender-sensitive recovery from the crisis. This paper introduces a gendered lens on the employment and social policies European countries have established since the crisis, with a brief comparative analysis of short-time working schemes in four countries–Germany, Italy, Norway, and the UK. Ongoing research seeks to extend the comparative, gendered analysis of the design, access and impacts of COVID-19 employment and social policies across Europe. © 2020 The Author(s). Published by Informa UK Limited, trading as Taylor & Francis Group.",2021,12/29/2025 21:39,12/29/2025 21:39,,S215-S227,,S1,23,,,,,,,,,,English,,,Scopus,,,,,,,,COVID-19; employment; social policy; gender,,,,,,,,,,,,,,,,,,,,,,,,,,,,,,,,,,,,,,,,,,,,,,,
VDVWDPPX,journalArticle,2020,"Bowpitt, G.",Choosing to be homeless? Persistent rough sleeping and the perverse incentives of social policy in England,"Housing, Care and Support",,,10.1108/HCS-07-2020-0010,https://www.scopus.com/inward/record.uri?eid=2-s2.0-85096611339&doi=10.1108%2FHCS-07-2020-0010&partnerID=40&md5=c7121c8d18e698d2f716e27c378146ac,"Purpose: With the temporary housing of rough sleepers in response to the Covid-19 emergency, some commentators have been tempted to believe that the rising population of rough sleepers in the UK has finally been reversed. This paper aims to examine the choices made by persistent rough sleepers and how far they are influenced by the perverse incentives of social policies, in order to challenge the view that they sleep rough out of choice. Design/methodology/approach: Evidence for this paper is derived from two teams of frontline service providers with routine familiarity with the rough sleeping population: a street outreach team and a team of support workers working with adults with multiple and complex needs. Primary data from focus groups were combined with the secondary analysis of both numerical and narrative accounts routinely recorded by both teams. Findings: The exercise of agency by persistent rough sleepers is constrained by a mixed baggage of complex needs, past negative risk assessments, limited resources and regulatory deterrents to generate choices to reject help that appear irrational. These need to be understood if recent policy initiatives to end rough sleeping are to be effective. Originality/value: The paper draws on the experience and comprehensive records of practitioners with intimate knowledge of the rough sleeping population. It extends narrative accounts of causes by focusing on key choices to show how the perverse incentives of policy combine with personal factors to incline rough sleeping to persist. © 2020, Emerald Publishing Limited.",2020,12/29/2025 21:39,12/29/2025 21:39,,135-147,,4-Mar,23,,,,,,,,,,English,,,Scopus,,,,,,,,article; human; policy; adult; Rationality; England; risk assessment; Agency; Choice; exercise; homelessness; Homelessness; narrative; physician; Rough sleeping; secondary analysis; sleep; worker,,,,,,,,,,,,,,,,,,,,,,,,,,,,,,,,,,,,,,,,,,,,,,,
5Q6YUNW8,journalArticle,2020,,Global Social Policy Digest 20.3 and COVID-19: Global social or ‘corona’ policies and governance?,Global Social Policy,,,10.1177/1468018120966662,https://www.scopus.com/inward/record.uri?eid=2-s2.0-85097752028&doi=10.1177%2F1468018120966662&partnerID=40&md5=ed6584dd8e98637d3f74d87a4e9459b2,,2020,12/29/2025 21:39,12/29/2025 21:39,,412-449,,3,20,,,,,,,,,,English,,,Scopus,,,,,,,,health policy; COVID-19; governance approach; policy implementation; local government; viral disease,,,,,,,,,,,,,,,,,,,,,,,,,,,,,,,,,,,,,,,,,,,,,,,
RDAEYKED,journalArticle,2020,"Rao, N.; Narain, N.; Chakraborty, S.; Bhanjdeo, A.; Pattnaik, A.",Destinations Matter: Social Policy and Migrant Workers in the Times of Covid,European Journal of Development Research,,,10.1057/s41287-020-00326-4,https://www.scopus.com/inward/record.uri?eid=2-s2.0-85093976781&doi=10.1057%2Fs41287-020-00326-4&partnerID=40&md5=68e956e22f6f4994f0fb066a8b2dec1c,"The national lockdown of India announced on March 24th 2020 in response to the COVID-19 pandemic, left millions of migrant labourers stranded in their destinations. Thrown out of their informal labour arrangements in cities and industrial centres, unable to return to their villages in the absence of transportation, they were stranded for over a month with no income, improper housing and often lack of food. This paper discusses the experiences of men migrating from Chakai block, Jamui district, Bihar, to four Indian states, namely, Kerala, Gujarat, Uttar Pradesh and Maharashtra. We compare their experiences across these four destination states in relation to the social policy response following the national lockdown. Most workers are young men (16–35 years old) and their migration pattern is seasonal and circular. The emerging lessons provide inputs for social policy measures related to migrant workers in India. © 2020, The Author(s).",2020,12/29/2025 21:39,12/29/2025 21:39,,1639-1661,,5,32,,,,,,,,,,English,,,Scopus,,,,,,,,COVID-19; social policy; India; citizenship; viral disease; Social protection; Bihar; Citizenship; Kerala; migrant worker; migration; Stranded migrants,,,,,,,,,,,,,,,,,,,,,,,,,,,,,,,,,,,,,,,,,,,,,,,
NVZN2S4T,journalArticle,2020,"Eichhorst, W.; Marx, P.; Rinne, U.",Manoeuvring Through the Crisis: Labour Market and Social Policies During the COVID-19 Pandemic,Intereconomics,,,10.1007/s10272-020-0937-6,https://www.scopus.com/inward/record.uri?eid=2-s2.0-85096906394&doi=10.1007%2Fs10272-020-0937-6&partnerID=40&md5=eaf8aa6fe45450c4d6d052737753ed56,"The unprecedented COVID-19 pandemic has a severe impact on societies, economies and labour markets. However, not all countries, socio-economic groups and sectors are equally affected. Part of this disparity can be related to the different role and extent of short-time work, which is now being used more widely than during the Great Recession. Furthermore, unemployment benefits have been made more generous in many countries. While it is still too early to assess the relative success of national strategies to cope with the pandemic and to revitalise the labour market as well as to evaluate the medium-term fiscal viability of different support measures, a few policy directions become apparent. These include the use of digital tools to increase resilience against economic shocks, the longer-term perspective of short-time workers in the current crisis, social protection for self-employed workers that is robust to economic crises and resilient models for school-to-work transitions of younger workers. © 2020, The Author(s).",2020,12/29/2025 21:39,12/29/2025 21:39,,375-380,,6,55,,,,,,,,,,English,,,Scopus,,,,,,,,,,,,,,,,,,,,,,,,,,,,,,,,,,,,,,,,,,,,,,,,,,,,,,,
BS2P8FND,journalArticle,2020,"Wannamakok, W.; Sissokho, O.; Gates, T.G.",Human rights and education for Gambian young women during COVID-19: Recommendations for social policy and practice,International Social Work,,,10.1177/0020872820952860,https://www.scopus.com/inward/record.uri?eid=2-s2.0-85091033698&doi=10.1177%2F0020872820952860&partnerID=40&md5=82606a25212630c99581a4bc50cab9e8,"COVID-19 is not only a global health disaster but a full-fledged social, economic, and political crisis that could disrupt the gains made in women’s education and empowerment. In The Gambia, issues of unequal access to educational resources determined by gender, geographical location, and social class; a disproportionate burden of household chores imposed on women and girls; and economic pressures have the potential to expose girls to more violence, exclusion, and abuse. In this article, we use a human rights framework, as conceptualized by the Universal Declaration of Human Rights (UDHR) and the International Federation of Social Workers (IFSW), and discuss increases in educational inequality that young women in a poor, conservative, and patriarchal society will face during the COVID-19 pandemic. We propose solutions to mitigate these issues through social protection policies and practices that can ensure the right to education for the most vulnerable and marginalized. © The Author(s) 2020.",2020,12/29/2025 21:39,12/29/2025 21:39,,825-829,,6,63,,,,,,,,,,English,,,Scopus,,,,,,,,COVID-19; human rights; social work; education; Gambia; girls; young women,,,,,,,,,,,,,,,,,,,,,,,,,,,,,,,,,,,,,,,,,,,,,,,
F6P5IVPQ,journalArticle,2020,"Sengupta, S.; Jha, M.K.","Social Policy, COVID-19 and Impoverished Migrants: Challenges and Prospects in Locked Down India",International Journal of Community and Social Development,,,10.1177/2516602620933715,https://www.scopus.com/inward/record.uri?eid=2-s2.0-85090218790&doi=10.1177%2F2516602620933715&partnerID=40&md5=40267e94ca2529501ffdcfee3236c58d,"As countries shore up existing safeguards to address the social and economic impacts of the COVID-19 pandemic, India faces a humanitarian disaster of unprecedented proportions. Ninety per cent of the Indian workforce is employed in the unorganised sector; uncounted millions work in urban areas at great distances from rural homes. When the Government of India (GOI) announced the sudden ‘lockdown’ in March to contain the spread of the pandemic, migrant informal workers were mired in a survival crisis, through income loss, hunger, destitution and persecution from authorities policing containment and fearful communities maintaining ‘social distance’. In this context, the article analyses how poverty, informality and inequality are accentuated by the COVID-19 pandemic experiences of ‘locked down’ migrant workers. The article examines the nature and scope of existing social policy, designed under changing political regimes and a fluctuating economic climate, to protect this vulnerable group and mitigate dislocation, discrimination and destitution at this moment and in future. © 2020 SAGE Publications.",2020,12/29/2025 21:39,12/29/2025 21:39,,152-172,,2,2,,,,,,,,,,English,,,Scopus,,,,,,,,comparative social policy; disaster and emergency; Local communities; poverty and inequality,,,,,,,,,,,,,,,,,,,,,,,,,,,,,,,,,,,,,,,,,,,,,,,
SRHP3KZ7,journalArticle,2020,"Wilson, S.","Rising pressures, new scaffolding, uncertain futures: Australia’s social policy response to the covid-19 pandemic",Journal of Australian Political Economy,,,,https://www.scopus.com/inward/record.uri?eid=2-s2.0-85105414678&partnerID=40&md5=ae7bb6fb854680748d25806aeb8514d2,,2020,12/29/2025 21:39,12/29/2025 21:39,,183-192,,85,2020,,,,,,,,,,English,,,Scopus,,,,,,,,,,,,,,,,,,,,,,,,,,,,,,,,,,,,,,,,,,,,,,,,,,,,,,,
H3ID679G,journalArticle,2020,"Melugbo, D.; Amara Onwuka, I.","Demographic variations in public views of response to and management of the COVID-19 pandemic: Examining the perceived roles of public/social policies, government emergency powers and citizen participation",Balkan Social Science Review,,,10.46763/BSSR2016279UM,https://www.scopus.com/inward/record.uri?eid=2-s2.0-85100937866&doi=10.46763%2FBSSR2016279UM&partnerID=40&md5=1ac6724d69ca3c1a079bf22f80908145,"This study examined the demographic variations in public views of response to and management of the Covid-19 pandemic in Nigeria. Specifically, the study assessed the proportion of responses to items on social/public policies designed for the management of the pandemic, government emergency powers with regards to the Covid-19 pandemic and roles of citizens in tackling the challenges that come with the Covid-19 pandemic. A web-based survey design was employed to elicit data from 600 respondents. Findings showed that although many respondents supported the lockdowns of various states and a cessation of social and economic activity, they were not satisfied with the implementation of many of the social policies that the government had designed to respond to and manage the resulting challenges of Covid-19.As to the political response and management of the lockdowns and restrictions due to the Covid-19 pandemic, many people expressed the views that the government and law enforcement agents have abused their emergency powers. Many respondents understood what their roles were as responsible citizens in a time like this. Overall, findings accentuate the likely impact of such socio-demographic factors as gender, age, educational status and financial sufficiency in public views of response to and management of the Covid-19 pandemic in Nigeria. While this study reflects respondents’ assessment or rating of government efforts in addressing the challenges of the Covid-19 pandemic, it also provides a link between socioeconomic vulnerability of social groups and the perceived successes resulting from societal response to and management of the Covid-19 pandemic in Nigeria. © 2020, Goce Delchev University of Shtip. All rights reserved.",2020,12/29/2025 21:39,12/29/2025 21:39,,279-299,,,16,,,,,,,,,,English,,,Scopus,,,,,,,,Covid-19; Coronavirus; Pandemic; Citizen participation; Emergency powers; Nigeria; Social/public policy,,,,,,,,,,,,,,,,,,,,,,,,,,,,,,,,,,,,,,,,,,,,,,,
7LQGH6BB,journalArticle,2020,"Poli, S.; Pandolfini, V.; Torrigiani, C.",Frailty and its social predictors among older people: Some empirical evidences and a lesson from COVID-19 for revising public health and social policies,Italian Journal of Sociology of Education,,,10.14658/pupj-ijse-2020-3-8,https://www.scopus.com/inward/record.uri?eid=2-s2.0-85093071805&doi=10.14658%2Fpupj-ijse-2020-3-8&partnerID=40&md5=234668ff5e76c494c29dc8017d4332a8,"The Covid-19 crisis revealed to be particularly lethal for older frail people. Such emergency, more critical in a scenario of diffused demographic ageing, stresses on the importance of protective measures toward older frail subjects, defining the early detection of frailty and of its predictive social factors among elderly population as a priority for the whole public health system. This paper describes the results of a study assessing the association of frailty with factors of social exclusion by means of a survey on a population-based sample of 1,354 community-dwelling older residents living in Genoa, Italy. Focusing on a multidimensional conceptualization of frailty, the individual’s physical and cognitive state resulted associated with higher levels of social vulnerability and perceived isolation, reproducing patterns of marginalization and exclusion and confirming the hybridization of multiple factors of socioeconomic weakness as main predictors of mortality among older frail people. Our results underline the need of combining early screening of frailty and its social predictors in a preventive approach in order to identify in the short term the most exposed profiles, as well, in the long term, once settled the emergency, the need of a multimodal intervention against geriatric frailty to offer better protection against major risk of mortality due to Covid-19. © 2020, Padova University Press. All rights reserved.",2020,12/29/2025 21:39,12/29/2025 21:39,,151-176,,3,12,,,,,,,,,,English,,,Scopus,,,,,,,,Covid-19; Ageing; Frailty; Health policies; Social vulnerability,,,,,,,,,,,,,,,,,,,,,,,,,,,,,,,,,,,,,,,,,,,,,,,
7NUP47I7,journalArticle,2020,"Sokhey, S.W.",What Does Putin Promise Russians? Russia's Authoritarian Social Policy,Orbis,,,10.1016/j.orbis.2020.05.003,https://www.scopus.com/inward/record.uri?eid=2-s2.0-85087220367&doi=10.1016%2Fj.orbis.2020.05.003&partnerID=40&md5=17d0d22f2fb7ffb5a9412f25d9cec445,"In his 20 years in power, Vladimir Putin has employed a savvy use of social policy to bolster his popularity, but it is a set of policies not well designed to address Russia's chronic under-provision of healthcare, education, and other social services—particularly in rural areas. The COVID-19 global pandemic will only exacerbate Russia's social policy challenges and could pose a threat to Putin's political survival. © 2020",2020,12/29/2025 21:39,12/29/2025 21:39,,390-402,,3,64,,,,,,,,,,English,,,Scopus,,,,,,,,,,,,,,,,,,,,,,,,,,,,,,,,,,,,,,,,,,,,,,,,,,,,,,,
