Key,Item Type,Publication Year,Author,Title,Publication Title,ISBN,ISSN,DOI,Url,abstract,Date,Date Added,Date Modified,Access Date,Pages,Num Pages,Issue,Volume,Number Of Volumes,Journal Abbreviation,Short Title,Series,Series Number,Series Text,Series Title,Publisher,Place,Language,Rights,Type,Archive,Archive Location,Library Catalog,Call Number,Extra,Notes,File Attachments,Link Attachments,Manual Tags,Automatic Tags,Editor,Series Editor,Translator,Contributor,Attorney Agent,Book Author,Cast Member,Commenter,Composer,Cosponsor,Counsel,Interviewer,Producer,Recipient,Reviewed Author,Scriptwriter,Words By,Guest,Number,Edition,Running Time,Scale,Medium,Artwork Size,Filing Date,Application Number,Assignee,Issuing Authority,Country,Meeting Name,Conference Name,Court,References,Reporter,Legal Status,Priority Numbers,Programming Language,Version,System,Code,Code Number,Section,Session,Committee,History,Legislative Body
HCI43ENL,journalArticle,2025,,Global Social Policy Digest 25.2: A crisis of multilateralism in times of polarization?,Global Social Policy,,,10.1177/14680181251336043,https://www.scopus.com/inward/record.uri?eid=2-s2.0-105008077217&doi=10.1177%2F14680181251336043&partnerID=40&md5=64b702cf25d4d1bb85fcb448b897b0ad,,2025,12/29/2025 21:43,12/29/2025 21:43,,395-425,,2,25,,,,,,,,,,English,,,Scopus,,,,,,,,social policy; international relations,,,,,,,,,,,,,,,,,,,,,,,,,,,,,,,,,,,,,,,,,,,,,,,
ABPWUFEY,journalArticle,2025,"Fitzpatrick, C.; Chapman, A.; Harding, S.",Social policy in a political vacuum: Women's experiences of hunger during the Cost-of-Living Crisis in Northern Ireland,Social Policy and Administration,,,10.1111/spol.13063,https://www.scopus.com/inward/record.uri?eid=2-s2.0-85198711465&doi=10.1111%2Fspol.13063&partnerID=40&md5=01496731e9446f4376420f8c168c2bd3,"Between 2022 and 2024, there was no devolved government functioning in Northern Ireland. This protracted absence of government occurred in the aftermath of the Covid-19 pandemic and during what is arguably the worst economic crisis of recent years. Women are more vulnerable to hardship during economic crisis and thus it is unsurprising that the Cost-of-Living Crisis is hitting women hardest. This paper examines increasing food insecurity for women in Northern Ireland and the implications for the realisation of their human right to an adequate standard of living. The UK Government has ratified the International Covenant on Economic, Social and Cultural Rights, which provides a legal duty to ensure that everyone has adequate access to food. However, increasing numbers of food banks and ill health related to insufficient food intake indicates that there is a fundamental problem. This article draws on 20 focus groups with 250 women on a low-income to explore their experiences of the Cost-of-Living Crisis in Northern Ireland. The research found that women routinely skipped meals; described feelings of shame and guilt associated with struggling to feed their children; and discussed difficulties associated with purchasing food. Much of the pain associated with the hunger experienced by these women and children is hidden within the private sphere of the home. This article intends to shine a light on women's experiences and will reflect on the necessary policy change required to ensure compliance with international human rights obligations. © 2024 The Author(s). Social Policy & Administration published by John Wiley & Sons Ltd.",2025,12/29/2025 21:43,12/29/2025 21:43,,221-236,,2,59,,,,,,,,,,English,,,Scopus,,,,,,,,social policy; low income population; human rights; United Kingdom; Northern Ireland; food insecurity; food security; cost-of-living; food aid; food provisioning; hunger; living standard; maternal care; women,,,,,,,,,,,,,,,,,,,,,,,,,,,,,,,,,,,,,,,,,,,,,,,
HPGD7B8M,journalArticle,2025,"Berten, J.; Grabo, K.; Kaasch, A.; Martens, K.; Meier, S.; Moore, M.; Panaro, A.V.","Global social policy ideas in the COVID-19 crisis: Ideational change and continuity in the ILO, the OECD, the WHO, and the World Bank",Journal of International and Comparative Social Policy,,,10.1017/ics.2025.17,https://www.scopus.com/inward/record.uri?eid=2-s2.0-105003534982&doi=10.1017%2Fics.2025.17&partnerID=40&md5=9905948aa922591e40b0501a48d4007e,"Global crises constitute challenges for social policy. While social policy is predominantly a national concern, international organisations (IOs) contribute frames of reference for state decisions. In this article, we explore whether the COVID-19 pandemic led to changes in IOs' social policy ideas and recommendations in health care, labour market, and social protection policies due to how IOs perceived the crisis' specific nature, severity, and global scope. We focus on four IOs regarded as key actors in global social policy, namely the ILO, OECD, WHO, and the World Bank. Theoretically, we employ a framework of ideational policy change combining different levels (recommendations - including parameters and instruments - and paradigmatic ideas) with different types of change (layering, conversion, dismantlement, and displacement). We find that IOs have not fundamentally reimagined their pre-pandemic stances during the pandemic. The IOs' perceptions of the crisis do not undermine IOs' ideas and recommendations but highlight their appropriateness. © 2025 The Author(s).",2025,12/29/2025 21:43,12/29/2025 21:43,,15-Jan,,1,41,,,,,,,,,,English,,,Scopus,,,,,,,,COVID-19; social policy; change; crisis; ideas; international organisations,,,,,,,,,,,,,,,,,,,,,,,,,,,,,,,,,,,,,,,,,,,,,,,
6H7DWEP5,journalArticle,2025,"Ogbochie, A.N.; Okafor Samuel, S.O.; Ogbonnaya, K.A.; Okop, E.",Socialization Dynamics and Value System Crisis in Multicultural Setting: Implication to Adult Learning and Social Policy in Nigeria Institutions of Higher Learning,Italian Sociological Review,,,10.13136/isr.v15i2.813,https://www.scopus.com/inward/record.uri?eid=2-s2.0-105006661116&doi=10.13136%2Fisr.v15i2.813&partnerID=40&md5=5c51f528903669dad153f531982a2212,"Value system crisis, which is behind majority of other crises in the society across the globe, can be located behind the issues of socialization crisis. This study focused on understanding and explaining the aforementioned issues among Nigerian students in the higher institutions of learning. The study involving multicultural contexts included some 2400 students from 16 institutions of higher learning and more than 30 ethnic and socio-cultural groups from across Nigeria. The study adopted survey design with questionnaire instrument from the combination of Familial Ethnic Socialization Measure (FESM), California Psychological Inventory Socialization scale (CPI-So), Parental Socialization Scale ESPA29 (English translation) and Social Value Questionnaire (SVQ) with modifications to capture the major thrust of the study and the current issues in the environment of the study. The collected data were analyzed with SPSS version 23, while percentage, correlation and regression statistics were deployed to check for relationship of variables. According to the major findings of the study, socialization dynamics [SD1] is positively correlated with value system crisis-1 [VSC-1] (p<000, r.218), but negatively correlated with VSC-2 (p<000, r-.192) and VSC-3 (p<000, r-.275). Value system crisis was predicted by gender of the students, age, study year, religion, family background, etc. (R= 0.829, F= 65.027, P=.001). The study recommends robust policy transformation in institutions of higher learning in Nigeria for strong social institution. © rests with the author/s. This is an open access, peer reviewed article published under the Creative Commons License (CC BY 3.0).",2025,12/29/2025 21:43,12/29/2025 21:43,,439-465,,2,15,,,,,,,,,,English,,,Scopus,,,,,,,,social policy; sustainable development; adult learning; multicultural society; socialization dynamic; value system crisis,,,,,,,,,,,,,,,,,,,,,,,,,,,,,,,,,,,,,,,,,,,,,,,
MEJBHL3Z,journalArticle,2024,"Caleiras, J.; Carmo, R.M.",The politics of social policies in Portugal: Different responses in times of crises,Social Policy and Administration,,,10.1111/spol.13008,https://www.scopus.com/inward/record.uri?eid=2-s2.0-85185494876&doi=10.1111%2Fspol.13008&partnerID=40&md5=8d7f9426f0417a46e9fb751fdd83569c,"Portugal has been confronted with a succession of crises in recent years. This article explores the differences in the way that, in Portugal, the welfare regime tackled the Great Recession context (financial, euro, sovereign debt, structural adjustment crises) and COVID-19 crisis through very different policy responses. The fact that the governments in office acted differently when faced with realities that were close in time but very distinct, generates a paired comparative scenario, without forgetting the interim period. Supported by a plural methodological approach that gathers information from various sources, the outcomes reveal important aspects about the policy direction of changes and in terms of socio-economic indicators. First, policy responses have followed three dynamics in tension: Retrenchment, Mitigation, and Expansion. Second, the policies make a difference, producing distinct outcomes in terms of socioeconomic indicators (unemployment, inequality, poverty). Third, the responses to crises induced more “radical” measures (towards Retrenchment or Expansion), which are not consistent with interim situations. Finally, while the austeritarian response was part of the government in office's program, this was not the case during the pandemic, when the response was involuntary and unprogrammed. This means that, in being a provisional and dated response, there is a high risk that in the near future there will be a resumption of Mitigation or even Retrenchment policies. © 2024 The Authors. Social Policy & Administration published by John Wiley & Sons Ltd.",2024,12/29/2025 21:43,12/29/2025 21:43,,1042-1058,,7,58,,,,,,,,,,English,,,Scopus,,,,,,,,vulnerability; mitigation; employment; social policy; welfare provision; governance approach; state role; Portugal; welfare regimes; crisis management; policy approach; crises; employment measures; political geography; poverty alleviation; vulnerabilities,,,,,,,,,,,,,,,,,,,,,,,,,,,,,,,,,,,,,,,,,,,,,,,
CYAWNUFN,journalArticle,2024,"Kourachanis, N.",Housing Crisis and Neoliberal Social Policy in Greece,Society,,,10.1007/s12115-024-01009-0,https://www.scopus.com/inward/record.uri?eid=2-s2.0-85200874774&doi=10.1007%2Fs12115-024-01009-0&partnerID=40&md5=51a84b3b31548582ea3cc10235d61924,"The purpose of this study is to gain a comprehensive understanding of the factors contributing to the current housing crisis in Greece and to offer a critical assessment of existing interventions on social policy. It focuses on the way in which the multiple crises over the past 15 years and their management have exacerbated social inequalities. Housing represents an illustrative case study. In terms of housing resources, a systematic process of reverse redistribution is attempted, from the lower and middle social classes towards higher ones, by the Greek governments. The framework for managing the existing challenges of housing precariousness, such as rising rents, non-performing loans, foreclosure auctions, energy poverty phenomena, and the privatization of the energy market, as well as the resulting landscapes of humanitarian crisis (homelessness and refugee management), all lead to a deterioration of housing conditions. This phenomenon is inherently connected with the values underlying neoliberal social policy. © The Author(s), under exclusive licence to Springer Science+Business Media, LLC, part of Springer Nature 2024.",2024,12/29/2025 21:43,12/29/2025 21:43,,437-441,,4,61,,,,,,,,,,English,,,Scopus,,,,,,,,Homelessness; Energy poverty; Non-performing loans; Refugee management; Short-term rentals,,,,,,,,,,,,,,,,,,,,,,,,,,,,,,,,,,,,,,,,,,,,,,,
F7TNFQHD,journalArticle,2024,"Yuda, T.K.",The Politics of Path-Creation: Theory-Building of Social Policy Reform in Post-Economic Crisis Indonesia,Political Studies Review,,,10.1177/14789299231176949,https://www.scopus.com/inward/record.uri?eid=2-s2.0-85162704922&doi=10.1177%2F14789299231176949&partnerID=40&md5=4fdc1d31625da1b1242467fdaf40bfe6,"Institutional scholarship highlights policy as a frozen landscape, explaining its reluctance to depart from the predetermined trajectories. However, this argument needs to be reassessed to better capture the reality of the Indonesian social policy reform, most notably in healthcare. The reform involved sudden and radical changes from a segmented and decentralized model to a more integrated and inclusive one—outside the critical juncture of the 1998 economic crisis—creating a patchwork of old and new ideas and features within policy institutions. Empirical interview data show that path-creation changes in healthcare reform are characterized by a deviation from the path followed as an institutionally embedded principle. This deviation was made possible due to the considerable influence of academics-turned-senior bureaucrats (policy entrepreneurs), who capitalized on the widespread distrust of the ruling government to drive the desired reform. In addition, the success of Obamacare as a populist healthcare program amid the capitalist US system also undermined the legitimacy of policy actors’ previous attempts to reject reform. This article helps clarify the development and application of the path-creation theory, comparing it to established theories to reduce ambiguity. © The Author(s) 2023.",2024,12/29/2025 21:43,12/29/2025 21:43,,553-570,,3,22,,,,,,,,,,English,,,Scopus,,,,,,,,social policy; welfare provision; governance approach; health care; empirical analysis; historical perspective; institutional framework; Indonesia; path dependency; path creation; historical Institutionalism; policy changes; welfare politics,,,,,,,,,,,,,,,,,,,,,,,,,,,,,,,,,,,,,,,,,,,,,,,
WURBXA5U,journalArticle,2024,"Saxonberg, S.; Sirovátka, T.; Csudai, E.","Crisis? What crisis? Social policy when crises are and are not crises in Czechia, Hungary and Slovakia",Social Policy and Administration,,,10.1111/spol.13004,https://www.scopus.com/inward/record.uri?eid=2-s2.0-85183935391&doi=10.1111%2Fspol.13004&partnerID=40&md5=63deb939370a4bef667722175bd592a8,"In this article, we analyse how different governments have dealt with situations, labelled as ‘crises’ in the international and national discourses. More specifically, we analyse how the Czech, Hungarian and Slovak governments framed and dealt with their social policies during the 2008 ‘financial crisis’, the 2015 ‘refugee crisis’, and the 2020 ‘Covid crisis’. We argue that sometimes governments and the mass media frame the situation as a crisis, when objectively it would be hard to argue empirically that there really was a crisis. At other times, according to objective criteria, there is ample evidence that there is indeed a crisis, but the government tries to deny it for political reasons. Despite differences in objective conditions and differences in political constellations, none of the policymakers in the three countries took advantage of the windows of opportunity that the alleged crises presented to carry out path-changing social policy? changes. Instead, the changes we rather small and usually only temporary; thus, showing the importance of path dependency even during crisis situations. © 2024 The Authors. Social Policy & Administration published by John Wiley & Sons Ltd.",2024,12/29/2025 21:43,12/29/2025 21:43,,228-247,,2,58,,,,,,,,,,English,,,Scopus,,,,,,,,social policy; Slovakia; crisis; government; Central Europe; Czech Republic; crisis management; Hungary; mass media; path dependency; window of opportunity,,,,,,,,,,,,,,,,,,,,,,,,,,,,,,,,,,,,,,,,,,,,,,,
GCQQRV5A,journalArticle,2024,"Kananen, J.",The economisation of social policy and the rise of a crisis-prone culture,Problemy Polityki Spolecznej,,,10.31971/pps/184006,https://www.scopus.com/inward/record.uri?eid=2-s2.0-85195801243&doi=10.31971%2Fpps%2F184006&partnerID=40&md5=8b5931e5ca1a84ec01db8f33ae06ec97,"The economisation of social policy implied the emergence of neoclassical economics as a contestant for the foundation of social policy in theory and practice. A crucial phase in this process is the emergence of the international competition state paradigm, which urges governments to cut taxes, reduce generosity and tighten eligibility criteria for social security benefits. The adoption of the competition state paradigm reversed social policy in advanced welfare states, which used to balance the injustices of capitalism through an expansion of social citizenship rights. In Nordic welfare states, such as Denmark and Finland the advance of the competition state paradigm resulted in a clash with the constitution, which seeks to guarantee a minimum standard of living for all citizens. The economisation and subsequent reversal of the purpose of social policy was followed by increasing social inequality and a more general development characterised by a series of crises in the areas of economy, health, politics, environment, security, and global mobility. A seed of this development is endogenous, or internal, in other words, and lies in the representation of the human being associated with neoclassical economics and the competition state paradigm, according to which the pleasure-seeking human being is a potential free-rider and lazy idler in need of subordination and control. The article distinguishes between exogenous (or external) and endogenous (or internal) aspects of welfare state change and highlights our role as citizens and academics in both creating and resolving challenges related to societal development. © 2024 Faculty of Political Science and International Studies, University of Warsaw. All rights reserved.",2024,12/29/2025 21:43,12/29/2025 21:43,,,,2,65,,,,,,,,,,English,,,Scopus,,,,,,,,social policy; crises; economisation; labour markets; Nordic countries,,,,,,,,,,,,,,,,,,,,,,,,,,,,,,,,,,,,,,,,,,,,,,,
JG6PHNWX,journalArticle,2023,"Hawley, A.",Reviving Social Europe: a critical assessment of EU social policy in the wake of multiple crises,European Journal of Government and Economics,,,10.17979/ejge.2023.12.2.9541,https://www.scopus.com/inward/record.uri?eid=2-s2.0-85179747025&doi=10.17979%2Fejge.2023.12.2.9541&partnerID=40&md5=c7e2a5dba470e5f3bfae513c85b6bcb6,"The concept of ""Social Europe"" encompasses the European Union's social policy framework. This paper argues that the financial crisis of 2007-2009, the subsequent Euro crisis, and the ensuing austerity measures diverted significant attention away from Social Europe. This neglect led to declining living standards, reductions in public services, and the emergence of critical challenges such as the gig economy. In recent years, the COVID-19 pandemic has further exacerbated these issues, prompting a renewed focus on Social Europe by EU institutions. This paper conducts a chronological analysis of recent legislative (acquis) and non-legislative (soft power) instruments implemented to address these challenges and assesses the prospects of Social Europe in the near term. © The Author(s) 2023.",2023,12/29/2025 21:43,12/29/2025 21:43,,105-118,,2,12,,,,,,,,,,English,,,Scopus,,,,,,,,European Union; crises; acquis; Social Europe; soft power,,,,,,,,,,,,,,,,,,,,,,,,,,,,,,,,,,,,,,,,,,,,,,,
7F79NBZ5,journalArticle,2023,"López-Santana, M.; Núñez, L.; Béland, D.",Assessing public support for social policy in times of crisis: evidence from the Child Tax Credit during the COVID-19 era in the United States,Policy and Society,,,10.1093/polsoc/puad009,https://www.scopus.com/inward/record.uri?eid=2-s2.0-85182487322&doi=10.1093%2Fpolsoc%2Fpuad009&partnerID=40&md5=bf9812141fd8650506071c6600ed28f2,"The 2021 American Rescue Plan included the temporary expansion of the Child Tax Credit (CTC)-the largest individual income tax credit program in the United States-for most families with children. In the context of the COVID-19 pandemic, how did the public perceive this social policy benefit for families, especially in relation to other traditional social programs? By focusing on the CTC, an understudied policy area, and presenting original survey data, this paper first shows that, while the majority of respondents favored the CTC, levels of support for these benefits were lower than support for other social programs. Second, the paper suggests that, compared to older people and people with disabilities, Americans view families as part of the “undeserving” population. Third, by presenting panel data, we show that there is no change in levels of CTC support even among recipients of these benefits. Overall, these findings shed light on important challenges to the development and implementation of family policy in the USA, as well as the possibility of recalibrating the US liberal welfare state. © The Author(s) 2023. Published by Oxford University Press.",2023,12/29/2025 21:43,12/29/2025 21:43,,526-547,,4,42,,,,,,,,,,English,,,Scopus,,,,,,,,family policy; social policy; welfare state; United States; public support; Child Tax Credit,,,,,,,,,,,,,,,,,,,,,,,,,,,,,,,,,,,,,,,,,,,,,,,
ZYZ45BZU,journalArticle,2023,"Valero, D.; Cook, J.; Lee, A.; Browne, A.L.; Ellis, R.; Pancholi, V.S.; Hoolohan, C.",Addressing water poverty under climate crisis: Implications for social policy,Social Policy and Society,,,10.1017/S1474746423000258,https://www.scopus.com/inward/record.uri?eid=2-s2.0-85175305098&doi=10.1017%2FS1474746423000258&partnerID=40&md5=44384e536e737421563b62fd3daa40d4,"Access to safe, clean and affordable water is a basic human right and a global goal towards which climate change poses new challenges that heavily impact the health and wellbeing of people across the globe and exacerbate or create new inequalities. These challenges are shaped by a number of geographical and social conditions that, apart from the risks of weather-driven impacts on water, include water governance and management arrangements in place, including pricing tariffs, and the interplay of social and economic inequalities. Building on examples from Australia, Scotland and England and Wales that illustrate access to water in different types of water provision systems, and regarding to aspects of access, quality and affordability, this paper explores the types of challenges related to water poverty in the context of climate crisis and reflects on the multiple dimensions of water poverty oriented social policy at the interplay of climate change associated risks. © 2023 Cambridge University Press. All rights reserved.",2023,12/29/2025 21:43,12/29/2025 21:43,,747-762,,4,22,,,,,,,,,,English,,,Scopus,,,,,,,,Cost of living; Water affordability; Water insecurity; Water poverty,,,,,,,,,,,,,,,,,,,,,,,,,,,,,,,,,,,,,,,,,,,,,,,
ZMAU4FSW,journalArticle,2023,"Yuda, T.K.",Beyond path dependency: Analysing Indonesia's social policy responses to two crises,Social Policy and Administration,,,10.1111/spol.12902,https://www.scopus.com/inward/record.uri?eid=2-s2.0-85148608939&doi=10.1111%2Fspol.12902&partnerID=40&md5=5c6229c17f93926d11f6fd68c52316cc,"This article sets out a coherent framework for debates and discussions on social policy changes during crisis periods. Using Indonesia as a case, this article compares its social policy responses to the 1997–1998 economic crisis and the current COVID-19 pandemic crisis. Both two crises and their responses, once analysed, lead to an argument that path dependence does not always dominate policy processes, as most literature claims, but rather it operates alongside other path-creation-related processes, such as path-clearing policy accelerators and path-creation policy accelerators. This article also presents that ‘old player’ penetration in policy processes does not necessarily preclude alternatives and, in some examined cases, it, instead, strengthens impulses toward substantial reforms. Therefore, revised policies must be viewed as political vehicles for seeking popular support and power reconsolidation as democracy allows. Furthermore, this current analysis contributes to enhancing our understanding of crises, often seen as issues in public policy literature, yet less explored in terms of their importance as unique critical junctures and their implications for social policy changes in multiple paths. © 2023 John Wiley & Sons Ltd.",2023,12/29/2025 21:43,12/29/2025 21:43,,727-743,,5,57,,,,,,,,,,English,,,Scopus,,,,,,,,COVID-19; social policy; policy change; economic instability; policy reform; crisis management; Indonesia; Asian economic crisis; path creation; path dependence,,,,,,,,,,,,,,,,,,,,,,,,,,,,,,,,,,,,,,,,,,,,,,,
ZMRYD267,journalArticle,2023,"Ramia, G.; Perrone, L.","Crisis Management, Policy Reform, and Institutions: The Social Policy Response to COVID-19 in Australia",Social Policy and Society,,,10.1017/S1474746421000427,https://www.scopus.com/inward/record.uri?eid=2-s2.0-85117113165&doi=10.1017%2FS1474746421000427&partnerID=40&md5=983634295f5664592e5dde1125823cc6,"Social policy represents a critical dimension of the governmental response to COVID-19. This article analyses the Australian response, which was radical in that it signalled an unprecedented policy turnaround towards welfare generosity and the almost total relaxation of conditionality. It was also surprising because it was introduced by a conservative, anti-welfarist government. The principal argument is that, though the generosity was temporary, it should be understood simultaneously by reference to institutional change and institutional tradition. The ‘change’ element was shaped by the urgency and scale of the crisis, which indicated an institutional ‘critical juncture’. This provided a ‘window of opportunity’ for reform, which would otherwise be closed. ‘Tradition’ was reflected in the nation’s federalist conventions, which partially steered the response. The central implication for other countries is that, amid the uncertainty of a crisis, governments need to consider change within the bounds of their traditional institutions when introducing welfare reform. © The Author(s), 2021. Published by Cambridge University Press.",2023,12/29/2025 21:43,12/29/2025 21:43,,562-576,,3,22,,,,,,,,,,English,,,Scopus,,,,,,,,crisis management; crises; COVID-19 and social policies; Policy crises; policy responses to COVID-19; the welfare state,,,,,,,,,,,,,,,,,,,,,,,,,,,,,,,,,,,,,,,,,,,,,,,
XHBIJUN6,journalArticle,2023,"Carrosio, G.; De Vidovich, L.",Towards eco-social policies to tackle the socio-ecological crisis: energy poverty as an interface between welfare and environment,Environmental Sociology,,,10.1080/23251042.2023.2207707,https://www.scopus.com/inward/record.uri?eid=2-s2.0-85158892062&doi=10.1080%2F23251042.2023.2207707&partnerID=40&md5=d8303383e08b654ec9a428fbc6755736,"The interplay between the environmental issues–embedded in the climate crisis–and the sustainability of welfare systems is a recent research topic that is unfolding the complexities behind the environmental and the fiscal crises. Drawing on an extensive literature, this paper fits in this debate with a theoretical focus on ‘eco-welfare’ and the relevant eco-social policies seen as viable solutions to tackle the twofold socio-ecological crisis. The article discusses how the two crises are addressed by mainstream policies, and then it sets out the eco-welfare framework. In so doing, the paper enhances the relevance of pre-distribution factors in recognizing the interdependencies between social and environmental sustainability. Subsequently, the paper identifies energy poverty as a meaningful research topic to be addressed through an eco-welfare framework, by posing a peculiar attention to the social determinants behind the notion of ‘fuel poor’. Overall, the paper discusses both the contents of the environmental welfare state at a time of socio-ecological crisis, and the multidimensional aspects of energy poverty. © 2023 Informa UK Limited, trading as Taylor & Francis Group.",2023,12/29/2025 21:43,12/29/2025 21:43,,243-256,,3,9,,,,,,,,,,English,,,Scopus,,,,,,,,welfare; eco-social policies; eco-social work; Eco-welfare; energy poverty; environmental crisis; social justice,,,,,,,,,,,,,,,,,,,,,,,,,,,,,,,,,,,,,,,,,,,,,,,
6FCTXFBK,journalArticle,2022,"Meagher, K.","Crisis Narratives and the African Paradox: African Informal Economies, COVID-19 and the Decolonization of Social Policy",Development and Change,,,10.1111/dech.12737,https://www.scopus.com/inward/record.uri?eid=2-s2.0-85144327381&doi=10.1111%2Fdech.12737&partnerID=40&md5=3c68d836517659c88b0cbbe0585cdf56,"This article challenges the role of COVID-19 crisis narratives in shaping social policy choices in Africa. The COVID-19 pandemic has focused attention on Africa's vast informal economies, both as a symbol of the continent's intense vulnerability to the ravages of the pandemic, and as a puzzle in the face of the uneven and limited effects of COVID-19 across the continent. Indeed, an examination of statistical and documentary evidence reveals an inverse relationship between COVID-19 fatalities and the size of African informal economies, and a perverse relationship between best-practice COVID social protection responses and levels of COVID-19 mortality. Scrutinizing the evidence behind African COVID-19 crisis narratives raises questions about the ability of donor-led digitized social protection paradigms to address social needs in highly informalized, low-resource environments. This article highlights the role of crisis narratives as an exercise of power geared to remastering, homogenizing and reimagining African informal economies in ways that facilitate particular types of development intervention, sidelining alternative, more socially grounded policy perspectives. Through a closer examination of historical and contemporary realities in Africa's vast and varied informal economies, the article highlights the need to decolonize social policy by privileging local needs and policy perspectives over global policy agendas in the interest of transformative rather than palliative policy responses. © 2022 The Authors. Development and Change published by John Wiley & Sons Ltd on behalf of International Institute of Social Studies.",2022,12/29/2025 21:43,12/29/2025 21:43,,1200-1229,,6,53,,,,,,,,,,English,,,Scopus,,,,,,,,vulnerability; health policy; pandemic; COVID-19; social policy; crisis management; policy approach; epidemic; informal sector; Africa; decolonization; health impact; mortality,,,,,,,,,,,,,,,,,,,,,,,,,,,,,,,,,,,,,,,,,,,,,,,
GH7YWIJN,journalArticle,2022,"Liu, T.",Social policy reform driven by crises: Promoting and reshaping social policy during the SARS and COVID-19 pandemics in China,Social Policy and Administration,,,10.1111/spol.12818,https://www.scopus.com/inward/record.uri?eid=2-s2.0-85132617161&doi=10.1111%2Fspol.12818&partnerID=40&md5=87acd5baf92f565eca40f2d2413b1e04,"This article focuses on one particular and under-investigated dimension in the study of social policy – crisis events and their special function in promoting and shaping social protection programs. Crises are usually regarded as negative social events that tempestuously challenge the pre-existing socio-economic order, triggering social conflicts and disruption, either temporarily or in a more enduring fashion. However, social crises may also foster new opportunities for social investment, public finance expansion and welfare state building after the outbreak of a crisis and even during the post-crisis period. This article first examines the SARS pandemic and analyzes its developmental trajectory, reconstructing the national debates and discourses on the negative consequences and lessons learned in the SARS and post-SARS period. I argue that this crisis event revealed many loopholes in the Chinese public health system, constituting a powerful driving force for rebuilding the medical insurance system and health governance in China, and strengthening public discourse on welfare state responsibility. Second, I explore how, during the COVID-19 pandemic, scholars and experts have constructed the ‘short board’ of Chinese social policy, calling for further social policy reforms to narrow the gaps in health protection resources among social classes and to eliminate the fragmentation of health resource distribution. © 2022 John Wiley & Sons Ltd.",2022,12/29/2025 21:43,12/29/2025 21:43,,910-924,,6,56,,,,,,,,,,English,,,Scopus,,,,,,,,COVID-19; social policy; policy reform; crisis management; crises; public health; China; driven forces; health services; loopholes; pandemics; severe acute respiratory syndrome; short board,,,,,,,,,,,,,,,,,,,,,,,,,,,,,,,,,,,,,,,,,,,,,,,
9WFRJRDS,journalArticle,2022,"Bonea, G.-V.; Roşca, V.I.",SOCIAL POLICIES AROUND THE MINIMUM WAGE IN ROMANIA DURING THE COVID-19 CRISIS,Journal of Community Positive Practices,,,10.35782/JCPP.2022.1.01,https://www.scopus.com/inward/record.uri?eid=2-s2.0-85129620016&doi=10.35782%2FJCPP.2022.1.01&partnerID=40&md5=34c5a4b14780b81b5358c6b42ace4d54,"Given the current circumstances regarding the economic difficulties and uncertainties caused by the Covid-19 pandemic, the study of the evolution of the minimum wage is important in order to perform a radiography on the main trends, opportunities and problems in related social policies. The first and second part of the study bring upfront the importance of public policies on the minimum wage for ensuring a decent living and motivation of employees, for creating equal opportunities or access to the necessary resources for the poor. Through secondary data analysis, the third part of the study focuses on the impact of the Covid-19 crisis on the changes in the minimum wages in Romania compared to other countries in the Balkans, as well as the recent evolution and correlation between the minimum wage and the present situation of employment from the labor market in Romania. The last part offers conclusions in order to clarify several problems aiming at the minimum wage policy under the impact of the Covid-19 pandemic. One of the main limitations of the study was the multitude and complexity of the uncertainties related to the current pandemic context regarding the effects of the progress of the minimum wage at national and international level. © 2022",2022,12/29/2025 21:43,12/29/2025 21:43,,19-Mar,,1,22,,,,,,,,,,English,,,Scopus,,,,,,,,public policy; employment; Covid-19 crisis; Minimum wage; social economy,,,,,,,,,,,,,,,,,,,,,,,,,,,,,,,,,,,,,,,,,,,,,,,
7QM4IT63,journalArticle,2022,"McDougall, P.",European Cross-Sectoral Collective Bargaining as Post-Crisis Social Policy,Indiana Journal of Global Legal Studies,,,,https://www.scopus.com/inward/record.uri?eid=2-s2.0-85128686612&partnerID=40&md5=efe2ff0d7057742e29247c7f503e2be6,"This article proposes a policy project, centered around coordinated collective bargaining at the European Union level, to redistribute income towards low-wage workers in post-crisis Europe. It suggests we allow labor unions in sectors employing low-wage workers to present common wage demands across sectors and EU Member States. It shows that this would make union wage increases less harmful to workers and consumers than under uncoordinated sectoral bargaining, while coming more directly at the expense of managers and investors. The article then describes existing EU legal institutions that-although they do not quite amount to the policy proposed here-constitute useful precedents for it. These institutions are European social dialogue, European Works Councils, and European Framework Agreements bargained for by multinational firms and worker representatives. The article also discusses doctrines of EU competition and internal market law that could potentially be held to prohibit European cross-sectoral collective bargaining coordination. The article lays out arguments in favor of finding such coordination lawful, so that it may form part of the EU's policy arsenal to address wrenching economic inequalities worsened by the ongoing economic and health crises. © Indiana University Maurer School of Law",2022,12/29/2025 21:43,12/29/2025 21:43,,163-215,,1,29,,,,,,,,,,English,,,Scopus,,,,,,,,,,,,,,,,,,,,,,,,,,,,,,,,,,,,,,,,,,,,,,,,,,,,,,,
GZZ6EPEB,journalArticle,2021,"Seemann, A.; Becker, U.; He, L.; Maria Hohnerlein, E.; Wilman, N.",Protecting livelihoods in the COVID-19 crisis: A comparative analysis of European labour market and social policies,Global Social Policy,,,10.1177/14680181211019281,https://www.scopus.com/inward/record.uri?eid=2-s2.0-85107578722&doi=10.1177%2F14680181211019281&partnerID=40&md5=2f10d0a90cd3f4b2988cef58706ec721,"This article provides a comparative study of the labour market and social policy measures introduced in light of the COVID-19 crisis in Denmark, France, Germany, Italy and the United Kingdom between March 2020 and January 2021. Its main aim is to understand whether the crisis response has changed the structures of the welfare states concerned. Focusing in particular on the differences regarding the crisis measures taken for individuals in ‘standard employment’ and ‘non-standard workers’ in each country, it argues that, although extensive temporary protection instruments were introduced for both groups during the crisis, these did not lead to an immediate convergence as regards these groups’ social protection. Rather than changing the underlying structures of welfare systems, many of the measures in fact highlighted the specific vulnerabilities of large segments of Europe’s labour markets. States have, however, granted social compensation at unprecedented levels, which could result in improved infrastructures and a clearer understanding of the responsibility of the welfare state in future emergencies. © The Author(s) 2021.",2021,12/29/2025 21:43,12/29/2025 21:43,,550-568,,3,21,,,,,,,,,,English,,,Scopus,,,,,,,,COVID-19; Germany; social policy; welfare state; labor market; Denmark; France; comparative study; United Kingdom; Italy; crisis management; wage; solidarity; Compensation; livelihood; non-standard work; self employment; self-employment,,,,,,,,,,,,,,,,,,,,,,,,,,,,,,,,,,,,,,,,,,,,,,,
NC5CBAZ3,journalArticle,2021,"Kempf, I.; Dutta, P.",Transformative social policies as an essential buffer during socio-economic crises,Sustainable Development,,,10.1002/sd.2197,https://www.scopus.com/inward/record.uri?eid=2-s2.0-85108248363&doi=10.1002%2Fsd.2197&partnerID=40&md5=205ed3f29ad116fc672d1e577cc49950,"The current COVID-19 crisis raises the question of the role of transformative social policies (TSPs) during socio-economic crises. We used recent findings from an UNRISD survey of vulnerabilities and ILO's Social Protection Spotlight to examine the different roles of TSPs in the response to the COVID-19 crisis. We found that all TSPs are important, especially in terms of reaching vulnerable groups. They need, however, to be used simultaneously in an integrated manner to be successful and should be linked to crisis and disaster management. It is also important to enhance targeting of vulnerable groups within universalism to protect groups of individuals who require additional or different kinds of support, for example, migrant or informal workers. If these additional integrated policies become part of long-term development policies, they could be instrumental in ensuring that no one is left behind when the SDGs are implemented. © 2021 ERP Environment and John Wiley & Sons Ltd.",2021,12/29/2025 21:43,12/29/2025 21:43,,517-527,,3,29,,,,,,,,,,English,,,Scopus,,,,,,,,COVID-19; social policy; socioeconomic impact; COVID-19 crisis; disaster management; eco–social contract; integrated policies; socio-economic crises; Sustainable Development Goal; transformative social policy; universal social protection,,,,,,,,,,,,,,,,,,,,,,,,,,,,,,,,,,,,,,,,,,,,,,,
L9C8P6UU,journalArticle,2021,"Béland, D.; Cantillon, B.; Hick, R.; Moreira, A.",Social policy in the face of a global pandemic: Policy responses to the COVID-19 crisis,Social Policy and Administration,,,10.1111/spol.12718,https://www.scopus.com/inward/record.uri?eid=2-s2.0-85102628497&doi=10.1111%2Fspol.12718&partnerID=40&md5=cf58f3474cb9b9e803cba2624ba0b26b,"How have welfare states responded to the coronavirus pandemic? In this introductory article, we provide a synopsis of papers that comprise this special issue on social policy responses to COVID-19, an overview of some of the key questions they raise, and some provisional answers to these questions. Our conclusions are threefold: first, these social policy responses, while entailing new developments in many countries, nonetheless reflect, at least in part, existing national policy legacies. Second, these responses can be understood as a form of “emergency Keynesianism,” which is characterized by the massive use of deficit spending during economic crises, with the aim of to supporting rather than challenging core capitalist institutions. Third, there are clear differences in terms of the nature of the reforms enacted during the initial phase of the COVID-19 crisis as compared to reforms enacted as a response to the 2008 financial crisis. © 2021 John Wiley & Sons Ltd",2021,12/29/2025 21:43,12/29/2025 21:43,,249-260,,2,55,,,,,,,,,,English,,,Scopus,,,,,,,,pandemic; COVID-19; social policy; crisis; welfare state; welfare provision; financial crisis; policy reform; policy development; policy analysis; crisis management; Coronavirus; epidemic; global perspective; policy responses; Trixis,,,,,,,,,,,,,,,,,,,,,,,,,,,,,,,,,,,,,,,,,,,,,,,
L8KCW663,journalArticle,2021,"Aidukaite, J.; Saxonberg, S.; Szelewa, D.; Szikra, D.",Social policy in the face of a global pandemic: Policy responses to the COVID-19 crisis in Central and Eastern Europe,Social Policy and Administration,,,10.1111/spol.12704,https://www.scopus.com/inward/record.uri?eid=2-s2.0-85099746386&doi=10.1111%2Fspol.12704&partnerID=40&md5=f0db43832a3a72a71a853c30039d939f,"This article documents and compares the social policies that the governments in Central and Eastern Europe (CEE) implemented to combat the first wave of COVID-19 pandemic by focusing on Hungary, Lithuania, Poland and Slovakia. Our findings show that governments in all four countries reacted to the COVID-19 crisis by providing extensive protection for jobs and enterprises. Differences arise when it comes to solidaristic policy responses to care for the most vulnerable population, in which CEE countries show great variation. We find that social policy responses to the first wave of COVID-19 have largely depended on precious social policy trajectories as well as the political situation of the country during the pandemic. © 2021 John Wiley & Sons Ltd",2021,12/29/2025 21:43,12/29/2025 21:43,,358-373,,2,55,,,,,,,,,,English,,,Scopus,,,,,,,,COVID-19; social policy; Slovakia; crisis; social security; Poland [Central Europe]; crisis management; policy implementation; local government; Hungary; Lithuania; Poland,,,,,,,,,,,,,,,,,,,,,,,,,,,,,,,,,,,,,,,,,,,,,,,
FL2VEWII,journalArticle,2021,"Li, J.; Huang, C.; Yuan, B.; Liang, H.",The Impact of Stigmatization on Social Avoidance and Fear of Disclosure among Older People: Implications for Social Policy Preparedness in a Public Health Crisis,Journal of Aging and Social Policy,,,10.1080/08959420.2021.1924343,https://www.scopus.com/inward/record.uri?eid=2-s2.0-85106023643&doi=10.1080%2F08959420.2021.1924343&partnerID=40&md5=565528046f304e371c9bf49cab3a21b1,"This study examined whether older people with epicenter travel experiences in the event of the novel coronavirus disease epidemic suffered from stigmatization, which in turn affected subsequent behavior, including fear of disclosure and social avoidance. A three-wave survey was conducted using a time-lagged design of older people who had travel experiences in Hubei, China on the eve of the outbreak. Results reveal positive associations between stigmatization and stress, social avoidance, and fear of disclosure, in addition to positive associations between stress and social avoidance and fear of disclosure. Findings thus suggest that the effects of stigmatization on social avoidance and fear of disclosure is mediated, in part, by stress. De-stigmatization and psychological supports should be prioritized for epidemic prevention and control among older people in quarantine. © 2021 Taylor & Francis.",2021,12/29/2025 21:43,12/29/2025 21:43,,342-358,,5-Apr,33,,,,,,,,,,English,,,Scopus,,,,,,,,health policy; public policy; COVID-19; social policy; policy making; human; female; male; health care; policy approach; Coronavirus; Humans; Public Policy; Female; Male; middle aged; Middle Aged; policy implementation; public health; Public Health; China; aged; Aged; Hubei; Disclosure; fear; Fear; fear of disclosure; interpersonal communication; perceived stress; psychology; quarantine; Quarantine; social avoidance; social isolation; Social Isolation; stereotyping; Stereotyping; Stigmatization; travel; Travel,,,,,,,,,,,,,,,,,,,,,,,,,,,,,,,,,,,,,,,,,,,,,,,
BZY5KVEV,journalArticle,2021,"Wentzlof, C.A.; Boman Iv, J.H.; Pryor, C.; Hemez, P.","“Kicking the Can down the Street”: Social Policy, Intimate Partner Violence, and Homicide during the Opioid Crisis",Substance Use and Misuse,,,10.1080/10826084.2021.1887251,https://www.scopus.com/inward/record.uri?eid=2-s2.0-85101864121&doi=10.1080%2F10826084.2021.1887251&partnerID=40&md5=05d12376566c10f71f14bcaa20444c56,"Background: Research has established a strong, positive correlation between homicides and substance use and also between homicides and intimate partner violence (IPV). Additionally, there is a well-known, robust, positive relationship between substance use and IPV. Focusing on the opioid crisis and using county-level panel data, this study investigates the possibility that opioid pill prescription trends, IPV, and homicide are intertwined in a complex, interdependent relationship. Objectives: With an eye toward integrated social policy, this study explores the relationships among and between opioid pill distribution patterns, IPV arrests, and homicide arrests within the United States between 2006 and 2012. Methods: Using county-level panel data from several established federal datasets, a series of longitudinal mixed-effects models regress homicide arrests onto the number of pills within each county, IPV arrests, and other relevant controls. Results: While IPV shares a strong, positive main effect relationship with homicide arrests, opioid pill volume is not significantly related to homicides. However, opioid pill volume within a county significantly attenuates the relationship between IPV and homicide, indicating that pills, IPV, and homicides share a complex, interwoven relationship. Conclusion: While the non-significant main effect of opioid pills suggests that opioids are not consequential for homicide, the highly significant interaction between pills and IPV indicates the opposite. Acknowledging the interwoven link between opioids, IPV, and homicide may be of importance when attempting to develop individual programs aimed at addressing these social problems. Well intentioned, unidimensional policies aimed at reducing opioids or IPV may be unknowingly impacting other social problems. © 2021 Taylor & Francis Group, LLC.",2021,12/29/2025 21:43,12/29/2025 21:43,,539-545,,4,56,,,,,,,,,,English,,,Scopus,,,,,,,,public policy; social policy; human; Humans; Public Policy; United States; epidemiology; homicide; Homicide; intimate partner violence; Intimate Partner Violence; law enforcement; Law Enforcement; opioid crisis; Opioid Epidemic; opioid pill distribution rates; partner violence,,,,,,,,,,,,,,,,,,,,,,,,,,,,,,,,,,,,,,,,,,,,,,,
JYN2UNMQ,journalArticle,2021,"Dhakal, S.P.; Burgess, J.",Decent work for sustainable development in post-crisis Nepal: Social policy challenges and a way forward,Social Policy and Administration,,,10.1111/spol.12619,https://www.scopus.com/inward/record.uri?eid=2-s2.0-85087295351&doi=10.1111%2Fspol.12619&partnerID=40&md5=de862a7474aa600dff7a9b14cb4c45c4,"Although the Decent Work agenda has received significant attention in the context of sustainable development, the formulation and implementation of appropriate social policies in developing countries remain an underexplored subject. This article responds to this gap and traces country-specific Decent Work related policies and programs in Nepal—which is recovering from two major crises: a decade-long armed conflict that ended in 2006 as well as the 2015 earthquake. Drawing on Critical Policy Analysis framework, this article examines how key tenets of the International Labour Organisation's Decent Work platform, namely creation and provision of employment, social protection, social dialogue and rights at work have manifested in Nepal. The findings indicate that while attempts have been made to embrace the Decent Work agenda into social policies and programs, structural instability of political processes means that there is a lack of strategic directions to address a capacity deficit specific to the informal sector and outbound labour migrants. The article makes broader analytical contributions towards evaluating the implementation of social policies driven by the global priority in the context of developing nations with weak governance settings. In countries like Nepal, where the majority of workers are located within the informal sector and as such the administrative reach and effectiveness of Decent Work related social policies designed for the formal sector are limited. © 2020 John Wiley & Sons Ltd",2021,12/29/2025 21:43,12/29/2025 21:43,,128-142,,1,55,,,,,,,,,,English,,,Scopus,,,,,,,,social policy; policy analysis; crisis management; policy approach; policy implementation; employment generation; sustainable development; critical policy analysis; decent work; labor migration; Nepal,,,,,,,,,,,,,,,,,,,,,,,,,,,,,,,,,,,,,,,,,,,,,,,
K99DNPU9,journalArticle,2020,"Eichhorst, W.; Marx, P.; Rinne, U.",Manoeuvring Through the Crisis: Labour Market and Social Policies During the COVID-19 Pandemic,Intereconomics,,,10.1007/s10272-020-0937-6,https://www.scopus.com/inward/record.uri?eid=2-s2.0-85096906394&doi=10.1007%2Fs10272-020-0937-6&partnerID=40&md5=eaf8aa6fe45450c4d6d052737753ed56,"The unprecedented COVID-19 pandemic has a severe impact on societies, economies and labour markets. However, not all countries, socio-economic groups and sectors are equally affected. Part of this disparity can be related to the different role and extent of short-time work, which is now being used more widely than during the Great Recession. Furthermore, unemployment benefits have been made more generous in many countries. While it is still too early to assess the relative success of national strategies to cope with the pandemic and to revitalise the labour market as well as to evaluate the medium-term fiscal viability of different support measures, a few policy directions become apparent. These include the use of digital tools to increase resilience against economic shocks, the longer-term perspective of short-time workers in the current crisis, social protection for self-employed workers that is robust to economic crises and resilient models for school-to-work transitions of younger workers. © 2020, The Author(s).",2020,12/29/2025 21:43,12/29/2025 21:43,,375-380,,6,55,,,,,,,,,,English,,,Scopus,,,,,,,,,,,,,,,,,,,,,,,,,,,,,,,,,,,,,,,,,,,,,,,,,,,,,,,
IPEKZX3K,journalArticle,2020,"Inglot, T.",The Triumph of Novelty over Experience? Social Policy Responses to Demographic Crises in Hungary and Poland since EU Enlargement,East European Politics and Societies,,,10.1177/0888325419874421,https://www.scopus.com/inward/record.uri?eid=2-s2.0-85084419535&doi=10.1177%2F0888325419874421&partnerID=40&md5=cfa1691d06f8e107d2abc5037aec7a80,"This article belongs to the special cluster, “Politics and Current Demographic Challenges in Central and Eastern Europe,” guest-edited by Tsveta Petrova and Tomasz Inglot. During the past two decades, many European countries, including Germany, Italy, and Spain in the west, and Poland and Hungary in the east, encountered prolonged demographic crises. These challenges first became evident in the late 1990s as fertility rates declined rapidly, much below the level necessary to ensure a simple replacement of generations. Moreover, since the EU accession, mass labor migration from the new Member States to the more developed western European countries added yet another dimension to the growing population problems. This article attempts to explain variation in governmental policy responses to these developments between two countries, Poland and Hungary. Hungary, owing to its long-term tradition of relatively generous and extensive social programs directed to families, youth, and children, should be expected to handle its population emergency much better than Poland. Yet, the opposite has happened. In the last few years, Poland has proposed and implemented several innovative measures to address fertility and migration pressures while Hungary has remained committed to its traditional social policies in this domain. I will analyze and compare the two cases by examining a combination of historical factors related to the legacies of demographic emergencies defined in terms of national strength and survival, and by examining the politics of family policy, with a special focus on the creation of coalitions of governmental and/or nongovernmental actors that either facilitate or obstruct effective policy innovation. © 2020 Sage Publications.",2020,12/29/2025 21:43,12/29/2025 21:43,,984-1004,,4,34,,,,,,,,,,English,,,Scopus,,,,,,,,family policy; social policy; welfare state; Central and Eastern Europe; demography and migration; Poland and Hungary; population policy,,,,,,,,,,,,,,,,,,,,,,,,,,,,,,,,,,,,,,,,,,,,,,,
PW3HSPX3,journalArticle,2019,"Kourachanis, N.; Lalioti, V.; Venieris, D.",Social policies and solidarity during the Greek Crisis,Social Policy and Administration,,,10.1111/spol.12420,https://www.scopus.com/inward/record.uri?eid=2-s2.0-85050940866&doi=10.1111%2Fspol.12420&partnerID=40&md5=77e2ef637401fa76a250b1f66debe3ea,"This article provides a succinct overview of the phenomenon of solidarization in crisis-ridden Greece. Brief accounts of the pre- and post-crisis situation in four core social policy areas (health, employment, housing, education) are combined with the presentation of four illustrative case studies, one for each of the aforementioned areas. Drawing on a broad range of primary and secondary data, including 20 in-depth interviews with key stakeholders and end-users of the actions examined, we argue that while the crisis provoked a further “residualization” of the institutionalized solidarity system, it also triggered the development of new solidarity ventures, both by state and non-state actors, often even including partnerships between them. These ventures reflect the building of a bridge between institutionalized and informal solidarity in Greece and the shift towards a new type of mixed, although fragmented, mode of solidarity. © 2018 John Wiley & Sons Ltd",2019,12/29/2025 21:43,12/29/2025 21:43,,678-692,,5,53,,,,,,,,,,English,,,Scopus,,,,,,,,social policy; crisis; economic instability; financial crisis; welfare economics; Greece; solidarity; mixed mode of welfare; solidarization; stakeholder,,,,,,,,,,,,,,,,,,,,,,,,,,,,,,,,,,,,,,,,,,,,,,,
WA8V926T,journalArticle,2018,"Lammers, I.; Van Gerven-Haanpää, M.M.-L.; Treib, O.",Efficiency or compensation? The global economic crisis and the development of the European Union’s social policy,Global Social Policy,,,10.1177/1468018118790957,https://www.scopus.com/inward/record.uri?eid=2-s2.0-85052337416&doi=10.1177%2F1468018118790957&partnerID=40&md5=eb097fdbfef10a77e0aaa8af349bbfaa,"How has the global social policy agenda evolved since the global economic crisis? To shed light on this question, this article looks at the discourses in European Union (EU) social policy. It draws on two rival theoretical approaches from the literature on globalisation and the welfare state, the efficiency and compensation hypotheses, and links these approaches to two fundamental rationales underlying the discourse in EU social policy. Based on an analysis of key documents from two Open Methods of Coordination (OMCs), the article shows that the logic underlying the efficiency hypothesis can be extended to discourses in EU social policy. While policy debates in one OMC remained largely unchanged, the discourse significantly shifted towards the economic rationale during and after the crisis in the other OMC. This suggests that the crisis at least partly strengthened the view that social policy should be geared towards economic efficiency, growth, and the creation of jobs. © The Author(s) 2018.",2018,12/29/2025 21:43,12/29/2025 21:43,,304-322,,3,18,,,,,,,,,,English,,,Scopus,,,,,,,,employment; social policy; Europe; European Union; financial crisis; article; human; policy; welfare; globalization; policy development; globalisation; compensation; compensation system; coordination; discourse; EU social policy; global economic crisis; global economy; logic; OMC; social inclusion; theoretical study,,,,,,,,,,,,,,,,,,,,,,,,,,,,,,,,,,,,,,,,,,,,,,,
QBFNT647,journalArticle,2018,"Steinebach, Y.; Knill, C.",Social policies during economic crises: an analysis of cross-national variation in coping strategies from 1980 to 2013,Journal of European Public Policy,,,10.1080/13501763.2017.1336565,https://www.scopus.com/inward/record.uri?eid=2-s2.0-85020711101&doi=10.1080%2F13501763.2017.1336565&partnerID=40&md5=9f1c5cd7a4c53d02c8536b090164714d,"This paper provides a comprehensive analysis of the relationship between economic crises and social policy change for 13 European countries. Based on the degree of policy expansion and dismantling, we identify three potential crisis-coping strategies, namely ‘Muddling Through’, ‘Social Protectionism’ and ‘Austerity’. By means of multinomial logistic regression analysis, we test the effect of various factors on governments’ choice of crisis-coping strategies for 45 economic crises between 1980 and 2013. Our analysis reveals that Austerity becomes a more likely scenario in crisis times. Moreover, we demonstrate that governments in consensual systems do not deviate from their true policy preferences when facing economic hardship. In majoritarian systems, by contrast, this pattern is strikingly reversed. Here, left-wing governments resort to Austerity, while right-wing parties opt for Social Protectionism. This indicates that both blame avoidance and the capabilities to mediate unpopular reform decisions can convert political parties from ‘Saul to Paul’ and vice versa. © 2017, © 2017 Informa UK Limited, trading as Taylor & Francis Group.",2018,12/29/2025 21:43,12/29/2025 21:43,,1566-1588,,11,25,,,,,,,,,,English,,,Scopus,,,,,,,,social policy; welfare state; Austerity; blame avoidance; economic crisis,,,,,,,,,,,,,,,,,,,,,,,,,,,,,,,,,,,,,,,,,,,,,,,
QWRDR2C8,journalArticle,2018,"Pahnke, A.",The contradictions of neo-extractivism and social policy: the role of raw material exports in the Brazilian political crisis,Third World Quarterly,,,10.1080/01436597.2018.1428088,https://www.scopus.com/inward/record.uri?eid=2-s2.0-85041524004&doi=10.1080%2F01436597.2018.1428088&partnerID=40&md5=40a6972ac4dfefefda9ba4a352e36f14,"This article explores how contradictory development tendencies within Brazil’s primary sector have contributed to the country’s enduring political crisis. I show that President Rousseff, when dealing with declining royalty payments from natural resource exports and a decrease in tax revenue from imports, financed social policies in ways that her opponents branded as unconstitutional to remove her from power. After documenting the central players within the political crisis, namely those who have been under investigation in Operação Lava Jato (Operation Car Wash), I illustrate how the ongoing corruption scandals plaguing Brazil have their roots in the country’s raw material export industries. © 2018, © 2018 Southseries Inc., www.thirdworldquarterly.com.",2018,12/29/2025 21:43,12/29/2025 21:43,,1656-1674,,8,39,,,,,,,,,,English,,,Scopus,,,,,,,,crisis; social movement; tax system; Brazil; corruption; export; neo-extractivism; political conflict; rentierism; social organization,,,,,,,,,,,,,,,,,,,,,,,,,,,,,,,,,,,,,,,,,,,,,,,
VCXY34GK,journalArticle,2018,"Thompson, M.; Kahn, K.B.",Law enforcement response to mental health crises: citizen risk factors and preferences for social policy*,Police Practice and Research,,,10.1080/15614263.2017.1371599,https://www.scopus.com/inward/record.uri?eid=2-s2.0-85028831917&doi=10.1080%2F15614263.2017.1371599&partnerID=40&md5=1af286636e33bf2b6bbfe7ae1f510b97,"Despite having the potential to affect cooperation and support for law enforcement, community preferences for police training are generally unstudied. This paper seeks to understand (1) general community preferences for police training for responding to mental health crises, (2) where the public prioritizes this mental health crisis training relative to racial bias training, and (3) whether these preferences vary depending on respondent demographics and risk factors for police contact. Survey data from a general sample of Portland, Oregon residents (N = 259) shows public support for police training on responding to mental health crises, but the public as a whole is split over whether mental health, or racial bias training, should be prioritized as the best use of police training time. Logistic regression analyses demonstrate three main findings regarding the impact of respondent characteristics on preferences for police training: (1) black respondents appear concerned that, by drawing attention to mental health crises, police will be more limited in their responses to racial bias; (2) respondents facing the greatest, and those with the least, amount of risk in police/citizen encounters are most supportive of mental health crisis training; and (3) mental illness itself does not appear to affect support for police mental health crisis training. These differences in support for training need to be understood before law enforcement can cultivate community support for police officers and their training practices. © 2017 Informa UK Limited, trading as Taylor & Francis Group.",2018,12/29/2025 21:43,12/29/2025 21:43,,329-346,,4,19,,,,,,,,,,English,,,Scopus,,,,,,,,Mental illness; police training policies; race,,,,,,,,,,,,,,,,,,,,,,,,,,,,,,,,,,,,,,,,,,,,,,,
X3FWVFSY,journalArticle,2017,"Steinebach, Y.; Knill, C.",Social Policy in Hard Times: Crisis-Coping Strategies in Europe from 1976 to 2013,International Journal of Public Administration,,,10.1080/01900692.2017.1317802,https://www.scopus.com/inward/record.uri?eid=2-s2.0-85019090200&doi=10.1080%2F01900692.2017.1317802&partnerID=40&md5=839801d66f9d1192357ec10ad6b13d38,"Scholarly contributions linking welfare state and crisis management literature still lack a consistent conceptualization of the central matter of interest. To remedy this shortcoming, this article provides a classification of four potential crisis-coping strategies and analyzes the policy outputs of 11 European countries from 1976 to 2013 on the basis of an innovative dataset. The analysis shows that strong deviations from the status quo ante are the rule rather than the exception in times of economic hardship. Furthermore, it reveals a clear shift from the crisis-coping strategy of “Social Protectionism” over “Muddling Through” and “Welfare State Restructuring” to “Austerity” over time. © 2017 Taylor & Francis Group, LLC.",2017,12/29/2025 21:43,12/29/2025 21:43,,1164-1174,,14,40,,,,,,,,,,English,,,Scopus,,,,,,,,social policy; crisis; welfare state; Austerity,,,,,,,,,,,,,,,,,,,,,,,,,,,,,,,,,,,,,,,,,,,,,,,
8TWEIJ2V,journalArticle,2017,"Parisi, M.L.","Labor market rigidity, social policies and the labor share: Empirical evidence before and after the big crisis",Economic Systems,,,10.1016/j.ecosys.2017.08.003,https://www.scopus.com/inward/record.uri?eid=2-s2.0-85035133981&doi=10.1016%2Fj.ecosys.2017.08.003&partnerID=40&md5=def3ae59b75900d1f93987203413bf7f,"This paper provides evidence of the impact of three important and general policies shaping the degree of labor market rigidity on the labor share: welfare expenditures, government expenditures on active labor market programs, and passive labor market measures. It analyses the impact of regulation, such as the intensity of employment protection, and evaluates whether trade unions and minimum wage institutions play a role in the relationship between all measures and the labor share. The labor income share has experienced a declining trend since the mid-1970s in most advanced economies, and the existing literature found little if no correlation of this decline to general labor market characteristics. However, the present paper finds that some institutions are correlated to the downward trend, depending on the welfare system adopted, and that welfare and employment protection counteract the decline. Moreover, many countries saw an upsurge in their labor share after the burst of the financial crisis. Evidence of whether the effect of the policies weakened or reinforced the labor share after 2007 is reported. © 2017 Elsevier B.V.",2017,12/29/2025 21:43,12/29/2025 21:43,,492-512,,4,41,,,,,,,,,,English,,,Scopus,,,,,,,,Minimum wage; Active labor market programs; Employment protection legislation; Labor income share; Welfare systems,,,,,,,,,,,,,,,,,,,,,,,,,,,,,,,,,,,,,,,,,,,,,,,
D2XIWHLU,journalArticle,2017,"Hegedüs, J.",Social housing in post-crisis hungary: A reshaping of the housing regime under ‘unorthodox’ economic and social policy,Critical Housing Analysis,,,10.13060/23362839.2017.4.1.328,https://www.scopus.com/inward/record.uri?eid=2-s2.0-85028553174&doi=10.13060%2F23362839.2017.4.1.328&partnerID=40&md5=b37906c6b40aad35945014c3b1bc11da,"Hungary embarked on a very specific path two years after the Global Financial Crisis and the ensuing recession. It replaced ‘traditional’ austerity programmes with measures based on an ‘unorthodox’ economic policy. This policy paradigm shift affected Hungary’s emerging social housing policy in two ways. First, the mainstream approach to counteracting decreasing housing affordability (due to increased loan repayments and other housing cost items while incomes decreased) was primarily focused on providing strong support for the middle class. Second, interventions aimed at low-income households remained minimal, and were only introduced as a last resort in specific cases to resolve political tensions. This dual approach characterised the policy of the government, but, for political reasons, only the first part was communicated. Programmes aimed at the middle class were poorly targeted, and often helped the upper-middle class the most; but the latter did not react the way policy makers had expected (boosting economic growth through increased consumption). Programmes aimed at low-income groups made the social structure more rigid, decreased the chance of low-income persons to escape extreme poverty, and cemented the opportunity gap between the better-off and the poor. The most recent housing policy measures suggest that the errors made in the 2000s will likely be repeated, and there are no measures in place that could correct their course. Consequently, from the perspective of the housing regime, we can predict that the housing model of the early 2000s will remain dominant. © 2017, Academy of Sciences of the Czech Republic, Institute of Sociology. All rights reserved.",2017,12/29/2025 21:43,12/29/2025 21:43,,90-101,,1,4,,,,,,,,,,English,,,Scopus,,,,,,,,Hungary; Social housing; Welfare policy,,,,,,,,,,,,,,,,,,,,,,,,,,,,,,,,,,,,,,,,,,,,,,,
BI75BIDT,journalArticle,2016,"Deusdad, B.A.; Comas-d'Argemir, D.; Dziegielewski, S.F.",Restructuring Long-Term Care in Spain: The Impact of The Economic Crisis on Social Policies and Social Work Practice,Journal of Social Service Research,,,10.1080/01488376.2015.1129013,https://www.scopus.com/inward/record.uri?eid=2-s2.0-84962565702&doi=10.1080%2F01488376.2015.1129013&partnerID=40&md5=107d73856c35d3dcd29dce8988d08fcd,"ABSTRACT: Care needs of the aging population are increasing in Southern European countries. The purpose of this article is to explore the implications of meeting these needs while taking into account the recent economic crisis, which has deeply affected countries such as Spain. This study is part of a European project (ISCH COST Action IS1102) and is based mainly on qualitative information that focuses on in-depth interviews with social service workers (n = 19) who provide the service and program recipients or their caregivers (n = 14). In addition, two discussion groups were conducted with professionals (n = 9) and program volunteers (n = 5), as well as a workshop/discussion group (n = 28) with politicians, service providers, and participants. Six thematic premises were identified with differing views being highlighted relevant to the participants' roles in the program. Future research should explore social service strategies to deal with the increase in care needs as well as community-based responses. © 2016 Taylor & Francis Group, LLC.",2016,12/29/2025 21:43,12/29/2025 21:43,,246-262,,2,42,,,,,,,,,,English,,,Scopus,,,,,,,,economic crisis; long-term care; Aging; deinstitutionalization,,,,,,,,,,,,,,,,,,,,,,,,,,,,,,,,,,,,,,,,,,,,,,,
AV6ME2KP,journalArticle,2016,"Angelaki, M.",Policy Continuity and Change in Greek Social Policy in the Aftermath of the Sovereign Debt Crisis,Social Policy and Administration,,,10.1111/spol.12214,https://www.scopus.com/inward/record.uri?eid=2-s2.0-84959064701&doi=10.1111%2Fspol.12214&partnerID=40&md5=226c098f6c1a4ef6f341428f06dc04af,"The extensive and radical reforms introduced in Greece's pension and health systems following the recent economic crisis provide a compelling case for the study of continuity and change in social policy. The article argues that a simple focus on retrenchment - as observed in pension and health in Greece in the aftermath of the crisis - provides only a partial understanding of the transformations taking place in the two sectors under study and their implications for the future structure of the two systems. While retrenchment has been the dominant feature associated with the fiscal consolidation effort undertaken in the context of the bailout agreements, other transformative processes have also taken place. In the case of pensions, a shift towards a more unified structure is observed, accompanied by a hesitant shift to a multi-pillar system characterized by a reduction in public provision which is nonetheless not compensated by a strengthening of the second pillar. In the case of health, recent reforms attest to the gradual withering away of the public system through its shift to residualism. These changes have been made possible through the changes observed in the policy-making process characterized by an unprecedented increase of the EU intrusiveness and the parallel decrease of the role and influence of social partners. © 2016 John Wiley & Sons, Ltd.",2016,12/29/2025 21:43,12/29/2025 21:43,,262-277,,2,50,,,,,,,,,,English,,,Scopus,,,,,,,,social policy; policy making; Europe; health care; Pensions; Crisis; Policy change; policy reform; pension system; Greece; debt crisis; Health care; Policy continuity; Reform; sovereignty,,,,,,,,,,,,,,,,,,,,,,,,,,,,,,,,,,,,,,,,,,,,,,,
WL3QJ4JX,journalArticle,2016,"Gant, J.L.L.",Studies in Convergence? Post-Crisis Effects on Corporate Rescue and the Influence of Social Policy: The EU and the USA,International Insolvency Review,,,10.1002/iir.1246,https://www.scopus.com/inward/record.uri?eid=2-s2.0-84952673535&doi=10.1002%2Fiir.1246&partnerID=40&md5=36907c9f5835d429beed47a6094f86fc,"The financial crisis and the sovereign debt crisis that it precipitated in a number of peripheral EU Member States heralded massive changes in insolvency, corporate rescue and employment protection policies. The US and the EU both suffered greatly in the wake of the crisis, but their recoveries have occurred along very different tracks. The US has managed to regain much of its position in terms of relative growth and the UK has outpaced the recoveries of those European countries that are members of the European Monetary Union. The purpose of this treatise is to explore the context of the 2007-2008 financial crisis in the US and in the EU and its impact on legal reform in corporate rescue and restructuring as well as those aspects of social policy implicated within insolvency systems (notably collective redundancy and transfers of undertakings). It will also consider whether or not the corporate rescue and employee protection systems can be seen to be converging, and whether, in view of the different socio-economic, political and cultural aspects of the US and the EU, such convergence might be beneficial. © 2016 John Wiley & Sons, Ltd.",2016,12/29/2025 21:43,12/29/2025 21:43,,72-96,,1,25,,,,,,,,,,English,,,Scopus,,,,,,,,,,,,,,,,,,,,,,,,,,,,,,,,,,,,,,,,,,,,,,,,,,,,,,,
NBBZGPMZ,journalArticle,2016,"Anghel, I.-M.",Changes in social policies since the economic crisis. What is left of welfare after the austerity measures?,Calitatea Vietii,,,,https://www.scopus.com/inward/record.uri?eid=2-s2.0-85016451038&partnerID=40&md5=0680d3379f42e2473fcb0d9ac7d40d48,"Some scholars suggest that Romania, Estonia, Bulgaria, Latvia and Lithuania (REBLLs), have implemented one of the toughest austerity programs in Europe since 2010 (e.g. Blyth, 2013). I will argue, alongside other scholars, that the recent economic crisis these countries experienced was not caused only by an unregulated banking system, but also by their economic growth model. My focus will be more on Romania’s austerity program and its effects on various domains such as public and social spending, labor market policies, collective bargaining, education, and health. I will show that during the economic crisis, the neoliberal monetarist approach used by the IMF, known as the Polak model, used to redress the fiscal imbalances was blended with local policy decisions that overturn the relationship between labor and capital and placed the burden of economic recovery on the population. The article concludes that, while the problems were solved on the short run, the structural problems were not only left unaddressed, but many of them sharpened during and after the economic crisis. © 2016, Editura Academiei Romane. All rights reserved.",2016,12/29/2025 21:43,12/29/2025 21:43,,234-251,,3,27,,,,,,,,,,English,,,Scopus,,,,,,,,Austerity; Economic crisis; Social policies; Economic growth model; Public and social spending,,,,,,,,,,,,,,,,,,,,,,,,,,,,,,,,,,,,,,,,,,,,,,,
KCMU6X7B,journalArticle,2016,"Min, S.",The Chinese orientation of social policies of new socialized old-age insurance system in rural areas in the post financial crisis era,Asian Social Science,,,10.5539/ass.v12n1p257,https://www.scopus.com/inward/record.uri?eid=2-s2.0-84988023658&doi=10.5539%2Fass.v12n1p257&partnerID=40&md5=d683eff04776846b5be39ced60c94dcc,"As one of the important social policies, the new socialized old-age insurance system in rural areas has played a vital role in the construction of Chinese social security system in the post financial crisis era. Manifesting national responsibilities, it has embodied the core concept of social policies, and had a great significance for boosting domestic demand. Therefore, this thesis, on the basis of this new system, can continually perfect Chinese pension security system and promote the sustainable development of the social security course. © 2016, Canadian Center of Science and Education. All rights reserved.",2016,12/29/2025 21:43,12/29/2025 21:43,,257-262,,1,12,,,,,,,,,,English,,,Scopus,,,,,,,,Social policies; The new socialized old-age insurance system in rural areas; The post financial crisis era,,,,,,,,,,,,,,,,,,,,,,,,,,,,,,,,,,,,,,,,,,,,,,,
NB2EJEW3,journalArticle,2016,"Castillo Fernández, D.; Arzate-Salgado, J.","Economic Crisis, Poverty and Social Policy in Mexico",Critical Sociology,,,10.1177/0896920513501352,https://www.scopus.com/inward/record.uri?eid=2-s2.0-84952671127&doi=10.1177%2F0896920513501352&partnerID=40&md5=fe43a9d69eb9f7a07009f7ed0160584a,"This article describes the structural characteristics and socioeconomic effects of the neoliberal model that was implemented in Mexico at the beginning of the 1980s. Employment conditions, informal and precarious labor, and poverty generated by neoliberalism are analyzed. The article examines how the economic crisis has been dealt with through macroeconomic policies and social development by the Mexican Government. The characteristics of the public welfare system and the social policies that have been used during this neoliberal period are scrutinized. The program Oportunidades (Opportunities) as the primary national effort made by the government to combat extreme poverty is examined in detail. It has a social policy focus and is assistance-based which has yielded public financing at a high cost with limited poverty reduction. It is proposed that there are intrinsic limitations to these kinds of policy, leading to an increase in fragmented and ineffectual programs. © 2013, The Author(s) 2013.",2016,12/29/2025 21:43,12/29/2025 21:43,,87-104,,1,42,,,,,,,,,,English,,,Scopus,,,,,,,,public policy; poverty; neoliberalism; economic crisis; Mexico,,,,,,,,,,,,,,,,,,,,,,,,,,,,,,,,,,,,,,,,,,,,,,,
WQ6MCN9I,journalArticle,2015,"Gautam, R.S.",Banking crises and social policy: the case of Latin America and the Caribbean,Journal of International and Comparative Social Policy,,,10.1080/21699763.2015.1069206,https://www.scopus.com/inward/record.uri?eid=2-s2.0-84945460225&doi=10.1080%2F21699763.2015.1069206&partnerID=40&md5=7833022b3e898a153f80e10b1ac84f45,"This paper examines the social policy consequences of systemic banking crises or financial crises in 13 Latin American and Caribbean countries between 1990 and 2010. It takes a rationalist approach to political economy to analyse the effect of these crises on aggregate social policy spending and on four distinct social welfare policy programmes – education, health, housing, and social security – benefits of which vary across social groups. The results indicate that banking crises have a statistically strong negative effect on aggregate social expenditure, but the impact is not uniform across the four programmes. While social security spending increases during the course of crises, health and education expenditures decrease in the same period. The results reinforce the view that distributional conflicts overshadow governments’ response and the burden of crises is unevenly shared in a heterogeneous society. These findings are robust to alternative specifications. © 2015 Taylor & Francis.",2015,12/29/2025 21:43,12/29/2025 21:43,,209-233,,3,31,,,,,,,,,,English,,,Scopus,,,,,,,,welfare state; political economy; comparative social policy; banking crises; Latin America and the Caribbean,,,,,,,,,,,,,,,,,,,,,,,,,,,,,,,,,,,,,,,,,,,,,,,
RR8R4QIY,journalArticle,2015,"Hermann, C.",Crisis and social policy in Europe,Global Social Policy,,,10.1177/1468018114566360a,https://www.scopus.com/inward/record.uri?eid=2-s2.0-84924916744&doi=10.1177%2F1468018114566360a&partnerID=40&md5=4b42db482349808de8316e8499d34ab1,,2015,12/29/2025 21:43,12/29/2025 21:43,,82-85,,1,15,,,,,,,,,,English,,,Scopus,,,,,,,,social policy; Europe; crisis management,,,,,,,,,,,,,,,,,,,,,,,,,,,,,,,,,,,,,,,,,,,,,,,
AV3NQPNZ,journalArticle,2015,"Hall, A.",More of the same: The World Bank’s social policy response to global economic crisis,Global Social Policy,,,10.1177/1468018114566360c,https://www.scopus.com/inward/record.uri?eid=2-s2.0-84924855893&doi=10.1177%2F1468018114566360c&partnerID=40&md5=062e3cae44fbcda180c1d5a023a55387,,2015,12/29/2025 21:43,12/29/2025 21:43,,88-90,,1,15,,,,,,,,,,English,,,Scopus,,,,,,,,social policy; financial crisis; global economy; World Bank,,,,,,,,,,,,,,,,,,,,,,,,,,,,,,,,,,,,,,,,,,,,,,,
UVSPYAMR,journalArticle,2015,"Vetterlein, A.",Paradigm maintenance: The IMF and social policies after the financial crisis,Global Social Policy,,,10.1177/1468018114566360b,https://www.scopus.com/inward/record.uri?eid=2-s2.0-84924853990&doi=10.1177%2F1468018114566360b&partnerID=40&md5=eb4abf3b3168d3bf2c6328916edd44fd,,2015,12/29/2025 21:43,12/29/2025 21:43,,85-88,,1,15,,,,,,,,,,English,,,Scopus,,,,,,,,social policy; financial crisis; IMF,,,,,,,,,,,,,,,,,,,,,,,,,,,,,,,,,,,,,,,,,,,,,,,
22RUIGVJ,journalArticle,2015,"Rigla, F.R.; Ferrer, J.G.; Figueroa, C.V.; Rozas, G.C.","Application of two sub-indexes of Social Policy Index, social spending, and taxes in Spain: The effects of the current crisis in a country with a southern welfare model",International Journal of Interdisciplinary Civic and Political Studies,,,,https://www.scopus.com/inward/record.uri?eid=2-s2.0-84948649459&partnerID=40&md5=a42f98bffea0f8ce1e81e15e6851ab08,"In 2005, the United Nations Research Institute for Social Development (UNRISD) created the Social Policy Index proposal, both to show the efforts developed by each country in the field of social policy and to establish a comparison between them. Naren Prasad (2006), principal author of the Social Policy Index, suggested that one way to proceed would be to look at the government's social spending, tax policy, social security regime, and government quality. The actual spending on such services may be an indication of the government's priorities in this area. In this paper we consider only two of the four areas mentioned by the author: social spending and tax policy. The aim is to understand the effects of the economic crisis on the education, health, housing, social protection, social welfare policies, and spending in these areas in relation to tax revenue approached in the tax sub index. In our analysis we have considered two clearly defined stages of three years each: the first between 2004 and 2006, and the second between 2009 and 2011. Our analysis shows the effects of the economic crisis on the investment by the Spanish Government in social policy fields. © 2015 Common Ground, Francisco Ródenas Rigla, Jorge Garcés Ferrer, Carla Vidal Figueroa, Gustavo Castillo Rozas, All Rights Reserved.",2015,12/29/2025 21:43,12/29/2025 21:43,,,,1,10,,,,,,,,,,English,,,Scopus,,,,,,,,Crisis; Spain; Social Policy; Education; Health; Housing and Sanitation; Social Protection and Social Welfare; Social Spending,,,,,,,,,,,,,,,,,,,,,,,,,,,,,,,,,,,,,,,,,,,,,,,
66PRZV6W,journalArticle,2015,"Bothfeld, S.; Rouault, S.",Families facing the crisis: Is social investment a sustainable social policy strategy?,Social Politics,,,10.1093/sp/jxu014,https://www.scopus.com/inward/record.uri?eid=2-s2.0-84924584774&doi=10.1093%2Fsp%2Fjxu014&partnerID=40&md5=1cfc0d7c77992d66325bb572132956bd,"Since the end of the 1990s, the social investment approach has become a new paradigm in academic and political discourse on social policymaking, above all at the European level. As the social investment approach to social policy aims at tackling the most vulnerable social groups by offering educational programs, supporting the access to employment, especially for young adults and women, and putting an end to the intergenerational transfer of poverty, it appears promising as a new overarching social policy strategy. It is, however - conceptually and in practice - hardly connected to the traditional logic of social provision, which is to compensate for individual incapacity to work or market failure. We claim that the social investment approach falls short of providing arguments for decent and sustainable social protection for the whole population, and that an implementation of this strategy as it is formulated will rather increase than reduce overall social inequality. Trade-offs between the new social investment strategy and traditional redistributive social policy objectives become particularly clear in the analysis of family policy. Our analysis identifies such basic trade-offs between the social investment approach and more ""traditional"" family policies. We argue that the EU member states will adopt a pragmatic, selective or comprehensive approach to social investment according to their basic welfare-type pattern. The comparative analysis of changes in family policies since the outbreak of the crisis (from 2008 to mid-2012) in six European countries provides the empirical basis for our argument. © 2014 The Author.",2015,12/29/2025 21:43,12/29/2025 21:43,,60-85,,1,22,,,,,,,,,,English,,,Scopus,,,,,,,,,,,,,,,,,,,,,,,,,,,,,,,,,,,,,,,,,,,,,,,,,,,,,,,
MTXBZMM9,journalArticle,2015,"de la Porte, C.; Heins, E.",A new era of European Integration Governance of labour market and social policy since the sovereign debt crisis,Comparative European Politics,,,10.1057/cep.2014.39,https://www.scopus.com/inward/record.uri?eid=2-s2.0-84961292030&doi=10.1057%2Fcep.2014.39&partnerID=40&md5=969850bfc54843c6bb06ed135a6ef49e,"In this article we develop a typology of European Union (EU) integration to capture how, to what extent and according to which policy aims EU involvement in Member States has altered with respect to labour market and social policy and what it signifies in terms of institutional change. On this basis, we show first that new instruments-the Six-Pack, Fiscal Compact and Two-Pack-have been layered onto the existing institutional framework governing the Economic and Monetary Union (EMU). Furthermore, we show that the instruments strengthening budgetary discipline to improve the functioning of European Monetary Union have become more explicit in terms of policy objectives, particularly specifying new benchmarks to obtain fiscal discipline. They are also stricter in terms of surveillance and enforcement. Second, we show that there are initiatives to address and improve the social dimension of the EU-Europe 2020, the Social Investment Package and the Youth Guarantee-and that these have also emerged through a process of institutional layering. However, the aims around Europe 2020 and Social Investment continue to be based on the voluntary Open Method of Coordination, with comparatively weak surveillance and enforcement. In the current context, and in order to attain economic growth together with social cohesion and welfare, it is of utmost importance that EMU criteria should be altered to take account of social investments. © 2015 Macmillan Publishers Limited.",2015,12/29/2025 21:43,12/29/2025 21:43,,28-Aug,,1,13,,,,,,,,,,English,,,Scopus,,,,,,,,governance; European Integration; European social policy; institutional change; stability and growth pact,,,,,,,,,,,,,,,,,,,,,,,,,,,,,,,,,,,,,,,,,,,,,,,
WWJDPUX7,journalArticle,2014,"Bryan, D.; Rafferty, M.",Financial Derivatives as Social Policy beyond Crisis,Sociology,,,10.1177/0038038514539061,https://www.scopus.com/inward/record.uri?eid=2-s2.0-84908548720&doi=10.1177%2F0038038514539061&partnerID=40&md5=a112687156c7af375e982cd518eacb68,"The period since the global financial crisis has seen financial derivatives not only grow quantitatively in financial markets but also expand socially as a calculative logic, giving increasing precision to the concept of capital and hence class relations. The logic of derivatives involves deconstructing ‘things’ into a spectrum of tradable risks. The article identifies the ways in which this logic is spreading into an increasing range of social, economic and political policy domains. It posits how, through the logic of derivatives, a range of sociological issues can be seen and re-thought through the eyes of financial calculus. © The Author(s) 2014.",2014,12/29/2025 21:43,12/29/2025 21:43,,887-903,,5,48,,,,,,,,,,English,,,Scopus,,,,,,,,financial crisis; derivative logic; financial derivatives; financialization,,,,,,,,,,,,,,,,,,,,,,,,,,,,,,,,,,,,,,,,,,,,,,,
C99AH64R,journalArticle,2014,"van Hooren, F.; Kaasch, A.; Starke, P.",The shock routine: Economic crisis and the nature of social policy responses,Journal of European Public Policy,,,10.1080/13501763.2014.887757,https://www.scopus.com/inward/record.uri?eid=2-s2.0-84897852276&doi=10.1080%2F13501763.2014.887757&partnerID=40&md5=77d7cac693451c1dcffb710dc796f166,"The idea that moments of crisis form opportunities for fundamental policy change is widespread in political science and public policy. It is usually associated with historical institutionalism and the notion of 'critical junctures'. On the basis of an in-depth analysis of social policy responses in Australia, Belgium, the Netherlands and Sweden over the course of four global economic shocks, we ask whether the notion of critical junctures is useful in understanding the nature of change triggered by crisis. The main empirical finding is that fundamental change in the aftermath of an exogenous shock is the exception rather than the rule. Instead, incremental 'crisis routines' based on existing policy instruments are overwhelmingly used to deal with economic hardship. We discuss these findings in the light of the psychological 'threat-rigidity' effect and reflect on their consequences for theories of comparative policy analysis and institutional change. © 2014 © 2014 Taylor & Francis.",2014,12/29/2025 21:43,12/29/2025 21:43,,605-623,,4,21,,,,,,,,,,English,,,Scopus,,,,,,,,social policy; welfare state; historical institutionalism; Crisis; critical juncture; threat-rigidity effect,,,,,,,,,,,,,,,,,,,,,,,,,,,,,,,,,,,,,,,,,,,,,,,
4TGJUKFM,journalArticle,2014,"Bekker, S.; Klosse, S.",The Changing Legal Context of Employment Policy Coordination: How do Social Policy Issues Fare after the Crisis?,European Labour Law Journal,,,10.1177/201395251400500103,https://www.scopus.com/inward/record.uri?eid=2-s2.0-105004732629&doi=10.1177%2F201395251400500103&partnerID=40&md5=39be1c1c8158085f7cd453a13f4bc12a,"Looking at the 2013 country-specific Recommendations, this article explores which legal instruments are used to coordinate employment and social policy items after the crisis. This includes instruments belonging to employment and social policy coordination, as well as to budgetary and economic governance cycles. The article answers the question whether the joint use of these instruments affect the Union's employment and social policy goals. The analysis reveals that employment and social policy items frequently feature in budgetary and economic governance cycles, such as the Stability and Growth Pact (SGP) and the Macro-economic Imbalances Procedure. Examples of such topics are health care, pension schemes and wage development. Yet, the impact on the Union's social goals shows a mixed picture, with certain Recommendations supporting social policies, while other Recommendations tending to address social issues from an economic perspective. © 2014 SAGE Publications.",2014,12/29/2025 21:43,12/29/2025 21:43,,17-Jun,,1,5,,,,,,,,,,English,,,Scopus,,,,,,,,EU social policy; EU economic governance; EU social dimension; European labour law; European Semester,,,,,,,,,,,,,,,,,,,,,,,,,,,,,,,,,,,,,,,,,,,,,,,
RFK389XM,journalArticle,2014,"Saxonberg, S.; Sirovátka, T.",From a Garbage Can to a Compost Model of Decision-Making? Social Policy Reform and the Czech Government's Reaction to the International Financial Crisis,Social Policy and Administration,,,10.1111/spol.12070,https://www.scopus.com/inward/record.uri?eid=2-s2.0-84903770926&doi=10.1111%2Fspol.12070&partnerID=40&md5=dcc8c123c1f17caeebcaa636e8e06301,"This article argues that the financial crisis did not have a strong impact on Czech social policy. In contrast to the garbage-can model, in which policymakers wait for a 'window of opportunity' to implement radical reforms, the Czech centre-right parties instead used the crisis as a means of continuing their market-liberal reforms that they had initiated before the crisis had even begun. Since they had extremely little public support for their reforms, they tried to bring about gradual change. Thus, instead of pulling radical reforms out of the garbage-can, Czech right-wing politicians have tended to take out smaller biodegradable goods that can decay and compost into fertile ground in order to sow the seeds of gradual change. © 2014 John Wiley & Sons Ltd.",2014,12/29/2025 21:43,12/29/2025 21:43,,450-467,,4,48,,,,,,,,,,English,,,Scopus,,,,,,,,policy making; financial crisis; party politics; welfare reform; social security; Czech Republic; reform process; decision making; liberalization; Czech politics; Garbage-can; Liberalism-by-decay; Reforms,,,,,,,,,,,,,,,,,,,,,,,,,,,,,,,,,,,,,,,,,,,,,,,
BWRLD2NW,journalArticle,2014,"Flores Paredes, J.; Solís, J.A.",Social policies and crisis: A comparison between the EU and Latin America,Revista de Economia Mundial,,,,https://www.scopus.com/inward/record.uri?eid=2-s2.0-84900449715&partnerID=40&md5=73c1d706af01f21a3b2a5969216bad30,"The aim of this paper is to provide elements for helping to compare social policies in the EU and Latin America. Considering that there exist important differences between both groups of countries and within each region, we have focus on the study of the characteristics and the analysis of the existing data, in order to propose preliminary conclusions for the debate, as well as elements for continuing the research on social policies in the studied countries. Firstly, we have noted that EU countries with consolidated welfare state policies do not present serious imbalances in public fnances, despite their greater level of social spending. Besides, in the case of EU countries with less developed welfare state policies we have not found direct relations between social expenditure and public fnance imbalances. Therefore, we propose that the welfare state is neither the determinant aspect of fscal imbalances in the EU, nor the origin of the current crisis and its social consequences. Secondly, comparing selected countries of the EU and Latin America we have not found common elements concerning the role of social policies, although we have detected important similarities in macroeconomic priorities, as well as in the effects of the adjustment policies implemented years ago in Latin America and nowadays in the EU. That seriously invites to think about the consequences of these policies in terms of social welfare.",2014,12/29/2025 21:43,12/29/2025 21:43,,211-237,,36,,,,Políticas sociales ante la crisis: Una comparación entre la UE y Latinoamérica,,,,,,,English,,,Scopus,,,,,,,,Welfare state; European union; Social policies; Austerity policies; Latin America,,,,,,,,,,,,,,,,,,,,,,,,,,,,,,,,,,,,,,,,,,,,,,,
WGU6L3BE,journalArticle,2014,"Starke, P.; Kaasch, A.; van Hooren, F.",Political parties and social policy responses to global economic crises: Constrained partisanship in mature welfare states,Journal of Social Policy,,,10.1017/S0047279413000986,https://www.scopus.com/inward/record.uri?eid=2-s2.0-84897845051&doi=10.1017%2FS0047279413000986&partnerID=40&md5=bbcb0fc09148ea323b2cd4086ba98302,"Based on empirical findings from a comparative study on welfare state responses to the four major economic shocks (the 1970s oil shocks, the early 1990s recession, the 2008 financial crisis) in four OECD countries, this article demonstrates that, in contrast to conventional wisdom, policy responses to global economic crises vary significantly across countries. What explains the cross-national and within-case variation in responses to crises? We discuss several potential causes of this pattern and argue that political parties and the party composition of governments can play a key role in shaping crisis responses, albeit in ways that go beyond traditional partisan theory. We show that the partisan conflict and the impact of parties are conditioned by existing welfare state configurations. In less generous welfare states, the party composition of governments plays a decisive role in shaping the direction of social policy change. By contrast, in more generous welfare states, i.e., those with highly developed automatic stabilisers, the overall direction of policy change is regularly not subject to debate. Political conflict in these welfare states rather concerns the extent to which expansion or retrenchment is necessary. Therefore, a clear-cut partisan impact can often not be shown. © Cambridge University Press 2014.",2014,12/29/2025 21:43,12/29/2025 21:43,,225-246,,2,43,,,,,,,,,,English,,,Scopus,,,,,,,,social policy; welfare provision; economic instability; financial crisis; OECD; party politics; welfare economics; policy reform; global economy; political conflict,,,,,,,,,,,,,,,,,,,,,,,,,,,,,,,,,,,,,,,,,,,,,,,
UREHKU6L,journalArticle,2013,"Starke, P.",Antipodean social policy responses to economic crises,Social Policy and Administration,,,10.1111/spol.12036,https://www.scopus.com/inward/record.uri?eid=2-s2.0-84885127114&doi=10.1111%2Fspol.12036&partnerID=40&md5=2871910e4158ba7ff95bc294e1e48e98,"In this article, I analyze the social policy reactions to economic crises in Australia and New Zealand. After the financial crisis of 2008, Australia built its crisis management strategy around a large fiscal stimulus with a significant social policy component, whereas New Zealand did not. While the government enacted fiscal stimulus measures, the social policy component was small and the government soon returned to welfare retrenchment and workfare policy. Based on a detailed account of recent crisis policies as well as a condensed overview of previous crisis responses (to the 1970s oil shocks, the early 1990s recession and the Asian financial crisis), I discuss the contribution of a number of factors to explaining this difference between Australia and New Zealand. These factors include: idiosyncratic causes such as the Australian mining boom and the Christchurch earthquakes, partisan politics, interest group structures, political institutions and policy legacies. The analysis shows that the recent differences cannot fully be explained through idiosyncratic factors, as partisan ideology was already crucial in strategic policy decisions during the first months of the crisis. The historical pattern further supports this conclusion. © 2013 John Wiley & Sons Ltd.",2013,12/29/2025 21:43,12/29/2025 21:43,,647-667,,6,47,,,,,,,,,,English,,,Scopus,,,,,,,,Welfare state; social policy; Social policy; welfare provision; Political parties; comparative study; financial crisis; party politics; Crisis; economic conditions; crisis management; political ideology; Australia; financial policy; New Zealand,,,,,,,,,,,,,,,,,,,,,,,,,,,,,,,,,,,,,,,,,,,,,,,
27XREJ58,journalArticle,2013,"Papadopoulos, T.; Roumpakis, A.",Familistic welfare capitalism in crisis: Social reproduction and anti-social policy in Greece,Journal of International and Comparative Social Policy,,,10.1080/21699763.2013.863736,https://www.scopus.com/inward/record.uri?eid=2-s2.0-84890434049&doi=10.1080%2F21699763.2013.863736&partnerID=40&md5=6385c904fe525ac302dba1d7aba99b85,"Familistic welfare capitalism is a model of national political economy prevalent in many regions in the world (Southern Europe, Latin America, and Asia), where the family plays a double role as the key provider of welfare and a key agent in the model's socio-economic and political reproduction. The article offers a new approach to the study this model by adopting an expanded concept of social reproduction to capture its historical evolution, using Greece as a case study. Our empirical analysis of austerity measures on employment and pensions demonstrates, how, in the Greek case, a crisis of social reproduction of the traditional form of familistic welfare capitalism was already underway prior to the well-known sovereign-debt crisis. And further we show how the adoption of austerity measures and pro-market reforms is deepening this crisis by severely undermining the key pillars of familial welfare security while rapidly transforming the model into a political economy of generalised insecurity. © 2013 Taylor & Francis.",2013,12/29/2025 21:43,12/29/2025 21:43,,204-224,,3,29,,,,,,,,,,English,,,Scopus,,,,,,,,Greece; anti-social policy; familistic welfare capitalism; recommodification; social reproduction; Southern Europe,,,,,,,,,,,,,,,,,,,,,,,,,,,,,,,,,,,,,,,,,,,,,,,
3GUTY7P7,journalArticle,2013,"Gerovska-Mitev, M.; Dimitrijoska, S.",Social policy and social work in the economic crisis times in the Republic of Macedonia,Ljetopis Socijalnog Rada,,,,https://www.scopus.com/inward/record.uri?eid=2-s2.0-84879681473&partnerID=40&md5=e5fc67209080831649f8c9baad9fa5e1,"The paper analyzes the impact of the global economic crisis in relation to social policy and social work, with a focus on experiences and conditions in Macedonia in the period from 2008 till 2012. During an economic crisis social policies are challenged through austerity measures which impact the employment possibilities, the living standard and particularly burden the conditions of those in poverty and social exclusion. Social work is also affected through the need to cater the existing social work clientele as well as to target new vulnerable groups, such as: retrenched workers, self-employed workers, unemployed graduates, the homeless and others who due to a lack of access to the labour market and income, are increasingly faced with social problems, such as deprivation, marginalization, domestic violence, etc. The analysis in this paper shows that although the social conditions (unemployment, poverty) in Macedonia have not deteriorated as a result of the economic crisis as in other European countries (i.e. Baltic countries, Spain), they show only a negligible improvement. The paper also focuses on anti-crisis measures, and gives an outline of main challenges in social policy and social work in Macedonia during the economic crisis.",2013,12/29/2025 21:43,12/29/2025 21:43,,171-185,,1,20,,,Socijalna politika i socijalni rad u doba ekonomske krize u Republici Makedoniji,,,,,,,English,,,Scopus,,,,,,,,Social policy; Economic crisis; New social risks; Social work; Vulnerable categories,,,,,,,,,,,,,,,,,,,,,,,,,,,,,,,,,,,,,,,,,,,,,,,
6JZXDB4J,journalArticle,2013,"Palier, B.","Social policy paradigms, welfare state reforms and the crisis",Stato e Mercato,,,10.1425/73007,https://www.scopus.com/inward/record.uri?eid=2-s2.0-84880049296&doi=10.1425%2F73007&partnerID=40&md5=983d023ea72afc96af31e64985c1cdd0,"The article focuses on the interplay between changes in welfare state paradigms (Keynesian, neo-liberal and social investment) and actual social policy reforms. It takes a broad look at the interplay between changes in social policy paradigms and welfare state reforms, framing what happened over the last decades and what it is happening in a long-run perspective. The first part of the paper looks at the role of ideas and paradigmatic change in relation to the role assigned to the welfare state in capitalist economies. The second part of the paper analyses common European trends. The third looks at specificities in welfare state reforms set in place in the different «worlds» and regimes. The last part is dedicated to how both the paradigms' debate and the real institutional changes are taking place at a time of deep economic crisis and subsequent austerity plans.",2013,12/29/2025 21:43,12/29/2025 21:43,,37-66,,97,,,,,,,,,,,English,,,Scopus,,,,,,,,,,,,,,,,,,,,,,,,,,,,,,,,,,,,,,,,,,,,,,,,,,,,,,,
TKN6PLT6,journalArticle,2012,"Hancock, L.; Mooney, G.; Neal, S.",Crisis social policy and the resilience of the concept of community,Critical Social Policy,,,10.1177/0261018312444410,https://www.scopus.com/inward/record.uri?eid=2-s2.0-84863770585&doi=10.1177%2F0261018312444410&partnerID=40&md5=35f3771c2f5036f77964acfd93017f44,"This paper considers the continuing resilience of the notion of community in social policy making and wider political commentary in the contemporary UK. Focusing in particular on the ways in which community is negatively and positively invoked and mobilized in narratives of the 'big' and 'broken' societies, it considers why the notion of community, so popular with the previous New Labour government, continues to enchant the present UK Coalition government and has been given added resonance in the context of the economic crisis and of the 'austerity' measures currently being adopted. The paper argues that placing community at the heart of current welfare provision illuminates a number of tensions in the UK government's policy-making agenda. Informed by a discussion of Liverpool - once one of the big society 'laboratories' - we highlight the contradictions between top-down, depoliticized understandings of community and the types of community engagement and participation that are to be found in poor, disadvantaged communities in particular. Such communities are also where the impact of UK government 'austerity' measures are being most keenly felt. © The Author(s) 2012.",2012,12/29/2025 21:43,12/29/2025 21:43,,343-364,,3,32,,,,,,,,,,English,,,Scopus,,,,,,,,community; social policy; crisis; policy making; welfare provision; economic instability; policy; welfare; welfare economics; United Kingdom; Big society; Broken society,,,,,,,,,,,,,,,,,,,,,,,,,,,,,,,,,,,,,,,,,,,,,,,
SKIYYWQQ,journalArticle,2012,"Allen, K.",The model pupil who faked the test: Social policy in the Irish crisis,Critical Social Policy,,,10.1177/0261018312444418,https://www.scopus.com/inward/record.uri?eid=2-s2.0-84863765048&doi=10.1177%2F0261018312444418&partnerID=40&md5=97e79705098c7f11c3bfaaa962b625c9,"The Irish government has been held up as a model pupil of the IMF and the EU Commission because of its adoption of an intensified neoliberal response to the crisis. It has developed a policy consensus in support of wage cuts and severe austerity in order to prop up its banking system. However, the economic expertise that it relies on displays a considerable class bias. Under the guise of a neutral, technical language, the interests of a wealthy elite are being protected. Levels of social deprivation and inequality have, as a result, risen considerably. Yet despite its apparent success, there is considerable evidence that an investment strike is under way and there is no sign of a sustained recovery. © The Author(s) 2012.",2012,12/29/2025 21:43,12/29/2025 21:43,,422-439,,3,32,,,,,,,,,,English,,,Scopus,,,,,,,,social policy; crisis; European Union; financial crisis; government relations; Ireland; European Commission; wage; neoliberalism; austerity; IMF; banking; class,,,,,,,,,,,,,,,,,,,,,,,,,,,,,,,,,,,,,,,,,,,,,,,
GCI9MPXX,journalArticle,2012,"Dobelniece, S.; Lace, T.",Global economic crisis in Latvia: Social policy and individuals' responses,"Filosofija, Sociologija",,,,https://www.scopus.com/inward/record.uri?eid=2-s2.0-84863696038&partnerID=40&md5=47884be8c974045b1c7541e8cbc428bb,"The global economic crisis has resulted in some devastating socio-economic and socio-political consequences in almost all countries of EU, and because of external and internal reasons Latvia is one of the hardest hit countries of the region. The paper discusses the manifestation of crisis, the government's response to it, and individuals' coping strategies on the basis of statistical analysis and in-depth interviews. Economic recession is characterized by GDP reduction, unemployment growth, increase in rates of poverty (needy persons), and household debt. In response to the crisis, Latvia has been forced to borrow a significant amount of money from international lenders. The government has taken severe steps towards the budget consolidation - drastic cuts of income, reduction of social insurance benefits, and increase of taxes. These measures had impact on different categories of people, but the most vulnerable groups of population were hit hardest. As a result, the need for social assistance increased. Several new activities to strengthen social security net for the poorest were introduced. Among others, one of the results of government's austerity measures is a rising distrust of the population in the system of social security, especially social insurance. In such situation inhabitants choose different individual survival strategies. © Lietuvos mokslu{ogonek} akademija, 2012.",2012,12/29/2025 21:43,12/29/2025 21:43,,111-118,,2,23,,,,,,,,,,English,,,Scopus,,,,,,,,Social policy; Global economic crisis; Individual coping strategies,,,,,,,,,,,,,,,,,,,,,,,,,,,,,,,,,,,,,,,,,,,,,,,
8XR9FVLP,journalArticle,2012,"Farnsworth, K.; Irving, Z.","Varieties of crisis, varieties of austerity: Social policy in challenging times",Journal of Poverty and Social Justice,,,10.1332/175982712X652041,https://www.scopus.com/inward/record.uri?eid=2-s2.0-84870600262&doi=10.1332%2F175982712X652041&partnerID=40&md5=128ee1c03a3be2fd6904b605d193b8cf,"In the period since 2008 it has become clear that the financial collapse and its ensuing crises have affected countries differently. However, a new 'austerity consensus' appears to have developed which is threatening the welfare gains established since the 1930s. By considering in comparative perspective the extent of austerity measures and the ways in which the normalisation of the 'new age' is being resisted, this article reflects on whether we are now facing the 'end of history' for welfare states given the widespread regression of social provision and the view that welfare states have become 'unaffordable'. Copyright © The Policy Press, 2012.",2012,12/29/2025 21:43,12/29/2025 21:43,,133-147,,2,20,,,,,,,,,,English,,,Scopus,,,,,,,,Austerity; Economic crisis; Comparative social policy; Spending cuts; Welfare commitment,,,,,,,,,,,,,,,,,,,,,,,,,,,,,,,,,,,,,,,,,,,,,,,
NA28ZVWT,journalArticle,2012,"Schelkle, W.",A crisis of what? Mortgage credit markets and the social policy of promoting homeownership in the United States and in Europe,Politics and Society,,,10.1177/0032329211434690,https://www.scopus.com/inward/record.uri?eid=2-s2.0-84856473686&doi=10.1177%2F0032329211434690&partnerID=40&md5=96e1eccdb72059c4992044f63671f4cc,"The crisis of 2007-09 was prefigured by bubbles in the housing and mortgage credit markets of major Organisation for Economic Co-operation and Development (OECD) countries. A comparison of the United States, the United Kingdom, and France reveals that, contrary to popular perception, the two European countries had a bigger housing price bubble, more volatility, and a more short-termist mortgage market. Yet, the fallout of the crisis-in terms of overindebtedness of mortgage holders, foreclosures of homes, and the extent to which the ""nest-eggs"" of households were devalued-has been worse in the United States. This article explores which differences in the use of credit markets for the social policy of promoting homeownership can account for this puzzling finding. © 2012 SAGE Publications.",2012,12/29/2025 21:43,12/29/2025 21:43,,59-80,,1,40,,,,,,,,,,English,,,Scopus,,,,,,,,Social policy; Financial crisis; Consumer protection; Mortgage credit; Welfare state research,,,,,,,,,,,,,,,,,,,,,,,,,,,,,,,,,,,,,,,,,,,,,,,
DXIT62GJ,journalArticle,2012,"Schelkle, W.","In the spotlight of crisis: How social policies create, correct, and compensate financial markets",Politics and Society,,,10.1177/0032329211434687,https://www.scopus.com/inward/record.uri?eid=2-s2.0-84856420827&doi=10.1177%2F0032329211434687&partnerID=40&md5=4d7156332cbb0944087028c406fe54d8,"This special issue of Politics & Society explores the relationship between social policy and financial markets, which was thrown into sharp relief by the financial crisis of 2007-09. The research asks how particular social policies underpin and even create financial markets, specifically mass markets for consumer finance, mortgages, and pensions. © 2012 SAGE Publications.",2012,12/29/2025 21:43,12/29/2025 21:43,,8-Mar,,1,40,,,,,,,,,,English,,,Scopus,,,,,,,,Social policy; Pensions; Financial crisis; Mortgage credit; Market regulation; Welfare state research introduction to the special issue,,,,,,,,,,,,,,,,,,,,,,,,,,,,,,,,,,,,,,,,,,,,,,,
7D4GLE58,journalArticle,2012,"Hemerijck, A.C.; Vandenbroucke, F.",Social investment and the Euro Crisis: The necessity of a unifying social policy concept,Intereconomics,,,10.1007/s10272-012-0422-y,https://www.scopus.com/inward/record.uri?eid=2-s2.0-84865470112&doi=10.1007%2Fs10272-012-0422-y&partnerID=40&md5=04f897374f58aec7d6d5283635f76d8a,,2012,12/29/2025 21:43,12/29/2025 21:43,,200-205,,4,47,,,,,,,,,,English,,,Scopus,,,,,,,,,,,,,,,,,,,,,,,,,,,,,,,,,,,,,,,,,,,,,,,,,,,,,,,
H2SHHRLY,journalArticle,2011,"Ulriksen, M.S.",Social policy development and global financial crisis in the open economies of Botswana and Mauritius,Global Social Policy,,,10.1177/1468018111421287,https://www.scopus.com/inward/record.uri?eid=2-s2.0-84255186206&doi=10.1177%2F1468018111421287&partnerID=40&md5=ceb73d97c817d2ad2ada13b866af2465,"The manner in which open economies in a globalized world shape social policy development is highly disputed, as is the impact of the current financial crisis on social policy. One argument is that globalization and economic austerity force social policy dismantling. Alternatively, it is proposed that open economies - facing greater volatility, especially during crisis - push for greater social protection. Using the examples of Botswana and Mauritius, two open middle-income countries, this article suggests that, in fact, both arguments may be correct. The impact of globalization and economic crisis depends on the character of the welfare system already in place and the organized interests underpinning it. In Botswana a main social policy thrust is to increase efficiency in spending, whereas issues of job security and compensation are more prevalent in Mauritius. The findings imply that divergence across welfare systems persists and that, even in crisis, countries often use tried social policy solutions. © The Author(s) 2011.",2011,12/29/2025 21:43,12/29/2025 21:43,,194-213,,3-Feb,11,,,,,,,,,,English,,,Scopus,,,,,,,,social policy; financial crisis; globalization; social security; welfare economics; policy development; path dependence; Botswana; Mascarene Islands; Mauritius; social policy development; social security spending,,,,,,,,,,,,,,,,,,,,,,,,,,,,,,,,,,,,,,,,,,,,,,,
KYF6M6Y6,journalArticle,2011,"Kwon, O.-J.",The logic of social policy expansion in a neoliberal context: Health insurance reform in Korea after the 1997 economic crisis,Theory and Society,,,10.1007/s11186-011-9155-3,https://www.scopus.com/inward/record.uri?eid=2-s2.0-80053917245&doi=10.1007%2Fs11186-011-9155-3&partnerID=40&md5=94f3fff782be4139fc819ec1d504ada3,"In the aftermath of the economic crisis of the late 1990s, the Korean government reformed health insurance system to enhance social equity and solidarity. This article identifies the institutional features and political dynamics involved in completing the reform. The Korean case suggests a model of counter-movement that differs from the historical experiences of both democratic corporatist and liberal welfare states. Two institutional conditions within the politics of crisis contributed to the reform. A legacy of limited state welfare was critical in providing the impetus for reforming health insurance system. More importantly, the crisis maximized the state's coordination capacity by mobilizing a coherent bureaucracy under the presidential authority, and by limiting interest politics. The Korean experience has important implications for the study of economic crisis and social policy response. The way in which a crisis provides new contexts for welfare and policy making institutions, rather than the institutions themselves, should be the main focus in analyzing policy responses. The focus on the political dynamics of an economic crisis helps us acknowledge the limit of ideological forces of a crisis in facilitating a particular policy response. © 2011 Springer Science+Business Media B.V.",2011,12/29/2025 21:43,12/29/2025 21:43,,645-667,,6,40,,,,,,,,,,English,,,Scopus,,,,,,,,Economic crisis; Counter-movement; Health insurance reform; Korean politics; State capacity,,,,,,,,,,,,,,,,,,,,,,,,,,,,,,,,,,,,,,,,,,,,,,,
FW8WT3CV,journalArticle,2010,"de Haan, A.",A defining moment? China's social policy response to the financial crisis,Journal of International Development,,,10.1002/jid.1726,https://www.scopus.com/inward/record.uri?eid=2-s2.0-77955488702&doi=10.1002%2Fjid.1726&partnerID=40&md5=654fb5eb1d4c8fd8c8f848e677cf538b,"This paper discusses whether China's response to the 2008-2009 financial crisis is a 'defining moment', whether it is leading to a departure of China's export-driven development model and whether the large stimulus package is strengthening its social policies and leading towards a more egalitarian structure. Two years after the crisis, it seems China has been very successful in managing the crisis, reaffirming political legitimacy, monitoring potential social unrest and introducing a wide range of promotive measures, even though this did not imply the sudden shift to promotion of household consumption some observers were arguing for. © 2010 John Wiley & Sons, Ltd.",2010,12/29/2025 21:43,12/29/2025 21:43,,758-771,,6,22,,,,,,,,,,English,,,Scopus,,,,,,,,social policy; Social policy; financial crisis; Financial crisis; crisis management; China; financial policy; export led development; financial market; Harmonious society; Social unrest; Stimulus package,,,,,,,,,,,,,,,,,,,,,,,,,,,,,,,,,,,,,,,,,,,,,,,
IVPMT7DB,journalArticle,2010,"Hassel, A.; Schiller, C.",Fiscal federalism and social policy in germany-hartz IV as a response to the budgetary crisis of local governments,Politische Vierteljahresschrift,,,10.1007/s11615-010-0006-z,https://www.scopus.com/inward/record.uri?eid=2-s2.0-77953082325&doi=10.1007%2Fs11615-010-0006-z&partnerID=40&md5=6c1f66a81212651a0e8af15f2c190083,"In the literature on welfare state reforms, continental welfare states like Germany have been considered to be resistant to reform. However, recently scholars started to argue that new reform coalitions and policy learning have led to a major restructuring of the German welfare state. In this article we introduce a third argument into the debate and claim that the recent reforms can only be understood by taking into account the specific structure of welfare state financing in Germany. Focusing on the reform of unemployment benefits we show that the crisis of the widespread cost-shifting practice between the federal budget, the social insurance and local authority budgets contributed to fiscal problems which could ultimately only be resolved by engaging in a fundamental restructuring of the financing architecture of welfare provisions for the long-term unemployed. © VS Verlag 2010.",2010,12/29/2025 21:43,12/29/2025 21:43,,95-117,,1,51,,,Sozialpolitik im Finanzföderalismus Hartz IV als Antwort auf die Krise der Kommunalfinanzen,,,,,,,German,,,Scopus,,,,,,,,Reform; Continental welfare states; Federalism; Welfare state financing,,,,,,,,,,,,,,,,,,,,,,,,,,,,,,,,,,,,,,,,,,,,,,,
ZY6XIFF6,journalArticle,2001,"Kwon, S.",Economic crisis and social policy reform in Korea,International Journal of Social Welfare,,,10.1111/1468-2397.00159,https://www.scopus.com/inward/record.uri?eid=2-s2.0-0042558935&doi=10.1111%2F1468-2397.00159&partnerID=40&md5=f84fbd635c33170b9ec38cd8ef4765e3,"The economic crisis that broke out in Korea in December 1997 has had a chilling impact on social development in the country. Today unemployment is the highest that Korea has experienced in the past thirty years. This paper aims to examine the impact of the economic crisis on social development and the role of public policy to mitigate the problems caused by the crisis. The economic crisis has hit vulnerable groups harder, increased the proportion of part-time and daily workers, and reversed the trend of steady improvement of income distribution. The economic crisis along with the trend of aging population, globalization, and competition calls for an expanded role of social policy, which the Korean government has neglected for a long time. The main targets of social policy reform in Korea include the expansion of government programs and safety nets for the unemployed and redesigning the national pension and health insurance scheme to provide adequate income security as well as to improve the system sustainability.",2001,12/29/2025 21:43,12/29/2025 21:43,,97-106,,2,10,,,,,,,,,,English,,,Scopus,,,,,,,,Unemployment; Korea; Health insurance; Pension; Social development,,,,,,,,,,,,,,,,,,,,,,,,,,,,,,,,,,,,,,,,,,,,,,,
