Publication Type,Authors,Book Authors,Book Editors,Book Group Authors,Author Full Names,Book Author Full Names,Group Authors,Article Title,Source Title,Book Series Title,Book Series Subtitle,Language,Document Type,Conference Title,Conference Date,Conference Location,Conference Sponsor,Conference Host,Author Keywords,Keywords Plus,Abstract,Addresses,Affiliations,Reprint Addresses,Email Addresses,Researcher Ids,ORCIDs,Funding Orgs,Funding Name Preferred,Funding Text,Cited References,Cited Reference Count,"Times Cited, WoS Core","Times Cited, All Databases",180 Day Usage Count,Since 2013 Usage Count,Publisher,Publisher City,Publisher Address,ISSN,eISSN,ISBN,Journal Abbreviation,Journal ISO Abbreviation,Publication Date,Publication Year,Volume,Issue,Part Number,Supplement,Special Issue,Meeting Abstract,Start Page,End Page,Article Number,DOI,DOI Link,Book DOI,Early Access Date,Number of Pages,WoS Categories,Web of Science Index,Research Areas,IDS Number,Pubmed Id,Open Access Designations,Highly Cited Status,Hot Paper Status,Date of Export,UT (Unique WOS ID),Web of Science Record
J,"Lata, LN",,,,"Lata, Lutfun Nahar",,,"COVID-19, Poverty, and Inequality in Bangladesh",CURRENT HISTORY,,,English,Article,,,,,,,,,"[Lata, Lutfun Nahar] Univ Queensland, Inst Social Sci Res, Brisbane, Qld, Australia",University of Queensland,"Lata, LN (corresponding author), Univ Queensland, Inst Social Sci Res, Brisbane, Qld, Australia.",,,,,,,,0,7,7,0,2,UNIV CALIFORNIA PRESS,OAKLAND,"155 GRAND AVE, SUITE 400, OAKLAND, CA 94612-3758 USA",0011-3530,1944-785X,,CURR HIST,Curr. Hist.,APR,2022,121,834,,,,,141,146,,,,,,6,International Relations; Political Science,Social Science Citation Index (SSCI),International Relations; Government & Law,8L8WK,,,,,2026-01-27,WOS:000924060000004,View Full Record in Web of Science
J,"Tedesco, L; Diamint, R",,,,"Tedesco, Laura; Diamint, Rut",,,Behind COVID-19: Deepening Poverty in Cuba,BULLETIN OF LATIN AMERICAN RESEARCH,,,English,Article,,,,,,Amartya Sen; COVID-19; Cuba; democracy; freedom of press; Fuerzas Armadas Revolucionarias,,"The article explores the Cuban government's reaction to COVID-19, emphasising its control of the press and the role of the Revolutionary Armed Forces (FAR). The main question is whether the health crisis could empower or weaken the government vis-a-vis civil society.","[Tedesco, Laura] St Louis Univ, Madrid, Spain; [Diamint, Rut] Univ Torcuato Di Tella, Buenos Aires, DF, Argentina",Universidad Torcuato Di Tella,"Tedesco, L (corresponding author), St Louis Univ, Madrid, Spain.",,"Tedesco, Laura/HHZ-5493-2022; Diamint, RUT/AEX-0885-2022",,,,,,9,0,1,0,2,WILEY,HOBOKEN,"111 RIVER ST, HOBOKEN 07030-5774, NJ USA",0261-3050,1470-9856,,B LAT AM RES,Bull. Lat. Am. Res.,DEC,2020,39,,,1,,,75,78,,10.1111/blar.13185,http://dx.doi.org/10.1111/blar.13185,,,4,Area Studies,Social Science Citation Index (SSCI),Area Studies,PK8IX,,Bronze,,,2026-01-27,WOS:000602682600015,View Full Record in Web of Science
J,"Cuesta, J; Pico, J",,,,"Cuesta, Jose; Pico, Julieth",,,The Gendered Poverty Effects of the COVID-19 Pandemic in Colombia,EUROPEAN JOURNAL OF DEVELOPMENT RESEARCH,,,English,Article,,,,,,COVID-19; Poverty; Gender; Microsimulations; Colombia,,"Everyone, across borders, race and gender, is affected by the global COVID-19 pandemic-but not equally. In this paper, we examine a burgeoning new literature discussing the employment effects of COVID-19. We explore the extent to which COVID-19 will exacerbate gendered employment disparities, income generation gaps, and, ultimately, poverty gaps, using a simple microsimulation methodology. We test our approach in Colombia, which has implemented an unparalleled number of mitigation measures and has reopened its economy earlier than regional neighbors. We find that COVID-19 increases the poverty headcount to a daunting degree (between 3.0 and 9.1 pp increases). Mitigation measures vary considerably in their individual impact (up to 0.9 pp poverty reduction). A fiscally neutral Universal Basic Income program would cause larger poverty reductions. Importantly, both men and women report similar poverty impacts from the pandemic and mitigation policies, reflecting the magnitude of the downturn, the design of interventions and our own poverty measure.","[Cuesta, Jose; Pico, Julieth] World Bank, 1818 H St NW, Washington, DC 20433 USA",The World Bank,"Cuesta, J (corresponding author), World Bank, 1818 H St NW, Washington, DC 20433 USA.",jcuesta@worldbank.org; jpicomejia@worldbank.org,"; Cuesta, Jose/A-7157-2008","Pico-Mejía, Julieth/0009-0008-7894-0939;",,,,,60,25,34,1,26,PALGRAVE MACMILLAN LTD,BASINGSTOKE,"BRUNEL RD BLDG, HOUNDMILLS, BASINGSTOKE RG21 6XS, HANTS, ENGLAND",0957-8811,1743-9728,,EUR J DEV RES,Eur. J. Dev. Res.,DEC,2020,32,5,,,SI,,1558,1591,,10.1057/s41287-020-00328-2,http://dx.doi.org/10.1057/s41287-020-00328-2,,NOV 2020,34,Development Studies,Social Science Citation Index (SSCI),Development Studies,PL7ZK,33162688,"Green Submitted, Bronze",,,2026-01-27,WOS:000584351600001,View Full Record in Web of Science
J,"Chairassamee, N; Chancharoenchai, K; Saraithong, W; Temsumrit, N",,,,"Chairassamee, Nattanicha; Chancharoenchai, Kanokwan; Saraithong, Wuthiya; Temsumrit, Navarat",,,Inequality in educational opportunity in Thailand during the COVID-19 pandemic,INTERNATIONAL JOURNAL OF EDUCATIONAL DEVELOPMENT,,,English,Article,,,,,,COVID-19; Education; Inequality in opportunity; Thailand,SCHOOL CONSOLIDATION; EQUALITY; SIZE,"This study provides lower-bound estimates of inequality in educational opportunity from 2020 to 2021-during the COVID-19 pandemic in Thailand. We also analyze the relationship between school- and local-specific characteristics and inequality in educational opportunity. Using school dropout status as a student's outcome, our study reveals that children's and parental characteristics were the most relevant circumstances at the primary level. However, at the secondary level, access to computers and the internet were more important circumstances contributing to inequality in educational opportunity. The estimated inequality in educational opportunity in 2021 is slightly higher than that in 2020, indicating an increase in inequality from circumstances beyond children's control. School quality and local social and economic factors could be potential drivers to improve equality in educational opportunity in Thailand.","[Chairassamee, Nattanicha; Chancharoenchai, Kanokwan; Saraithong, Wuthiya; Temsumrit, Navarat] Kasetsart Univ, Fac Econ, Dept Cooperat, 50 Ngamwongwan Rd, Bangkok 10900, Thailand",Kasetsart University,"Chancharoenchai, K (corresponding author), Kasetsart Univ, Fac Econ, Dept Cooperat, 50 Ngamwongwan Rd, Bangkok 10900, Thailand.",nattanicha.chai@ku.th; fecokwc@ku.ac.th; wuthiya.s@ku.th; navarat.tem@ku.th,"saraithong, wuthiya/HJA-3187-2022; CHANCHAROENCHAI, Kanokwan/HJI-8844-2023; Temsumrit, Navarat/JGD-1741-2023",,Asian Development Bank Institute,Asian Development Bank Institute,This research is funded by the Asian Development Bank Institute.,,52,1,2,0,8,PERGAMON-ELSEVIER SCIENCE LTD,OXFORD,"THE BOULEVARD, LANGFORD LANE, KIDLINGTON, OXFORD OX5 1GB, ENGLAND",0738-0593,1873-4871,,INT J EDUC DEV,Int. J. Educ. Dev.,SEP,2024,109,,,,,,,,103083,10.1016/j.ijedudev.2024.103083,http://dx.doi.org/10.1016/j.ijedudev.2024.103083,,JUL 2024,17,Education & Educational Research,Social Science Citation Index (SSCI),Education & Educational Research,ZD2X0,,,,,2026-01-27,WOS:001273300700001,View Full Record in Web of Science
J,"Bayar, AA; Günçavdi, Ö; Levent, H",,,,"Bayar, Ayse Aylin; Guncavdi, Oner; Levent, Haluk",,,"Evaluating the impacts of the COVID-19 pandemic on unemployment, income distribution and poverty in Turkey",ECONOMIC SYSTEMS,,,English,Article,,,,,,COVID-19; Pandemic; Inequality; Poverty; Cash support; Fiscal aid; Turkey,DECOMPOSITION,"In the recent World Economic Outlook, the IMF indicates that world output shrank by 3.5% in 2020. Despite all pessimistic expectations, the Turkish economy was one of the few countries to have a positive, albeit low, economic growth rate in 2020. This was, however, achieved at the expense of high social and economic costs. The present research examines the distributional costs of this economic growth during the pandemic and suggests economic measures required to control them. The empirical examination is based on generating unavailable income and living conditions for 2020 by using the results available in TurkStat's 2017 Income and Living Conditions Survey. The actual changes in sectoral output and employment, which are available as of March 2021, are used to generate changes in the income levels of households in TurkStat's 2017 survey. The research empirically shows that adequate fiscal support with a large scope for households and businesses is necessary to compensate for economic losses caused by the pan-demic. The short-run working allowance policy appears to have been very important to improve income distribution, which might have deteriorated due to the pandemic. Direct cash support to households is considered another essential policy measure that is required to mitigate the severity of increased poverty.(c) 2022 Elsevier B.V. All rights reserved.","[Bayar, Ayse Aylin; Guncavdi, Oner] Istanbul Tech Univ, Econ & Social Res Ctr ITUESRC, Istanbul, Turkiye; [Levent, Haluk] Istanbul Bilgi Univ, Istanbul, Turkiye",Istanbul Technical University; Istanbul Bilgi University,"Günçavdi, Ö (corresponding author), Istanbul Tech Univ, Fac Management, Suleyman Seba Cd 2, Istanbul, Turkiye.;Günçavdi, Ö (corresponding author), Istanbul Tech Univ, ESRC, Suleyman Seba Cd 2, Istanbul, Turkiye.",,"Bayar, Ayse/ABF-2282-2020; Levent, Haluk/HRB-2027-2023",,,,,,24,13,16,0,12,ELSEVIER,AMSTERDAM,"RADARWEG 29, 1043 NX AMSTERDAM, NETHERLANDS",0939-3625,1878-5433,,ECON SYST,Econ. Syst.,MAR,2023,47,1,,,,,,,101046,10.1016/j.ecosys.2022.101046,http://dx.doi.org/10.1016/j.ecosys.2022.101046,,APR 2023,21,Economics,Social Science Citation Index (SSCI),Business & Economics,D7ZE1,40478110,Green Submitted,,,2026-01-27,WOS:000970865600001,View Full Record in Web of Science
J,"Millán-Guerrero, RO; Caballero-Hoyos, R; Monárrez-Espino, J",,,,"Olivia Millan-Guerrero, Rebeca; Caballero-Hoyos, Ramiro; Monarrez-Espino, Joel",,,Poverty and survival from COVID-19 in Mexico,JOURNAL OF PUBLIC HEALTH,,,English,Article,,,,,,COVID-19; Mexico; mortality; pandemic; poverty; survival analysis,SOCIOECONOMIC-STATUS; FUNDAMENTAL CAUSES; MORTALITY; INEQUALITIES; RISK,"Background Recent evidence points to the relevance of poverty and inequality as factors affecting the spread and mortality of the COVID-19 pandemic in Latin America. This study aimed to determine whether COVID-19 patients living in Mexican municipalities with high levels of poverty have a lower survival compared with those hying in municipalities with low levels. Methods Retrospective cohort study. Secondary data was used to define the exposure (multidimensional poverty level) and outcome (survival time) among patients diagnosed with COVID-19 between 27 February and 1 July 2020. Crude and adjusted hazard ratios (HR) from Cox regression were computed. Results Nearly 250 000 COVID-19 patients were included. Mortality was 12.3% reaching 59.3% in patients with >= 1 comorbidities. Multivariate survival analyses revealed that individuals living in municipalities with extreme poverty had 9% higher risk of dying at any given time proportionally to those living in municipalities classified as not poor (HR 1.09; 95% 0 1.06-1.12). The survival gap widened with the follow-up time up to the third to fourth weeks after diagnosis. Conclusion Evidence suggests that the poorest population groups have a lower survival from COVID-19. Thus, combating extreme poverty should be a central preventive strategy.","[Olivia Millan-Guerrero, Rebeca] Univ Colima, Fac Med, Colima 26084, Col, Mexico; [Caballero-Hoyos, Ramiro] Mexican Inst Soul Secur, Clin Epidemiol Res Unit, Colima 28000, Col, Mexico; [Monarrez-Espino, Joel] Univ Monterrey, Hlth Sci Div, Monterrey 66238, NL, Mexico; [Monarrez-Espino, Joel] Claustro Univ, Publ Hlth Res Grp, Chihuahua 31320, Chih, Mexico",Universidad de Colima; Universidad de Monterrey,"Caballero-Hoyos, R (corresponding author), Mexican Inst Soul Secur, Clin Epidemiol Res Unit, Colima 28000, Col, Mexico.",jmonarrez@hotmail.com,,,,,,,37,25,31,0,5,OXFORD UNIV PRESS,OXFORD,"GREAT CLARENDON ST, OXFORD OX2 6DP, ENGLAND",1741-3842,1741-3850,,J PUBLIC HEALTH-UK,J. Public Health,SEP,2021,43,3,,,,,437,444,,10.1093/pubmed/fdaa228,http://dx.doi.org/10.1093/pubmed/fdaa228,,,8,"Public, Environmental & Occupational Health",Science Citation Index Expanded (SCI-EXPANDED); Social Science Citation Index (SSCI),"Public, Environmental & Occupational Health",XL6KF,33367803,"Green Submitted, Bronze",,,2026-01-27,WOS:000728251900009,View Full Record in Web of Science
J,"Khawari, B; Yusof, SA",,,,"Khawari, Baqir; Yusof, Selamah Abdullah",,,"Poverty and inequality impact of COVID-19 pandemic: The case of Mazar-i-Sharif, Balkh province, Afghanistan",INTERNATIONAL JOURNAL OF SOCIAL WELFARE,,,English,Article,,,,,,Afghanistan; household; inequality; Mazar-i-Sharif; pandemic; poverty; poverty gap index,RECALL; INCOME,"Poverty was already a main problem in Afghanistan even before, but it has exacerbated due to the pandemic. However, the actual impact of the pandemic on households had not been investigated. This study provides such analysis using data obtained from a strictly random survey of 1060 households in the capital of Balkh, the fourth most populated province in Afghanistan. Using headcount ratio and poverty gap measures and both income and expenditure approaches, the results show that an additional 12% of households fell below the poverty line, from an already high of 75% before the pandemic. The poverty gap index rises to 34%, but the computed Gini coefficient indicates no significant change in inequality. Poor governance and corruption in Afghanistan are major impediments to address the issue of poverty. This paper suggests several measures which can be implemented to have effective policies and governance to alleviate poverty.","[Khawari, Baqir] Samangan Higher Educ Inst, Dept Finance & Banking, Aybak, Afghanistan; [Yusof, Selamah Abdullah] Int Islamic Univ Malaysia, Dept Econ, Kuala Lumpur, Malaysia",International Islamic University Malaysia,"Khawari, B (corresponding author), Samangan Higher Educ Inst, Dept Finance & Banking, Aybak, Afghanistan.",b.khawari@osce-academy.net,"Khawari, Baqir/LCE-1485-2024","Khawari, Baqir/0000-0001-5142-4784",,,,,52,2,2,0,5,WILEY,HOBOKEN,"111 RIVER ST, HOBOKEN 07030-5774, NJ USA",1369-6866,1468-2397,,INT J SOC WELF,Int. J. Soc. Welf.,JUL,2024,33,3,,,,,634,646,,10.1111/ijsw.12631,http://dx.doi.org/10.1111/ijsw.12631,,SEP 2023,13,Social Work,Social Science Citation Index (SSCI),Social Work,TW9R4,,Bronze,,,2026-01-27,WOS:001065560400001,View Full Record in Web of Science
J,"Pires, LN; de Carvalho, LB; Rawet, EL",,,,"Pires, Luiza Nassif; de Carvalho, Laura Barbosa; Rawet, Eduardo Lederman",,,MULTI-DIMENSIONAL INEQUALITY AND COVID-19 IN BRAZIL,INVESTIGACION ECONOMICA,,,English,Article,,,,,,Inequality; Covid-19 in Brazil; social vulnerability; health disparities; intersectionality,DISEASE,"The paper presents empirical evidence from Brazil on the bidirectional relationship between inequality and the Covid-19 crisis: Racial, regional and income inequalities have both aggravated the pandemic and been exacerbated by it. The paper provides a measure of social risk factors to Covid-19, which is positively associated with the number of Covid-19 cases across Brazilian states. This is complemented by a discussion of the country's inequalities in access to healthcare and in the incidence of comorbidities, which elucidates observed disparities in the need of a ventilator and in the number of deaths by Covid-19. Finally, our empirical analysis suggests that the substantive fiscal effort in the country and particularly the implementation of the cash relief program Auxilio Emergencial neutralized the short-term increase in wage disparities but has been insufficient to neutralize the cost of multi-dimensional structural inequalities on Brazil's death tolls.","[Pires, Luiza Nassif] Bard Coll, Levy Econ Inst, Annandale On Hudson, NY 12504 USA; [de Carvalho, Laura Barbosa] Univ Sao Paulo, Dept Econ, Sao Paulo, Brazil; [Rawet, Eduardo Lederman] Amer Univ, Washington, DC 20016 USA",Universidade de Sao Paulo; American University,"Pires, LN (corresponding author), Bard Coll, Levy Econ Inst, Annandale On Hudson, NY 12504 USA.",lnassifpires@levy.org,,"Nassif Pires, Luiza/0000-0001-8004-8837",,,,,30,23,29,1,22,"UNIV NACIONAL AUTONOMA MEXICO, FAC ECONOMIA",MEXICO,"CIRCUITO INTERIOR S-N EDIFICIO B, PRIMER PISO, CIUDAD UNIV, MEXICO, DISTRITO FEDERAL 04510, MEXICO",0185-1667,,,INVEST ECON-MEX,Investig. Econ.,JAN-MAR,2021,80,315,,,,,33,58,,10.22201/fe.01851667p.2021.315.77390,http://dx.doi.org/10.22201/fe.01851667p.2021.315.77390,,,26,Economics,Social Science Citation Index (SSCI),Business & Economics,TZ6OX,,"Green Published, Green Submitted, gold",,,2026-01-27,WOS:000684591200002,View Full Record in Web of Science
J,"Barletta, G; Castigo, F; Egger, EM; Keller, M; Salvucci, V; Tarp, F",,,,"Barletta, Giulia; Castigo, Finorio; Egger, Eva-Maria; Keller, Michael; Salvucci, Vincenzo; Tarp, Finn",,,The impact of COVID-19 on consumption poverty in Mozambique,JOURNAL OF INTERNATIONAL DEVELOPMENT,,,English,Article,,,,,,COVID-19; inequality; Mozambique; poverty,CHILD LABOR; GROWTH; INCOME; SHOCKS,"This study assesses the impact of COVID-19 on household consumption poverty. To predict changes in income and the associated effects on poverty, we rely on existing estimated macroeconomic impacts. We assume two main impact channels: direct income/wage and employment losses. Our simulations suggest that consumption decreased by 7.1%-14.4% and that poverty increased by 4.3-9.9 percentage points in 2020. This points to a reversal of the positive poverty reduction trend observed in previous years. Poverty most certainly increased in the pre-COVID period due to other shocks, so Mozambique finds itself in a deepening struggle against poverty.","[Castigo, Finorio] Minist Econ & Finance MEF, Natl Directorate Econ Policies & Dev, Maputo, Mozambique; [Egger, Eva-Maria] UN Univ World Inst Dev Econ Res UNU WIDER, Helsinki, Finland; [Barletta, Giulia; Keller, Michael; Salvucci, Vincenzo; Tarp, Finn] Univ Copenhagen, Dept Econ, Copenhagen, Denmark",University of Copenhagen,"Salvucci, V (corresponding author), Univ Copenhagen, Dept Econ, Oster Farimagsgade 5,Bygning 26, DK-1353 Copenhagen K, Denmark.",vincenzo.salvucci@gmail.com,"Salvucci, Vincenzo/ABE-8884-2021; Egger, Eva-Maria/AAV-6261-2020; Tarp, Finn/T-9651-2017","Salvucci, Vincenzo/0000-0003-2638-1596; Egger, Eva-Maria/0000-0002-0632-495X; Keller, Michael/0000-0002-2886-0964; Tarp, Finn/0000-0002-6247-4370",government of Denmark; government of Finland; government of Norway,government of Denmark; government of Finland; government of Norway,"This study has been prepared within the UNU-WIDER project on 'Inclusive growth in Mozambique-scaling-up research and capacity' implemented in collaboration between UNU-WIDER, University of Copenhagen, University Eduardo Mondlane, and the Mozambican Ministry of Economics and Finance. The project is financed through specific programme contributions by the governments of Denmark, Finland, and Norway.",,42,15,17,1,19,WILEY,HOBOKEN,"111 RIVER ST, HOBOKEN 07030-5774, NJ USA",0954-1748,1099-1328,,J INT DEV,J. Int. Dev.,MAY,2022,34,4,,,SI,,771,802,,10.1002/jid.3599,http://dx.doi.org/10.1002/jid.3599,,FEB 2022,32,Development Studies,Social Science Citation Index (SSCI),Development Studies,1L4JR,35465455,"Green Submitted, hybrid",,,2026-01-27,WOS:000749732700001,View Full Record in Web of Science
J,"Thanh, PT; Tram, NHM; Tung, LT",,,,"Thanh, Pham Tien; Tram, Nguyen Hoang Mai; Tung, Le Thanh",,,Educational inequality during the COVID-19 pandemic in Vietnam: Implications for disadvantaged children,CHILDREN AND YOUTH SERVICES REVIEW,,,English,Article,,,,,,Dropouts; Digital divide; Educational inequality; Disadvantaged children; Rural education; SDGs,TRACK,"School closures due to the COVID-19 pandemic shifted education from traditional face-to-face classrooms to online learning settings. This abrupt change interrupted learning, worsening the existing inequality in education. This paper aims to provide empirical evidence on educational inequality in a low- and middle-income country by using nationally representative data of 4,920 children in Vietnam. In particular, we examine whether there were educational inequalities between disadvantaged and advantaged children (i.e., rural and urban, poor and nonpoor, or having many and few young dependents in a family) during the pandemic. Our results reveal that during school closure, disadvantaged children were less likely to engage in learning activities, indicating their higher likelihood of dropping out relative to advantaged children. These disadvantaged children also had fewer learning days and fewer chances to access online learning. Additionally, drop-out children during school closure were less likely to return to school upon re-opening. Accordingly, we discuss some implications to tackle or mitigate educational inequality during and after the pandemic.","[Thanh, Pham Tien] Ton Duc Thang Univ, Fac Business Adm, Ho Chi Minh City, Vietnam; [Tram, Nguyen Hoang Mai] Nottingham Trent Univ, Sch Arts & Humanities, Nottingham, England; [Tung, Le Thanh] Ho Chi Minh City Open Univ, Fac Econ & Publ Management, Policy & Appl Econ Res Grp, Ho Chi Minh City, Vietnam",Ton Duc Thang University; Nottingham Trent University; Ho Chi Minh City Open University,"Tung, LT (corresponding author), Ho Chi Minh City Open Univ, Fac Econ & Publ Management, Policy & Appl Econ Res Grp, Ho Chi Minh City, Vietnam.",phamtienthanh@tdtu.edu.vn; tram.nguyen022022@my.ntu.ac.uk; tung.lt@ou.edu.vn,", Nguyen Hoang Mai Tram/OYD-4906-2025; Pham, Tien Thanh/NEH-5753-2025; Tung, Le Thanh/ACQ-7281-2022",", Nguyen Hoang Mai Tram/0000-0003-4796-3325; Pham, Tien Thanh/0000-0003-1198-2487; Tung, Le Thanh/0000-0001-8487-2217",,,,,87,4,5,0,4,PERGAMON-ELSEVIER SCIENCE LTD,OXFORD,"THE BOULEVARD, LANGFORD LANE, KIDLINGTON, OXFORD OX5 1GB, ENGLAND",0190-7409,1873-7765,,CHILD YOUTH SERV REV,Child. Youth Serv. Rev.,JAN,2024,156,,,,,,,,107339,10.1016/j.childyouth.2023.107339,http://dx.doi.org/10.1016/j.childyouth.2023.107339,,NOV 2023,9,Family Studies; Social Work,Social Science Citation Index (SSCI),Family Studies; Social Work,AO5F0,,,,,2026-01-27,WOS:001119411800001,View Full Record in Web of Science
J,"Shen, JF; Shum, WY; Cheong, TS; Wang, LF",,,,"Shen, Jianfu; Shum, Wai Yan; Cheong, Tsun Se; Wang, Lafang",,,COVID-19 and Regional Income Inequality in China,FRONTIERS IN PUBLIC HEALTH,,,English,Article,,,,,,regional income inequality; distribution dynamics; China; COVID; rural-urban disparity,HUMAN MOBILITY RESTRICTIONS; URBAN-BIASED POLICIES; DYNAMICS; URBANIZATION; CONVERGENCE; EMISSIONS; MIGRATION; DISPARITY; TRENDS,"This study investigates the impact of COVID-19 and social distancing policies on regional income inequality. We base our study on a sample of 295 prefecture (and above) cities in 31 provinces in China. A distribution dynamics approach is employed to reveal the trend and movement of disposable income per capita in each city before the COVID-19 pandemic, during the COVID-19 pandemic, and in the period when the COVID-19 was under the control. The findings reveal significant negative economic consequences of the COVID-19 in the first quarter of 2020 and show that most cities will converge to a level of disposable income which is much less than the Pre-COVID level if the COVID pandemic persists. Regional income inequality has intensified in the cities that have a longer duration of stringent social distancing policies during the COVID-19 pandemic and disappeared in the cities with policies of short duration. Disposable income per capita for urban residents recovered quickly when the transmission of coronavirus was effectively contained; and yet the impact of the pandemic on rural residents remains unresolved, if not intensified. This study demonstrates a significant divergence of the trend of disposable income across cities with different durations of social distancing policies and between urban and rural residents. It also highlights the importance of stringent social distancing policies in containing the spread of virus in a short time and calls for special policy attention for rural regions in the recovery from the COVID-19.","[Shen, Jianfu] Hong Kong Polytech Univ, Dept Bldg & Real Estate, Kowloon, Hong Kong, Peoples R China; [Shum, Wai Yan; Cheong, Tsun Se] Hang Seng Univ Hong Kong, Dept Econ & Finance, Hong Kong, Peoples R China; [Wang, Lafang] Hunan Univ, Sch Econ & Trade, Changsha, Peoples R China",Hong Kong Polytechnic University; Hang Seng University of Hong Kong; Hunan University,"Wang, LF (corresponding author), Hunan Univ, Sch Econ & Trade, Changsha, Peoples R China.",lfwang@hnu.edu.cn,"Wang, Liang/IZD-6629-2023; Shen, Jeff/ABC-3085-2020; Shen, Jianfu/ABC-3085-2020","Shen, Jeff/0000-0003-2064-8560;",Hong Kong Polytechnic University [P0030199]; Social Science Foundation of Hunan Province [19JD10],Hong Kong Polytechnic University(Hong Kong Polytechnic University); Social Science Foundation of Hunan Province,JS acknowledges a research grant (P0030199) from the Hong Kong Polytechnic University. LW acknowledges the Social Science Foundation of Hunan Province (19JD10).,,32,28,30,1,55,FRONTIERS MEDIA SA,LAUSANNE,"AVENUE DU TRIBUNAL FEDERAL 34, LAUSANNE, CH-1015, SWITZERLAND",,2296-2565,,FRONT PUBLIC HEALTH,Front. Public Health,MAY 11,2021,9,,,,,,,,687152,10.3389/fpubh.2021.687152,http://dx.doi.org/10.3389/fpubh.2021.687152,,,20,"Public, Environmental & Occupational Health",Science Citation Index Expanded (SCI-EXPANDED); Social Science Citation Index (SSCI),"Public, Environmental & Occupational Health",SG7TO,34046393,"Green Submitted, gold",,,2026-01-27,WOS:000653642800001,View Full Record in Web of Science
J,"Ecker, O; Alderman, H; Comstock, AR; Headey, DD; Mahrt, K; Pradesha, A",,,,"Ecker, Olivier; Alderman, Harold; Comstock, Andrew R.; Headey, Derek D.; Mahrt, Kristi; Pradesha, Angga",,,Mitigating poverty and undernutrition through social protection: A simulation analysis of the COVID-19 pandemic in Bangladesh and Myanmar,APPLIED ECONOMIC PERSPECTIVES AND POLICY,,,English,Article,,,,,,Asia; economic shocks; nutrition; poverty; simulation; social protection,MALNUTRITION; NUTRITION,"The COVID-19 pandemic resulted in severe income losses, but little is known about its impacts on diets and nutritional adequacy, or the effectiveness of social protection interventions in mitigating dietary and nutritional impacts. We first assess the likely impacts of COVID-19 shocks in Bangladesh and Myanmar on poverty and food and nutrient consumption gaps. We then analyze the estimated mitigating effects of five hypothetical social protection interventions of a typical monetary value: (1) cash transfers; (2) in-kind transfers of common rice; (3) in-kind transfers of fortified rice enriched with multiple essential micronutrients; (4) vouchers for a diversified basket of rice and non-staple foods; and (5) food vouchers with fortified rice instead of common rice. The simulation results suggest modest effectiveness of the cash transfers for mitigating poverty increases and little effectiveness of all five transfers for preventing increasing food and nutrient consumption gaps among the poorest 40%. Rice fortification is, however, effective at closing key micronutrient consumption gaps and could be a suitable policy instrument for averting hidden hunger during economic crises.","[Ecker, Olivier; Alderman, Harold; Comstock, Andrew R.; Headey, Derek D.; Mahrt, Kristi; Pradesha, Angga] Int Food Policy Res Inst, Washington, DC USA; [Ecker, Olivier] Int Food Policy Res Inst, Foresight & Policy Modeling Unit, 1201 1 St NW, Washington, DC 20005 USA",CGIAR; International Food Policy Research Institute (IFPRI); CGIAR; International Food Policy Research Institute (IFPRI),"Ecker, O (corresponding author), Int Food Policy Res Inst, Foresight & Policy Modeling Unit, 1201 1 St NW, Washington, DC 20005 USA.",o.ecker@cgiar.org,,"Ecker, Olivier/0000-0001-7549-2511",World Food Programme (WFP); United States Agency for International Development (USAID),World Food Programme (WFP); United States Agency for International Development (USAID)(United States Agency for International Development (USAID)CGIARNorwegian Agency for Development Cooperation - NORAD),World Food Programme (WFP); United States Agency for International Development (USAID),,62,6,8,2,8,WILEY,HOBOKEN,"111 RIVER ST, HOBOKEN 07030-5774, NJ USA",2040-5790,2040-5804,,APPL ECON PERSPECT P,Appl. Econ. Perspect. Policy,DEC,2023,45,4,,,,,2034,2055,,10.1002/aepp.13357,http://dx.doi.org/10.1002/aepp.13357,,MAR 2023,22,Agricultural Economics & Policy; Economics,Science Citation Index Expanded (SCI-EXPANDED); Social Science Citation Index (SSCI),Agriculture; Business & Economics,X4GB1,,"Green Submitted, hybrid",,,2026-01-27,WOS:000954570400001,View Full Record in Web of Science
J,"Armijos-Bravo, G; Camino-Mogro, S",,,,"Armijos-Bravo, Grace; Camino-Mogro, Segundo",,,Covid-19 Lockdown in Ecuador: Are there Gender Differences in Unemployment?,JOURNAL OF DEVELOPMENT STUDIES,,,English,Article,,,,,,Covid-19; lockdown policy; female unemployment; labor market effects,INFERENCE,"To fight Covid-19, governments have imposed restrictions on personal mobility and social interactions which may have negative consequences in the labor market. These consequences may be different across demographic groups particularly for female workers. We examine whether the policy that restricted operations in some economic sectors affected formal employment for Ecuadorian female workers differently. We use a difference-in-differences-in-differences model to compare female employees working in restricted economic sectors with other workers, before and after the lockdown policy. The results show that the number of unemployment spells rose by approximately 15 per cent for women working in the restricted economic activities. We also document a decrease in the probability of being employed, which is particularly strong for the youngest women (15-24 years-old), oldest women (45-65 years-old), and less educated female workers. We conclude that the lockdown policy imposed in Ecuador is a plausible explanation for women's job loss in the formal sector.","[Armijos-Bravo, Grace] Univ Barcelona, Dept Econ, Barcelona, Spain; [Armijos-Bravo, Grace] Inst Econ Barcelona IEB, Barcelona, Spain; [Armijos-Bravo, Grace; Camino-Mogro, Segundo] Univ Espiritu Santo, Samborondon, Ecuador; [Camino-Mogro, Segundo] Univ Complutense Madrid, Econ Anal Dept, Madrid, Spain; [Camino-Mogro, Segundo] Univ Metropolitana Ecuador, Machala, Ecuador",University of Barcelona; Universidad de Especialidades Espiritu Santo; Complutense University of Madrid; Universidad Metropolitana del Ecuador,"Armijos-Bravo, G (corresponding author), Univ Barcelona, Dept Econ, Barcelona, Spain.;Armijos-Bravo, G (corresponding author), Inst Econ Barcelona IEB, Barcelona, Spain.;Armijos-Bravo, G (corresponding author), Univ Espiritu Santo, Samborondon, Ecuador.",gvarmijos@ub.edu,"Armijos-Bravo, Grace/JJC-1861-2023","Armijos-Bravo, Grace/0000-0002-6763-9672; Camino-Mogro, Segundo/0000-0002-8141-5237",,,,,54,4,5,0,6,"ROUTLEDGE JOURNALS, TAYLOR & FRANCIS LTD",ABINGDON,"2-4 PARK SQUARE, MILTON PARK, ABINGDON OX14 4RN, OXON, ENGLAND",0022-0388,1743-9140,,J DEV STUD,J. Dev. Stud.,JUN 3,2023,59,6,,,,,833,853,,10.1080/00220388.2023.2192573,http://dx.doi.org/10.1080/00220388.2023.2192573,,MAR 2023,21,Development Studies; Economics,Social Science Citation Index (SSCI),Development Studies; Business & Economics,G3KI0,,Green Submitted,,,2026-01-27,WOS:000959149900001,View Full Record in Web of Science
J,"Boughton, D; Headey, D; Mahrt, K; Cho, AM; Diao, XS; Lambrecht, I; Minten, B; Goeb, J; Masias, I; Belton, B; Aung, N; San, CC",,,,"Boughton, Duncan; Headey, Derek; Mahrt, Kristi; Cho, Ame; Diao, Xinshen; Lambrecht, Isabel; Minten, Bart; Goeb, Joey; Masias, Ian; Belton, Ben; Aung, Nilar; San, Cho Cho",,,"Double jeopardy: COVID-19, coup d'etat and poverty in Myanmar",APPLIED ECONOMIC PERSPECTIVES AND POLICY,,,English,Article,,,,,,COVID-19; food insecurity; Myanmar; phone surveys; poverty; simulation models,,"Myanmar experienced multiple COVID shocks as well as a military takeover in February 2021. Impacts on household poverty remain uncertain, however, because large-scale in-person surveys were impossible during the pandemic and heightened internal conflict. We use ex ante simulation models and phone survey evidence to estimate the poverty effects of these shocks and identify factors correlated with them. While each approach has limitations, and cannot explicitly validate each other, they both indicate rising rural and urban poverty and capital-depleting coping mechanisms. Wider use of simulation modeling could help mobilize social protection faster than waiting for survey results in emergencies.","[Boughton, Duncan; Goeb, Joey; Belton, Ben; Aung, Nilar; San, Cho Cho] Michigan State Univ, Dept Agr Food & Resource Econ, E Lansing, MI USA; [Headey, Derek; Mahrt, Kristi; Cho, Ame; Diao, Xinshen; Lambrecht, Isabel; Minten, Bart; Masias, Ian] Int Food Policy Res Inst, Washington, DC USA; [Boughton, Duncan] Michigan State Univ, Dept Agr Food & Resource Econ, E Lansing, MI 48824 USA",Michigan State University; CGIAR; International Food Policy Research Institute (IFPRI); Michigan State University,"Boughton, D (corresponding author), Michigan State Univ, Dept Agr Food & Resource Econ, E Lansing, MI 48824 USA.",boughton@msu.edu,,,,,,,29,6,7,1,9,WILEY,HOBOKEN,"111 RIVER ST, HOBOKEN 07030-5774, NJ USA",2040-5790,2040-5804,,APPL ECON PERSPECT P,Appl. Econ. Perspect. Policy,DEC,2023,45,4,,,,,1998,2016,,10.1002/aepp.13390,http://dx.doi.org/10.1002/aepp.13390,,JUN 2023,19,Agricultural Economics & Policy; Economics,Science Citation Index Expanded (SCI-EXPANDED); Social Science Citation Index (SSCI),Agriculture; Business & Economics,X4GB1,,"Green Submitted, hybrid",,,2026-01-27,WOS:001016672000001,View Full Record in Web of Science
J,"Mirahmadizadeh, A; Shamooshaki, MTB; Dadvar, A; Moradian, MJ; Aryaie, M",,,,"Mirahmadizadeh, Alireza; Shamooshaki, Mohammad Taghi Badeleh; Dadvar, Amineh; Moradian, Mohammad Javad; Aryaie, Mohammad",,,"Unemployment and COVID-19-related mortality: a historical cohort study of 50,000 COVID-19 patients in Fars, Iran",EPIDEMIOLOGY AND HEALTH,,,English,Article,,,,,,Unemployment; COVID-19; Mortality; Iran,,"OBJECTIVES: Previous studies have estimated the risk of death associated with unemployment in the coronavirus disease 2019 (COVID-19) pandemic, but no studies have examined unemployment before COVID-19 infection as a risk factor for COVID-19-related mortality. Thus, this study aimed to investigate COVID-19 mortality among this population. METHODS: Data on 50,038 people aged 25-59 years were collected from 38 agencies in Fars Province, Iran, from February 2020 to July 2021. Follow-up lasted from participants??? diagnosis with COVID-19 based on the results of a reverse transcription-polymerase chain reaction test to participants??? death or the end of the study period. The association between unemployment and COVID-19-related mortality was estimated using the Poisson regression method, and a sensitivity analysis was conducted to calculate the E-value. RESULTS: Unemployment was associated with a 2.41-fold (95% confidence interval [CI], 2.01 to 2.90) higher age-adjusted and sex-adjusted risk of COVID-19-related mortality. The adjusted Poisson regression analysis showed 8.82 (95% CI, 6.42 to 12.11), 2.84 (95% CI, 1.90 to 4.24), and 1.58 (95% CI, 1.24 to 2.01) times higher risks of COVID-19-related mortality among unemployed people aged 25-39 years, 40-49 years, and 50-59 years, respectively, than among their employed counterparts. Unemployment increased the risk of COVID-19 mortality by 3.31 (95% CI, 2.31 to 4.74) and 2.30 (95% CI, 1.86 to 2.84) times in female and male, respectively. The E-value was 3.43, reflecting the minimum strength of confounding required to shift the association between unemployment and COVID-19-related mortality toward the null. CONCLUSIONS: Unemployment prior to COVID-19 infection increased the risk of COVID-19-related mortality. COVID19-related mortality disproportionately impacted unemployed women and younger unemployed people.","[Mirahmadizadeh, Alireza] Shiraz Univ Med Sci, Noncommunicable Dis Res Ctr, Shiraz, Iran; [Shamooshaki, Mohammad Taghi Badeleh] Golestan Univ Med Sci, Dept Hlth Psychol, Gorgan, Golestan, Iran; [Dadvar, Amineh] Shiraz Univ Med Sci, Shiraz, Iran; [Moradian, Mohammad Javad] Shiraz Univ Med Sci, Shahid Rajaee Emtiaz Trauma Hosp, Trauma Res Ctr, Shiraz, Iran; [Aryaie, Mohammad] Shiraz Univ Med Sci, Sch Hlth, Dept Epidemiol, POB 7153675541, Shiraz, Iran",Shiraz University of Medical Science; Golestan University of Medical Sciences; Shiraz University of Medical Science; Shiraz University of Medical Science; Shiraz University of Medical Science,"Aryaie, M (corresponding author), Shiraz Univ Med Sci, Sch Hlth, Dept Epidemiol, POB 7153675541, Shiraz, Iran.",aryaiem2009@yahoo.com,"Aryaie, Mohammad/AAX-2551-2021; Moradian, Mohammad Javad/AAD-4842-2019; Mirahmadizadeh, Alireza/I-9178-2016","Aryaie, Mohammad/0000-0003-3642-6815; Moradian, Mohammad Javad/0000-0002-2577-4446; Mirahmadizadeh, Alireza/0000-0002-2259-4984",,,,,22,3,6,1,18,KOREAN SOC EPIDEMIOLOGY,SUWON,"DEPT SOCIAL & PREVENTIVE MEDICINE, SUNGKYUNKWAN UNIV SCH MEDICINE, SUWON, 16419, SOUTH KOREA",2092-7193,,,EPIDEMIOL HEALTH,Epidemiol. Health,MAR 12,2022,44,,,,,,,,e2022032,10.4178/epih.e2022032,http://dx.doi.org/10.4178/epih.e2022032,,,5,"Public, Environmental & Occupational Health",Science Citation Index Expanded (SCI-EXPANDED); Social Science Citation Index (SSCI),"Public, Environmental & Occupational Health",1G2NK,35381169,"Green Submitted, gold",,,2026-01-27,WOS:000795689300001,View Full Record in Web of Science
J,"Suryahadi, A; Al Izzati, R; Suryadarma, D",,,,"Suryahadi, Asep; Al Izzati, Ridho; Suryadarma, Daniel",,,Estimating the Impact of Covid-19 on Poverty in Indonesia,BULLETIN OF INDONESIAN ECONOMIC STUDIES,,,English,Article,,,,,,Covid-19; poverty; shock; economic growth; household expenditure,,"Covid-19 has infected and will continue to infect millions of people all over the world. The economic impact is predicted to be large and millions of people will be pushed into poverty. In this paper, we estimate the impact of Covid-19 on poverty in Indonesia. The economic impact is expected to be severe, reducing the economic growth rate projected for 2020 from about 5% to between 4.2% and -3.5%. We find that under the best-case scenario, the poverty rate will increase from 9.2% in September 2019 to 9.7% by the end of 2020, pushing 1.3 million more people into poverty. Under the worst-case scenario, the poverty rate will increase to 16.6%, close to the level seen in 2004 when the poverty rate was 16.7%. This means that 19.7 million more people will become poor, substantially reversing Indonesia's progress in reducing poverty. The implication is that Indonesia will need to expand its social protection programs to assist the new poor as well as the existing poor.","[Suryahadi, Asep; Al Izzati, Ridho; Suryadarma, Daniel] SMERU Res Inst, Jakarta, Indonesia",,"Suryahadi, A (corresponding author), SMERU Res Inst, Jakarta, Indonesia.",,"Suryadarma, Daniel/ABI-3288-2020; Suryahadi, Asep/JTS-7618-2023","Suryahadi, Asep/0000-0002-6589-3079; Al Izzati, Ridho/0000-0002-4589-9246","Knowledge Sector Initiative, an Australia-Indonesia partnership [1301001-G-2018-001]","Knowledge Sector Initiative, an Australia-Indonesia partnership","This work was supported by the Knowledge Sector Initiative, an Australia-Indonesia partnership. Grant number: 1301001-G-2018-001.",,40,60,99,0,16,"ROUTLEDGE JOURNALS, TAYLOR & FRANCIS LTD",ABINGDON,"2-4 PARK SQUARE, MILTON PARK, ABINGDON OX14 4RN, OXON, ENGLAND",0007-4918,1472-7234,,B INDONES ECON STUD,Bull. Indones. Econ. Stud.,MAY 3,2020,56,2,,,,,175,192,,10.1080/00074918.2020.1779390,http://dx.doi.org/10.1080/00074918.2020.1779390,,,18,Area Studies; Economics,Social Science Citation Index (SSCI),Area Studies; Business & Economics,MT6SM,,,,,2026-01-27,WOS:000555102600002,View Full Record in Web of Science
J,"Li, T; Barwick, PJ; Deng, YH; Huang, XF; Li, SJ",,,,"Li, Teng; Barwick, Panle Jia; Deng, Yongheng; Huang, Xinfei; Li, Shanjun",,,The COVID-19 pandemic and unemployment: Evidence from mobile phone data from China,JOURNAL OF URBAN ECONOMICS,,,English,Article,,,,,,COVID-19; Mobile phone; Recovery; Unemployment,,"Based on mobile phone records for 71 million users and location tracking information for one million users over almost three years, this study examines the labor market impacts of the COVID-19 pandemic in China's Guangdong province, whose GDP is larger than that of all but the top 12 countries in the world. Using a standard difference -in-differences framework, our analysis shows dramatic and protracted effects of the pandemic on the labor market: it increased unemployment by 72% and unemployment benefits claims by 57% even after the full reopening in 2020 relative to their levels in the same period in 2019. The impact was also highly heterogeneous, with women, workers older than 40, and migrants being more affected. Cities that rely more on export or that have a higher share of the hospitality industry in GDP but a lower share of the finance and healthcare industries experienced a more pronounced increase in unemployment. The lingering impact likely reflects the global transmission of the pandemic's effects through the supply chain and trade channels.","[Li, Teng; Huang, Xinfei] Sun Yat Sen Univ, Int Sch Business & Finance, Guangzhou, Peoples R China; [Li, Teng; Huang, Xinfei] Sun Yat Sen Univ, Inst Adv Finance, Guangzhou, Peoples R China; [Barwick, Panle Jia; Deng, Yongheng] Univ Wisconsin Madison, Madison, WI USA; [Barwick, Panle Jia; Li, Shanjun] NBER, Cambridge, MA USA; [Li, Shanjun] Cornell Univ, Ithaca, NY USA",Sun Yat Sen University; Sun Yat Sen University; University of Wisconsin System; University of Wisconsin Madison; National Bureau of Economic Research; Cornell University,"Huang, XF (corresponding author), Sun Yat Sen Univ, Int Sch Business & Finance, Guangzhou, Peoples R China.;Huang, XF (corresponding author), Sun Yat Sen Univ, Inst Adv Finance, Guangzhou, Peoples R China.",liteng27@mail.sysu.edu.cn; pbarwick@wisc.edu; yongheng.deng@wisc.edu; huangxf3@mai.sysu.edu.cn; sl2448@cornell.edu,"; Deng, Yongheng/A-4272-2010","Li, shanjun/0000-0002-6141-8940; Deng, Yongheng/0000-0002-4438-5171",Cornell Center for Social Sciences; Cornell Atkinson Center for Sustainability; Major Project of the National Social Sciences Fund [16ZDA042]; Youth Program of the National Natural Science Foundation of China [72003202],Cornell Center for Social Sciences; Cornell Atkinson Center for Sustainability; Major Project of the National Social Sciences Fund; Youth Program of the National Natural Science Foundation of China,"We thank Lin Ma, participants of the 9th Annual Conference of the ABFER, and seminar participants at the University of Wisconsin-Madison for helpful comments and Chris Chen for excellent research assistance. Panle Barwick and Shanjun Li gratefully acknowledge support from the Cornell Center for Social Sciences and Cornell Atkinson Center for Sustainability. Xinfei Huang gratefully acknowledges support from the Major Project of the National Social Sciences Fund (16ZDA042) . Teng Li gratefully acknowledges support from the Youth Program of the National Natural Science Foundation of China (72003202) .",,43,31,34,2,66,ACADEMIC PRESS INC ELSEVIER SCIENCE,SAN DIEGO,"525 B ST, STE 1900, SAN DIEGO, CA 92101-4495 USA",0094-1190,1095-9068,,J URBAN ECON,J. Urban Econ.,MAY,2023,135,,,,,,,,103543,10.1016/j.jue.2023.103543,http://dx.doi.org/10.1016/j.jue.2023.103543,,MAR 2023,17,Economics; Urban Studies,Social Science Citation Index (SSCI),Business & Economics; Urban Studies,A4IN9,36910460,Green Submitted,,,2026-01-27,WOS:000954782000001,View Full Record in Web of Science
J,"Dhingra, S; Kondirolli, F",,,,"Dhingra, Swati; Kondirolli, Fjolla",,,Jobless and Stuck: Youth Unemployment and COVID-19 in India,IMF ECONOMIC REVIEW,,,English,Article,,,,,,J64; J68; J46,JOB LOSS; PREFERENCE; EMPLOYMENT; MORTALITY; DYNAMICS; OUTS; INS,"Youth unemployment is a big challenge in developing economies, but there is a limited understanding of the dynamics underlying the rise in unemployment among young workers. This article examines youth unemployment and inactivity in India, where the economic contraction from the pandemic was solely responsible for reversing the trend of decades of declining global inequality. Young workers face higher unemployment, have fewer transitions to work, and are more likely to get stuck in unemployment. The pandemic disproportionately pushed young workers out of work and reinforced the pre-existing trends of being more likely to be out of work and stuck in worklessness. Young workers have a strong desire for public employment programmes, with over 80 percent preferring job guarantees among policy options to tackle unemployment in survey experiments. Workers who lose their jobs and become discouraged from finding work afterward are most supportive of a job guarantee.","[Dhingra, Swati] London Sch Econ, Dept Econ, London, England; [Dhingra, Swati; Kondirolli, Fjolla] London Sch Econ, Ctr Econ Performance, London, England",University of London; London School Economics & Political Science; University of London; London School Economics & Political Science,"Kondirolli, F (corresponding author), London Sch Econ, Ctr Econ Performance, London, England.",s.dhingra@lse.ac.uk; Fk204@sussex.ac.uk,"Kondirolli, Fjolla/HZM-4080-2023","Kondirolli, Fjolla/0000-0003-1022-3526",ERC Starting Grant [760037]; LSE Research Ethics Committee (REC) [1129]; European Research Council (ERC) [760037] Funding Source: European Research Council (ERC); ESRC [ES/T014431/1] Funding Source: UKRI,ERC Starting Grant(European Research Council (ERC)); LSE Research Ethics Committee (REC); European Research Council (ERC)(European Research Council (ERC)); ESRC(UK Research & Innovation (UKRI)Economic & Social Research Council (ESRC)),Financial support from the ERC Starting Grant 760037 is gratefully acknowledged. The primary survey was reviewed and approved by the LSE Research Ethics Committee (REC Ref. 1129) and conducted by Sunai. We are grateful to Stephen Machin and Uday Bhanu Sinha for their comments. There are no conflicts of interest to declare.,,59,2,3,1,16,PALGRAVE MACMILLAN LTD,BASINGSTOKE,"BRUNEL RD BLDG, HOUNDMILLS, BASINGSTOKE RG21 6XS, HANTS, ENGLAND",2041-4161,2041-417X,,IMF ECON REV,IMF Econ. Rev.,SEP,2023,71,3,,,SI,,580,610,,10.1057/s41308-023-00205-y,http://dx.doi.org/10.1057/s41308-023-00205-y,,JUN 2023,31,"Business, Finance; Economics",Social Science Citation Index (SSCI),Business & Economics,W9FQ9,,,,,2026-01-27,WOS:001017549300002,View Full Record in Web of Science
J,"Wang, ZB; Chen, Y; Lin, TR; Xing, XY",,,,"Wang, Zuobao; Chen, Yao; Lin, Tianrun; Xing, Xinyi",,,The Dynamics of Inequality and Poverty Among Children in Colombia During the COVID-19 Recession,CHILD INDICATORS RESEARCH,,,English,Article,,,,,,Child poverty; Inequality; Poverty decomposition; Inequality decomposition; COVID-19 pandemic,INCOME INEQUALITY; GREAT RECESSION; FOOD INSECURITY; TRANSFERS; SHOCKS; HEALTH,"This study examines the impact of the COVID-19 pandemic on the income, inequality, and poverty levels among Colombian children between 2019 and 2020, using data from the Luxembourg Income Study Database. The income distribution and changes among Colombian children are analyzed using the probability density function and growth incidence curve. The paper utilizes the Foster-Greer-Thorbecke methodology to measure child poverty in Colombia, decomposes the contributions of different subgroups to child poverty and its changes, and conducts a growth-distribution decomposition of changes in child poverty. The study also employs income-source decomposition to examine the contributions of different income sources to child inequality and its changes. The results show that Colombian children experienced a decline in income, an increase in inequality, and higher levels of poverty during the COVID-19 pandemic. Children from households with higher dependency ratios and those living in rural areas were more likely to experience poverty. The main driver of increased poverty among Colombian children was decreased income, and there was a significant worsening of inequality for ultra-poor children. Labor income emerged as the primary source of inequality and its changes, whereas capital income and private transfers played a role in reducing poverty. However, public social benefits slightly increased inequality levels. Overall, the recession caused by the COVID-19 pandemic is antipoor but pro-ultra-poor. To address similar recessions in the future, the government should expand public transfer payments especially programs targeting children to reduce income inequality and alleviate poverty among children, and bolster the provision of public services essential for children's development.","[Wang, Zuobao; Lin, Tianrun; Xing, Xinyi] Northeastern Univ, Sch Humanities & Law, 195 Chuangxin Rd, Shenyang 110169, Liaoning, Peoples R China; [Chen, Yao] Shenyang Urban Construct Univ, Sch Management, Shenyang, Peoples R China",Northeastern University - China,"Wang, ZB (corresponding author), Northeastern Univ, Sch Humanities & Law, 195 Chuangxin Rd, Shenyang 110169, Liaoning, Peoples R China.",wzb812@163.com,"WANG, Zuobao/AAB-5983-2020","WANG, Zuobao/0000-0002-2727-5560",Fundamental Research Funds for the Central Universities [N2314009]; Liaoning Social Science Fund [L22AGL010]; Liaoning Economic and Social Development Research Project [2023lslybkt-052],Fundamental Research Funds for the Central Universities(Fundamental Research Funds for the Central UniversitiesNorth China Electric Power University); Liaoning Social Science Fund; Liaoning Economic and Social Development Research Project,"This paper is supported bythe Fundamental Research Funds for the Central Universities(N2314009), Liaoning Social Science Fund (L22AGL010) and Liaoning Economic and Social Development Research Project(2023lslybkt-052).",,105,2,2,3,11,SPRINGER,DORDRECHT,"VAN GODEWIJCKSTRAAT 30, 3311 GZ DORDRECHT, NETHERLANDS",1874-897X,1874-8988,,CHILD INDIC RES,Child Indic. Res.,APR,2024,17,2,,,,,815,843,,10.1007/s12187-024-10105-w,http://dx.doi.org/10.1007/s12187-024-10105-w,,FEB 2024,29,"Social Sciences, Interdisciplinary",Social Science Citation Index (SSCI),Social Sciences - Other Topics,KY3Y6,,hybrid,,,2026-01-27,WOS:001154987500001,View Full Record in Web of Science
J,"de Albuquerque, MV; Ribeiro, LHL",,,,"de Albuquerque, Mariana Vercesi; Leandro Ribeiro, Luis Henrique",,,"Inequality, geographic situation, and meanings of action in the COVID-19 pandemic in Brazil",CADERNOS DE SAUDE PUBLICA,,,English,Article,,,,,,COVID-19; Vulnerability; Health Policy,HEALTH-CARE,"This Essay reflects on how socio-spatial inequalities and geographic situations condition the COVID-19 pandemic in Brazil, as well as actions to deal with the pandemic, with arguments backed by the literature. Socio-spatial inequality is defined as a process and structural condition of a territory marked by inherited and updated vulnerabilities, resulting from a relationship of exploitation, spoliation, and oppression in the current period of globalization. The authors argue that the COVID-19 pandemic can have more serious repercussions in contexts of greater socio-spatial inequality, with systemic and chronic deepening of the economic and social crises in places. Still, actions matter, including collaboration between different groups, institutions, and sectors. The analysis of geographic situation contributes to understanding the inherited territory and different experiences with COVID-19, inextricably linked to the conditions and meanings of action in the face of the pandemic in each place. Geographic situation expresses the tension between freedom and the condition for action. The crisis is not only a health crisis, but a manifestation of the current time, and inequality proves to be the most serious emergency of the 21st century.","[de Albuquerque, Mariana Vercesi] Fundacao Oswaldo Cruz, Escola Nacl Saude Publ Sergio Arouca, Rua Leopoldo Bulhoes 1484,Sala 709, BR-21041210 Rio De Janeiro, RJ, Brazil; [Leandro Ribeiro, Luis Henrique] Univ Estado Rio de Janeiro, Fac Formacao Professores, Rio De Janeiro, Brazil",Fundacao Oswaldo Cruz; Universidade do Estado do Rio de Janeiro,"de Albuquerque, MV (corresponding author), Fundacao Oswaldo Cruz, Escola Nacl Saude Publ Sergio Arouca, Rua Leopoldo Bulhoes 1484,Sala 709, BR-21041210 Rio De Janeiro, RJ, Brazil.",mariana.vercesi@gmail.com,"Albuquerque, Mariana/GPF-8592-2022","Ribeiro, Luis Henrique Leano/0000-0002-9651-553X",,,,,72,41,73,0,1,CADERNOS SAUDE PUBLICA,RIO DE JANIERO,"RUA LEOPOLDO BUHOES 1480, RIO DE JANIERO, RJ 210410210, BRAZIL",0102-311X,1678-4464,,CAD SAUDE PUBLICA,Cad. Saude Publica,,2020,36,12,,,,,,,e00208720,10.1590/0102-311X00208720,http://dx.doi.org/10.1590/0102-311X00208720,,,14,"Public, Environmental & Occupational Health",Science Citation Index Expanded (SCI-EXPANDED); Social Science Citation Index (SSCI),"Public, Environmental & Occupational Health",PW9BO,33440421,"Green Submitted, gold",,,2026-01-27,WOS:000610961700001,View Full Record in Web of Science
J,"Llanes, LM; Pico, MR; Maldonado, D; García, S",,,,"Llanes, Lucas Marin; Pico, Mariana Rodriguez; Maldonado, Dario; Garcia, Sandra",,,Learning inequality during Covid-19: Evidence from secondary schools in Colombia,INTERNATIONAL JOURNAL OF EDUCATIONAL DEVELOPMENT,,,English,Article,,,,,,Standardized test scores Education Covid-19 Inequality Colombia,,"During 2020, the Covid-19 pandemic unleashed a socioeconomic crisis in most countries, as well as strict re-strictions on mobility and social distancing were implemented. The pandemic brought a severe socioeconomic shock-decreasing economic activity-and forced policy responses that affected the education sector-notably school closures-. There is scarce evidence on the implications of the pandemic and its socioeconomic conse-quences on learning inequality, particularly in the Latin-American context. The aim of this paper is to measure the change in learning inequality during the years of the pandemic (2020-2021) in Colombia. To measure learning inequality, we use the results of a standardize exam taken by all upper secondary education graduates in the country. To capture inequality, we use secondary-level students' characteristics, their households, and schools' characteristics. Our econometric results suggest an increase in learning inequality between 48% and 372% depending on the dimension studied, except for gender where learning inequality decreased. Moreover, through dynamic specifications, we determine that for all the analyzed dimensions the 2020-2021 period rep-resents a change in the trend of learning inequality as in the periods prior to the pandemic inequality gaps decreased or, at least, remained constant. We conclude with concrete and immediate policy recommendations to target the learning processes of vulnerable students and bridge learning gaps.","[Llanes, Lucas Marin] Univ Andes, Ctr Secur & Drugs Studies, Sch Econ, Bogota, Colombia; [Pico, Mariana Rodriguez] IPA, Bogota, Colombia; [Maldonado, Dario; Garcia, Sandra] Univ Andes, Sch Govt, Bogota, Colombia",Universidad de los Andes (Colombia); Universidad de los Andes (Colombia),"Llanes, LM (corresponding author), Univ Andes, Ctr Secur & Drugs Studies, Sch Econ, Bogota, Colombia.",l.marinl@uniandes.edu.co,"Maldonado, Dario/JAC-9219-2023; Fernández-García, Sandra/D-3627-2017",,Fundacion Barco,Fundacion Barco,This research received funding from Fundacion Barco in order to finance two of the authors.,,46,6,7,0,4,PERGAMON-ELSEVIER SCIENCE LTD,OXFORD,"THE BOULEVARD, LANGFORD LANE, KIDLINGTON, OXFORD OX5 1GB, ENGLAND",0738-0593,1873-4871,,INT J EDUC DEV,Int. J. Educ. Dev.,JUL,2023,100,,,,,,,,102788,10.1016/j.ijedudev.2023.102788,http://dx.doi.org/10.1016/j.ijedudev.2023.102788,,MAY 2023,12,Education & Educational Research,Social Science Citation Index (SSCI),Education & Educational Research,I0LG2,37153857,"Green Submitted, hybrid",,,2026-01-27,WOS:000999769800001,View Full Record in Web of Science
J,"Luo, RF; Liu, CF; Gao, JJ; Wang, TY; Zhi, HY; Shi, PF; Huang, JK",,,,Luo Ren-fu; Liu Cheng-fang; Gao Jing-jing; Wang Tian-yi; Zhi Hua-yong; Shi Peng-fei; Huang Ji-kun,,,Impacts of the COVID-19 pandemic on rural poverty and policy responses in China,JOURNAL OF INTEGRATIVE AGRICULTURE,,,English,Article,,,,,,COVID-19 pandemic; perception; poverty; rural households; China,GROWTH; INCOME; INEQUALITY,"Given the sudden outbreak of the COVID-19 pandemic, a timely study on the impacts of and policy response to the pandemic on rural poverty in China is critically important because China has aimed to completely eradicate extreme poverty by the end of 2020. This paper uses data from the latest round of a nationally representative household panel survey to examine the impacts of the pandemic on rural poverty in China. Our data show that 11.9% of sample households were ever officially registered as poor households between 2013 and 2019, and this poverty incidence fell to 2.7% by the end of 2019. In the middle February of 2020, 23% of the households who have graduated from poverty since 2013 perceived that they would fall back into poverty due to the COVID-19. Among those never poor households, 7.1% perceived that they would possibly fall into poverty due to the pandemic. Results from both descriptive and multivariate analyses consistently show the interruptions that the pandemic caused in off-farm employment is an important channel that led households to perceive of falling back into or falling into poverty. We also find households in the bottom four quintiles when ranked in terms of household income per capita are much more likely to perceive themselves of falling back into or falling into poverty during this pandemic than those in the richest quintile. Meanwhile, our results show that the education and age of household heads, as well as being from Hubei Province matter in explaining household perception about falling back into or falling into poverty in some cases but not all. The paper concludes with a set of policy responses that China has taken to mitigate the impact of COVID-19 pandemic on poverty alleviation.","[Luo Ren-fu; Liu Cheng-fang; Gao Jing-jing; Wang Tian-yi; Zhi Hua-yong; Huang Ji-kun] Peking Univ, Sch Adv Agr Sci, China Ctr Agr Policy, Beijing 100871, Peoples R China; [Shi Peng-fei] Chinese Acad Sci, Inst Geog Sci & Nat Resources Res, Beijing 100101, Peoples R China; [Shi Peng-fei] Univ Chinese Acad Sci, Beijing 100049, Peoples R China","Peking University; Chinese Academy of Sciences; Institute of Geographic Sciences & Natural Resources Research, CAS; Chinese Academy of Sciences; University of Chinese Academy of Sciences, CAS","Huang, JK (corresponding author), Peking Univ, Sch Adv Agr Sci, China Ctr Agr Policy, Beijing 100871, Peoples R China.",luorf.ccap@pku.edu.cn; cfliu.ccap@pku.edu.cn; jkhuang.ccap@pku.edu.cn,"Gao, Jingjing/Q-7491-2018; Shi, Pengfei/NAZ-3776-2025",,"National Social Science Foundation of China [19ZDA002]; National Natural Science Foundation of China [71742002, 71861147003, 71925009, 71934003]",National Social Science Foundation of China(National Office of Philosophy and Social Sciences); National Natural Science Foundation of China(National Natural Science Foundation of China (NSFC)),"We would like to thank all the farmers, village leaders, and enumerators for their participation in this study, and acknowledge the financial supports of the National Social Science Foundation of China (19ZDA002) and the National Natural Science Foundation of China (71742002, 71861147003, 71925009, and 71934003).",,62,64,69,0,97,KEAI PUBLISHING LTD,BEIJING,"16 DONGHUANGCHENGGEN NORTH ST, Building 5, Room 411, BEIJING, DONGCHENG DISTRICT 100009, PEOPLES R CHINA",2095-3119,2352-3425,,J INTEGR AGR,J. Integr. Agric.,DEC,2020,19,12,,,,,2946,2964,,10.1016/S2095-3119(20)63426-8,http://dx.doi.org/10.1016/S2095-3119(20)63426-8,,,19,"Agriculture, Multidisciplinary",Science Citation Index Expanded (SCI-EXPANDED); Social Science Citation Index (SSCI),Agriculture,OY8PB,,"Green Submitted, gold",,,2026-01-27,WOS:000594501900010,View Full Record in Web of Science
J,"Moreno-Montoya, J; Ballesteros, SM; Idrovo, AJ",,,,"Moreno-Montoya, Jose; Ballesteros, Silvia Marcela; Idrovo, Alvaro Javier",,,"COVID-19 distribution in Bogota, Colombia: effect of poverty during the first 2 months of pandemic",JOURNAL OF EPIDEMIOLOGY AND COMMUNITY HEALTH,,,English,Article,,,,,,multilevel modelling; economics; social epidemiology; epidemics,PUBLIC-HEALTH; INFLUENZA; DISEASE,"Background The current SARS-CoV-2 pandemic has especially affected individuals living in conglomerate settings having poverty as common characteristic. However, evidence of the association between COVID-19 severity and social determinants is still scarce, particularly, for Latin American countries. The objective was to assess the effect of socioeconomic deprivation in the clinical severity of COVID-19 infection among different localities of Bogota, Colombia. Methods Secondary analyses using data of SARS-CoV-2 infected cases in Bogota from 6 March 2020 to 19 April 2020 were carried out. Direct and indirect indicators of deprivation at area level and individual demographic characteristics (age, sex and type of case) were included in the analyses. Findings 1684 COVID-19 cases were included in the study. There were 217 (12.9%; 95% CI 11.3 to 14.5) serious cases, of which 32.6% (95% CI 26.4 to 38.8) cases were deceased. In the multilevel logistic regression, age, sex (female), type of case (different of imported case), number of serious cases recorded the previous day and multidimensional poverty were associated with serious cases (median OR: 1.72, 95% CI 1.56 to 1.87). Interpretation This paper explored the association between COVID-19 severity and social determinants. Expressions of poverty were associated with more severe cases during first 2 months of pandemic. It is a clear syndemic for the joint presentation of COVID-19 and other comorbidities among more serious cases.","[Moreno-Montoya, Jose; Ballesteros, Silvia Marcela] Hosp Univ Fdn Santa Fe Bogota, Clin Studies & Clin Epidemiol Div, Bogota, Colombia; [Idrovo, Alvaro Javier] Univ Ind Santander, Salud Publ, Bucaramanga, Santander, Colombia",Universidad Industrial de Santander,"Moreno-Montoya, J (corresponding author), Hosp Univ Fdn Santa Fe Bogota, Clin Studies & Clin Epidemiol Div, Bogota, Colombia.",josemorenomontoya@gmail.com,"Moreno-Montoya, Jose/C-5635-2019; Ballesteros, Silvia Marcela/IUO-0970-2023","Moreno-Montoya, Jose/0000-0001-8446-1231; Ballesteros, Silvia Marcela/0000-0003-1382-6859; Iovo, Alvaro J/0000-0001-9579-1463",,,,,31,4,6,0,2,BMJ PUBLISHING GROUP,LONDON,"BRITISH MED ASSOC HOUSE, TAVISTOCK SQUARE, LONDON WC1H 9JR, ENGLAND",0143-005X,1470-2738,,J EPIDEMIOL COMMUN H,J. Epidemiol. Community Health,FEB,2022,76,2,,,,,116,120,,10.1136/jech-2020-214579,http://dx.doi.org/10.1136/jech-2020-214579,,JUN 2021,5,"Public, Environmental & Occupational Health",Science Citation Index Expanded (SCI-EXPANDED); Social Science Citation Index (SSCI),"Public, Environmental & Occupational Health",YI2BV,34193568,hybrid,,,2026-01-27,WOS:000728859300001,View Full Record in Web of Science
J,"Lanau, A; Grieve, T; Tengbeh, AF; Enria, L; Wayack-Pambé, M",,,,"Lanau, Alba; Grieve, Tigist; Tengbeh, Angus Fayia; Enria, Luisa; Wayack-Pambe, Madeleine",,,"Since the market is closed, there is no more money, there is nothing we can do: Voices of adolescent girls in Burkina Faso and Sierra Leone on poverty and COVID-19",CHILDREN AND YOUTH SERVICES REVIEW,,,English,Article,,,,,,Adolescent girls; Poverty; Pandemic; Gender inequality,YOUTH TRANSITIONS; FOOD INSECURITY; POOR; EXPERIENCE; MIGRATION; CHILDREN; GENDER; EBOLA,"The COVID-19 pandemic is expected to widen inequalities and hamper the SDG commitments of gender equality and poverty reduction. In Africa, it is feared that the social consequences of the pandemic will undo the progress in gender equality achieved over the last two decades. Through in-depth qualitative telephone interviews with 37 adolescent girls in Burkina Faso and Sierra Leone this paper sheds light on the economic consequences of the pandemic on girls. Adolescent girls' experience of the pandemic is strongly mediated by their household configuration, resources and geographical context. Our data identifies three groups: i) sheltered from the economic impact of the pandemic, ii) coping or adjusting, and iii) severely affected. We also identify a fourth group of girls, found only in Burkina Faso, whose lives have been affected by conflict and who perceive the impact of the pandemic to be minor compared to enduring violence and trauma. Our analysis shows the unequal impact of COVID-19 and the measures implemented to contain it is likely to increase economic inequality, particularly in areas with longer-lasting restrictions, as coping mechanisms erode over time. Furthermore, the pandemic is likely to accelerate marriages and the end of schooling thus increasing gender inequality. Such effects are also mediated by resources girls have access to. We argue that achieving the Sustainable Development Goals (SDG) ideals requires innovative, appropriate and sustainable solutions with the combined effort of governments and the development community that respond to the lived experiences of adolescent girls. Finally, necessary attention to the consequences of the pandemic should not detract from addressing ongoing issues affecting adolescent girls, including poverty and conflict.","[Lanau, Alba] Univ Pompeu Fabra, Dept Ciencies Polit & Socials, Barcelona, Spain; [Grieve, Tigist] Univ Bristol, Sch Policy Studies, Bristol, England; [Tengbeh, Angus Fayia] Queen Margaret Univ, Inst Global Hlth & Dev, Musselburgh, Scotland; [Enria, Luisa] London Sch Hyg & Trop Med, Dept Global Hlth & Dev, London, England; [Wayack-Pambe, Madeleine] Univ Joseph Ki Zerbo, Inst Super Sci Populat, Ouagadougou, Burkina Faso",Pompeu Fabra University; University of Bristol; Queen Margaret University; University of London; London School of Hygiene & Tropical Medicine; Universite Joseph Ki-Zerbo,"Lanau, A (corresponding author), Univ Pompeu Fabra, Dept Ciencies Polit & Socials, Barcelona, Spain.",alba.lanau@upf.edu,"; Lanau, Alba/AAG-8614-2020","WAYACK-PAMBE, Madeleine/0000-0001-9680-8642; Grieve, Tigist/0000-0002-2691-9897",postdoctoral fellowship programme Beatriu de Pinos - Secretary of Universities and Research (Government of Catalonia); UK Research and Innovation Global Challenge Research Fund (GCRF) [801370]; Plan International and African Child Policy Forum; [ES/T010487/1],postdoctoral fellowship programme Beatriu de Pinos - Secretary of Universities and Research (Government of Catalonia); UK Research and Innovation Global Challenge Research Fund (GCRF); Plan International and African Child Policy Forum;,"This work was supported by the postdoctoral fellowship programme Beatriu de Pinos, funded by the Secretary of Universities and Research (Government of Catalonia) and by the H2020 programme Marie Sklodovska-Curie grant agreement n degrees 801370. Funding was also received from the UK Research and Innovation Global Challenge Research Fund (GCRF) (Grant Ref: ES/T010487/1) . The project received financial and technical support from Plan International and African Child Policy Forum.",,64,0,0,0,4,PERGAMON-ELSEVIER SCIENCE LTD,OXFORD,"THE BOULEVARD, LANGFORD LANE, KIDLINGTON, OXFORD OX5 1GB, ENGLAND",0190-7409,1873-7765,,CHILD YOUTH SERV REV,Child. Youth Serv. Rev.,DEC,2023,155,,,,,,,,107232,10.1016/j.childyouth.2023.107232,http://dx.doi.org/10.1016/j.childyouth.2023.107232,,OCT 2023,9,Family Studies; Social Work,Social Science Citation Index (SSCI),Family Studies; Social Work,Y1DO2,,"Green Submitted, hybrid",,,2026-01-27,WOS:001102744300001,View Full Record in Web of Science
J,"Ebuenyi, ID; Gitonga, I; Tele, A; Syurina, E",,,,"Ebuenyi, Ikenna D.; Gitonga, Isaiah; Tele, Albert; Syurina, Elena, V",,,"Unemployment in women with psychosocial disabilities during the COVID-19 pandemic: Lessons from Tana River County, Kenya",JOURNAL OF INTERNATIONAL DEVELOPMENT,,,English,Article,,,,,,COVID-19; inclusive employment; Kenya; psychosocial disability; social welfare and protection; women,MENTAL-DISORDERS; EMPLOYMENT; PEOPLE,"In low-income settings, the informal economy is a practical alternative to work and employment for persons with disabilities. However, the COVID-19 pandemic negatively affected the informal economy. This study aimed to explore the experiences of women with psychosocial disabilities in Kenya during the pandemic. We found that the pandemic worsened their experiences of work and employment, and they did not receive any social welfare or support from the government. Our findings suggest that pandemic management must adopt inclusive and context-sensitive approaches that support persons with psychosocial disabilities. Social welfare and protection for persons with disabilities are relevant for socio-economic empowerment and inclusion.","[Ebuenyi, Ikenna D.] Univ Coll Dublin, Sch Nursing Midwifery & Hlth Syst, Iris Ctr, Dublin, Ireland; [Ebuenyi, Ikenna D.; Gitonga, Isaiah] Maynooth Univ, Assisting Living & Learning ALL Inst, Dept Psychol, Maynooth, Kildare, Ireland; [Ebuenyi, Ikenna D.; Gitonga, Isaiah; Tele, Albert] Lkuze Africa, Nairobi, Kenya; [Syurina, Elena, V] Vrije Univ, Fac Sci, Athena Inst, Amsterdam, Netherlands",University College Dublin; Maynooth University; Vrije Universiteit Amsterdam,"Ebuenyi, ID (corresponding author), Univ Coll Dublin, Sch Nursing Midwifery & Hlth Syst, Iris Ctr, Dublin, Ireland.",ikenna.ebuenyi@ucd.ie,"Gitonga, Isaiah/JXN-9719-2024","Gitonga, Isaiah/0000-0001-6938-7467; Ebuenyi, Ikenna/0000-0002-3329-6296",Voice Empowerment [507997],Voice Empowerment,"Voice Empowerment, Grant/Award Number: 507997",,30,5,7,0,8,WILEY,HOBOKEN,"111 RIVER ST, HOBOKEN 07030-5774, NJ USA",0954-1748,1099-1328,,J INT DEV,J. Int. Dev.,JUL,2022,34,5,,,,,1018,1027,,10.1002/jid.3638,http://dx.doi.org/10.1002/jid.3638,,FEB 2022,10,Development Studies,Social Science Citation Index (SSCI),Development Studies,3O0GK,35571229,"Green Submitted, hybrid",,,2026-01-27,WOS:000761160000001,View Full Record in Web of Science
J,"Hevia, FJ; Vergara-Lope, S; Velásquez-Durán, A; Calderón, D",,,,"Hevia, Felipe J.; Vergara-Lope, Samana; Velasquez-Duran, Anabel; Calderon, David",,,Estimation of the fundamental learning loss and learning poverty related to COVID-19 pandemic in Mexico,INTERNATIONAL JOURNAL OF EDUCATIONAL DEVELOPMENT,,,English,Article,,,,,,Academic achievement; Learning assessment; Educational equality; Learning loss; Learning poverty; Learning gap,,"There is evidence of learning loss due to the COVID-19 pandemic, but there is no related information for Mexico. The objective of the study is to estimate learning loss in reading and numeracy in Mexico. We compared the results of two household surveys conducted in 2019 and 2021. We interviewed 3161 children between 10 and 15 years. We estimated a learning loss according with SES in a range from 0.34-0.45 SD in reading and 0.62-0.82 SD in mathematics by COVID-19 pandemic, and an increase in learning poverty in a range of 25.7%-15.4% in reading and 29.8%-28.8% in numeracy. Gaps in fundamental learning by gender and SES increased. There is an urgent need develop a clear strategy to perform personalized diagnoses and implement remedial courses to address learning loss.","[Hevia, Felipe J.; Velasquez-Duran, Anabel] Ctr Res & Higher Studies Social Anthropol, Av Encanto Sn Col Mirador, Xalapa 91070, Veracruz, Mexico; [Vergara-Lope, Samana] Univ Veracruz, Veracruz, Mexico; [Calderon, David] Mexicanos Primero, Mexico City, DF, Mexico",Universidad Veracruzana,"Hevia, FJ (corresponding author), Ctr Res & Higher Studies Social Anthropol, Av Encanto Sn Col Mirador, Xalapa 91070, Veracruz, Mexico.",fhevia@ciesas.edu.mx; samanavergaralope@hotmail.com; avelasquez@ciesas.edu.mx; davidc@mexicanosprimero.org,"Hevia, Felipe J/AAW-4501-2021; Velásquez-Durán, Anabel/E-7530-2015","Hevia, Felipe J/0000-0002-4424-5320; Velásquez-Durán, Anabel/0000-0002-4393-6808",William and Flora Hewlett Foundation [2018-6968],William and Flora Hewlett Foundation,This work was supported by the William and Flora Hewlett Foundation [grant 2018-6968].,,59,73,100,1,36,PERGAMON-ELSEVIER SCIENCE LTD,OXFORD,"THE BOULEVARD, LANGFORD LANE, KIDLINGTON, OXFORD OX5 1GB, ENGLAND",0738-0593,1873-4871,,INT J EDUC DEV,Int. J. Educ. Dev.,JAN,2022,88,,,,,,,,102515,10.1016/j.ijedudev.2021.102515,http://dx.doi.org/10.1016/j.ijedudev.2021.102515,,NOV 2021,9,Education & Educational Research,Social Science Citation Index (SSCI),Education & Educational Research,XJ5IT,34812219,"Green Submitted, hybrid",,,2026-01-27,WOS:000726822100003,View Full Record in Web of Science
J,"Zhang, QF; Hu, ZP",,,,"Zhang, Qian Forrest; Hu, Zhanping",,,"Rural China under the COVID-19 pandemic: Differentiated impacts, rural-urban inequality and agro-industrialization",JOURNAL OF AGRARIAN CHANGE,,,English,Article,,,,,,COVID-19 pandemic; food system; hukou; livelihood diversification; rural differentiation,MIGRANT LABOR; LAND,"We use field data collected in a village in northern China to examine the impacts of the COVID-19 pandemic on rural economy and livelihoods. The lockdown effectively protected the village from the pandemic, resulting in zero infection. The economic impacts were mostly negative but differentiated across economic sectors and livelihood strategies; some gained from the business opportunities arising from the pandemic. Wage loss for migrant workers was the most common negative impact but lasted less than 2 months. Overall, rural China has escaped the worst impacts of the pandemic found in other developing countries. We argue that the structure of inequalities in today's China, now primarily based on market differentiations, has become far more complex than the simplistic rural-urban dichotomy based on the household registration (hukou) status can possibly explain. Rather than exacerbating the hukou-based rural-urban inequality, the true impacts of the pandemic on rural China are more likely to result from the reforms of the agri-food system. The suspected link between the new pathogen and the food system has created a misinformed urgency for the government to accelerate the industrialization of the food system, which we think can backfire and increase the likelihood of the next outbreak.","[Zhang, Qian Forrest] Singapore Management Univ, Sch Social Sci, 90 Stamford Rd, Singapore 178903, Singapore; [Hu, Zhanping] North China Elect Power Univ, Sch Humanities & Social Sci, Beijing, Peoples R China",Singapore Management University; North China Electric Power University,"Zhang, QF (corresponding author), Singapore Management Univ, Sch Social Sci, 90 Stamford Rd, Singapore 178903, Singapore.",forrestzhang@smu.edu.sg,"Hu, Zhanping/ACF-8918-2022; Zhang, Qian Forrest/F-9094-2010","Hu, Zhanping/0000-0003-2122-6482; Zhang, Qian Forrest/0000-0002-5004-6715",National Social Science Fund of China [20CSH020]; National Office for Philosophy and Social Sciences,National Social Science Fund of China; National Office for Philosophy and Social Sciences,"Data collection of this research was supported by The National Social Science Fund of China (Project number: 20CSH020, PI: Zhanping Hu), from the National Office for Philosophy and Social Sciences.",,38,18,21,1,34,WILEY,HOBOKEN,"111 RIVER ST, HOBOKEN 07030-5774, NJ USA",1471-0358,1471-0366,,J AGRAR CHANGE,J. Agrar. Chang.,JUL,2021,21,3,,,,,591,603,,10.1111/joac.12425,http://dx.doi.org/10.1111/joac.12425,,APR 2021,13,Development Studies; Economics,Social Science Citation Index (SSCI),Development Studies; Business & Economics,SX3FA,,"Green Submitted, Bronze",,,2026-01-27,WOS:000645223700001,View Full Record in Web of Science
J,"Bukari, C; Aning-Agyei, MA; Kyeremeh, C; Essilfie, G; Amuquandoh, KF; Owusu, AA; Otoo, IC; Bukari, KI",,,,"Bukari, Chei; Aning-Agyei, Millicent Abigail; Kyeremeh, Christian; Essilfie, Gloria; Amuquandoh, Kofi Fosu; Owusu, Anthony Akwesi; Otoo, Isaac Christopher; Bukari, Kpanja Ibrahim",,,Effect of COVID-19 on Household Food Insecurity and Poverty: Evidence from Ghana,SOCIAL INDICATORS RESEARCH,,,English,Article,,,,,,COVID-19; Food insecurity; Ghana; Pandemic; Poverty,VULNERABILITY; FLEXIBILITY; IMPACT,"Following the outbreak of COVID-19 and its heavy toll on the global community and humanity, a fierce debate on the pandemic and Sustainable Development Goals (SDGs) performance nexus has emerged. While the literature on this subject remains highly contested, evidence within the Ghanaian contest is sparse. Thus, we present micro-level evidence on how COVID-19 poses a threat to hunger and poverty as SDGs in Ghana. Precisely, we examined the effect of COVID-19 on households' food insecurity and poverty and further analysed gender and locational sub-samples for differential effects. Data on 3905 households were obtained via concurrent online survey and telephone interviews. The results indicate that, on several occasions, a significant number of the sampled households (57.76%) did not get enough food to eat due to the pandemic. The proportion of households that went on several times without clean water for home use and access medicines/medical treatments were 50.52% and 52.22%, respectively. About 60.72% of the sampled households affirmed that, on several times, they did not have enough income due to the pandemic. At the same time, the share of households that suffered food insecurity due to the pandemic was 69.04%. Instrumenting for COVID-19 using distance to the affected communities, we find that a standard deviation increase in COVID-19 is associated with a rise of 0.232 and 0.289 standard deviations in poverty and food insecurity, respectively. Our results are robust to alternative estimation approaches to addressing the endogeneity of COVID-19 and other sensitivity checks. We conclude that Ghana would need to develop a new spectrum of gender- and location-sensitive policies that engender social inclusion as a conduit to expediate the attainment of zero poverty and hunger.","[Bukari, Chei] Univ Cape Coast, Sch Econ, Cape Coast, Ghana; [Aning-Agyei, Millicent Abigail] Univ Cape Coast, Directorate Res Innovat & Consultancy DRIC, Cape Coast, Ghana; [Kyeremeh, Christian] Sunyani Tech Univ, Sch Business & Management Studies, Sunyani, Ghana; [Essilfie, Gloria] Ghana Technol Univ Coll, Fac IT Business, Dept Econ, Takoradi, Ghana; [Amuquandoh, Kofi Fosu] Univ Cape Coast, Inst Review Board IRB, Cape Coast, Ghana; [Owusu, Anthony Akwesi] Univ Cape Coast, Dept Business & Social Sci Educ, Cape Coast, Ghana; [Otoo, Isaac Christopher] Univ Cape Coast, Sch Business, Dept Finance, Cape Coast, Ghana; [Bukari, Kpanja Ibrahim] Kwame Nkrumah Univ Sci & Technol, Dept Sociol & Social Work, Kumasi, Ghana",University of Cape Coast; University of Cape Coast; University of Cape Coast; University of Cape Coast; University of Cape Coast; Kwame Nkrumah University Science & Technology,"Bukari, C (corresponding author), Univ Cape Coast, Sch Econ, Cape Coast, Ghana.",cheibukaril@gmail.com; maning-agyei@ucc.edu.gh; ckyeremeh@stu.edu.gh; gessilfie@gtuc.edu.gh; kofi.amuquandoh@ucc.edu.gh; anthony.owusu@ucc.edu.gh; isaac.otoo@ucc.edu.gh; wkbukari2@gmail.com,"Aning-Agyei, Millicent Abigail/AAJ-5845-2021; Essilfie, Gloria/AAX-6650-2020; Bukari, Chei/JUF-2193-2023; OWUSU, ANTHONY AKWESI/AAH-6707-2021","Aning-Agyei, Millicent Abigail/0000-0001-8964-9823; Essilfie, Gloria/0000-0001-6766-7895; Bukari, Chei/0000-0002-3872-4050; OWUSU, ANTHONY AKWESI/0000-0002-6880-094X; Kyeremeh, Christian/0000-0002-4277-1140",,,,,62,42,50,0,24,SPRINGER,DORDRECHT,"VAN GODEWIJCKSTRAAT 30, 3311 GZ DORDRECHT, NETHERLANDS",0303-8300,1573-0921,,SOC INDIC RES,Soc. Indic. Res.,FEB,2022,159,3,,,,,991,1015,,10.1007/s11205-021-02766-9,http://dx.doi.org/10.1007/s11205-021-02766-9,,AUG 2021,25,"Social Sciences, Interdisciplinary; Sociology",Social Science Citation Index (SSCI),Social Sciences - Other Topics; Sociology,ZE7KK,34456451,"Green Submitted, Bronze",,,2026-01-27,WOS:000688373900001,View Full Record in Web of Science
J,"Liao, HY; Ma, S; Xue, H",,,,"Liao, Haoye; Ma, Sen; Xue, Hao",,,Does school shutdown increase inequality in academic performance? Evidence from COVID-19 pandemic in China,CHINA ECONOMIC REVIEW,,,English,Article,,,,,,COVID-19; School Shutdown; Educational Inequality; Academic Performance,EDUCATIONAL-ATTAINMENT; ONLINE; TEACHERS,"The school shutdown due to the global pandemic of coronavirus disease 2019 (COVID-19) can lead to an increase in educational inequality through disproportionately affecting disadvantaged children. We use data from a unique survey of 7202 junior high school students and their parents from Shaanxi province to explore whether the school shutdown enlarged the educational gap between students with different parental socioeconomic statuses (SES) during the pandemic. We find that students with more highly educated parents experienced an increase in relative test rankings after the shutdown period. A 1-year increase in parents' education led to a relative 0.18 -percentile increase in students' rankings of total test scores. We also identify the mechanisms behind the enlarged gap by means of heterogeneity analyses. We show that parents' education mainly affected children's academic performance through parents' engagement in their children's homeschooling, mitigating the negative impacts of Internet addiction on students, and serving as substitutes for teachers who were unable to teach well online.","[Liao, Haoye; Ma, Sen] Jinan Univ, Inst Econ & Social Res, Guangzhou, Peoples R China; [Xue, Hao] Stanford Univ, Freeman Spogli Inst Int Studies, Stanford, CA 94305 USA",Jinan University; Stanford University,"Ma, S (corresponding author), Jinan Univ, Inst Econ & Social Res, Guangzhou, Peoples R China.",liaohaoye@outlook.com; senma2@jnu.edu.cn; haoxue@stanford.edu,,,111 project of China [B18026]; Shaanxi Primary Education National Teaching Achievement Incubation Project,"111 project of China(Ministry of Education, China - 111 Project); Shaanxi Primary Education National Teaching Achievement Incubation Project","We thank the financial support from 111 project of China (No. B18026) , and Shaanxi Primary Education National Teaching Achievement Incubation Project (No. SCGFH63) .",,62,16,24,1,35,ELSEVIER SCIENCE INC,NEW YORK,"STE 800, 230 PARK AVE, NEW YORK, NY 10169 USA",1043-951X,1873-7781,,CHINA ECON REV,China Econ. Rev.,OCT,2022,75,,,,,,,,101847,10.1016/j.chieco.2022.101847,http://dx.doi.org/10.1016/j.chieco.2022.101847,,AUG 2022,19,Economics,Social Science Citation Index (SSCI),Business & Economics,5B1IS,35935032,Green Submitted,,,2026-01-27,WOS:000863329500001,View Full Record in Web of Science
J,"Dang, HA; Lanjouw, P; Vrijburg, E",,,,"Dang, Hai-Anh; Lanjouw, Peter; Vrijburg, Elise",,,Poverty in India in the face of Covid-19: Diagnosis and prospects*,REVIEW OF DEVELOPMENT ECONOMICS,,,English,Article,,,,,,Covid-19; India; poverty; poverty dynamics; synthetic panels; vulnerability,,"India has been hard-hit by the Covid-19 pandemic. The virus has exacted a heavy toll in terms of lives lost and deteriorating health outcomes. The economic consequences of the pandemic have been similarly grim. In this paper we attempt an initial, interim, assessment of the impacts of the crisis on poverty. We review the growing literature that considers emerging poverty impacts, noting that there remain significant knowledge gaps due to limited evidence on current welfare outcomes. We analyze pre-Covid survey data to examine the incidence of chronic poverty and downward mobility during a period of rapid economic growth and declining poverty. A profile of poverty during such a period might offer a plausible, partial, window on population groups currently at risk. We suggest that, notwithstanding the severe initial impacts of the crisis on poverty, there are grounds for expecting further consequences going forward. As the virus has spread out of the relatively affluent cities, and as economic stagnation persists, rural areas, with historically higher rates of chronic poverty and vulnerability, may see particularly sharp increases in poverty. While recent vaccination developments offer some grounds for optimism, there remains an urgent need to identify, implement and amplify effective policy alleviation measures.","[Dang, Hai-Anh] World Bank, Dev Data Grp, 1818 H St NW, Washington, DC 20433 USA; [Lanjouw, Peter; Vrijburg, Elise] Vrije Univ, Dept Econ, Amsterdam, Netherlands",The World Bank; Vrije Universiteit Amsterdam,"Lanjouw, P (corresponding author), Vrije Univ Amsterdam, Sch Business & Econ, Dept Econ, De Boelelaan 1085, NL-1081 HV Amsterdam, Netherlands.",p.f.lanjouw@vu.nl,"Dang, Hai-Anh/JAC-9500-2023","Dang, Hai-Anh/0000-0003-4913-5291; Lanjouw, Peter/0000-0002-4150-7890",Oxford Policy Management,Oxford Policy Management,Oxford Policy Management,,82,12,17,1,12,WILEY,HOBOKEN,"111 RIVER ST, HOBOKEN 07030-5774, NJ USA",1363-6669,1467-9361,,REV DEV ECON,Rev. Dev. Econ.,NOV,2021,25,4,,,,,1816,1837,,10.1111/rode.12833,http://dx.doi.org/10.1111/rode.12833,,OCT 2021,22,Development Studies; Economics,Social Science Citation Index (SSCI),Development Studies; Business & Economics,WV5NC,34908902,"Green Submitted, hybrid",,,2026-01-27,WOS:000702710600001,View Full Record in Web of Science
J,"Bidisha, SH; Mahmood, T; Hossain, MB",,,,"Bidisha, Sayema Haque; Mahmood, Tanveer; Hossain, Md Biplob",,,"Assessing Food Poverty, Vulnerability and Food Consumption Inequality in the Context of COVID-19: A Case of Bangladesh",SOCIAL INDICATORS RESEARCH,,,English,Article,,,,,,Food poverty; Food vulnerability; Food consumption inequality; COVID-19; Bangladesh,RISK; PROFILE; ISSUES,"There is no denying the fact that, for a developing country like Bangladesh, the economic consequences of lockdown for containing COVID-19 pandemic can be far reaching affecting livelihoods of millions of households. Given that the share of food consumption expenditure to total expenditure is higher in the lower income groups of Bangladesh, this shock is expected to directly affect affordability of consumption of basic food items of these households. Using nationally representative household survey data of Bangladesh, and while following the Feasible Generalized Least Square method, this paper attempts to examine food poverty, food consumption inequality along with vulnerability to food poverty of households and explores the importance of different socio-demographic and environmental factors in this connection. Our estimation reflects that, greater percentage of households with young children or with elderly people are found to suffer high food vulnerability. In addition, households in environmentally endangered regions e.g. drought prone areas or river erosion affected places are more food vulnerable than those in other parts of the country. Certain occupation groups e.g. day labourer and self-employed are found to be highly vulnerable to food poverty while according to our decomposition analysis of food consumption inequality, area of residence (urban vs. rural) is expected to cause sizable inequality in food consumption. This study can therefore, help in identifying food vulnerable households for government's social protection programs and COVID-19 incentive packages, and thereby can contribute towards designing effective poverty reduction strategies.","[Bidisha, Sayema Haque] Univ Dhaka, Dept Econ, Dhaka 1000, Bangladesh; [Mahmood, Tanveer] Bangladesh Inst Dev Studies BIDS, E-17 Agargaon, Dhaka 1207, Bangladesh",University of Dhaka; Bangladesh Institute of Development Studies (BIDS),"Bidisha, SH (corresponding author), Univ Dhaka, Dept Econ, Dhaka 1000, Bangladesh.",sayemabidisha@gmail.com,"Bidisha, Sayema Haque/ABD-5304-2021","Bidisha, Sayema Haque/0000-0002-5280-4049; Hossain, Biplob/0000-0003-2695-7313",,,,,46,26,29,2,31,SPRINGER,DORDRECHT,"VAN GODEWIJCKSTRAAT 30, 3311 GZ DORDRECHT, NETHERLANDS",0303-8300,1573-0921,,SOC INDIC RES,Soc. Indic. Res.,MAY,2021,155,1,,,,,187,210,,10.1007/s11205-020-02596-1,http://dx.doi.org/10.1007/s11205-020-02596-1,,JAN 2021,24,"Social Sciences, Interdisciplinary; Sociology",Social Science Citation Index (SSCI),Social Sciences - Other Topics; Sociology,RO1BZ,33424082,"Green Submitted, Bronze",,,2026-01-27,WOS:000604869400007,View Full Record in Web of Science
J,"Mekasha, TJ; Tarp, F",,,,"Mekasha, Tseday Jemaneh; Tarp, Finn",,,Understanding poverty dynamics in Ethiopia: Implications for the likely impact of COVID-19,REVIEW OF DEVELOPMENT ECONOMICS,,,English,Article,,,,,,Ethiopia; mobility; poverty dynamics; synthetic panel; vulnerability,,"We aim at identifying vulnerable groups that face a higher risk of falling into poverty due to the COVID-19 pandemic. Applying a synthetic panel data approach, our analysis of poverty and vulnerability transitions during the pre-COVID period shows not only a high rate of poverty persistence in Ethiopia but also a high probability of moving from vulnerable nonpoor status to poor status. Given the observed persistence of poverty and greater risk of downward mobility, even in the pre-COVID period, it is highly likely that poverty persistence and downward mobility will be aggravated during the current pandemic. A detailed poverty profiling exercise shows that households where the household head is less educated, engaged in the service sector, self-employed, and a domestic worker are population segments with a high rate of downward mobility. As the emerging evidence on the socioeconomic impact of COVID shows, these segments of the population are also the ones relatively more affected by the pandemic. Overall, the pandemic is likely to result in a serious setback to the progress made in poverty reduction in Ethiopia. Poverty reduction policies should thus target not only the existing poor but also the vulnerable nonpoor.","[Mekasha, Tseday Jemaneh; Tarp, Finn] Univ Copenhagen, Dept Econ, Oster Farimagsgade 5,Bldg 26, DK-1353 Copenhagen K, Denmark",University of Copenhagen,"Mekasha, TJ (corresponding author), Univ Copenhagen, Dept Econ, Oster Farimagsgade 5,Bldg 26, DK-1353 Copenhagen K, Denmark.",tjm@econ.ku.dk,"Tarp, Finn/T-9651-2017","Tarp, Finn/0000-0002-6247-4370; Mekasha, Tseday Jemaneh/0000-0001-5329-0898",,,,,26,9,12,0,7,WILEY,HOBOKEN,"111 RIVER ST, HOBOKEN 07030-5774, NJ USA",1363-6669,1467-9361,,REV DEV ECON,Rev. Dev. Econ.,NOV,2021,25,4,,,,,1838,1868,,10.1111/rode.12841,http://dx.doi.org/10.1111/rode.12841,,,31,Development Studies; Economics,Social Science Citation Index (SSCI),Development Studies; Business & Economics,WV5NC,34908903,"Green Submitted, hybrid",,,2026-01-27,WOS:000717282800005,View Full Record in Web of Science
J,"Suryahadi, A; Al Izzati, R; Yumna, A",,,,"Suryahadi, Asep; Al Izzati, Ridho; Yumna, Athia",,,The Impact of Covid-19 and Social Protection Programs on Poverty in Indonesia,BULLETIN OF INDONESIAN ECONOMIC STUDIES,,,English,Article,,,,,,Covid-19; economic growth; real wages; poverty; Indonesia,,"Covid-19 remained the largest challenge for the Indonesian economy in 2021. In particular, Covid-19 case numbers hit a new high of about 50,000 cases per day in mid-July. In response, the government increased the contact tracing and testing of suspected positive cases, expanded its Covid-19 vaccination drive and introduced stricter mobility and activity restrictions (PPKM Darurat/PPKM Levels 1-4). By the end of October, more than 57% of the target population had received at least one dose of a Covid-19 vaccine. The economy also improved in the first half of 2021. Building on the trough in GDP in the second quarter of 2020, economic growth returned in the second and third quarters of 2021 after contractions in the previous four quarters. Macroeconomic circumstances were also generally favourable, though significant longer-term risks remain. In terms of real wages, however, the recovery tended to benefit the formal sector and well-educated workers, while real wages in the informal sector and for low-educated workers continued to decline. At the same time, the rise in Covid-19 cases and the implementation of stricter mobility and activity restrictions have lowered expectations for economic growth in the second half of 2021. To mitigate the social and economic impact of the pandemic, the government has re-expanded its social protection programs. We find that these programs have mitigated the impact of Covid-19 on the poverty rate by four percentage points, or by about three-quarters-poverty increased to nearly 10%, rather than the 14% that would have been likely without the increased social assistance. The possibility of a K-shaped recovery implies that special social protection programs must continue as the economy recovers from the pandemic, to ensure that the poor and vulnerable are not left behind.","[Suryahadi, Asep; Al Izzati, Ridho; Yumna, Athia] SMERU Res Inst, Kota Jakarta Pusat, Daerah Khusus I, Indonesia",,"Suryahadi, A (corresponding author), SMERU Res Inst, Kota Jakarta Pusat, Daerah Khusus I, Indonesia.",,"; Suryahadi, Asep/JTS-7618-2023","Al Izzati, Ridho/0000-0002-4589-9246; Suryahadi, Asep/0000-0002-6589-3079",,,,,34,19,25,1,7,"ROUTLEDGE JOURNALS, TAYLOR & FRANCIS LTD",ABINGDON,"2-4 PARK SQUARE, MILTON PARK, ABINGDON OX14 4RN, OXON, ENGLAND",0007-4918,1472-7234,,B INDONES ECON STUD,Bull. Indones. Econ. Stud.,SEP 2,2021,57,3,,,,,267,296,,10.1080/00074918.2021.2005519,http://dx.doi.org/10.1080/00074918.2021.2005519,,,30,Area Studies; Economics,Social Science Citation Index (SSCI),Area Studies; Business & Economics,XN7DR,,,,,2026-01-27,WOS:000729661500001,View Full Record in Web of Science
J,"Dorjdagva, J; Batbaatar, E; Kauhanen, J",,,,"Dorjdagva, Javkhlanbayar; Batbaatar, Enkhjargal; Kauhanen, Jussi",,,"Early Lift of Restrictions in Mongolia During the COVID-19 Pandemic: Child Rights, Public Trust, and Social Inequality",ASIA-PACIFIC JOURNAL OF PUBLIC HEALTH,,,English,Article,,,,,,,,,"[Dorjdagva, Javkhlanbayar; Kauhanen, Jussi] Univ Eastern Finland, Fac Hlth Sci, Inst Publ Hlth & Clin Nutr, Kuopio Campus,Yliopistonranta 1, FI-70211 Kuopio, Finland; [Batbaatar, Enkhjargal] Univ Eastern Finland, Fac Social Sci & Business Studies, Dept Social Sci, Kuopio, Finland",University of Eastern Finland; University of Eastern Finland,"Dorjdagva, J (corresponding author), Univ Eastern Finland, Fac Hlth Sci, Inst Publ Hlth & Clin Nutr, Kuopio Campus,Yliopistonranta 1, FI-70211 Kuopio, Finland.",javkhlanbayar.dorjdagva@uef.fi,"Kauhanen, Jussi/ABC-4064-2021; Batbaatar, Enkhjargal/J-1886-2019","Batbaatar, Enkhjargal/0000-0002-8806-2841",,,,,10,4,5,0,4,SAGE PUBLICATIONS INC,THOUSAND OAKS,"2455 TELLER RD, THOUSAND OAKS, CA 91320 USA",1010-5395,1941-2479,,ASIA-PAC J PUBLIC HE,Asia-Pac. J. Public Health,SEP,2022,34,6-7,,,,,675,677,1.01053952211086E+016,10.1177/10105395221108592,http://dx.doi.org/10.1177/10105395221108592,,JUN 2022,3,"Public, Environmental & Occupational Health",Science Citation Index Expanded (SCI-EXPANDED); Social Science Citation Index (SSCI),"Public, Environmental & Occupational Health",4F8MX,35758009,"Green Submitted, hybrid",,,2026-01-27,WOS:000816322500001,View Full Record in Web of Science
J,"Salas, C; Quintana, L; Mendoza, MA; Valdivia, M",,,,"Salas, Carlos; Quintana, Luis; Mendoza, Miguel Angel; Valdivia, Marcos",,,Distribution of the labor income and poverty in Mexico during COVID-19 pandemic. Scenarios and potential impacts,TRIMESTRE ECONOMICO,,,Spanish,Article,,,,,,Income distribution; poverty; extreme poverty; occupation; labor income; regional analysis,,"In this article we estimate the probable magnitude of changes in income distribution, poverty and extreme poverty in the country, in the metropolitan areas of the Valley of Mexico, Guadalajara and Monterrey, as well as in Mexico City, according to different behavioral hypothesis of labor income, based on information available until the start of the pandemic, which considers the closures of so-called non-essential activities and their impact on specific occupations. The pandemic stroke in the context of an incipient process of real wages and employment growth, which began in 2019, and our results show that the slowdown in activities derived from the health emergency, both in Mexico and in the world, caused an increase in poverty and extreme poverty, in addition to the growth of inequality measured by the Gini index.","[Salas, Carlos; Quintana, Luis; Mendoza, Miguel Angel] Univ Nacl Autonoma Mexico, Fac Estudios Super Acatlan, LabReg, Mexico City, DF, Mexico; [Valdivia, Marcos] Univ Nacl Autonoma Mexico, LabReg, Ctr Reg Invest Multidisciplinarias, Mexico City, DF, Mexico",Universidad Nacional Autonoma de Mexico; Universidad Nacional Autonoma de Mexico,"Salas, C (corresponding author), Univ Nacl Autonoma Mexico, Fac Estudios Super Acatlan, LabReg, Mexico City, DF, Mexico.",csalasp51@gmail.com; luisquintanarome50@gmail.com; mendozag@unam.mx; valdmarcos@gmail.com,"Mendoza-González, Miguel Ángel/ABA-7721-2020; Salas, Carlos/AAS-3177-2021; Valdivia, Marcos/AHA-2585-2022","Mendoza-González, Miguel Ángel/0000-0001-7433-5194; Salas, Carlos/0000-0003-4118-8700; Valdivia, Marcos/0000-0002-5119-6176",,,,,13,5,10,0,8,FONDO CULTURA ECONOMICA,TLALPAN,"AVE PICACHO AJUSCO, NO 227, TLALPAN CP 14200, MEXICO",0041-3011,,,TRIMEST ECON,Trimest. Econ.,OCT-DEC,2020,87,348,,,,,929,962,,10.20430/ete.v87i348.1148,http://dx.doi.org/10.20430/ete.v87i348.1148,,,34,Economics,Social Science Citation Index (SSCI),Business & Economics,OC2SI,,"Green Submitted, gold",,,2026-01-27,WOS:000579009600002,View Full Record in Web of Science
J,"Melki, J",,,,"Melki, Jad",,,"Knowledge Gap Hypothesis and Pandemics: Covid-19 Knowledge, Communication Inequality, and Media Literacy in Lebanon",MEDIA AND COMMUNICATION,,,English,Article,,,,,,communication inequality; Covid-19 pandemic; health communication; knowledge gap hypothesis; media literacy,SOCIOECONOMIC-STATUS; INFORMATION-SOURCES; HEALTH; NEWS; ATTITUDES; EXPOSURE; COVERAGE; CANCER; METAANALYSIS; POPULATION,"The study examines the knowledge gap hypothesis during the Covid-19 pandemic in a country experiencing severe social, political, and economic turmoil and inequality. The research design assesses Covid-19 knowledge through 13 variables and incorporates income, education, gender, and media literacy among the socioeconomic status variables. It also includes television exposure, social media exposure, and social media posting as media use measures. A cross-sectional survey of adults living in Lebanon was implemented between March 27 and April 23, 2020. The study aimed for a nationally repre-sentative probability sample of 1,536 participants (95% CI, & PLUSMN;2.5%) and received 792 valid responses (51.6% response rate). The results show a positive relationship between Covid-19 knowledge and education, media literacy, and social media exposure, but no relationship between Covid-19 knowledge and income, gender, television exposure, and social media posting behavior. The evidence shows a widening of the knowledge gap for those more likely to post on social media and a narrowing of the knowledge gap for those more exposed to social media news, but the observed narrowing of the knowledge gap for television exposure was not statistically generalizable. Finally, the evidence shows that media literacy maintains the knowledge gap by almost identically increasing the knowledge level for both low and high socioeconomic groups, although the limitations in measuring media literacy merit further exploration.","[Melki, Jad] Lebanese Amer Univ, Inst Media Res & Training, Beirut, Lebanon",Lebanese American University,"Melki, J (corresponding author), Lebanese Amer Univ, Inst Media Res & Training, Beirut, Lebanon.",jmelki@lau.edu.lb,"Melki, Jad/S-5606-2019","Melki, Jad/0000-0003-4248-1597",,,,,69,6,8,4,41,COGITATIO PRESS,LISBON,"RUA FIALHO ALMEIDA 14, 2 ESQ, LISBON, 1070-129, PORTUGAL",2183-2439,,,MEDIA COMMUN-LISBON,Media Commun.,,2023,11,1,,,,,197,211,,10.17645/mac.v11i1.5960,http://dx.doi.org/10.17645/mac.v11i1.5960,,,15,Communication,Social Science Citation Index (SSCI),Communication,N3BK0,,"Green Submitted, gold",,,2026-01-27,WOS:001035805800011,View Full Record in Web of Science
J,"Gibson, J; Olivia, S",,,,"Gibson, John; Olivia, Susan",,,Direct and Indirect Effects of Covid-19 On Life Expectancy and Poverty in Indonesia,BULLETIN OF INDONESIAN ECONOMIC STUDIES,,,English,Article,,,,,,Covid-19; Indonesia; life expectancy; poverty; mobility,,"The spread and threat of Covid-19 have resulted in unprecedented economic and public health responses in Indonesia and elsewhere. We analyse the direct and indirect effects of Covid-19 on life expectancy and poverty in Indonesia, and the responses to the virus. We view life expectancy and poverty as indicators of quantity and quality of life. Our analysis shows that the indirect effects on life expectancy, which operate through lower future income, exceed the direct effects of Covid-19-related deaths by at least five orders of magnitude. The reduction in long-run real income due to the Covid-19 shock may reduce life expectancy by up to 1.7 years, compared with what could otherwise be expected. In contrast, even if the Covid-19 death toll to date were 40 times worse, life expectancy would fall by just two days. Given this imbalance between direct and indirect effects, any interventions to reduce the risk of Covid-19 must be finely targeted and must consider indirect effects. Our analysis of the geographic pattern of poverty effects, which is based on near real-time mobility data, discusses how targeted interventions that are less fiscally costly could be developed. Such interventions should pose less of a threat to future growth and may help to reduce the indirect effects of the Covid-19 shock.","[Gibson, John; Olivia, Susan] Univ Waikato, Hamilton, New Zealand",University of Waikato,"Gibson, J (corresponding author), Univ Waikato, Hamilton, New Zealand.",jkgibson@waikato.ac.nz,,"Olivia, Susan/0000-0002-4124-8104",,,,,40,16,25,0,11,"ROUTLEDGE JOURNALS, TAYLOR & FRANCIS LTD",ABINGDON,"2-4 PARK SQUARE, MILTON PARK, ABINGDON OX14 4RN, OXON, ENGLAND",0007-4918,1472-7234,,B INDONES ECON STUD,Bull. Indones. Econ. Stud.,SEP 1,2020,56,3,,,,,325,344,,10.1080/00074918.2020.1847244,http://dx.doi.org/10.1080/00074918.2020.1847244,,,20,Area Studies; Economics,Social Science Citation Index (SSCI),Area Studies; Business & Economics,PA2BE,,,,,2026-01-27,WOS:000595436900003,View Full Record in Web of Science
J,"Dang, A; Das, M; Gupta, I",,,,"Dang, Archana; Das, Mausumi; Gupta, Indrani",,,COVID-19 and the Unequal Distribution of Poverty Risks: Evidence From Urban India,REVIEW OF DEVELOPMENT ECONOMICS,,,English,Article,,,,,,caste; COVID; India; poverty; poverty transition; vulnerability,DYNAMICS,"This paper investigates poverty transitions and household predictors associated with different states of poverty transitions in India during the pandemic's first year (2020). Following the unexpected shock brought on by COVID, economic activity slowed down, presumably pushing many households into poverty. For poverty alleviation programs, it is important to identify households that fell into poverty during COVID and remained in poverty subsequently. Our analysis finds that about 19% of individuals in urban areas who were not poor in the pre-COVID period (2019) qualified as poor in the COVID period. Estimating a multinomial logit model for urban households, our analysis finds that vulnerable castes relative to upper castes had a higher probability of falling into poverty and remaining there. Moreover, households at the lower end of the expenditure distribution and those with household members with lower levels of education were more prone to falling back into poverty and more likely to remain in poverty. These findings suggest that those who were most vulnerable sustainably suffered the most; as a result, the pandemic worsened socioeconomic gaps that already existed across households.","[Dang, Archana; Gupta, Indrani] Inst Econ Growth, Hlth Policy Res Unit, New Delhi, India; [Das, Mausumi] Shiv Nadar Inst Eminence, Dept Econ, Delhi, India; [Das, Mausumi] Delhi Sch Econ, Dept Econ, New Delhi, India",Delhi School of Economics,"Dang, A (corresponding author), Inst Econ Growth, Hlth Policy Res Unit, New Delhi, India.",archana.dang@iegindia.org,,,,,,,27,0,0,1,2,WILEY,HOBOKEN,"111 RIVER ST, HOBOKEN 07030-5774, NJ USA",1363-6669,1467-9361,,REV DEV ECON,Rev. Dev. Econ.,FEB,2026,30,1,,,,,125,139,,10.1111/rode.13268,http://dx.doi.org/10.1111/rode.13268,,JUN 2025,15,Development Studies; Economics,Social Science Citation Index (SSCI),Development Studies; Business & Economics,CA6FF,,,,,2026-01-27,WOS:001505178300001,View Full Record in Web of Science
J,"Bilgiç, ME; Stoeffler, Q",,,,"Bilgic, M. Emre; Stoeffler, Quentin",,,"Growth, Crises, and COVID-19: Tracking Poverty Changes in Turkey From 2003 to 2021",REVIEW OF DEVELOPMENT ECONOMICS,,,English,Article,,,,,,COVID-19; crises; poverty; poverty trends; Turkey,MULTIDIMENSIONAL POVERTY; INEQUALITY; DOMINANCE; TRENDS; CHINA,"Turkey has experienced periods of high growth as well as important economic, political, and health crises over the last two decades. Based on two nationally representative surveys conducted yearly between 2003 and 2021, this study tracks changes in poverty indices and in the factors associated with poverty during this period. The results show a rapid decrease in poverty at the beginning of the period, followed by a slower reduction in poverty between 2008 and 2016. Poverty rates remained stable between 2016 and 2020. However, poverty decreased again in 2021 during the COVID-19 pandemic, contrary to what happened in most countries. These results are robust to alternative choices in terms of poverty lines and measurement methods, although they may be affected by inflation measurement after 2020. While poverty remained higher in some parts of Anatolia throughout the period, some regions with initially high poverty rates (e.g., West Black Sea) showed a rapid decrease in poverty. Household size, education, and farming were important predictors of poverty in 2005, but their importance decreased as explanatory factors over the period. Overall, the results suggest that the important poverty reduction that occurred in the 2000s in Turkey slowed down in recent years, but that interventions aimed at mitigating the economic effects of the Covid-19 pandemic may have mitigated its impacts on poverty outcomes.","[Bilgic, M. Emre] Istanbul Tech Univ, Dept Econ, Istanbul, Turkiye; [Stoeffler, Quentin] Univ Bordeaux, Bordeaux Sch Econ, Bordeaux, France",Istanbul Technical University; Universite de Bordeaux,"Bilgiç, ME (corresponding author), Istanbul Tech Univ, Dept Econ, Istanbul, Turkiye.",emrebilgic@gmail.com,"Stoeffler, Quentin/ABI-8282-2020",,IdEx university de Bordeaux/GPR HOPE,IdEx university de Bordeaux/GPR HOPE,This work was supported by IdEx university de Bordeaux/GPR HOPE.,,43,1,1,2,3,WILEY,HOBOKEN,"111 RIVER ST, HOBOKEN 07030-5774, NJ USA",1363-6669,1467-9361,,REV DEV ECON,Rev. Dev. Econ.,NOV,2025,29,4,,,SI,,2076,2093,,10.1111/rode.13196,http://dx.doi.org/10.1111/rode.13196,,FEB 2025,18,Development Studies; Economics,Social Science Citation Index (SSCI),Development Studies; Business & Economics,9BW9N,,Bronze,,,2026-01-27,WOS:001430399200001,View Full Record in Web of Science
J,"Li, JY",,,,Li Jinyang,,,China's role in overcoming poverty and socio-economic development in Africa during the COVID-19 pandemic,VOPROSY ISTORII,,,Russian,Article,,,,,,COVID-19; epidemic; Africa; China; Sino-African cooperation,,"Since the beginning of 2020, the COVID-19 epidemic has spread to more than 200 countries around the world and has had a huge impact on the global economic and political order. Compared to other regions, the African continent, as a backward region in the world, faced an even more difficult situation under the influence of the epidemic. The article analyzes the economic, political, and medical challenges faced by the countries of the African continent under the influence of the COVID-19 epidemic; examines the support that China can provide to Africa in the fog of the epidemic.","[Li Jinyang] Peoples Friendship Univ Russia, Moscow, Russia",Peoples Friendship University of Russia,"Li, JY (corresponding author), Peoples Friendship Univ Russia, Moscow, Russia.",ljy950517@gmail.com,"li, Jinyang/GWM-3999-2022",,,,,,5,0,0,0,0,VOPROSY ISTORII,MOSCOW,"VOPROSY ISTORII, MOSCOW, 00000, RUSSIA",0042-8779,1938-2561,,VOP ISTORII,Vopr. Istor.,,2022,5,1,,,,,248,255,,10.31166/VoprosyIstorii202205Statyi14,http://dx.doi.org/10.31166/VoprosyIstorii202205Statyi14,,,8,History,Arts & Humanities Citation Index (A&HCI),History,1S4SV,,,,,2026-01-27,WOS:000804042800022,View Full Record in Web of Science
J,"Nemati, S; Saeedi, E; Abdi, S; Qandian, A; Kalhor, E; Moradi, S; Joshang, N; Eftekharzadeh, A; Khanghahi, MH; Fattahi, P; Rajabpour, MV; Najari, HR",,,,"Nemati, Saeed; Saeedi, Elnaz; Abdi, Sepideh; Qandian, Ali; Kalhor, Esmaeil; Moradi, Samin; Joshang, Narges; Eftekharzadeh, Anita; Khanghahi, Masoud Hatamzadeh; Fattahi, Pedram; Rajabpour, Mojtaba Vand; Najari, Hamid Reza",,,Decomposition of socioeconomic inequality in COVID-19 mortality in Iran: A retrospective cohort study,HEALTH & SOCIAL CARE IN THE COMMUNITY,,,English,Article,,,,,,blinder-oaxaca decomposition; COVID-19; healthcare disparity; SARS-COV-2; socioeconomic factors,,"This study aimed to investigate the relationship between socioeconomic status and COVID-19 mortality in Iran. We performed a retrospective cohort study on data from the hospitalised COVID-19 patients in Qazvin. We collected data on education, self-reported socioeconomic status, and location of residence as a proxy for socioeconomic status (SES). We applied the Blinder-Oaxaca decomposition approach to assess the role of socioeconomic inequality in COVID-19 mortality and determine the main contributors to the observed inequality. Overall, 941 patients (48.96%) had low SES, while only 24.87% (n = 478) were classified in the high SES category. The mortality rate was significantly higher in the low SES group, and we spotted a 17.13% gap in COVID-19 mortality between the high and low SES patients (p < 0.001). Age was the main contributor to the observed inequality, responsible for 6.91% of the gap (p < 0.001). Having co-morbidities (1.53%) and longer length of stay (LOS) in hospitals (0.95%) in the low SES group were other main determinants of the inequality in COVID-19 mortality (p < 0.05). In the unexplained part of our model, the effect of increased age (10.61%) and a positive RT-PCR test result (3.43%) were more substantial in the low SES group compared to the high SES patients (p < 0.05). The low SES people had an increased risk of getting COVID-19, and the disease has been more severe and fatal among them. Increased age, co-morbidities, and LOS were identified as the main drivers of this inequality.","[Nemati, Saeed; Abdi, Sepideh; Khanghahi, Masoud Hatamzadeh; Rajabpour, Mojtaba Vand] Univ Tehran Med Sci, Canc Res Ctr, Canc Res Inst, Tehran, Iran; [Saeedi, Elnaz] Univ Leicester, Hlth Sci Dept, Biostat Grp, Leicester, Leics, England; [Qandian, Ali; Moradi, Samin; Joshang, Narges] Qazvin Univ Med Sci, Deputy Hlth, Communicable Dis Off, Qazvin, Iran; [Kalhor, Esmaeil] Qazvin Univ Med Sci, Shahid Bolandian Hlth Ctr, Qazvin, Iran; [Eftekharzadeh, Anita] Shahid Beheshti Univ Med Sci, Obes Res Ctr, Res Inst Endocrine Sci, Tehran, Iran; [Fattahi, Pedram] Qazvin Univ Med Sci, Student Res Ctr, Qazvin, Iran; [Najari, Hamid Reza] Qazvin Univ Med Sci, Sch Med, Dept Internal Med, Qazvin, Iran",Tehran University of Medical Sciences; University of Leicester; Qazvin University of Medical Sciences (QUMS); Qazvin University of Medical Sciences (QUMS); Shahid Beheshti University Medical Sciences; Qazvin University of Medical Sciences (QUMS); Qazvin University of Medical Sciences (QUMS),"Najari, HR (corresponding author), Qazvin Univ Med Sci, Sch Med, Dept Internal Med, Qazvin, Iran.",hnajariqums@gmail.com,"Rajabpour, Mojtaba/PBU-5376-2025; Eftekharzadeh, Anita/H-5467-2016",,,,,,22,6,6,1,4,WILEY,HOBOKEN,"111 RIVER ST, HOBOKEN 07030-5774, NJ USA",0966-0410,1365-2524,,HEALTH SOC CARE COMM,Health Soc. Care Community,SEP,2022,30,5,,,,,E1959,E1965,,10.1111/hsc.13627,http://dx.doi.org/10.1111/hsc.13627,,NOV 2021,7,"Public, Environmental & Occupational Health; Social Work",Social Science Citation Index (SSCI),"Public, Environmental & Occupational Health; Social Work",3R1PK,34738684,Green Submitted,,,2026-01-27,WOS:000714611000001,View Full Record in Web of Science
J,"Tavares, FF; Betti, G",,,,"Tavares, Fernando Flores; Betti, Gianni",,,"The pandemic of poverty, vulnerability, and COVID-19: Evidence from a fuzzy multidimensional analysis of deprivations in Brazil",WORLD DEVELOPMENT,,,English,Article,,,,,,COVID-19; Multidimensional Poverty; Fuzzy-set approach; Alkire-Foster (AF) method; Latin America; Brazil,ETHNICITY; HEALTH,"This paper aims to show how much and in which way people in Brazil are deprived in terms of indicators directly related to the capacity to prevent and recover from infection with COVID-19. We use the Alkire-Foster (AF) method and a fuzzy-set approach as complements to measure multidimensional poverty within the context of the coronavirus pandemic. We propose two pandemic-specific indexes to account for the vulnerability related to the capacity to prevent infection with and to recover from the disease. The outcomes reveal structural deprivations in the country and considerable inequality among regions and ethnic groups. Rank correlation analyses suggest that the proposed indexes can trace the trends in increasing infection and a higher mortality rate in vulnerable regions. Compared to headcount ratio results, the fuzzy measures have more precise outcomes and are better able to capture the evolution in mortality patterns. Our empirical evidence offers an additional warning that the pandemic responses need to prioritize the most vulnerable groups and reinforces the need for coordinated national action. (c) 2020 Elsevier Ltd. All rights reserved.","[Tavares, Fernando Flores; Betti, Gianni] Univ Siena, Dept Econ & Stat, Siena, Italy",University of Siena,"Tavares, FF (corresponding author), Univ Siena, Piazza San Francesco 7, Siena, Italy.",fernandoflorestavares@gmail.com; gianni.betti@unisi.it,"Flores Tavares, Fernando/AAP-5974-2021; Betti, Gianni/J-4836-2019","Flores Tavares, Fernando/0000-0002-9853-2106; Betti, Gianni/0000-0002-0414-7806",,,,,45,81,104,3,52,PERGAMON-ELSEVIER SCIENCE LTD,OXFORD,"THE BOULEVARD, LANGFORD LANE, KIDLINGTON, OXFORD OX5 1GB, ENGLAND",0305-750X,1873-5991,,WORLD DEV,World Dev.,MAR,2021,139,,,,,,,,105307,10.1016/j.worlddev.2020.105307,http://dx.doi.org/10.1016/j.worlddev.2020.105307,,,12,Development Studies; Economics,Social Science Citation Index (SSCI),Development Studies; Business & Economics,RS4DQ,,,,,2026-01-27,WOS:000643731700007,View Full Record in Web of Science
J,"Foli, RK; Ohemeng, FLK",,,,"Foli, Rosina K.; Ohemeng, Frank L. K.",,,"Provide our basic needs or we go out: the COVID-19 pandemic lockdown, inequality, and social policy in Ghana",POLICY AND SOCIETY,,,English,Article,,,,,,COVID-19; ghana; historical institutionalism; inequality; lockdown; social Policy,IDEAS; POLITICS; INSTITUTIONALISM; WELFARE,"The effects of the coronavirus disease (COVID-19) pandemic cuts across every facet of a nation's life. The near collapse of economies with the attendant job losses has brought forth the need for effective social policies, particularly in developing countries, that can serve citizens in dire need. Consequently, many of these countries have had to craft emergency social policies to help their citizens. Ghana is no exception. While measures to control the spread of the pandemic, such as lockdowns and restrictions on movement and gathering, were timely, they negatively impacted the poor, most of whom work in the informal sector and depend on daily survival activities such as buying and selling basic goods. As a result, some of the measures were ignored as people feared they would die from hunger rather than from the pandemic. Thus, governmental response to the pandemic was highlighted by policy layering and exposed the fragile social support systems in existence. The challenges of responding adequately to the pandemic underscore the importance of a transformative social welfare regime in ensuring the protection of citizens. This paper, based on desk research, explores the limitations of the existing social policy framework, which became manifest during the implementation of Ghana's pandemic policies. Policy layering by government continues to weaken Ghana's social welfare system, and this affected the official response with respect to the social issues that have emerged due to the pandemic.","[Foli, Rosina K.] Univ Ghana, Polit Sci Dept, Accra, Ghana; [Ohemeng, Frank L. K.] Concordia Univ, Dept Polit Sci, 1455 Maisonneuve Blvd, Montreal, PQ H3G 1M8, Canada",University of Ghana; Concordia University - Canada,"Ohemeng, FLK (corresponding author), Concordia Univ, Dept Polit Sci, 1455 Maisonneuve Blvd, Montreal, PQ H3G 1M8, Canada.",frank.ohemeng@concordia.ca,"; Foli, Rosina/AAZ-8315-2021","Ohemeng, Frank/0000-0003-0386-486X; Foli, Rosina/0000-0001-7739-240X",,,,,78,19,23,1,14,OXFORD UNIV PRESS,OXFORD,"GREAT CLARENDON ST, OXFORD OX2 6DP, ENGLAND",1449-4035,1839-3373,,POLICY SOC,Policy Soc.,JUN 17,2022,41,2,,,SI,,217,230,,10.1093/polsoc/puac008,http://dx.doi.org/10.1093/polsoc/puac008,,MAR 2022,14,Political Science; Public Administration,Social Science Citation Index (SSCI),Government & Law; Public Administration,2E7AO,,gold,,,2026-01-27,WOS:000770710200001,View Full Record in Web of Science
J,"Nazareno, L; Galvao, JD",,,,"Nazareno, Luisa; Galvao, Juliana de Castro",,,"The Impact of Conditional Cash Transfers on Poverty, Inequality, and Employment During COVID-19: A Case Study from Brazil",POPULATION RESEARCH AND POLICY REVIEW,,,English,Article,,,,,,Policy evaluation; Inequality; Poverty; COVID-19; Conditional cash transfer; Emergency aid,RACE,"The policy responses to the COVID-19 pandemic varied widely between countries. Understanding how effective these responses were is important to improve preparedness for future crises. This paper investigates how one of largest scale conditional cash transfer COVID relief policies in the world-the Brazilian Emergency Aid (EA)-impacted poverty, inequality, and the labor market amidst the public health crisis. We use fixed-effects estimators to analyze the impact of the EA on labor force participation, unemployment, poverty, and income at the household level. We find that inequality, measured by per capita household income, reduced to a historical low and was accompanied by substantial poverty declines-even as compared to pre-pandemic levels. Furthermore, our results suggest that the policy has effectively targeted those in most need-temporarily reducing historical racial inequalities-while not incentivizing reductions in labor force participation. Absent the policy, adverse shocks would have been significant and are likely to occur once the transfer is interrupted. We also observe that the policy was not enough to curb the spread of the virus, suggesting that cash transfers alone are insufficient to protect citizens.","[Nazareno, Luisa] Georgia State Univ, Andrew Young Sch Policy Studies, Atlanta, GA 30302 USA; [Galvao, Juliana de Castro] CUNY, Grad Ctr, New York, NY USA",University System of Georgia; Georgia State University; City University of New York (CUNY) System,"Nazareno, L (corresponding author), Georgia State Univ, Andrew Young Sch Policy Studies, Atlanta, GA 30302 USA.",lnazareno@gsu.edu; jdecastrogalvao@gradcenter.cuny.edu,"Nazareno, Luisa/GVT-6627-2022","Nazareno, Luisa/0000-0001-9798-7558",,,,,53,7,10,1,11,SPRINGER,DORDRECHT,"VAN GODEWIJCKSTRAAT 30, 3311 GZ DORDRECHT, NETHERLANDS",0167-5923,1573-7829,,POPUL RES POLICY REV,Popul. Res. Policy Rev.,APR,2023,42,2,,,,,,,22,10.1007/s11113-023-09749-3,http://dx.doi.org/10.1007/s11113-023-09749-3,,,30,Demography,Social Science Citation Index (SSCI),Demography,9N3PM,36880047,"Green Submitted, Bronze",,,2026-01-27,WOS:000942827700005,View Full Record in Web of Science
J,"Shen, Y; Sun, A; Zhou, ZK; Jia, D",,,,"Shen, Yan; Sun, Ang; Zhou, Zikun; Jia, Dun",,,Digital finance and wealth inequality: Evidence from a big tech platform in China during the COVID-19 pandemic,PACIFIC-BASIN FINANCE JOURNAL,,,English,Article,,,,,,Fintech; Inequality; Chinese capital markets,,"Inequality is a longstanding concern, yet how the rapid advancement of financial technology could possibly reshape inequality in the financial market remains unclear. This study analyzes wealth inequality dynamics among Chinese households during the COVID-19 pandemic, using random sample data collected from a quarterly online survey on a big tech platform. Our findings reveal that families with middle-level wealth incurred substantial losses, whereas wealthier families experienced relatively minor reductions in wealth and were able to recover from the situation swiftly. Despite this, our study indicates that digital wealth management, as channeled via major Chinese digital platforms, mitigated the rising wealth inequality triggered by the pandemic. This is presumably because digital finance improves accessibility to assets with lower risks for middle-level wealth groups. Our study has strong policy implications, namely that regulations on digital financial platforms should not underestimate the beneficial impact of digital finance on inequality reduction when balancing innovation and financial stability.","[Shen, Yan; Jia, Dun] Peking Univ, HSBC Business Sch, Beijing, Peoples R China; [Sun, Ang] Renmin Univ China, Sch Finance, Beijing, Peoples R China; [Sun, Ang] Renmin Univ China, China Financial Policy Res Ctr, Beijing, Peoples R China; [Zhou, Zikun] Peking Univ, Natl Sch Dev, Beijing, Peoples R China",Peking University Shenzhen Graduate School (PKU Shenzhen); Peking University; Renmin University of China; Renmin University of China; Peking University,"Sun, A (corresponding author), Renmin Univ China, Sch Finance, Beijing, Peoples R China.;Sun, A (corresponding author), Renmin Univ China, China Financial Policy Res Ctr, Beijing, Peoples R China.",ang.sun@gmail.com,,,"Digital Economy Open Research Platform; National Natural Science Foundation Emergency Management Special Project of China [72241421]; National Natural Science Foundation [72003191, 72273005, 72373157]; Fundamental Research Funds for the Central Universities; Research Funds of Renmin University of China [22XNA003]; Renmin University of China [KYGJC2022006]",Digital Economy Open Research Platform; National Natural Science Foundation Emergency Management Special Project of China; National Natural Science Foundation(National Natural Science Foundation of China (NSFC)); Fundamental Research Funds for the Central Universities(Fundamental Research Funds for the Central UniversitiesNorth China Electric Power University); Research Funds of Renmin University of China; Renmin University of China,"The authors acknowledge and appreciate the supports from the Digital Economy Open Research Platform ( www.deor.org.cn) . Shen acknowledges National Natural Science Foundation Emergency Management Special Project of China (No.72241421) , and National Natural Science Foundation (No. 72273005) . Sun acknowledges financing from National Natural Science Foundation (No. 72373157) , Fundamental Research Funds for the Central Universities, and the Research Funds of Renmin University of China (No.22XNA003) and fund for building world-class universities (disciplines) of Renmin University of China (No. KYGJC2022006) . Jia acknowledges financing from National Natural Science Foundation (No. 72003191) .",,25,7,8,11,37,ELSEVIER,AMSTERDAM,"RADARWEG 29, 1043 NX AMSTERDAM, NETHERLANDS",0927-538X,1879-0585,,PAC-BASIN FINANC J,Pac.-Basin Financ. J.,FEB,2024,83,,,,,,,,102226,10.1016/j.pacfin.2023.102226,http://dx.doi.org/10.1016/j.pacfin.2023.102226,,DEC 2023,20,"Business, Finance",Social Science Citation Index (SSCI),Business & Economics,EN7H1,,,,,2026-01-27,WOS:001139665100001,View Full Record in Web of Science
J,"Awuni, ET; Malerba, D; Never, B",,,,"Awuni, Evans Tindana; Malerba, Daniele; Never, Babette",,,"Understanding Vulnerability to Poverty, COVID-19's Effects, and Implications for Social Protection: Insights from Ghana",PROGRESS IN DEVELOPMENT STUDIES,,,English,Article,,,,,,COVID-19; Ghana; poverty; social protection; vulnerability,HOUSEHOLDS VULNERABILITY; MIDDLE-CLASS; PROGRAMS; DYNAMICS; POOR; WORK,"The Coronavirus pandemic has created new vulnerabilities and deepened existing ones. In Ghana, the overall headcount poverty decline has disguised a large group of vulnerable households now threatened with falling back into poverty given the effects of the COVID-19 pandemic. This article draws on new household panel data to analyse transient poverty, the drivers of vulnerability before and since the COVID-19 pandemic and provides implications for social protection. Using poverty transition matrices, we first measure poverty episodes which help to not only track the movements in and out of poverty but also to identify and categorize households into distinctive groups. We then apply logistic regression to examine the determinants of vulnerability to poverty before evaluating COVID-19 vulnerabilities in the context of social protection in Ghana. We find that a large group of struggling households exist between the poor and the stable middle classes that have been overlooked by cash transfer programmes. We characterize this group and show that current vulnerability measurements and social protection design need adjustments. We also find that poverty and vulnerability to it is no longer a rural phenomenon as the transient poor since the COVID-19 pandemic are mostly located in urban areas and largely not covered by current social protection systems. Both vertical and horizontal expansion of social policy is required to reach these new groups and new locations. For reducing poverty and limiting vulnerability in developing country contexts, our findings imply that (a) new measurements and targeting may be required, (b) vulnerable informal groups in urban areas need to be included, and (c) new types of social protection for struggling households are required to prevent their falling back into poverty in the event of aggregate shocks.","[Awuni, Evans Tindana] Univ Erfurt, Willy Brandt Sch Publ Policy, Erfurt, Germany; [Malerba, Daniele; Never, Babette] German Inst Dev & Sustainabil IDOS, Bonn, Germany",University of Erfurt,"Awuni, ET (corresponding author), Univ Erfurt, Willy Brandt Sch Publ Policy, Erfurt, Germany.",awunievans22@yahoo.com,"Awuni, Evans Tindana/JXM-7383-2024","Awuni, Evans Tindana/0000-0001-7543-555X; Never, Babette/0000-0002-7108-2256",,,,,70,2,4,1,9,SAGE PUBLICATIONS INC,THOUSAND OAKS,"2455 TELLER RD, THOUSAND OAKS, CA 91320 USA",1464-9934,1477-027X,,PROG DEV STUD,Prog. Dev. Stud.,JUL,2023,23,3,,,,,246,274,,10.1177/14649934231162463,http://dx.doi.org/10.1177/14649934231162463,,JUN 2023,29,Development Studies,Social Science Citation Index (SSCI),Development Studies,O0YS5,,Green Submitted,,,2026-01-27,WOS:001010372200001,View Full Record in Web of Science
J,"Zamir, S; Wang, ZC",,,,"Zamir, Samina; Wang, Zhencun",,,"Uncovering Covid-19, distance learning, and educational inequality in rural areas of Pakistan and China: a situational analysis method",HUMANITIES & SOCIAL SCIENCES COMMUNICATIONS,,,English,Article,,,,,,,,"Challenges to education in rural areas have been reported for a long time, and the respective governments are continuously making efforts to address them. However, the eruption of the Covid-19 pandemic resulted in the total closure of schools and a surge in internet and distance learning. Hence, there is a need to assess the situation periodically to gauge the effectiveness of government efforts in tackling these challenges and understand the impact of the virus outbreak on the education landscape. This study focuses on rural areas of Pakistan and China, utilizing the Situational Analysis Method (SAM). The study findings revealed several key points. Firstly, in both rural Pakistan and China, Covid-19 led to an increase in the number and scope of distance learning activities. However, there is a need for better experiences to effectively manage distance learning for students, parents, and teachers. Moreover, specific issues peculiar to rural China include shortages of relevant facilities such as computers, smartphones, and poor connectivity. In contrast, rural Pakistan faces challenges of unpreparedness and higher teacher workloads. Secondly, since internet connectivity is an essential component for distance learning, rural Pakistan shows higher internet penetration compared to rural areas in China. Nevertheless, internet connection speed in China remains higher and consistent, whether in urban or rural regions. However, both countries struggle with poor internet connection in rural areas due to the lack of enough potential customers. Thirdly, rural education in both countries is plagued by poverty, inadequate funding, and many students having to endure long and hazardous journeys to school. Specific issues in rural China include poor parental care due to migration and a shortage of teachers, while rural Pakistan grapples with limited educational opportunities for children and women, insufficient educational training for teachers, issues of social norms, and attacks on schools by extremist groups.","[Zamir, Samina; Wang, Zhencun] Henan Univ, Sch Foreign Languages, Kaifeng, Peoples R China; [Wang, Zhencun] Henan Univ, Sch Educ, Kaifeng, Peoples R China",Henan University; Henan University,"Wang, ZC (corresponding author), Henan Univ, Sch Foreign Languages, Kaifeng, Peoples R China.;Wang, ZC (corresponding author), Henan Univ, Sch Educ, Kaifeng, Peoples R China.",duncan7710@163.com,"Zamir, Samina/ODK-7566-2025","Zamir, Samina/0000-0002-3342-6214",,,,,80,8,10,1,12,SPRINGERNATURE,LONDON,"CAMPUS, 4 CRINAN ST, LONDON, N1 9XW, ENGLAND",,2662-9992,,HUM SOC SCI COMMUN,Hum. Soc. Sci. Commun.,OCT 11,2023,10,1,,,,,,,679,10.1057/s41599-023-02025-x,http://dx.doi.org/10.1057/s41599-023-02025-x,,,13,"Humanities, Multidisciplinary; Social Sciences, Interdisciplinary",Social Science Citation Index (SSCI); Arts & Humanities Citation Index (A&HCI),Arts & Humanities - Other Topics; Social Sciences - Other Topics,U3PY3,,"Green Submitted, gold",,,2026-01-27,WOS:001083962700007,View Full Record in Web of Science
J,"Li, X; Li, YD; Li, YK; Lopez, R",,,,"Li, Xun; Li, Yiduo; Li, Yuankun; Lopez, Rigoberto",,,"The Effect of COVID-19 on Poverty-Alleviated Households: Evidence from J City, China",ECONOMIC DEVELOPMENT AND CULTURAL CHANGE,,,English,Article,,,,,,,,"This paper estimates the causal effect of the COVID-19 pandemic on the per capita income of poverty-alleviated households (PAHs). Using administrative tracking panel data from a Chinese city, we leverage quasi-experimental variation in county-level pandemic deaths and policies. We find that the COVID-19 pandemic reduced the income of PAHs by nearly 14.78%. Additionally, each confirmed COVID-19 case was associated with a 2.02% reduction in income. Moreover, heterogeneity analysis reveals that the negative effect is more pronounced among households with less education and those that had recently overcome poverty. Finally, our findings highlight the effectiveness of China's industrial-assistance policies, which have significantly mitigated the negative effect of the COVID-19 pandemic on the income of PAHs.","[Li, Xun; Li, Yiduo] Wuhan Univ, Sch Econ & Management, Wuhan, Peoples R China; [Li, Yuankun] Tsinghua Univ, PBC Sch Finance, Beijing, Peoples R China; [Lopez, Rigoberto] Univ Connecticut, Storrs, CT USA",Wuhan University; Tsinghua University; University of Connecticut,"Li, YK (corresponding author), Tsinghua Univ, PBC Sch Finance, Beijing, Peoples R China.",liyk@pbcsf.tsinghua.edu.cn,,"Li, Yiduo/0000-0002-8585-2418",National Natural Science Foundation of China [72373115]; Social Science Digital Intelligence Innovation Research Project Team of Wuhan University; National Social Science Fund of China [24SGC062],National Natural Science Foundation of China(National Natural Science Foundation of China (NSFC)); Social Science Digital Intelligence Innovation Research Project Team of Wuhan University; National Social Science Fund of China,"This work was supported by the National Natural Science Foundation of China (no. 72373115), the Social Science Digital Intelligence Innovation Research Project Team of Wuhan University, and the National Social Science Fund of China (project no. 24SGC062).",,48,0,1,5,5,UNIV CHICAGO PRESS,CHICAGO,"1427 E 60TH ST, CHICAGO, IL 60637-2954 USA",0013-0079,1539-2988,,ECON DEV CULT CHANGE,Econ. Dev. Cult. Change,JUL 1,2025,73,4,,,,,2105,2130,,10.1086/734413,http://dx.doi.org/10.1086/734413,,JUL 2025,26,Area Studies; Development Studies; Economics,Social Science Citation Index (SSCI),Area Studies; Development Studies; Business & Economics,4RD2A,,,,,2026-01-27,WOS:001499401300001,View Full Record in Web of Science
J,"You, JL; Zhang, JH; Li, Z",,,,"You, Jialu; Zhang, Jinhua; Li, Ze",,,Consumption-Related Health Education Inequality in COVID-19: A Cross-Sectional Study in China,FRONTIERS IN PUBLIC HEALTH,,,English,Article,,,,,,health inequalites; machine learning regressors; health education; household consumption; income-expenditure theory,KNOWLEDGE; MODELS; EQUITY; CARE,"BackgroundThe COVID-19 pandemic influences various aspects of society, especially for people with low socioeconomic status. Health education has been proven to be a critical strategy in preventing a pandemic. However, socioeconomic characteristics may limit health education among low socioeconomic status groups. This study explores consumption-related health education inequality and the factors that contribute to this, which are variable across China during COVID-19. MethodsThe 2020 China COVID-19 Survey is a cross-sectional study in China, based on an anonymous online survey from 7,715 samples in 85 cities. It employed machine-learning methods to assess household consumption and other contributing variates associated with health education during the pandemic. Concentration Index (CI) and Horizontal Index (HI) were used to measure consumption-related inequalities in health education, respectively. Moreover, Wagstaff decomposition analysis was employed to identify other contributing variables to health education inequality. ResultsThe result indicates that participants with more education, better income, and positive consumption preferences undertake higher health education during COVID-19. The CI and HI of consumption-health education inequality are 0.0321 (P < 0.001) and 0.0416 (p < 0.001), respectively, which indicates that health education is concentrated in wealthy groups. We adapted Lasso regression to solve issues and omit variables. In terms of other socioeconomic characteristics, Annual Income was also a major contributor to health education inequalities, accounting for 27.1% (P < 0.001). The empirical results also suggests that education, health status, identification residence, and medical health insurance contribute to health education inequality. ConclusionsThe difference in Household consumption, annual income, rural and urban disparity, and private healthcare insurance are critical drivers of health education inequality. The government should pay more attention to promoting health education, and healthcare subside policy among vulnerable people. Significantly to improve awareness of undertaking health education with lower education, rural residential, to enhance confidence in economic recovery and life after COVID-19.",,,,lunayou@163.sufe.edu.cn; lee20160515@hotmail.com,,"YOU, JIALU/0000-0002-3132-4003",National Natural Science Foundation of China [71773068]; Shanghai University of Finance and Economics Postgraduate Innovation Fund [20210821],National Natural Science Foundation of China(National Natural Science Foundation of China (NSFC)); Shanghai University of Finance and Economics Postgraduate Innovation Fund,Funding This work was funded by National Natural Science Foundation of China (Grant No. 71773068) and Shanghai University of Finance and Economics Postgraduate Innovation Fund (Grant No. 20210821).,,48,2,3,4,24,FRONTIERS MEDIA SA,LAUSANNE,"AVENUE DU TRIBUNAL FEDERAL 34, LAUSANNE, CH-1015, SWITZERLAND",,2296-2565,,FRONT PUBLIC HEALTH,Front. Public Health,APR 25,2022,10,,,,,,,,810488,10.3389/fpubh.2022.810488,http://dx.doi.org/10.3389/fpubh.2022.810488,,,11,"Public, Environmental & Occupational Health",Science Citation Index Expanded (SCI-EXPANDED); Social Science Citation Index (SSCI),"Public, Environmental & Occupational Health",1V1UJ,35548092,"Green Submitted, gold",,,2026-01-27,WOS:000805883200001,View Full Record in Web of Science
J,"Wu, XF; Sun, ZW; Cheng, JL",,,,"Wu, Xiaofang; Sun, Zhongwei; Cheng, Jiali",,,Who suffers from COVID-19 shock? Labour market risk and wage inequality in China,ASIA PACIFIC JOURNAL OF SOCIAL WORK AND DEVELOPMENT,,,English,Article,,,,,,COVID-19 recession; wage drop; risk distribution; labour market status; occupation,,"Through an online survey from 2020, this study aims to investigate how labour market status and occupational factors shape the risk of wage drops resultant of the COVID-19 outbreak. Quantitative evidence shows the risk is amplified for lower-educated labourers working in administrative positions, and affiliated to the traditional service sector and foreign invested enterprises (FIE) and they are more likely to experience earning reduction. COVID-19 in China witnesses a significantly downward trend of labours` wage and general wage inequality has slightly eased. This study calls for policy shift in direct financial subsidies to workers to mitigate labours' risk.","[Wu, Xiaofang; Sun, Zhongwei; Cheng, Jiali] South China Normal Univ, Dept Polit & Publ Adm, Guangzhou, Guangdong, Peoples R China",South China Normal University,"Sun, ZW (corresponding author), South China Normal Univ, Dept Polit & Publ Adm, Guangzhou, Guangdong, Peoples R China.",sunzhwei@m.scnu.edu.cn,"sun, zhongwei/MVW-4868-2025; WU, Xiaofang/GPT-1654-2022","sun, zhongwei/0000-0003-1850-1009",Guangdong Planning Office of Philosophy and Social Science [GD19YSH04]; National Social Science Fund of China [22BSH165],Guangdong Planning Office of Philosophy and Social Science; National Social Science Fund of China,The article was funded by Guangdong Planning Office of Philosophy and Social Science (GD19YSH04) National Social Science Fund of China (22BSH165).,,37,1,1,3,18,"ROUTLEDGE JOURNALS, TAYLOR & FRANCIS LTD",ABINGDON,"2-4 PARK SQUARE, MILTON PARK, ABINGDON OX14 4RN, OXON, ENGLAND",0218-5385,2165-0993,,ASIA PAC J SOC WORK,Asia Pac. J. Soc. Work Dev.,JUL 3,2022,32,3,,,SI,,170,183,,10.1080/02185385.2022.2131616,http://dx.doi.org/10.1080/02185385.2022.2131616,,OCT 2022,14,Social Work,Social Science Citation Index (SSCI),Social Work,7L2RR,,,,,2026-01-27,WOS:000869503400001,View Full Record in Web of Science
J,"Dantas, MNP; Silva, MDD; Barbosa, IR",,,,"Paiva Dantas, Marianny Nayara; dos Santos Silva, Merces de Fatima; Barbosa, Isabelle Ribeiro",,,Reflections on the COVID-19 mortality among the Black population and racial inequality in Brazil,SAUDE E SOCIEDADE,,,English,Article,,,,,,COVID-19; Social Inequity; Racism; Health Services Accessibility,,"This literature critical analysis reflects on the social, political, and historical background responsible for racial discrepancies in hospital mortality by COVID-19 among the Brazilian population. During the pandemic, the COVID-19 mortality among the Black population gained notoriety. Rather than an isolated fact, this finding has historical roots dating back to Brazil???s foundation and draws on structural racism, which reveals degrading living and health conditions experienced by the Black population before the pandemic. This situation of vulnerability affecting the Black population is a recurring scenario that is treated with the neglect inherent to structural racism. COVID-19 mortality portrays one way in which racism impacts and reproduces itself in the life and death of Black people.","[Paiva Dantas, Marianny Nayara] Univ Fed Rio Grande do Norte, Ctr Ciencias Saude, Programa Saude Colet, Natal, RN, Brazil; [dos Santos Silva, Merces de Fatima; Barbosa, Isabelle Ribeiro] Univ Fed Rio Grande do Norte, Fac Ciencias Saude Trairi, Santa Cruz, RN, Brazil",Universidade Federal do Rio Grande do Norte; Universidade Federal do Rio Grande do Norte,"Dantas, MNP (corresponding author), Rua Ferro Cardoso 148, BR-59012140 Natal, RN, Brazil.",mariannynayara@hotmail.com; merces.santos30@gmail.com; isabelleribeiro68@gmail.com,,"Silva, Mercês/0000-0002-8124-6832; Paiva Dantas, Marianny Nayara/0000-0002-8891-0003; BARBOSA, ISABELLE RIBEIRO/0000-0002-1385-2849",,,,,38,3,3,0,2,"UNIV SAO PAULO, FAC SAUDE PUBLICA",SAO PAULO,"AV DR ARNALDO 715, PREDIO DA BIBLIOTECA 2 ANDAR SALA 2, SAO PAULO, SP 01246 904, BRAZIL",0104-1290,1984-0470,,SAUDE SOC-SAO PAULO,Saude Soc.,,2022,31,3,,,,,,,e200667,10.1590/S0104-12902022200667en,http://dx.doi.org/10.1590/S0104-12902022200667en,,,13,"Public, Environmental & Occupational Health",Social Science Citation Index (SSCI),"Public, Environmental & Occupational Health",6P7QY,,gold,,,2026-01-27,WOS:000891122500001,View Full Record in Web of Science
J,"Yasami, M; Zhu, HR; Dewan, M",,,,"Yasami, Mehri; Zhu, Hongrui; Dewan, Mayukh",,,"Poverty, Psychological Distress, and Suicidality Among Gay Men and Transgender Women Sex Workers During the Covid-19 Pandemic in Phuket, Thailand",SEXUALITY RESEARCH AND SOCIAL POLICY,,,English,Article,,,,,,Gay men; Poverty; Psychological distress; Sex workers; Suicidal ideation; Transgender women; Travel restrictions,MINORITY STRESS; HEALTH-SERVICES; PLS-SEM; DEPRESSION; RISK; PREVALENCE; IDEATION; ANXIETY; HIV; DISORDERS,"IntroductionThai gay men and transgender women (GM&TGW) sex workers are more likely to suffer from economic harm since the sex tourism industry in Thailand has been hit hard by the Covid-19 pandemic. They also are more likely to experience poverty and mental health issues subsequent to the pandemic as minority groups in conservative Thai society. While their highly problematic social and economic situation would predict a wide range of psychological issues, little is known about their mental health. Hence, this study examined the prevalence and symptom severity of psychological distress among the group as well as the associations between suicidal ideation, poverty, and psychological distress.MethodsTwo hundred seventy questionnaire responses were collected online via Google forms in Phuket in 2021. Data analysis was conducted using SPSS and Smart-PLS.ResultsBased on the results, most respondents had experienced mild to extremely severe symptoms of psychological distress. However, transgender women sex workers scored higher on depression and anxiety compared to gay men sex workers. This study confirmed the prominent associations between the study variables and the mediation effect of psychological distress.ConclusionsPoverty resulting from the pandemic imposes a substantial human cost for this vulnerable minority beyond the virus itself as it amplifies mental health problems.Policy ImplicationsThe findings further extend our awareness of the discriminatory treatment of Thai GM&TGW sex workers and address a gap in Thai law and policy for prohibiting discrimination against them. It is of urgent necessity for Thai public health and tourism policymakers to establish sound support interventions.","[Yasami, Mehri] Prince Songkla Univ, Fac Hosp & Tourism, Phuket Campus 80,Moo 1 Vichitsongkram Rd, Phuket 83120, Thailand; [Zhu, Hongrui] Srinakharinwirot Univ, Int Coll Sustainabil Studies, Bangkok, Thailand; [Dewan, Mayukh] Taylors Univ, Fac Social Sci & Leisure Management, Lakeside Campus, Subang Jaya, Selangor, Malaysia",Prince of Songkla University; Srinakharinwirot University; Taylor's University,"Yasami, M (corresponding author), Prince Songkla Univ, Fac Hosp & Tourism, Phuket Campus 80,Moo 1 Vichitsongkram Rd, Phuket 83120, Thailand.",mehri.y@phuket.psu.ac.th,"; Dewan, Mayukh/AAA-4686-2020","Zhu, Hongrui/0000-0001-8052-3888;",,,,,127,10,11,5,10,SPRINGER,NEW YORK,"ONE NEW YORK PLAZA, SUITE 4600, NEW YORK, NY, UNITED STATES",1868-9884,1553-6610,,SEX RES SOC POLICY,Sex. Res. Soc. Policy,SEP,2023,20,3,,,,,1203,1219,,10.1007/s13178-023-00793-4,http://dx.doi.org/10.1007/s13178-023-00793-4,,FEB 2023,17,"Social Sciences, Interdisciplinary",Social Science Citation Index (SSCI),Social Sciences - Other Topics,N7XT6,36747919,"Green Submitted, Bronze",,,2026-01-27,WOS:000924473800001,View Full Record in Web of Science
J,"Li, N; Xu, C; Ma, GM; Yu, M; Wang, H; Liu, XT",,,,"Li, Na; Xu, Can; Ma, Gaoming; Yu, Min; Wang, Hao; Liu, Xiaoting",,,Trends and Causes of Educational Inequality in Health-Related Quality of Life in China During the COVID-19 Pandemic,APPLIED RESEARCH IN QUALITY OF LIFE,,,English,Article,,,,,,Educational Inequality; Health-related Quality of life; Wagstaff Concentration Index; Recentered Influence Function,EQUITY; CARE,"Since the 1980s, there has been a steady increase in the inequality of health-related quality of life in China. However, there has been no reliable evaluation of recent trends, especially during the COVID-19 pandemic. To bridge the knowledge gap, we analyzed current trends in educational inequality in health-related quality of life and explored potential causes. According to the Zhejiang Behavioral Risk Factor Surveillance Program (n = 55,560) and the Recentered Influence Function decomposition method, we found that although the health-related quality of life has remained relatively stable over the past two decades, health inequality has risen. Moreover, during the COVID-19 pandemic, the already existing inequality in mental health has worsened significantly. Further analysis indicated that the group with the lowest education level might contribute to the rapid increase in mental health inequality during the epidemic due to their inability to obtain a relatively stable income. Our study highlights the necessity of social policies to curb the rise of inequality in health-related quality of life.","[Li, Na] Zhejiang Prov Ctr Dis Control & Prevent, Dept Chron Dis Prevent & Control, Hangzhou, Zhejiang, Peoples R China; [Xu, Can] Zhejiang Univ, Inst Common Prosper & Dev, Sch Publ Affairs, Dept Social Welf & Risk Management, Hangzhou, Zhejiang, Peoples R China; [Ma, Gaoming; Liu, Xiaoting] Zhejiang Univ, Ctr Aging & Hlth, Sch Publ Affairs, Dept Social Welf & Risk Management, Hangzhou, Zhejiang, Peoples R China; [Yu, Min; Wang, Hao] Zhejiang Prov Ctr Dis Control & Prevent, Hangzhou, Zhejiang, Peoples R China",Zhejiang Provincial Center for Disease Control & Prevention; Zhejiang University; Zhejiang University; Zhejiang Provincial Center for Disease Control & Prevention,"Ma, GM (corresponding author), Zhejiang Univ, Ctr Aging & Hlth, Sch Publ Affairs, Dept Social Welf & Risk Management, Hangzhou, Zhejiang, Peoples R China.;Yu, M (corresponding author), Zhejiang Prov Ctr Dis Control & Prevent, Hangzhou, Zhejiang, Peoples R China.",magm@zju.edu.cn; zjcdcmyu@163.com,,"MA, Gaoming/0000-0002-3476-5701",National Natural Science Foundation of China [72474194]; Zhejiang Medical and Health Technology Project [2023KY639]; National Science and Technology Major Project of the Ministry of Science and Technology of China [2023ZD0509805],National Natural Science Foundation of China(National Natural Science Foundation of China (NSFC)); Zhejiang Medical and Health Technology Project; National Science and Technology Major Project of the Ministry of Science and Technology of China,"Our research is supported by National Natural Science Foundation of China (#72474194), Zhejiang Medical and Health Technology Project (#2023KY639), and the National Science and Technology Major Project of the Ministry of Science and Technology of China (#2023ZD0509805)",,40,1,1,2,6,SPRINGER,DORDRECHT,"VAN GODEWIJCKSTRAAT 30, 3311 GZ DORDRECHT, NETHERLANDS",1871-2584,1871-2576,,APPL RES QUAL LIFE,Appl. Res. Qual. Life,FEB,2025,20,1,,,,,91,109,,10.1007/s11482-024-10393-y,http://dx.doi.org/10.1007/s11482-024-10393-y,,OCT 2024,19,"Social Sciences, Interdisciplinary",Social Science Citation Index (SSCI),Social Sciences - Other Topics,2XI2L,,,,,2026-01-27,WOS:001345358300001,View Full Record in Web of Science
J,"da Silva, AR; Scorzafave, LGDS",,,,"da Silva, Alana Ramos; Scorzafave, Luiz Guilherme Dacar Silva",,,Inequality by Skin Color in Breast Cancer Screening in Brazil: a Differences-in-Differences Analysis of the COVID-19 Pandemic,JOURNAL OF RACIAL AND ETHNIC HEALTH DISPARITIES,,,English,Article,,,,,,Screening; Coverage; Mammography; Inequality; Skin color; Breast cancer,RACISM,"Breast cancer is the second most common cancer type and the first in mortality among Brazilian women. Mammograms are one of the main early diagnosis strategies. National breast cancer screening coverage is still low. Brazil's low screening coverage is due to high mammography access inequality. Skin color defines healthcare access differences. Our article explores the natural event of the COVID-19 pandemic to analyze differences in screening rates between two racial groups of women through the application of the differences in differences (DiD) estimator. The results indicate that BBI women (Black, Brown, and Indigenous Brazilian) have lower screening rates than WY women (White and Yellow) and that the pandemic reduced the difference between these two groups due to the lower number of mammograms performed by WY women. It is believed that the information channel can explain much of this result. The BA population, wealthier and more educated, may have had additional information about COVID-19 and its consequences, as well as an increased likelihood of working remotely and practicing social distance. Structural racism causes many social indicators to be correlated with inequality of access to mammography and negatively impacts health conditions for BBI women. Public policies are necessary for equal access to breast cancer screening for the most vulnerable women.","[da Silva, Alana Ramos; Scorzafave, Luiz Guilherme Dacar Silva] Univ Sao Paulo FEA RP USP, Fac Econ Adm & Accounting Ribeirao Preto, Ribeirao Preto, SP, Brazil",,"da Silva, AR (corresponding author), Univ Sao Paulo FEA RP USP, Fac Econ Adm & Accounting Ribeirao Preto, Ribeirao Preto, SP, Brazil.",alana.r@usp.br; scorza@usp.br,"Scorzafave, Luiz/C-4048-2012; Ramos da Silva, Alana/LCD-7291-2024","Scorzafave, Luiz/0000-0003-2044-4613; Ramos da Silva, Alana/0000-0003-3343-414X",Coordination for Higher Education Personnel Improvement (CAPES),Coordination for Higher Education Personnel Improvement (CAPES)(Coordenacao de Aperfeicoamento de Pessoal de Nivel Superior (CAPES)),The authors thank the social demand scholarship granted by the Coordination for Higher Education Personnel Improvement (CAPES).,,47,1,1,0,0,SPRINGER INT PUBL AG,CHAM,"GEWERBESTRASSE 11, CHAM, CH-6330, SWITZERLAND",2197-3792,2196-8837,,J RACIAL ETHN HEALTH,J. Racial Ethn. Health Disparities,APR,2025,12,2,,,,,685,691,,10.1007/s40615-024-01908-2,http://dx.doi.org/10.1007/s40615-024-01908-2,,JAN 2024,7,"Public, Environmental & Occupational Health",Social Science Citation Index (SSCI),"Public, Environmental & Occupational Health",0GH0H,38228863,,,,2026-01-27,WOS:001154275300002,View Full Record in Web of Science
J,"Squarcina, M; Romano, D",,,,"Squarcina, Margherita; Romano, Donato",,,Identifying the COVID-19 Transmission Channels on Poverty and Food Security in Refugee-Hosting Districts of Uganda,JOURNAL OF DEVELOPMENT STUDIES,,,English,Article,,,,,,Covid-19; food value chain; labour market participation; refugees; hosts,,"It is well documented that COVID-19 increased poverty and food insecurity all over the world, especially in fragile contexts. However, it is still unclear how its effects were transmitted to these two outcomes. This paper aims to identify the mechanisms through which COVID-19 affected poverty and food insecurity in refugee-hosting districts in Uganda. We use path analysis with household fixed effects to identify the main pathways, differentiating between refugee and host households, and considering the heterogeneity among them in terms of income source (agricultural vs. non-agricultural households), and market position (food net-buyers vs. net-sellers vs. self-sufficient households). The analysis shows that COVID-19 significantly affected labour participation and increased food value chain disruption, increasing poverty and food insecurity. Refugees have been affected more than hosts by the COVID-19 direct and indirect effects. Host households could benefit from the increase in food prices, while refugees were mainly affected by the effect on the labour market. As expected, net-buyers are the group most affected by food value chain disruption and, along with non-agricultural households, the ones that were most affected in terms of food security.","[Squarcina, Margherita; Romano, Donato] Univ Firenze, Dept Econ & Management, Florence, Italy; [Squarcina, Margherita] Univ Trento, Doctoral Sch Social Sci, Trento, Italy; [Squarcina, Margherita] Georg August Univ, Dept Agr Econ & Rural Dev, Gottingen, Germany; [Squarcina, Margherita] RTG 2654 Sustainable Food Syst, Heinrich Duker Weg 12, D-37073 Gottingen, Germany",University of Florence; University of Trento; University of Gottingen,"Squarcina, M (corresponding author), RTG 2654 Sustainable Food Syst, Heinrich Duker Weg 12, D-37073 Gottingen, Germany.",margherita.squarcina@uni-goettingen.de,"; ROMANO, DONATO/B-2022-2015","Squarcina, Margherita/0000-0003-1128-1568; ROMANO, DONATO/0000-0001-7120-8050",University of Florence,University of Florence,"This paper is the result of the collaboration between the FAO-RIMA Team and the UNIFI Department of Economics and Management within the framework of the MoU between the Food and Agriculture Organization of the United Nations and the University of Florence. We thank participants to the XVI EAAE Congress and the EUDN workshop, and Giovanni Cerulli for their comments on an earlier version of this paper. We are also grateful to the two anonymous reviewers and the editor. Any remaining errors are our sole responsibility.",,61,3,3,1,1,"ROUTLEDGE JOURNALS, TAYLOR & FRANCIS LTD",ABINGDON,"2-4 PARK SQUARE, MILTON PARK, ABINGDON OX14 4RN, OXON, ENGLAND",0022-0388,1743-9140,,J DEV STUD,J. Dev. Stud.,MAR 3,2024,60,3,,,SI,,457,478,,10.1080/00220388.2023.2282367,http://dx.doi.org/10.1080/00220388.2023.2282367,,,22,Development Studies; Economics,Social Science Citation Index (SSCI),Development Studies; Business & Economics,IX6L9,,Green Submitted,,,2026-01-27,WOS:001169677200001,View Full Record in Web of Science
J,"Ben Youssef, A; Prenaj, B",,,,"Ben Youssef, Adel; Prenaj, Burim",,,"Job loss during COVID-19: estimating the poverty and food security effects in Egypt, Tunisia and Morocco",EURASIAN BUSINESS REVIEW,,,English,Article,,,,,,Labor market; COVID-19; Job loss; Food security; Poverty; Tunisia; Egypt; Morocco; J0; J21; J23; J64,,"This paper examines the socioeconomic impact of job losses induced by the COVID-19 pandemic on household income and food security in Egypt, Tunisia, and Morocco. We investigate how these job losses affect different vulnerable subgroups, such as women, informal workers, and low-skilled employees, using data from the COVID-19 MENA Monitor Household Survey. Our analysis employs propensity score weighting to address selection bias, allowing for a robust comparison between individuals who lost their jobs due to the pandemic and those who did not. We find that job-losers experienced significantly larger reductions in household income and heightened food insecurity compared to job-retainers. Additionally, job-losers were more likely to deplete their savings, seek assistance from relatives, sell assets, and back-migrate to family homes as coping strategies. These findings underscore the need for targeted policy interventions to mitigate the long-term effects of job loss on vulnerable populations in the MENA region.","[Ben Youssef, Adel] CNRS, GREDEG, EUR ELMI, 24 Ave Diables Bleus, F-06300 Nice, France; [Ben Youssef, Adel] Univ Cote Azur, EUR ELMI, 24 Ave Diables Bleus, F-06300 Nice, France; [Prenaj, Burim] Univ Prishtina Hasan Prishtina, Fac Econ, Str Agim Ramadani 10000, Prishtina, Kosovo",Universite Cote d'Azur; Centre National de la Recherche Scientifique (CNRS); Universite Cote d'Azur; Universiteti i Prishtines,"Ben Youssef, A (corresponding author), CNRS, GREDEG, EUR ELMI, 24 Ave Diables Bleus, F-06300 Nice, France.;Ben Youssef, A (corresponding author), Univ Cote Azur, EUR ELMI, 24 Ave Diables Bleus, F-06300 Nice, France.",adel.ben-youssef@univ-cotedazur.fr; prenajburim@gmail.com,"BEN YOUSSEF, Adel/KHT-6378-2024","BEN YOUSSEF, Adel/0000-0003-1905-2663",Economic Research Forum,Economic Research Forum,Funding received by Economic Research Forum.,,48,0,0,1,1,SPRINGER HEIDELBERG,HEIDELBERG,"TIERGARTENSTRASSE 17, D-69121 HEIDELBERG, GERMANY",1309-4297,2147-4281,,EURASIAN BUS REV,Eurasian Bus. Rev.,JUN,2025,15,2,,,,,563,592,,10.1007/s40821-025-00294-x,http://dx.doi.org/10.1007/s40821-025-00294-x,,APR 2025,30,Business; Economics; Management,Social Science Citation Index (SSCI),Business & Economics,4NZ2T,,,,,2026-01-27,WOS:001469617700001,View Full Record in Web of Science
J,"Zhang, YM; Zhan, Y; Diao, XS; Chen, KZ; Robinson, S",,,,"Zhang, Yumei; Zhan, Yue; Diao, Xinshen; Chen, Kevin Z.; Robinson, Sherman",,,"The Impacts of COVID-19 on Migrants, Remittances, and Poverty in China: A Microsimulation Analysis",CHINA & WORLD ECONOMY,,,English,Article,,,,,,China; COVID-19; microsimulation; migrants and remittances; poverty,WAGE DIFFERENTIALS; RURAL POVERTY; URBAN; MIGRATION; WORKERS,"Chinese migrant workers are very exposed to the shocks caused by the COVID-19 pandemic. Falling remittances adversely affect their families who rely on remittance incomes. The impacts of COVID-19 on migrants and remittance-receiving households are assessed using a nationally representative household dataset and a microsimulation model. We found about 70 percent of migrant workers lost part of their wage income during the pandemic lockdown period and rural migrants working in small and medium enterprises were affected the most. This led to about 50 percent of remittance-receiving households being affected adversely by falling remittances, and the average decline in such income was more than 45 percent. Nearly 13 percent of pre-pandemic nonpoor remittance-receiving households could fall into poverty, raising the poverty rate among remittance-receiving households by 4 percentage points. Many households that were poor prior to the pandemic became more impoverished. The results indicate that social protection programs targeting vulnerable migrants and their families at home are important.","[Zhang, Yumei] Chinese Acad Agr Sci, Inst Agr Econ & Dev, Beijing, Peoples R China; [Zhan, Yue] Int Food Policy Res Inst IFPRI, Hangzhou, Peoples R China; [Diao, Xinshen; Chen, Kevin Z.; Robinson, Sherman] IFPRI, Washington, DC 20005 USA; [Chen, Kevin Z.] Zhejiang Univ, China Acad Rural Dev, Hangzhou, Peoples R China","Chinese Academy of Agricultural Sciences; Institute of Agricultural Economics & Development, CAAS; CGIAR; International Food Policy Research Institute (IFPRI); Zhejiang University","Chen, KZ (corresponding author), IFPRI, Washington, DC 20005 USA.;Chen, KZ (corresponding author), Zhejiang Univ, China Acad Rural Dev, Hangzhou, Peoples R China.",zhangyumei@caas.cn; y.zhan@cgiar.org; x.diao@cgiar.org; kzchen@zju.edu.cn; s.robinson@cgiar.org,,"ZHANG, YUMEI/0009-0006-7106-832X; Zhan, Yue/0009-0000-2147-174X","National Natural Science Foundation of China [71761147004]; Agricultural Science and Technology Innovation Program [2021-RY-01]; Zhejiang University-IFPRI Center for International Development Studies; Consultative Group on International Agricultural Research (CGIAR) Program on Policies, Institutions, and Markets (PIM)","National Natural Science Foundation of China(National Natural Science Foundation of China (NSFC)); Agricultural Science and Technology Innovation Program; Zhejiang University-IFPRI Center for International Development Studies; Consultative Group on International Agricultural Research (CGIAR) Program on Policies, Institutions, and Markets (PIM)","The authors acknowledge supports from the National Natural Science Foundation of China (No. 71761147004), the Agricultural Science and Technology Innovation Program (No. 2021-RY-01); Zhejiang University-IFPRI Center for International Development Studies; and the Consultative Group on International Agricultural Research (CGIAR) Program on Policies, Institutions, and Markets (PIM) led by IFPRI.",,35,23,27,1,42,WILEY,HOBOKEN,"111 RIVER ST, HOBOKEN 07030-5774, NJ USA",1671-2234,1749-124X,,CHINA WORLD ECON,China World Econ.,NOV,2021,29,6,,,,,4,33,,10.1111/cwe.12392,http://dx.doi.org/10.1111/cwe.12392,,,30,Economics,Social Science Citation Index (SSCI),Business & Economics,XB2QZ,,"Green Submitted, Bronze",,,2026-01-27,WOS:000721178000002,View Full Record in Web of Science
J,"Cheong, TS; Wu, YR; Wojewodzki, M; Ma, N",,,,"Cheong, Tsun Se; Wu, Yanrui; Wojewodzki, Michal; Ma, Ning",,,The Impacts of Globalization on Inequality in the Post-COVID-19 World: Evidence From China,FRONTIERS IN PUBLIC HEALTH,,,English,Article,,,,,,county level; globalization; inequality; COVID-19; China,FOREIGN DIRECT-INVESTMENT; REGIONAL INCOME INEQUALITY; ECONOMIC-GROWTH; RURAL CHINA; PANEL-DATA; FDI; DISPARITIES; CONVERGENCE; CHANNELS; COUNTRY,"Empirical studies suggest that globalization (FDI and international trade) has been greatly affected by the COVID-19 and related anti-pandemic measures imposed by governments worldwide. This paper investigates the impact of globalization on intra-provincial income inequality in China and the data is based on the county level. The findings reveal that FDI is negatively associated with intra-provincial inequality, intra-provincial inequality increases as the primary industry sector (agriculture) declines. The result also finds that the increase in inequality stems not from the development in the tertiary or secondary industry sectors per se, but the unevenness in the distribution of these sectors.","[Cheong, Tsun Se; Wojewodzki, Michal] Hang Seng Univ Hong Kong, Dept Econ & Finance, Hong Kong, Peoples R China; [Wu, Yanrui] Univ Western Australia, Dept Econ, Perth, WA, Australia; [Ma, Ning] Hainan Coll Econ & Business, Sch Financial Management, Haikou, Hainan, Peoples R China",Hang Seng University of Hong Kong; University of Western Australia; Hainan College of Economics & Business,"Ma, N (corresponding author), Hainan Coll Econ & Business, Sch Financial Management, Haikou, Hainan, Peoples R China.",china_ma_ning@hotmail.com,"Wu, Yanrui/C-2458-2013; Wojewódzki, Michał/IUQ-6325-2023; Ma, Ning/GZM-6549-2022","Wu, Yanrui/0000-0002-8966-1459; Wojewódzki, Michał/0000-0001-9782-8282;",Hainan College of Economics and Business [hnjmk2021301],Hainan College of Economics and Business,Funding This work was supported by the Hainan College of Economics and Business (Project Reference Number: hnjmk2021301).,,66,7,9,3,49,FRONTIERS MEDIA SA,LAUSANNE,"AVENUE DU TRIBUNAL FEDERAL 34, LAUSANNE, CH-1015, SWITZERLAND",,2296-2565,,FRONT PUBLIC HEALTH,Front. Public Health,NOV 29,2021,9,,,,,,,,790312,10.3389/fpubh.2021.790312,http://dx.doi.org/10.3389/fpubh.2021.790312,,,11,"Public, Environmental & Occupational Health",Science Citation Index Expanded (SCI-EXPANDED); Social Science Citation Index (SSCI),"Public, Environmental & Occupational Health",XQ6TD,34912773,"Green Submitted, gold",,,2026-01-27,WOS:000731677900001,View Full Record in Web of Science
J,"He, AJ; Zhang, CN; Qian, JW",,,,"He, Alex Jingwei; Zhang, Chunni; Qian, Jiwei",,,COVID-19 and social inequality in China: the local-migrant divide and the limits of social protections in a pandemic,POLICY AND SOCIETY,,,English,Article,,,,,,COVID-19; social protection; attitudes; China; inequality,HUKOU SYSTEM; URBAN; WORKERS; ATTITUDES; POLICY,"The existing literature suggests that external shocks, such as pandemics, stimulate people's demand for social protections and prompt them to favor short-term social consumption over long-term investments. However, this argument may not apply fully in a society with an urban-rural divide in addition to an unequal welfare system. Through a telephone survey conducted in July 2020, this study sought to investigate public opinions on the social policy response to the coronavirus disease pandemic in China. Quantitative evidence showed large economic hardship among the respondents, who expressed a strong expectation for labor market interventions instead of social assistance. This study reveals that the preexisting inequalities in people's access to welfare benefits have led local residents and migrants to develop differential preferences for social policies. This attitudinal heterogeneity is illustrative of the inequalities in the Chinese welfare system as well as of the labor market dynamics that have resulted from massive internal migration and the informalization of the workforce. The division between locals and migrants in China's urban welfare system has shaped a demarcation of welfare preferences between the two groups through peculiar interpretive feedback effects.","[He, Alex Jingwei] Educ Univ Hong Kong, Dept Asian & Policy Studies, Hong Kong, Peoples R China; [Zhang, Chunni] Peking Univ, Dept Sociol, Beijing, Peoples R China; [Qian, Jiwei] Natl Univ Singapore, East Asian Inst, 469A Bukit Timah Rd,Tower Block 06-01, Singapore 259770, Singapore",Education University of Hong Kong (EdUHK); Peking University; National University of Singapore,"Qian, JW (corresponding author), Natl Univ Singapore, East Asian Inst, 469A Bukit Timah Rd,Tower Block 06-01, Singapore 259770, Singapore.",jiwei.qian@nus.edu.sg,"He, Alex Jingwei/HKE-5167-2023; Qian, Jiwei/A-2376-2019","He, Alex Jingwei/0000-0001-9024-4831; Zhang, Chunni/0000-0002-6929-3652; Qian, Jiwei/0000-0002-4031-0287","Department of Asian and Policy Studies, The Education University of Hong Kong","Department of Asian and Policy Studies, The Education University of Hong Kong","This project was funded by the Department of Asian and Policy Studies, The Education University of Hong Kong.",,44,26,28,17,278,OXFORD UNIV PRESS,OXFORD,"GREAT CLARENDON ST, OXFORD OX2 6DP, ENGLAND",1449-4035,1839-3373,,POLICY SOC,Policy Soc.,JUN 17,2022,41,2,,,SI,,275,290,,10.1093/polsoc/puac003,http://dx.doi.org/10.1093/polsoc/puac003,,FEB 2022,16,Political Science; Public Administration,Social Science Citation Index (SSCI),Government & Law; Public Administration,2E7AO,,gold,,,2026-01-27,WOS:000758229200001,View Full Record in Web of Science
J,"Tekgüç, H; Ünsal, EB; Yeldan, E",,,,"Tekguc, Hasan; Unsal, Ezgi B.; Yeldan, Erinc",,,Poverty and income distribution incidence of the COVID-19 outbreak: investigating socially responsible policy alternatives for Turkey,SOUTHEAST EUROPEAN AND BLACK SEA STUDIES,,,English,Article,,,,,,Covid 19 crisis; Turkey; socially relevant policy; labour; applied general equilibrium; income distribution,,"To counterbalance the deep systemic global crisis triggered by the COVID-19, many countries introduced a vast arsenal of fiscal policy instruments coupled with monetary accommodation. Yet, Turkey's response had almost exclusively relied on credit expansion and loan guarantees while minimizing the role of fiscal policy. Within that context, this article has three interrelated objectives. Firstly, we evaluate the effects of the crisis and the implemented policies on poverty and income distribution. Second, we measure the macroeconomic impacts of COVID-19 on the Turkish economy through a general equilibrium model. We find that these policies had a limited impact on reducing crisis-induced poverty. Finally, we propose alternatives to mitigate the effects of the COVID-19 crisis, which are compatible with fiscal constraints. Our results suggest that by pursuing a targeted fiscal income transfer programme covering wage earners and small-sized enterprises, Turkey could have achieved a more egalitarian and effective response to the Covid-19 crisis.","[Tekguc, Hasan; Yeldan, Erinc] Kadir Has Univ, Dept Econ, Istanbul, Turkey; [Unsal, Ezgi B.] Kadir Has Univ, Econ Dept, Istanbul, Turkey",Kadir Has University; Kadir Has University,"Yeldan, E (corresponding author), Kadir Has Univ, Dept Econ, Istanbul, Turkey.",erinc.yeldan@khas.edu.tr,"Yeldan, A Erinc/AAA-4707-2022; Tekgüç, Hasan/C-9910-2019","Yeldan, A Erinc/0000-0002-3123-4374; Unsal, Ezgi B/0000-0002-0904-5059; Tekgüç, Hasan/0000-0002-3902-4486",Scientific And Technological Research Council Of Turk (TubitakSOBAG) [120K541],Scientific And Technological Research Council Of Turk (TubitakSOBAG),This work was supported by The Scientific And Technological Research Council Of Turk (TubitakSOBAG) under Project no 120K541,,47,5,5,0,9,"ROUTLEDGE JOURNALS, TAYLOR & FRANCIS LTD",ABINGDON,"2-4 PARK SQUARE, MILTON PARK, ABINGDON OX14 4RN, OXON, ENGLAND",1468-3857,1743-9639,,SE EUR BLACK SEA STU,SE. Eur. Black Sea Stud.,APR 3,2023,23,2,,,,,339,363,,10.1080/14683857.2022.2087852,http://dx.doi.org/10.1080/14683857.2022.2087852,,JUN 2022,25,Area Studies,Social Science Citation Index (SSCI),Area Studies,H9QW3,,,,,2026-01-27,WOS:000812660600001,View Full Record in Web of Science
J,"Birchenall-Jiménez, C; Jiménez-Barbosa, WG; Riascos-Ochoa, J; Cosenz, F",,,,"Birchenall-Jimenez, Claudia; Jimenez-Barbosa, Wilson Giovanni; Riascos-Ochoa, Javier; Cosenz, Federico",,,Exploring Spatial Inequalities in COVID-19 Mortality and Their Association With Multidimensional Poverty in Colombia: A Spatial Analysis Study,INTERNATIONAL JOURNAL OF PUBLIC HEALTH,,,English,Article,,,,,,multidimensional poverty index; COVID-19 mortality; Colombia; spatial distribution; socioeconomics risk factors,EDUCATION,"Objectives The objective is to examine spatial inequalities in COVID-19 mortality rates in Colombia in relation to the spatial distribution of multidimensional poverty.Methods A retrospective spatial epidemiological study was conducted in Colombia from 2020 to 2022. Spatial statistics such as Moran's I index, LISA analysis, and simultaneous autoregressive conditional (SAC) regression models were used.Results The Moran's I index for different years was as follows: 2020: 0.3 (p = 0.0001), 2021: 0.27 (p = 0.0001), and 2022: 0.26 (p = 0.0001). In 2020, the significant variables were low educational achievement, barriers to early childhood care, child labor, school non-attendance, informal employment, lack of health insurance, inadequate floor material, and critical overcrowding. In 2021, the significant variables were low educational achievement, critical overcrowding, inadequate excreta disposal, and lack of access to water sources. In 2022, the significant variables were school lag and inadequate excreta disposal.Conclusion This study revealed that in Colombia, a series of socioeconomic and health factors are interconnected and contribute to COVID-19 mortality. These changes may reflect various socioeconomic, political, and environmental dynamics that shifted during the pandemic years.","[Birchenall-Jimenez, Claudia] Hosp Univ Mayor Mederi, Intens Care Dept, Bogota, Colombia; [Birchenall-Jimenez, Claudia] Univ Rosario, Escuela Med & Ciencias Salud, Bogota, Colombia; [Jimenez-Barbosa, Wilson Giovanni; Riascos-Ochoa, Javier] Jorge Tadeo Lozano Univ, Fac Nat Sci & Engn, Dept Basic Sci & Modelling, Bogota, Colombia; [Cosenz, Federico] Univ Palermo, Dept Polit Sci & Int Relat, Palermo, Italy",Universidad del Rosario; Universidad de Bogota Jorge Tadeo Lozano; University of Palermo,"Birchenall-Jiménez, C (corresponding author), Hosp Univ Mayor Mederi, Intens Care Dept, Bogota, Colombia.;Birchenall-Jiménez, C (corresponding author), Univ Rosario, Escuela Med & Ciencias Salud, Bogota, Colombia.",claudia.birchenall@urosario.edu.co,"Cosenz, Federico/N-4733-2019; Jiménez-Barbosa, Wilson Giovanni/P-8098-2018","Cosenz, Federico/0000-0003-2493-2139; Jiménez-Barbosa, Wilson Giovanni/0000-0002-0467-0365; Birchenall Jiménez, Claudia Inés/0000-0002-4479-8806",,,"The author(s) declare that financial support was received for the research, authorship, and/or publication of this article.",,39,2,2,2,7,FRONTIERS MEDIA SA,LAUSANNE,"AVENUE DU TRIBUNAL FEDERAL 34, LAUSANNE, CH-1015, SWITZERLAND",1661-8556,1661-8564,,INT J PUBLIC HEALTH,Int. J. Public Health,JAN 6,2025,69,,,,,,,,1607820,10.3389/ijph.2024.1607820,http://dx.doi.org/10.3389/ijph.2024.1607820,,,9,"Public, Environmental & Occupational Health",Science Citation Index Expanded (SCI-EXPANDED); Social Science Citation Index (SSCI),"Public, Environmental & Occupational Health",S5V7H,39834605,"Green Submitted, gold",,,2026-01-27,WOS:001398900500001,View Full Record in Web of Science
J,"Muyangata, J; Shumba, S",,,,"Muyangata, Joseph; Shumba, Sibiziwe",,,"COVID-19 crisis in relation to religion, health and poverty in Zimbabwe: A case study of the Harare urban communities",HTS TEOLOGIESE STUDIES-THEOLOGICAL STUDIES,,,English,Article,,,,,,COVID-19 crisis; health; poverty; relationship; Zimbabwean communities; religion,,"The COVID-19 pandemic which started in China in 2019, was originally described as a public health emergency of intercontinental concern by the World Health Organization (WHO) in January 2020. Due to its speedy rate of spread, the WHO then declared it a pandemic after 6 weeks. The global spread of COVID-19 has been attributed to the high mobility between and within countries. Having noted the wide spread of the COVID-19 pandemic, almost every country affected, developed strict and restrictive public health measures to control the spread of the virus. Such measures included restrictions on country borders and social gatherings. Hence, the main purpose of the paper was to explore the impact of the COVID-19 crisis in relation to religion, health and poverty in Harare urban communities as well as determining solutions to the impact of the COVID-19 pandemic on those sectors. The research methodology was qualitative in nature. Primary data were collected through in-depth telephone interviews and online open-ended questionnaires. Purposive sampling was used to select the study participants. The findings showed that the COVID-19 pandemic triggered and exposed the inequalities in health. The pandemic also had a strong impact on religious activities and it exacerbated poverty levels as well. Those who had all the access to medication, food and vaccinations during the height of COVID-19 may not fully appreciate the impact that poverty coupled with pandemics left on their communities both religiously and socially. Malnutrition, hunger and sickness were the order of the day among the poor. Contribution: The conclusion was that COVID-19 negatively impacted on the health, religious and social sectors. Therefore, it is critical to maintain preventive and curative services, especially for the most vulnerable populations such as children, older persons, and people with disabilities.","[Muyangata, Joseph] MIAJ Consultancy Int, Jami Etiquette & Grooming Consultancy, Harare, Zimbabwe; [Muyangata, Joseph] Apostol Faith Mission Theol Seminary, Fac Missions & Theol, Dept Religious Studies & Theol, Harare, Zimbabwe; [Shumba, Sibiziwe] Joshua Mqabuko Polytech Coll, Fac Teacher Educ, Dept Languages & Humanities, Gwanda, Zimbabwe; [Shumba, Sibiziwe] Univ South Africa, Coll Human Sci, Dept Christian Spiritual Church Hist & Missiol, Pretoria, South Africa",University of South Africa,"Muyangata, J (corresponding author), MIAJ Consultancy Int, Jami Etiquette & Grooming Consultancy, Harare, Zimbabwe.;Muyangata, J (corresponding author), Apostol Faith Mission Theol Seminary, Fac Missions & Theol, Dept Religious Studies & Theol, Harare, Zimbabwe.",joseph_muyangata@yahoo.com,,"Muyangata, Joseph/0000-0001-6001-5632; Shumba, Sibiziwe/0000-0003-3695-0617",University of Zimbabwe,University of Zimbabwe,"This article was published with the assistance of the Humboldt Research Hub in Africa, on African Women, and Pandemics and Religion based at the University of Zimbabwe.",,21,0,0,0,1,AOSIS,Durbanville,"Postnet Suite 110, Private Bag x 19, Durbanville, SOUTH AFRICA",0259-9422,2072-8050,,HTS TEOL STUD-THEOL,HTS Teol. Stud.-Theol. Stud.,MAY 12,2023,79,3,,,,,,,79,10.4102/hts.v79i3.8085,http://dx.doi.org/10.4102/hts.v79i3.8085,,,7,Religion,Arts & Humanities Citation Index (A&HCI),Religion,J4SY8,,"Green Submitted, gold",,,2026-01-27,WOS:001009539600001,View Full Record in Web of Science
J,"Yang, Y; Su, WL",,,,"Yang, Yu; Su, Weiliang",,,Does anti-poverty intervention strengthen mental resilience? Evidence from the COVID-19 shock on targeted poverty alleviation program in China,APPLIED ECONOMICS,,,English,Article,,,,,,Poverty alleviation intervention; mental resilience; confidence level of income recovery; targeted poverty alleviation program; covid-19; D04; I32; I38; O12,FIELD EXPERIMENT; CASH TRANSFERS; ASPIRATIONS; ECONOMICS; IMPACTS; SUCCESS; TRAPS,"Resilience is beneficial for poor households to overcome the negative shocks and shake off the poverty trap completely in the long run. In this article we evaluate the impact of poverty alleviation intervention on mental resilience by exploiting the natural experiment of the COVID-19 shock. Using the survey data collected in early March 2020 from underdeveloped region in West China, we address the impact of targeted poverty alleviation program (TPAP) on confidence level of off-farm and total income recovery using the difference-in-difference method. We find that the program enhances mental resilience for the out of poverty households rather than the in poverty households, especially in terms of confidence level of off-farm income recovery. In addition, we also find that proactivity of employment takes account of the impact of TPAP on confidence level of off-farm income recovery.","[Yang, Yu] Chengdu Univ Technol, Sch Business, Chengdu, Peoples R China; [Su, Weiliang] Zhejiang Univ Finance & Econ, Sch Econ, 18 Xueyuan Rd, Hangzhou 310018, Peoples R China",Chengdu University of Technology; Zhejiang University of Finance & Economics,"Su, WL (corresponding author), Zhejiang Univ Finance & Econ, Sch Econ, 18 Xueyuan Rd, Hangzhou 310018, Peoples R China.",suwl.12b@gmail.com,,"Su, Weiliang/0000-0003-0697-7907",National Office for Philosophy and Social Sciences [19XSH025],National Office for Philosophy and Social Sciences,The work was supported by the National Office for Philosophy and Social Sciences [19XSH025].,,42,3,3,3,47,"ROUTLEDGE JOURNALS, TAYLOR & FRANCIS LTD",ABINGDON,"2-4 PARK SQUARE, MILTON PARK, ABINGDON OX14 4RN, OXON, ENGLAND",0003-6846,1466-4283,,APPL ECON,Appl. Econ.,MAY 21,2023,55,24,,,,,2725,2739,,10.1080/00036846.2022.2104803,http://dx.doi.org/10.1080/00036846.2022.2104803,,JUL 2022,15,Economics,Social Science Citation Index (SSCI),Business & Economics,C7QG2,,,,,2026-01-27,WOS:000832516100001,View Full Record in Web of Science
J,"Salvucci, V; Tarp, F",,,,"Salvucci, Vincenzo; Tarp, Finn",,,Poverty and vulnerability in Mozambique: An analysis of dynamics and correlates in light of the Covid-19 crisis using synthetic panels,REVIEW OF DEVELOPMENT ECONOMICS,,,English,Article,,,,,,Mozambique; poverty; poverty dynamics; synthetic panels; vulnerability,,"This study aims at providing new insights into poverty, vulnerability, and their correlates in Mozambique, applying synthetic panels techniques and expanding on earlier analyses. Our results suggest that there is a high degree of poverty immobility, especially in rural areas in the northern and central regions and for low-educated people. Even nonpoor households are at a high risk to vulnerability, and this risk does not differ much for households in urban/rural areas or in different regions or with different education levels. We also observe that a large portion of the population remains in or out of poverty over the entire year, with a higher percentage of individuals moving into poverty between the dry and the rainy seasons and a nonnegligible proportion of vulnerable people not managing to revert to nonpoverty in the subsequent dry season. Overall, these findings are highly relevant for designing anti-poverty policies and strategies, as they provide information on intra-year shocks and on some of the characteristics related to upward and downward mobility over longer time spans, also with regard to the recent Covid-19 and other recent shocks suffered by the country.","[Salvucci, Vincenzo; Tarp, Finn] Univ Copenhagen, Oster Farimagsgade 5,Bldg 26, DK-1353 Copenhagen K, Denmark",University of Copenhagen,"Salvucci, V (corresponding author), Univ Copenhagen, Oster Farimagsgade 5,Bldg 26, DK-1353 Copenhagen K, Denmark.",vincenzo.salvucci@econ.ku.dk,"Salvucci, Vincenzo/ABE-8884-2021; Tarp, Finn/T-9651-2017","Salvucci, Vincenzo/0000-0003-2638-1596; Tarp, Finn/0000-0002-6247-4370",,,,,46,12,14,1,36,WILEY,HOBOKEN,"111 RIVER ST, HOBOKEN 07030-5774, NJ USA",1363-6669,1467-9361,,REV DEV ECON,Rev. Dev. Econ.,NOV,2021,25,4,,,,,1895,1918,,10.1111/rode.12835,http://dx.doi.org/10.1111/rode.12835,,,24,Development Studies; Economics,Social Science Citation Index (SSCI),Development Studies; Business & Economics,WV5NC,34908904,"Green Submitted, hybrid",,,2026-01-27,WOS:000717282800007,View Full Record in Web of Science
J,"Birchenall-Jiménez, CI; Jiménez-Barbosa, WG; Riascos-Ochoa, J; Cosenz, F",,,,"Birchenall-Jimenez, Claudia Ines; Jimenez-Barbosa, Wilson Giovanni; Riascos-Ochoa, Javier; Cosenz, Federico",,,"COVID-19 mortality associated with multidimensional poverty, ethnicities, and armed conflict in Colombia: retrospective observational study based on national records",FRONTIERS IN PUBLIC HEALTH,,,English,Article,,,,,,ethnic; armed conflicts; Colombia; mortality; multidimensional poverty,,"Background The COVID-19 pandemic in Colombia exposed the interplay between multidimensional poverty, ethnic diversity, and armed conflict. This crisis worsened inequalities, disproportionately affecting Afro-Colombian and Indigenous communities already living in adverse conditions. Armed conflict further weakened social capital, limiting wellbeing in impoverished and violent regions. This study aimed to investigate the associations of poverty, ethnicity, and conflict zones with COVID-19 mortality.Methods A retrospective observational study based on national records was conducted in Colombia from March 2020 to December 2022, in which COVID-19 cases confirmed by PCR or antigen tests were analyzed. Demographic, ethnic, and mortality data were obtained from the National Institute of Health, while poverty data were obtained from the DANE's 2018 census. Descriptive analyses, chi-square tests, and bivariate analyses were performed. A multilevel logistic regression model identified risk factors, reporting odds ratios (ORs) with 95% confidence intervals (CIs).Results Between March 2020 and December 2022, 6,313,872 COVID-19 cases were recorded in Colombia. Afro-Colombians 2.58% and Indigenous peoples (2.75%) had higher mortality than White/Mestizo individuals did (2.24%). ZOMAC municipalities reported a mortality rate of 3.61%, and PDET municipalities reported a mortality rate of 3.20%. Multilevel analysis revealed increased mortality risks for Afro-Colombians (OR 1.14, 95% CI 1.11-1.18), Indigenous peoples (OR 1.22, 95% CI 1.17-1.28), and residents of ZOMAC (OR 1.69, 95% CI 1.66-1.72) and PDET municipalities (OR 1.34, 95% CI 1.44-1.49).Conclusions This study highlights disparities in COVID-19 mortality influenced by ethnic, socioeconomic, and territorial factors, with a greater burden on Afro-Colombians, Indigenous peoples, and conflict zones. Public health policies must address these structural inequalities.","[Birchenall-Jimenez, Claudia Ines] Hosp Univ Mayor Mederi, Intens Care Dept, Bogota, Colombia; [Birchenall-Jimenez, Claudia Ines] Univ Rosario, Escuela Med & Ciencias Salud, Bogota, Colombia; [Jimenez-Barbosa, Wilson Giovanni; Riascos-Ochoa, Javier] Jorge Tadeo Lozano Univ, Fac Nat Sci & Engn, Dept Basic Sci & Modelling, Bogota, Colombia; [Cosenz, Federico] Univ Palermo, Dept Polit Sci & Int Relat, Palermo, Italy",Universidad del Rosario; Universidad de Bogota Jorge Tadeo Lozano; University of Palermo,"Birchenall-Jiménez, CI (corresponding author), Hosp Univ Mayor Mederi, Intens Care Dept, Bogota, Colombia.;Birchenall-Jiménez, CI (corresponding author), Univ Rosario, Escuela Med & Ciencias Salud, Bogota, Colombia.",claudia.birchenall@urosario.edu.co,"; Cosenz, Federico/N-4733-2019; Jiménez-Barbosa, Wilson Giovanni/P-8098-2018","Birchenall Jiménez, Claudia Inés/0000-0002-4479-8806; Cosenz, Federico/0000-0003-2493-2139; Jiménez-Barbosa, Wilson Giovanni/0000-0002-0467-0365",,,,,42,0,0,1,1,FRONTIERS MEDIA SA,LAUSANNE,"AVENUE DU TRIBUNAL FEDERAL 34, LAUSANNE, CH-1015, SWITZERLAND",,2296-2565,,FRONT PUBLIC HEALTH,Front. Public Health,MAY 23,2025,13,,,,,,,,1514076,10.3389/fpubh.2025.1514076,http://dx.doi.org/10.3389/fpubh.2025.1514076,,,10,"Public, Environmental & Occupational Health",Science Citation Index Expanded (SCI-EXPANDED); Social Science Citation Index (SSCI),"Public, Environmental & Occupational Health",3MM7U,40491998,"Green Submitted, gold",,,2026-01-27,WOS:001503876600001,View Full Record in Web of Science
J,"Davies, S; Quershi, T; Rana, AW; Haider, Z; Raja, S",,,,"Davies, Stephen; Quershi, Tehseen; Rana, Abdul Wajid; Haider, Zeeshan; Raja, Sehrish",,,Assessing the impact of COVID-19 and related interventions on poverty and economic growth in Pakistan: A structural path analysis,APPLIED ECONOMIC PERSPECTIVES AND POLICY,,,English,Article,,,,,,poverty alleviation; social accounting matrix; social welfare programs,,"This study uses social accounting matrix multipliers and structural path analyses to estimate effects of COVID-19 and related fiscal stimuli on five household groups. The COVID-19 lockdown increased poverty in Pakistan by 15%, which was addressed using a $1.5 billion, digitally implemented Ehsaas Emergency Cash (EEC) program that reached 14.8 million poor households. The study's models show that the largest multipliers from Ehsaas program finance were in agriculture, as a 1 Rupee shock adds 0.225 Rupee income to households. About 30% of that gain was estimated to go to poor farm families. In contrast, our models find that construction and trade growth added three times as much income to poor nonfarm and urban households as to farm households. However, those sectors added only one third as much total income as agriculture. From the structural path analysis, the importance of capital assets in generating income was seen, as was the possibility of greater poverty reduction from sectors with proportionally fewer intermediate inputs and more value added.","[Davies, Stephen] Int Food Policy Res Inst IFPRI, Dev Strategy & Governance Div, Washington, DC USA; [Quershi, Tehseen; Raja, Sehrish] Dev Alternat Inc, Pakistan Reg Econ Act PREIA, Islamabad, Pakistan; [Rana, Abdul Wajid] Int Food Policy Res Inst IFPRI, Pakistan Agr Capac Enhancement Project PACE, Dev Strategy & Governance Div, Islamabad, Pakistan; [Davies, Stephen; Haider, Zeeshan] Alliance Biovers, Via San Domenico 1, Islamabad 00153, Pakistan; [Davies, Stephen; Haider, Zeeshan] CIAT, Via San Domenico 1, Islamabad 00153, Pakistan",CGIAR; International Food Policy Research Institute (IFPRI),"Davies, S (corresponding author), Alliance Biovers, Via San Domenico 1, Islamabad 00153, Pakistan.;Davies, S (corresponding author), CIAT, Via San Domenico 1, Islamabad 00153, Pakistan.",s.davies@cgiar.org,,,US Agency for International Development's Pakistan Agricultural Capacity Enhancement (PACE) project [AID-BFS-IO-17-00005],US Agency for International Development's Pakistan Agricultural Capacity Enhancement (PACE) project,"US Agency for International Development's Pakistan Agricultural Capacity Enhancement (PACE) project, Grant/Award Number: AID-BFS-IO-17-00005",,14,3,4,1,9,WILEY,HOBOKEN,"111 RIVER ST, HOBOKEN 07030-5774, NJ USA",2040-5790,2040-5804,,APPL ECON PERSPECT P,Appl. Econ. Perspect. Policy,DEC,2023,45,4,,,,,2017,2033,,10.1002/aepp.13372,http://dx.doi.org/10.1002/aepp.13372,,MAY 2023,17,Agricultural Economics & Policy; Economics,Science Citation Index Expanded (SCI-EXPANDED); Social Science Citation Index (SSCI),Agriculture; Business & Economics,X4GB1,,"Green Submitted, hybrid",,,2026-01-27,WOS:000982706500001,View Full Record in Web of Science
J,"Almeida, EGR; Rodrigues, NCP; Andrade, MKD; Netto, JT",,,,"Almeida, Eric Gustavo Ramos; Rodrigues, Nadia Cristina Pinheiro; Andrade, Monica Kramer de Noronha; Netto, Joaquim Teixeira",,,Characterization of COVID-19 cases in a poor community in Rio de Janeiro/Brazil focusing on the agglomeration-poverty dichotomy,CIENCIA & SAUDE COLETIVA,,,English,Article,,,,,,Spatial analysis; COVID-19; Corona virus; Epidemiology; Brazil,,"This study aims to characterize the morbidity of COVID-19 in the year 2020 by identifying the most vulnerable areas and areas of clustering of cases in a favela from Rio de Janeiro/Brazil known as Manguinhos. This is a cross-sectional descriptive study performed from March 16, 2020, to August 12, 2020. We described the sociodemographic profile of the cases and performed spatial analysis using point and Kernel maps. Incidence rates were calculated by sex, age, and sub-regions. The incidence rate was 202/10,000. We detected clusters of cases west, central-north, and central-south of Manguinhos. High incidence rates were observed also in sub-regions of central-north, central-south, and southwest. In the sub-regions with high incidence, the percentage of people depending on financial governmental aid ranged between 13% and 21%. The sub-regions with the highest agglomeration of cases in the territory of Manguinhos coincide with the regions with the highest incidence rates, but not with the poorest regions of the territory.","[Almeida, Eric Gustavo Ramos; Rodrigues, Nadia Cristina Pinheiro] Univ Estado Rio de Janeiro, Inst Med Social Hesio Cordeiro, R Sao Francisco Xavier 524,7 Andar, BR-20550900 Rio De Janeiro, RJ, Brazil; [Rodrigues, Nadia Cristina Pinheiro; Andrade, Monica Kramer de Noronha; Netto, Joaquim Teixeira] Fundacao Oswaldo Cruz, Escola Saude Publ Sergio Arouca, Rio De Janeiro, RJ, Brazil",Universidade do Estado do Rio de Janeiro; Fundacao Oswaldo Cruz,"Almeida, EGR (corresponding author), Univ Estado Rio de Janeiro, Inst Med Social Hesio Cordeiro, R Sao Francisco Xavier 524,7 Andar, BR-20550900 Rio De Janeiro, RJ, Brazil.",gustavoalmeida2005@yahoo.com.br,"Andrade, Monica/KPB-0089-2024; Netto, Joaquim/ABA-8978-2021","netto, joaquim/0000-0002-7392-9166; Roigues, Nádia/0000-0002-2613-5283; Ramos Almeida, Eric Gustavo/0000-0001-9455-7739;",,,,,37,1,3,0,0,ABRASCO - Brazilian Association of Collective Health,RIO DE JANEIRO,"Ave Brasil 4365, Campus da Fundacao Oswaldo Cruz (Fiocruz) Predio do CEPI DSS Manguinhos, RIO DE JANEIRO, Rio de Janeiro, BRAZIL",1413-8123,1678-4561,,CIENC SAUDE COLETIVA,Cienc. Saude Coletiva,DEC,2023,28,12,,,,,,,,10.1590/1413-812320232812.17812022,http://dx.doi.org/10.1590/1413-812320232812.17812022,,,12,"Public, Environmental & Occupational Health",Social Science Citation Index (SSCI),"Public, Environmental & Occupational Health",CJ0J4,,gold,,,2026-01-27,WOS:001124764100001,View Full Record in Web of Science
J,"Ma, GM; Zhang, JY; Hong, L",,,,"Ma, Gaoming; Zhang, Jiayu; Hong, Liu",,,Learning From Home: Widening Rural-Urban Educational Inequality and High School Students' Self-Control in China During the COVID-19 Pandemic and School Closure,YOUTH & SOCIETY,,,English,Article,,,,,,COVID-19; school closure; self-control; rural-urban disparity; academic achievement; educational inequality,SYSTEM,"Worldwide school closures and remote learning have been implemented during the COVID-19 pandemic. These measures' impact on young populations' academic achievements is unclear. This study ( N = 1,736, ages 14-20 years, 53% female, and Chinese) analyzed academic examination scores for students at a high school in Eastern China between January and July 2020. Results showed that overall, students' academic achievements appeared to be negatively affected amid a school closure. More importantly, students' self-control was introduced as a moderating factor that partially accounted for this difference in the context of remote learning at home. These findings extended our understanding of school closures' unequal impact on young populations. Education and social policies should respond to these challenges during times of crisis.","[Ma, Gaoming] Zhejiang Univ, Ctr Social Welf & Governance, Sch Publ Affairs, Dept Social Welf & Risk Management, Hangzhou, Zhejiang, Peoples R China; [Zhang, Jiayu] Zhejiang Univ, Sch Publ Affairs, Dept Social Welf & Risk Management, Hangzhou, Zhejiang, Peoples R China; [Hong, Liu] Fudan Univ, Sch Social Dev & Publ Policy, 220 Handan Rd, Shanghai 200433, Peoples R China",Zhejiang University; Zhejiang University; Fudan University,"Hong, L (corresponding author), Fudan Univ, Sch Social Dev & Publ Policy, 220 Handan Rd, Shanghai 200433, Peoples R China.",lhong@fudan.edu.cn,,,"National Social Science Fund, China [18CSH023]","National Social Science Fund, China","The author(s) disclosed receipt of the following financial support for the research, authorship, and/or publication of this article: The research is funded by National Social Science Fund, China (grant number 18CSH023).",,29,1,1,1,32,SAGE PUBLICATIONS INC,THOUSAND OAKS,"2455 TELLER RD, THOUSAND OAKS, CA 91320 USA",0044-118X,1552-8499,,YOUTH SOC,Youth Soc.,OCT,2023,55,7,,,SI,,1348,1366,,10.1177/0044118X221138607,http://dx.doi.org/10.1177/0044118X221138607,,DEC 2022,19,"Social Issues; Social Sciences, Interdisciplinary; Sociology",Social Science Citation Index (SSCI),Social Issues; Social Sciences - Other Topics; Sociology,R0JU6,,Green Submitted,,,2026-01-27,WOS:000893398200001,View Full Record in Web of Science
J,"Ferris, R; Clarke, M; Raftery, D; Liddy, M; Sloan, S",,,,"Ferris, Ruth; Clarke, Marie; Raftery, Deirdre; Liddy, Mags; Sloan, Seaneen",,,Digital poverty in a country that is digitally powerful: some insights into leadership of girls' schooling in India under Covid-19 restrictions,ASIA PACIFIC JOURNAL OF EDUCATION,,,English,Article,,,,,,Digital learning; India; covid-19; educational technology; educational leadership,AUTHENTIC LEADERSHIP; MANAGEMENT; EDUCATION; TEACHERS; CRISIS; DESIGN,"This paper examines leadership challenges in managing digital power and digital poverty, in the delivery of schooling during the Covid-19 emergency lockdown in India. The article suggests that although India is considered a global leader in digital technology, its primary and secondary school system suffers from digital poverty with associated tensions for school leadership. The paper explores the nature of teaching and learning in a selection of girls' schools in India during Covid-19. In the context of the pandemic, school leaders have had to respond quickly to remote learning, supporting teachers to facilitate the use of educational technology. Our research examined the experience of leadership in a cross section of schools from different geographical and socio-economic backgrounds. The respondents reflected on their engagement with digital literacy and remote teaching methodologies, and how the pandemic changed the classroom experience with little or no lead in time to adapt. The article examines how Indian women in positions of educational leadership perceive digital power or poverty and how it affects change and challenge in their leadership responsibility. Conclusions are drawn regarding educational practices operational at present and anticipate considerations which must be acknowledged to support virtual learning into the future.","[Ferris, Ruth; Clarke, Marie; Raftery, Deirdre; Liddy, Mags; Sloan, Seaneen] Univ Coll Dublin, Sch Educ, Dublin 4, Ireland",University College Dublin,"Raftery, D (corresponding author), Univ Coll Dublin, Sch Educ, Dublin 4, Ireland.",deirdre.raftery@ucd.ie,"; Ferris, Ruth/GXV-2150-2022","Clarke, Marie/0000-0002-5681-7787; Sloan, Seaneen/0000-0002-1643-3690; Liddy, Mags/0000-0002-5881-8214;",University College Dublin Foundation [57975],University College Dublin Foundation,This work was supported by the University College Dublin Foundation [57975].,,72,10,12,6,43,"ROUTLEDGE JOURNALS, TAYLOR & FRANCIS LTD",ABINGDON,"2-4 PARK SQUARE, MILTON PARK, ABINGDON OX14 4RN, OXON, ENGLAND",0218-8791,1742-6855,,ASIA PAC J EDUC,Asia Pac. J. Educ.,JAN 14,2022,42,,,1,SI,,34,51,,10.1080/02188791.2022.2031871,http://dx.doi.org/10.1080/02188791.2022.2031871,,,18,Education & Educational Research,Social Science Citation Index (SSCI),Education & Educational Research,2D9OO,,Bronze,,,2026-01-27,WOS:000811867300004,View Full Record in Web of Science
J,"Martines, MR; Ferreira, RV; Toppa, RH; Assunçao, LM; Desjardins, MR; Delmelle, EM",,,,"Martines, M. R.; Ferreira, R. V.; Toppa, R. H.; Assuncao, L. M.; Desjardins, M. R.; Delmelle, E. M.",,,"Detecting space-time clusters of COVID-19 in Brazil: mortality, inequality, socioeconomic vulnerability, and the relative risk of the disease in Brazilian municipalities",JOURNAL OF GEOGRAPHICAL SYSTEMS,,,English,Article,,,,,,Disease surveillance; COVID-19; Geographic information systems; Relative risk; Space– time statistics; Spatial models,HOT-SPOTS; SCAN; SURVEILLANCE,"The first case of COVID-19 in South America occurred in Brazil on February 25, 2020. By July 20, 2020, there were 2,118,646 confirmed cases and 80,120 confirmed deaths. To assist with the development of preventive measures and targeted interventions to combat the pandemic in Brazil, we present a geographic study to detect active and emerging space-time clusters of COVID-19. We document the relationship between relative risk of COVID-19 and mortality, inequality, socioeconomic vulnerability variables. We used the prospective space-time scan statistic to detect daily COVID-19 clusters and examine the relative risk between February 25-June 7, 2020, and February 25-July 20, 2020, in 5570 Brazilian municipalities. We apply a Generalized Linear Model (GLM) to assess whether mortality rate, GINI index, and social inequality are predictors for the relative risk of each cluster. We detected 7 active clusters in the first time period, being one in the north, two in the northeast, two in the southeast, one in the south, and one in the capital of Brazil. In the second period, we found 9 clusters with RR > 1 located in all Brazilian regions. The results obtained through the GLM showed that there is a significant positive correlation between the predictor variables in relation to the relative risk of COVID-19. Given the presence of spatial autocorrelation in the GLM residuals, a spatial lag model was conducted that revealed that spatial effects, and both GINI index and mortality rate were strong predictors in the increase in COVID-19 relative risk in Brazil. Our research can be utilized to improve COVID-19 response and planning in all Brazilian states. The results from this study are particularly salient to public health, as they can guide targeted intervention measures, lowering the magnitude and spread of COVID-19. They can also improve resource allocation such as tests and vaccines (when available) by informing key public health officials about the highest risk areas of COVID-19.","[Martines, M. R.] Univ Fed Sao Carlos, Dept Geog Tourism & Humanities, Res Grp Ctr Studies Landscape Ecol & Conservat, Sorocaba, SP, Brazil; [Ferreira, R. V.] Univ Fed Triangulo Mineiro, Dept Geog, Res Grp Ctr Studies Landscape Ecol & Conservat, Uberaba Campus, Uberaba, MG, Brazil; [Toppa, R. H.] Univ Fed Sao Carlos, Dept Environm Sci, Res Grp Ctr Studies Landscape Ecol & Conservat, Sorocaba, SP, Brazil; [Assuncao, L. M.] Univ Estado Minas Gerais, Fac Law, Ituiutaba Campus, Belo Horizonte, MG, Brazil; [Desjardins, M. R.] Johns Hopkins Bloomberg Sch Publ Hlth, Dept Epidemiol, Spatial Sci Publ Hlth Ctr, Baltimore, MD 21205 USA; [Delmelle, E. M.] Univ North Carolina, Ctr Appl Geog Informat Sci, Dept Geog & Earth Sci, Charlotte, NC 28223 USA; [Delmelle, E. M.] Univ Eastern Finland, Dept Geog & Hist Studies, Joensuu 80101, Finland",Universidade Federal de Sao Carlos; Universidade Federal do Triangulo Mineiro; Universidade Federal de Sao Carlos; Universidade Federal de Minas Gerais; Universidade do Estado de Minas Gerais; Johns Hopkins University; Johns Hopkins Bloomberg School of Public Health; University of North Carolina; University of North Carolina Charlotte; University of Eastern Finland,"Delmelle, EM (corresponding author), Univ North Carolina, Ctr Appl Geog Informat Sci, Dept Geog & Earth Sci, Charlotte, NC 28223 USA.;Delmelle, EM (corresponding author), Univ Eastern Finland, Dept Geog & Hist Studies, Joensuu 80101, Finland.",Eric.Delmelle@uncc.edu,"Vicente Ferreira, Ricardo/ABE-7550-2020; Hartung Toppa, Rogério/JAC-8333-2023; Roberto Martines, Marcos/AAH-9627-2019","Vicente Ferreira, Ricardo/0000-0001-9003-4834; Hartung Toppa, Rogério/0000-0002-1637-2840; de Assunção, Luiza Maria/0000-0001-6106-1200; Roberto Martines, Marcos/0000-0002-7464-2431; Delmelle, Eric/0000-0002-5117-2238",University of Eastern Finland (UEF) including Kuopio University Hospital,University of Eastern Finland (UEF) including Kuopio University Hospital,"Open Access funding provided by University of Eastern Finland (UEF) including Kuopio University Hospital. This research did not receive any specific grant from funding agencies in the public, commercial, or not-for-profit sectors.",,70,47,54,0,21,SPRINGER HEIDELBERG,HEIDELBERG,"TIERGARTENSTRASSE 17, D-69121 HEIDELBERG, GERMANY",1435-5930,1435-5949,,J GEOGR SYST,J. Geogr. Syst.,JAN,2021,23,1,,,,,7,36,,10.1007/s10109-020-00344-0,http://dx.doi.org/10.1007/s10109-020-00344-0,,MAR 2021,30,Geography,Social Science Citation Index (SSCI),Geography,RD8YJ,33716567,"Green Submitted, hybrid",,,2026-01-27,WOS:000626443600001,View Full Record in Web of Science
J,"Lamontagne, E; Nyako, HY; Enemo, A; Sunday, A; Muhammad, A; Abdullah, RM; Okiwu, H; Undelikwo, V; Ogbozor, P; Amusan, O; Alaba, O; Undelikwo, G; Takpa, K; Ashefor, G; Kavanagh, M; Foláyan, MO",,,,"Lamontagne, Erik; Nyako, Hasiya Yunusa; Enemo, Amaka; Sunday, Aaron; Muhammad, Amira; Abdullah, Rilwan Mohammed; Okiwu, Henry; Undelikwo, Veronica; Ogbozor, Pamela; Amusan, Oluwaranmilowo; Alaba, Oluwatoyin; Undelikwo, Gabriel; Takpa, Koubagnine; Ashefor, Greg; Kavanagh, Matthew; Folayan, Morenike Oluwatoyin",,,"The health inequity and socioeconomic inequality faced by adolescent girls and women on the move living with or at high risk of HIV infection, during the COVID-19 pandemic in Nigeria",BMJ GLOBAL HEALTH,,,English,Article,,,,,,HIV; COVID-19; Cross-sectional survey; Health economics; AIDS,STIGMA; HIV/AIDS; PEOPLE,"BackgroundWe assessed if women and girls on the move living with or at high risk of HIV faced increased health inequity and socioeconomic inequalities during the COVID-19 pandemic compared with other vulnerable women and girls.MethodsWe used data collected through a survey conducted in Nigeria between June and October 2021. Women and girls living with or at risk of HIV were recruited voluntarily, using a combination of venue-based and snowball sampling. We performed multivariable logistic regression models per mobility and HIV status to determine associations between health inequity, socioeconomic inequalities and macrosocial characteristics.FindingsThere were 3442 participants, of which 700 were on the move. We found no statistical difference between HIV-negative women and girls on the move and those not on the move. On the opposite, we found substantial differences in health inequity and socioeconomic inequalities between women and girls on the move living with HIV and those not on the move living with HIV. There are very strong associations between being a woman or girl on the move living with HIV and facing economic precarity (aOR 6.08, 95% CI 1.94 to 19.03), food insecurity (aOR 5.96, 95% CI 2.16 to 16.50) and experiencing more gender-based violence since COVID-19 started (aOR 5.61, 95% CI 3.01 to 10.47).InterpretationBeing a woman or girl on the move and living with HIV compound increased health and socioeconomic vulnerabilities. The COVID-19 crisis seems to have exacerbated inequalities and gender-based violence. These findings call for more feminist interventions to protect women on the move living with HIV during health crises.","[Lamontagne, Erik] Joint United Nations Programme HIV AIDS, Johannesburg, South Africa; [Lamontagne, Erik] Aix Marseille Univ, Marseille, France; [Nyako, Hasiya Yunusa] Jami Al Hakeem Fdn Jimeta Yola, Jimeta Yola, Nigeria; [Enemo, Amaka] Nigeria Sex Workers Assoc, Kubwa, Nigeria; [Sunday, Aaron] African Network Adolescent & Young Persons Dev, Barnawa, Nigeria; [Muhammad, Amira] Northern Nigerian Transgender Initiat, Abuja, Nigeria; [Abdullah, Rilwan Mohammed] Natl Assoc Persons Phys Disabil, Abuja, Nigeria; [Okiwu, Henry] YouthRise, Abuja, Nigeria; [Undelikwo, Veronica] Univ Calabar, Dept Sociol, Calabar, Nigeria; [Ogbozor, Pamela] Enugu State Univ Sci & Technol, Dept Psychol, Enugu, Nigeria; [Amusan, Oluwaranmilowo; Alaba, Oluwatoyin] Obafemi Awolowo Univ, Ife, Nigeria; [Undelikwo, Gabriel; Takpa, Koubagnine] Joint United Nations Programme HIV AIDS, Abuja, Nigeria; [Ashefor, Greg] Natl Agcy Control AIDS, Abuja, Nigeria; [Kavanagh, Matthew] Joint United Nations Programme HIV AIDS, Geneva, Switzerland; [Kavanagh, Matthew] Georgetown Univ, Washington, DC USA; [Folayan, Morenike Oluwatoyin] Obafemi Awolowo Univ, Child Dent Hlth, Ife, Osun, Nigeria",Aix-Marseille Universite; University of Calabar; Obafemi Awolowo University; Georgetown University; Obafemi Awolowo University,"Lamontagne, E (corresponding author), Joint United Nations Programme HIV AIDS, Johannesburg, South Africa.;Lamontagne, E (corresponding author), Aix Marseille Univ, Marseille, France.",lamontagnee@unaids.org,"Undelikwo, Veronica Akwenabuaye/JND-9021-2023; Ogbozor, Pamela/CAG-4258-2022; Folayan, Morenike/A-8632-2018; Lamontagne, Erik/ADD-5405-2022","Undelikwo, Veronica Akwenabuaye/0000-0002-6737-0335; Lamontagne, Erik/0000-0002-6394-0070",,,,,59,1,1,0,1,BMJ PUBLISHING GROUP,LONDON,"BRITISH MED ASSOC HOUSE, TAVISTOCK SQUARE, LONDON WC1H 9JR, ENGLAND",2059-7908,,,BMJ GLOB HEALTH,BMJ Glob. Health,DEC,2023,8,12,,,,,,,e012116,10.1136/bmjgh-2023-012116,http://dx.doi.org/10.1136/bmjgh-2023-012116,,,12,"Public, Environmental & Occupational Health",Science Citation Index Expanded (SCI-EXPANDED); Social Science Citation Index (SSCI),"Public, Environmental & Occupational Health",DV2R4,38135297,"Green Submitted, gold",,,2026-01-27,WOS:001134796900016,View Full Record in Web of Science
J,"Huyser, KR; Yang, TC; Horse, AJY",,,,"Huyser, Kimberly R.; Yang, Tse-Chuan; Horse, Aggie J. Yellow",,,"Indigenous Peoples, concentrated disadvantage, and income inequality in New Mexico: a ZIP code-level investigation of spatially varying associations between socioeconomic disadvantages and confirmed COVID-19 cases",JOURNAL OF EPIDEMIOLOGY AND COMMUNITY HEALTH,,,English,Article,,,,,,health inequalities; epidemics; ethnicity; public health; socio-economic,STATES; HEALTH; RATES,"Background The coronavirus disease pandemic has disproportionately affected poor and racial/ethnic minority individuals and communities, especially Indigenous Peoples. The object of this study is to understand the spatially varying associations between socioeconomic disadvantages and the number of confirmed COVID-19 cases in New Mexico at the ZIP code level. Methods We constructed ZIP code-level data (n=372) using the 2014-2018 American Community Survey and COVID-19 data from the New Mexico Department of Health (as of 24 May 2020). The log-linear Poisson and geographically weighted Poisson regression are applied to model the number of confirmed COVID-19 cases (total population as the offset) in a ZIP code. Results The number of confirmed COVID-19 cases in a ZIP code is positively associated with socioeconomic disadvantages-specifically, the high levels of concentrated disadvantage and income inequality. It is also positively associated with the percentage of American Indian and Alaskan Native populations, net of other potential confounders at the ZIP code level. Importantly, these associations are spatially varying in that some ZIP codes suffer more from concentrated disadvantage than others. Conclusions Additional attention for COVID-19 mitigation effort should focus on areas with higher levels of concentrated disadvantage, income inequality, and higher percentage of American Indian and Alaska Native populations as these areas have higher incidence of COVID-19. The findings also highlight the importance of plumbing in all households for access to clean and safe water, and the dissemination of educational materials aimed at COVID-19 prevention in non-English language including Indigenous languages.","[Huyser, Kimberly R.] Univ British Columbia, Sociol, Vancouver, BC V6T 1Z1, Canada; [Yang, Tse-Chuan] SUNY Albany, Sociol, Albany, NY 12222 USA; [Horse, Aggie J. Yellow] Arizona State Univ, Sch Social Transformat, Tempe, AZ USA","University of British Columbia; State University of New York (SUNY) System; University at Albany, SUNY; Arizona State University; Arizona State University-Tempe","Huyser, KR (corresponding author), Univ British Columbia, Sociol, Vancouver, BC V6T 1Z1, Canada.",kimberly.huyser@ubc.ca,"; Yang, Tse-Chuan/ABQ-9907-2022","Yellow Horse, Aggie/0000-0001-8253-7968; Yang, Tse-Chuan/0000-0002-4271-4584",,,,,35,18,20,0,8,BMJ PUBLISHING GROUP,LONDON,"BRITISH MED ASSOC HOUSE, TAVISTOCK SQUARE, LONDON WC1H 9JR, ENGLAND",0143-005X,1470-2738,,J EPIDEMIOL COMMUN H,J. Epidemiol. Community Health,NOV,2021,75,11,,,,,1044,1049,,10.1136/jech-2020-215055,http://dx.doi.org/10.1136/jech-2020-215055,,,6,"Public, Environmental & Occupational Health",Science Citation Index Expanded (SCI-EXPANDED); Social Science Citation Index (SSCI),"Public, Environmental & Occupational Health",WI1EE,33757989,,,,2026-01-27,WOS:000708108300004,View Full Record in Web of Science
J,"Deshpande, A",,,,"Deshpande, Ashwini",,,How India's Caste Inequality Has Persisted-and Deepened in the Pandemic,CURRENT HISTORY,,,English,Article,,,,,,,,,"[Deshpande, Ashwini] Ashoka Univ, Econ, Sonipat, Haryana, India; [Deshpande, Ashwini] Ashoka Univ, Ctr Econ Data & Anal, Sonipat, Haryana, India",Ashoka University; Ashoka University,"Deshpande, A (corresponding author), Ashoka Univ, Econ, Sonipat, Haryana, India.;Deshpande, A (corresponding author), Ashoka Univ, Ctr Econ Data & Anal, Sonipat, Haryana, India.",,,,,,,,0,8,9,0,5,UNIV CALIFORNIA PRESS,OAKLAND,"155 GRAND AVE, SUITE 400, OAKLAND, CA 94612-3758 USA",0011-3530,1944-785X,,CURR HIST,Curr. Hist.,APR,2021,120,825,,,,,127,132,,,,,,6,International Relations; Political Science,Social Science Citation Index (SSCI),International Relations; Government & Law,RK3VD,,,,,2026-01-27,WOS:000638226200001,View Full Record in Web of Science
J,"Malkina, M",,,,"Malkina, Marina",,,Interregional inequality in budget revenues per capita and its decomposition by source: the case of pre-pandemic Russia,SPATIAL ECONOMIC ANALYSIS,,,English,Article,,,,,,budget revenues per capita; interregional inequality; Theil-Bernoulli index; decomposition; H71; H610; R120,FISCAL DECENTRALIZATION; INCOME INEQUALITY; CO2 EMISSIONS; TRANSFERS; EQUALIZATION; FEDERALISM,"The study identifies the sources of convergence/divergence of Russian regions in per capita budget revenues in the period 2010-19. Budget inequality is assessed using the Theil-Bernoulli index and then decomposed by stages of budgeting and sources. The research shows that inequality, initially formed at the production stage, more than doubles at the stage of tax collection due to the progressiveness of the tax rate in relation to the tax base in the Russian regions. The tax distribution system makes the largest contribution to the convergence of Russian regions in terms of per capita budget revenues, while the contribution of the budget transfer system decreases over time due to its ever growing deviation from the real position of the regions.","[Malkina, Marina] Lobachevsky State Univ Nizhni Novgorod, Ctr Macro & Microecon, Nizhnii Novgorod, Russia",Lobachevsky State University of Nizhni Novgorod,"Malkina, M (corresponding author), Lobachevsky State Univ Nizhni Novgorod, Ctr Macro & Microecon, Nizhnii Novgorod, Russia.",mmuri@yandex.ru,"Malkina, Marina/M-2681-2017","Malkina, Marina/0000-0002-3152-3934",,,,,46,1,1,0,7,"ROUTLEDGE JOURNALS, TAYLOR & FRANCIS LTD",ABINGDON,"2-4 PARK SQUARE, MILTON PARK, ABINGDON OX14 4RN, OXON, ENGLAND",1742-1772,1742-1780,,SPAT ECON ANAL,Spat. Econ. Anal.,APR 2,2024,19,2,,,,,161,182,,10.1080/17421772.2023.2285961,http://dx.doi.org/10.1080/17421772.2023.2285961,,APR 2024,22,Economics,Social Science Citation Index (SSCI),Business & Economics,TA2N6,,,,,2026-01-27,WOS:001121792400001,View Full Record in Web of Science
J,"Xiao, JJ; Xiao, Q; Chen, RY",,,,"Xiao, Jingjia; Xiao, Qing; Chen, Rongyi",,,Artists and their poor: economic and symbolic inequality in distorted China's post-pandemic art subsidy policies,CULTURAL TRENDS,,,English,Article; Early Access,,,,,,Cultural and creative industry; actor; extras; Basic Income for Artists (BIA); Covid-19; China,,"This study conducted a three-year longitudinal follow-up interview with 37 extras in the Hengdian World Studio in China from 2022 to 2024, examining the impact of post-pandemic cultural subsidy policies on their living conditions. We aim to highlight that these extras struggle between the identities of creative actors and underclass workers, enduring symbolic violence due to the identity distinction. Furthermore, we point out that the systemic inequalities stemming from this identity distinction prevent these groups from receiving adequate subsidies and accessing protests. Finally, we call for the democratization and inclusivity of the artist identity to deepen the discussion of Basic Income for Artists (BIA) policies.","[Xiao, Jingjia] Univ Calif San Diego, Dept Sociol, San Diego, CA 92093 USA; [Xiao, Qing] Carnegie Mellon Univ, Human Comp Interact Inst, Pittsburgh, PA USA; [Chen, Rongyi] Cent South Univ, Sch Humanities, Changsha, Hunan, Peoples R China",University of California System; University of California San Diego; Carnegie Mellon University; Central South University,"Xiao, JJ (corresponding author), Univ Calif San Diego, Dept Sociol, San Diego, CA 92093 USA.",qingx@andrew.cmu.edu,"Xiao, Jingjia/NES-4690-2025","Xiao, Qing/0000-0003-4464-4716",,,,,55,0,0,2,2,"ROUTLEDGE JOURNALS, TAYLOR & FRANCIS LTD",ABINGDON,"2-4 PARK SQUARE, MILTON PARK, ABINGDON OX14 4RN, OXON, ENGLAND",0954-8963,1469-3690,,CULT TRENDS,Cult. Trends,2025 SEP 18,2025,,,,,,,,,,10.1080/09548963.2025.2557215,http://dx.doi.org/10.1080/09548963.2025.2557215,,SEP 2025,17,"Humanities, Multidisciplinary; Cultural Studies; Social Sciences, Interdisciplinary",Social Science Citation Index (SSCI); Arts & Humanities Citation Index (A&HCI),Arts & Humanities - Other Topics; Cultural Studies; Social Sciences - Other Topics,7QG6F,,,,,2026-01-27,WOS:001577094100001,View Full Record in Web of Science
