title,abstract,eid,authors,journal,issue,volume,keywords,doctype,year,doi,pagestart,pageend,database,search_run,title_normalized,abs_normalized,is_globalsouth,is_wschange
Country-level comparisons of welfare state change measures:: another facet of the dependent variable problem within the comparative analysis of the welfare state?,"The introduction of innovative macro-measures has been one of the preferred means to account for identified limitations of traditional quantitative approaches in comparative analyses of the welfare state. However, these state-of-the-art indicators are not powerful enough to account for the nuanced politics of 'welfare state change' across mature welfare states as they produce inconsistent - and in several cases contrary - findings on the country level, which also appear to be at odds with the established notion of 'regime dependence' in the historical, case-study literature. Touching upon the limitations of the relevant indicators, we argue that they can at best be seen as crude approximations; this is the root cause for the above asymmetries. The 'dependent variable problem' within the comparative analysis of the welfare state is a problem of data and operational definitions as much as it is a problem of theoretical conceptualization. While the combination of nuanced quantitative and historical findings has become the norm in the broader literature, the article stresses the potential of disaggregated analyses of individual social policy domains within nations and its combination with detailed case-study analyses of social policy making.",WOS:000244935400001,"Kühner, S",JOURNAL OF EUROPEAN SOCIAL POLICY,1.0,17,comparative social policy; dependent variable problem; welfare reform,Article,2007,10.1177/0958928707071875,5.0,18,wos,welfarestatechange,country-level comparisons of welfare state change measures:: another facet of the dependent variable problem within the comparative analysis of the welfare state?,"the introduction of innovative macro-measures has been one of the preferred means to account for identified limitations of traditional quantitative approaches in comparative analyses of the welfare state. however, these state-of-the-art indicators are not powerful enough to account for the nuanced politics of 'welfare state change' across mature welfare states as they produce inconsistent - and in several cases contrary - findings on the country level, which also appear to be at odds with the established notion of 'regime dependence' in the historical, case-study literature. touching upon the limitations of the relevant indicators, we argue that they can at best be seen as crude approximations; this is the root cause for the above asymmetries. the 'dependent variable problem' within the comparative analysis of the welfare state is a problem of data and operational definitions as much as it is a problem of theoretical conceptualization. while the combination of nuanced quantitative and historical findings has become the norm in the broader literature, the article stresses the potential of disaggregated analyses of individual social policy domains within nations and its combination with detailed case-study analyses of social policy making.",False,1
The causes of welfare state expansion - Deindustrialization or globalization?,"An influential line of argument holds that globalization causes economic uncertainty and spurs popular demands for compensatory welfare state spending. This article argues that the relationship between globalization and welfare state expansion is spurious and that the engine of welfare state expansion since the 1960s has been deindustrialization. Based on cross-sectional-time-series data for fifteen OECD countries, the authors show that there is no relationship between globalization and the level of labor-market risks (in terms of employment and wages), whereas the uncertainty and dislocations caused by deindustrialization have spurred electoral demands for welfare state compensation and risk sharing. Yet, while differential rates of deindustrialization explain differences in the overall size of the welfare stale, its particular character-in terms of the share of direct government provision and the equality of transfer payments-is shaped by government partisanship. The argument has implications for the study and the future of the welfare state that are very different from those suggested in the globalization literature.",WOS:000087852000002,"Iversen, T; Cusack, TR",WORLD POLITICS,3.0,52,,Article; Proceedings Paper,2000,10.1017/S0043887100016567,313.0,+,wos,welfarestatechange,the causes of welfare state expansion - deindustrialization or globalization?,"an influential line of argument holds that globalization causes economic uncertainty and spurs popular demands for compensatory welfare state spending. this article argues that the relationship between globalization and welfare state expansion is spurious and that the engine of welfare state expansion since the 1960s has been deindustrialization. based on cross-sectional-time-series data for fifteen oecd countries, the authors show that there is no relationship between globalization and the level of labor-market risks (in terms of employment and wages), whereas the uncertainty and dislocations caused by deindustrialization have spurred electoral demands for welfare state compensation and risk sharing. yet, while differential rates of deindustrialization explain differences in the overall size of the welfare stale, its particular character-in terms of the share of direct government provision and the equality of transfer payments-is shaped by government partisanship. the argument has implications for the study and the future of the welfare state that are very different from those suggested in the globalization literature.",False,1
Path-dependency versus Reform in Pensions and Family Policy Re-examined: Dual Trajectories of the Polish Welfare State since the 1990s,"Many studies of the welfare state in Poland underestimate continuity in pension policy and overlook evidence of change in family policy. I argue that each of these policies evolves historically along dual trajectories. One trajectory represents a set of constantly reproduced and politically reinforced norms and structures, and the other exemplifies cyclical, emergency adjustments and innovations, enabling incremental and cumulative change that may potentially produce path-departure. Even though the paradigms which guide the two policy areas originate in the same period of the golden age of the European welfare state, pensions, which more closely resemble the overall development of Polish social policy as a whole, are likely to remain path-dependent more consistently into the future, whereas family policy exhibits clear signs of change, indicating a gradual but significant break with the past.",WOS:000371069100007,"Inglot, T",SOCIAL POLICY & ADMINISTRATION,2.0,50,,Article,2016,10.1111/spol.12213,241.0,261,wos,welfarestatechange,path-dependency versus reform in pensions and family policy re-examined: dual trajectories of the polish welfare state since the 1990s,"many studies of the welfare state in poland underestimate continuity in pension policy and overlook evidence of change in family policy. i argue that each of these policies evolves historically along dual trajectories. one trajectory represents a set of constantly reproduced and politically reinforced norms and structures, and the other exemplifies cyclical, emergency adjustments and innovations, enabling incremental and cumulative change that may potentially produce path-departure. even though the paradigms which guide the two policy areas originate in the same period of the golden age of the european welfare state, pensions, which more closely resemble the overall development of polish social policy as a whole, are likely to remain path-dependent more consistently into the future, whereas family policy exhibits clear signs of change, indicating a gradual but significant break with the past.",False,1
The effect of economic change and elite framing on support for welfare state retrenchment: A survey experiment,"How do economic downturns affect citizens' support for welfare state retrenchment? Existing observational studies fail to isolate the effect of economic conditions and the effect of elite framing of these conditions. We therefore designed a survey experiment to evaluate how economic change in conjunction with different elite frames impact citizens' support for welfare state retrenchment. We hypothesise and demonstrate that the effects of these frames differ by income group and partisanship. Our survey experiment - carried out in the United Kingdom - demonstrates that poor economic prospects generally motivate support for unemployment benefits vis-a-vis deficit reduction. Emphasis on inequality does not change this picture. Emphasis on government debt and deficits increases support for retrenchment compared with objective information. We find support for the hypothesis that partisans are less responsive to the economy than independents. However, income differences are a surprisingly weak moderator of our treatments. We derive two main conclusions: first, elite frames significantly influence the effect of economic change on welfare state preferences. Second, party identification is crucial to understand individual differences in welfare state preferences and should receive more attention in future research.",WOS:000370073700002,"Marx, P; Schumacher, G",JOURNAL OF EUROPEAN SOCIAL POLICY,1.0,26,Economic crisis; elite framing; partisanship; preferences; welfare state,Article,2016,10.1177/0958928715621711,20.0,31,wos,welfarestatechange,the effect of economic change and elite framing on support for welfare state retrenchment: a survey experiment,"how do economic downturns affect citizens' support for welfare state retrenchment? existing observational studies fail to isolate the effect of economic conditions and the effect of elite framing of these conditions. we therefore designed a survey experiment to evaluate how economic change in conjunction with different elite frames impact citizens' support for welfare state retrenchment. we hypothesise and demonstrate that the effects of these frames differ by income group and partisanship. our survey experiment - carried out in the united kingdom - demonstrates that poor economic prospects generally motivate support for unemployment benefits vis-a-vis deficit reduction. emphasis on inequality does not change this picture. emphasis on government debt and deficits increases support for retrenchment compared with objective information. we find support for the hypothesis that partisans are less responsive to the economy than independents. however, income differences are a surprisingly weak moderator of our treatments. we derive two main conclusions: first, elite frames significantly influence the effect of economic change on welfare state preferences. second, party identification is crucial to understand individual differences in welfare state preferences and should receive more attention in future research.",False,1
The state of the welfare state: German social policy between macroeconomic retrenchment and microeconomic recalibration,"Germany's welfare state has been exposed to severe challenges since the mid-1970s. This article takes stock of the state of German social policy. It sketches the development and patterns of social expenditure since the 1980s and provides an overview of the social policy reforms enacted by the Kohl and Schroder governments. No comprehensive short or medium term recalibration of the German welfare state has taken place that is likely to overcome its structural problems; but the various reforms may, in the long run, bring about a substantial policy shift. In the social policy reforms carried out over the last two decades, there was both retrenchment and expansion. Overall, however, benefit provision has become fully dependent on the state of the budget, rather than being led by demand.",WOS:000186706500009,"Leibfried, S; Obinger, H",WEST EUROPEAN POLITICS,4.0,26,,Article,2003,10.1080/01402380312331280748,199.0,+,wos,welfarestatechange,the state of the welfare state: german social policy between macroeconomic retrenchment and microeconomic recalibration,"germany's welfare state has been exposed to severe challenges since the mid-1970s. this article takes stock of the state of german social policy. it sketches the development and patterns of social expenditure since the 1980s and provides an overview of the social policy reforms enacted by the kohl and schroder governments. no comprehensive short or medium term recalibration of the german welfare state has taken place that is likely to overcome its structural problems; but the various reforms may, in the long run, bring about a substantial policy shift. in the social policy reforms carried out over the last two decades, there was both retrenchment and expansion. overall, however, benefit provision has become fully dependent on the state of the budget, rather than being led by demand.",False,1
The Return of the Family? Welfare State Retrenchment and Client Autonomy in Long-Term Care,"European welfare states are cutting back their responsibilities for long-term care, emphasising 'self-reliance' and replacing care as an entitlement of citizenship with targeted services. But we do not know how former long-term care recipients cope with retrenchment and if they are able to negotiate support from their family and friends. Through an analysis of 500 telephone interviews and thirty face-to-face interviews with long-term care recipients facing reduced care rights in the Netherlands, we found that disabled and elderly persons resist increased dependence on their personal networks. Most clients who face reduced access to public long-term care do not seek alternative help despite their perceived need for it, and feel trapped between the policy definition of self-reliance and their own ideals of autonomy.",WOS:000311893900002,"Grootegoed, E; Van Dijk, D",JOURNAL OF SOCIAL POLICY,,41,,Article,2012,10.1017/S0047279412000311,677.0,694,wos,welfarestatechange,the return of the family? welfare state retrenchment and client autonomy in long-term care,"european welfare states are cutting back their responsibilities for long-term care, emphasising 'self-reliance' and replacing care as an entitlement of citizenship with targeted services. but we do not know how former long-term care recipients cope with retrenchment and if they are able to negotiate support from their family and friends. through an analysis of 500 telephone interviews and thirty face-to-face interviews with long-term care recipients facing reduced care rights in the netherlands, we found that disabled and elderly persons resist increased dependence on their personal networks. most clients who face reduced access to public long-term care do not seek alternative help despite their perceived need for it, and feel trapped between the policy definition of self-reliance and their own ideals of autonomy.",False,1
Contentious institutions - An augmented rational-action analysis of the origins and path dependency of welfare state institutions in Western countries,"Welfare states in Western countries have shared similar goals, yet the choice of institutions to approach these shared goals has generated protracted power struggles among major interest groups and great cross-country variation in institutional structures. Relating recent debates on new institutionalism to earlier debates on power, this paper outlines an augmented rational-action approach to the explanation of the origins of welfare state institutions and of variations in their degree of path dependence. With a differentiated concept of power costs and the degree of power asymmetry among actors as a central variable, this augmented approach partly combines some salient characteristics of the rational-choice, historical, and sociological versions of new institutionalism. The augmented rational-action approach proves fruitful in understanding conflicts characterizing the emergence and change of major social insurance institutions in 18 rich Western countries since the late 19th century and up to the present. It complements rational-choice institutionalism focused on voluntary cooperation, contracts and conventions.",WOS:000168964400005,"Korpi, W",RATIONALITY AND SOCIETY,2.0,13,institutional change; new institutionalism; power; rationality; welfare states,Article,2001,10.1177/104346301013002005,235.0,283,wos,welfarestatechange,contentious institutions - an augmented rational-action analysis of the origins and path dependency of welfare state institutions in western countries,"welfare states in western countries have shared similar goals, yet the choice of institutions to approach these shared goals has generated protracted power struggles among major interest groups and great cross-country variation in institutional structures. relating recent debates on new institutionalism to earlier debates on power, this paper outlines an augmented rational-action approach to the explanation of the origins of welfare state institutions and of variations in their degree of path dependence. with a differentiated concept of power costs and the degree of power asymmetry among actors as a central variable, this augmented approach partly combines some salient characteristics of the rational-choice, historical, and sociological versions of new institutionalism. the augmented rational-action approach proves fruitful in understanding conflicts characterizing the emergence and change of major social insurance institutions in 18 rich western countries since the late 19th century and up to the present. it complements rational-choice institutionalism focused on voluntary cooperation, contracts and conventions.",False,1
Welfare state change as a double movement: Four decades of retrenchment and expansion in compensatory and employment-oriented policies across 21 high-income countries,"We conceptualise and measure welfare state change across 21 high-income countries as a continuum delineated by a double movement, that is, the combined change of compensatory and employment-oriented policies. Our double movement framework readapts Polanyi's concept into the context of welfare state change. We analyse this double movement across four decades using Principal Component Analysis and a new indicator that compares spending in 2015 to maximum and minimum spending levels since the 1980. We contribute to the literature in three ways. First, we empirically document an overall change in spending for compensatory and employment-oriented policies, with the latter becoming more prominent over time. This change is more pronounced in the 1990s and even more so in the 2000s, and partially reduced classic regime differences. The PCAs generate a Cartesian space where each country is positioned across time (the 1980s, the 1990s, the 2000s and the 2010s) and space (within four quadrants, i.e., 'the strong employment-oriented space', 'the weak employment-oriented space', 'the strong compensatory space', and 'the weak compensatory space'). Second, we develop a fivefold taxonomy of welfare state change characterised by: (1) retrenchment in Canada, Germany, Ireland, Netherlands, Sweden and the United Kingdom; (2) abridged adaptation in Australia, Belgium, Finland, Norway, Spain and the United States; (3) minor expansionary adaptation in Greece, Italy, Japan, Portugal and Switzerland-where spending levels were low in the 1980; (4) adaptation with an equilibrium between the two movements in New Zealand and (5) strong expansionary adaptation in Austria, Denmark and France. Overall retrenchment and abridging adaptation prevail over expansionary adaptation-this is due to cutbacks of unemployment, family allowances and active labour market programmes not being counterbalanced by the expansion of childcare. Third, we critically interpret these changes, introducing the double movement concept into comparative social policy.",WOS:000741086500001,"Ferragina, E",SOCIAL POLICY & ADMINISTRATION,5.0,56,family policy; labour markets and labour market policy; Polanyi; welfare state change,Article,2022,10.1111/spol.12789,705.0,725,wos,welfarestatechange,welfare state change as a double movement: four decades of retrenchment and expansion in compensatory and employment-oriented policies across 21 high-income countries,"we conceptualise and measure welfare state change across 21 high-income countries as a continuum delineated by a double movement, that is, the combined change of compensatory and employment-oriented policies. our double movement framework readapts polanyi's concept into the context of welfare state change. we analyse this double movement across four decades using principal component analysis and a new indicator that compares spending in 2015 to maximum and minimum spending levels since the 1980. we contribute to the literature in three ways. first, we empirically document an overall change in spending for compensatory and employment-oriented policies, with the latter becoming more prominent over time. this change is more pronounced in the 1990s and even more so in the 2000s, and partially reduced classic regime differences. the pcas generate a cartesian space where each country is positioned across time (the 1980s, the 1990s, the 2000s and the 2010s) and space (within four quadrants, i.e., 'the strong employment-oriented space', 'the weak employment-oriented space', 'the strong compensatory space', and 'the weak compensatory space'). second, we develop a fivefold taxonomy of welfare state change characterised by: (1) retrenchment in canada, germany, ireland, netherlands, sweden and the united kingdom; (2) abridged adaptation in australia, belgium, finland, norway, spain and the united states; (3) minor expansionary adaptation in greece, italy, japan, portugal and switzerland-where spending levels were low in the 1980; (4) adaptation with an equilibrium between the two movements in new zealand and (5) strong expansionary adaptation in austria, denmark and france. overall retrenchment and abridging adaptation prevail over expansionary adaptation-this is due to cutbacks of unemployment, family allowances and active labour market programmes not being counterbalanced by the expansion of childcare. third, we critically interpret these changes, introducing the double movement concept into comparative social policy.",False,1
Developing new measures of welfare state change and reform,"Since the publication of Gosta Esping-Andersen's The Three Worlds of Welfare Capitalism (Esping-Andersen 1990), which built its typologies on a rich database of detailed programme characteristics, it has been generally accepted that measures of social expenditure are an inferior, and even a misleading, source of information concerning the character of welfare state development. The problem is, however, that the kinds of detailed programme data Esping-Andersen used are not routinely available, while the quality of social expenditure data has been improving rapidly, culminating in the Organisation for Economic Cooperation and Development's (OECD) now regularly updated and highly disaggregated Social Expenditure Database (SOCX). This article explores the possibility of using SOCX to devise measures of the extent, structure and trajectory of welfare state change and reform in 21 OECD countries over the period 1984 to 1997. On the basis of these measures, it suggests that there has been almost no sign of systematic welfare retrenchment in recent years and only limited evidence of major structural transformation or programmatic reorientation.",WOS:000177784700002,"Castles, FG",EUROPEAN JOURNAL OF POLITICAL RESEARCH,5.0,41,,Article,2002,10.1111/1475-6765.00024,613.0,641,wos,welfarestatechange,developing new measures of welfare state change and reform,"since the publication of gosta esping-andersen's the three worlds of welfare capitalism (esping-andersen 1990), which built its typologies on a rich database of detailed programme characteristics, it has been generally accepted that measures of social expenditure are an inferior, and even a misleading, source of information concerning the character of welfare state development. the problem is, however, that the kinds of detailed programme data esping-andersen used are not routinely available, while the quality of social expenditure data has been improving rapidly, culminating in the organisation for economic cooperation and development's (oecd) now regularly updated and highly disaggregated social expenditure database (socx). this article explores the possibility of using socx to devise measures of the extent, structure and trajectory of welfare state change and reform in 21 oecd countries over the period 1984 to 1997. on the basis of these measures, it suggests that there has been almost no sign of systematic welfare retrenchment in recent years and only limited evidence of major structural transformation or programmatic reorientation.",False,1
Welfare-state change between compulsion to work and ability,"The concepts of workfare, an enabling or a social investment state, respectively of an activating welfare state, share the idea of a paradigm shift of welfare state policies resetting the classic tension between de-commodification and (re-)commodification. In this article, a comparative analysis of activating labor market policies in Denmark, Germany and the UK is giving evidence that in all countries recommodification has become a major goal, put into practice by both an increase of workfare and enabling policies. Different reform paths, however, can be identified as the emphasis on enforcing and enabling instruments as well as the particular mix of the instruments varies due to the country-specific background. Hence, the difference of reform policies is supposed to lead to a path dependent implementation of the paradigm shift of welfare state policies.",WOS:000248045200004,"Dingeldey, I",BERLINER JOURNAL FUR SOZIOLOGIE,2.0,17,,Article,2007,10.1007/s11609-007-0016-x,189.0,+,wos,welfarestatechange,welfare-state change between compulsion to work and ability,"the concepts of workfare, an enabling or a social investment state, respectively of an activating welfare state, share the idea of a paradigm shift of welfare state policies resetting the classic tension between de-commodification and (re-)commodification. in this article, a comparative analysis of activating labor market policies in denmark, germany and the uk is giving evidence that in all countries recommodification has become a major goal, put into practice by both an increase of workfare and enabling policies. different reform paths, however, can be identified as the emphasis on enforcing and enabling instruments as well as the particular mix of the instruments varies due to the country-specific background. hence, the difference of reform policies is supposed to lead to a path dependent implementation of the paradigm shift of welfare state policies.",False,1
Hidden change: disaggregation of welfare state regimes for greater insight into welfare state change,"In this article, we propose a method for the disaggregation of welfare state regimes that enhances our insight into innovative welfare state change; that is, change beyond the borders of regime logic. Welfare states, we argue, are composed of different approaches to various social risks, and the approach to each social risk is often 'hybrid': it consists of various types of arrangements. It is no coincidence that risk approaches, and consequently welfare states, are often hybrid entities. We argue that a singular approach to a social risk creates a social residue that may evoke social pressure which can in turn be diminished by hybridizing the arrangement; that is, changing allocation rules to include new social groups or to cover previously uncovered needs. In itself, however, a hybrid arrangement is unstable. This is why hybridization may be followed by either a return to a singular risk approach so that social pressure re-emerges, or by the establishment of a new, additional arrangement so that a hybrid risk approach emerges. This is innovative change. We do not argue that innovative change inevitably occurs. Change requires that groups facing residues are able to employ sufficient power resources. However, some level of autonomous institutional welfare state change is to be expected as an outcome of the continuous creation of residues.",WOS:000244935400002,"Bannink, D; Hoogenboom, M",JOURNAL OF EUROPEAN SOCIAL POLICY,1.0,17,disaggregation; institutional change; stability; welfare state,Article,2007,10.1177/0958928707071877,19.0,32,wos,welfarestatechange,hidden change: disaggregation of welfare state regimes for greater insight into welfare state change,"in this article, we propose a method for the disaggregation of welfare state regimes that enhances our insight into innovative welfare state change; that is, change beyond the borders of regime logic. welfare states, we argue, are composed of different approaches to various social risks, and the approach to each social risk is often 'hybrid': it consists of various types of arrangements. it is no coincidence that risk approaches, and consequently welfare states, are often hybrid entities. we argue that a singular approach to a social risk creates a social residue that may evoke social pressure which can in turn be diminished by hybridizing the arrangement; that is, changing allocation rules to include new social groups or to cover previously uncovered needs. in itself, however, a hybrid arrangement is unstable. this is why hybridization may be followed by either a return to a singular risk approach so that social pressure re-emerges, or by the establishment of a new, additional arrangement so that a hybrid risk approach emerges. this is innovative change. we do not argue that innovative change inevitably occurs. change requires that groups facing residues are able to employ sufficient power resources. however, some level of autonomous institutional welfare state change is to be expected as an outcome of the continuous creation of residues.",False,1
Veto players and welfare state change:: What delays social entitlement bills?,"In contrast to the study of outcomes such as social spending, systematic comparative analysis of political processes underlying welfare state change is scarce. This study deals with the influence of government parties and second chambers as veto players in social entitlement legislation. It asks three questions regarding the duration and outcome of the legislative process at the parliamentary stage. Does the number of government parties or the ideological distance between them affect the passage of bills? Under which circumstances do second chambers have an influence? Does the ideological position of the leftmost governing party affect the speed of passage of bills in policy areas where there is pressure for retrenchment? The hypotheses are tested using an original dataset on social entitlement bills initiated in Belgium, Germany and the UK between 1987/88 and 2002/03. Event history analysis at the level of individual bills yields the following results: proposals initiated from among the government parties on the floor are delayed by a higher number of parties in government, by greater ideological distance between them, if the second chamber is controlled by the opposition and its approval is mandatory, if the left veto player is more rightwing and if the bills deal with expansionary or mixed policies. Cabinet bills, in contrast, are not affected by any of these factors. The results point to a number of further research questions and show that quantitative studies in comparative welfare state research can go beyond testing simple hypotheses with macro-level outcome data.",WOS:000259754600008,"Daübler, T",JOURNAL OF SOCIAL POLICY,,37,,Article,2008,10.1017/S0047279408002274,683.0,706,wos,welfarestatechange,veto players and welfare state change:: what delays social entitlement bills?,"in contrast to the study of outcomes such as social spending, systematic comparative analysis of political processes underlying welfare state change is scarce. this study deals with the influence of government parties and second chambers as veto players in social entitlement legislation. it asks three questions regarding the duration and outcome of the legislative process at the parliamentary stage. does the number of government parties or the ideological distance between them affect the passage of bills? under which circumstances do second chambers have an influence? does the ideological position of the leftmost governing party affect the speed of passage of bills in policy areas where there is pressure for retrenchment? the hypotheses are tested using an original dataset on social entitlement bills initiated in belgium, germany and the uk between 1987/88 and 2002/03. event history analysis at the level of individual bills yields the following results: proposals initiated from among the government parties on the floor are delayed by a higher number of parties in government, by greater ideological distance between them, if the second chamber is controlled by the opposition and its approval is mandatory, if the left veto player is more rightwing and if the bills deal with expansionary or mixed policies. cabinet bills, in contrast, are not affected by any of these factors. the results point to a number of further research questions and show that quantitative studies in comparative welfare state research can go beyond testing simple hypotheses with macro-level outcome data.",False,1
Expansion and Retrenchment of the Swedish Welfare State: A Long-Term Approach,"In this article, we will undertake a long-term analysis of the evolution of the Swedish welfare state, seeking to explain that evolution through the use of a systemic approach. That is, our approach will consider the interrelations between economic growth (EG), the sociopolitical institutional framework (IF), and the welfare state (WS)understood as a set of institutions embracing the labor market and its regulation, the tax system, and the so-called social wagein order to find the main variables that elucidate its evolution. We will show that the expansive phase of the Swedish welfare state can be explained by the symbiotic relationships developed in the WS-EG-IF interaction, whereas the period of welfare state retrenchment is one result of changes operating within the sociopolitical IF and EG bases.",WOS:000352002700002,"Buendía, L",INTERNATIONAL JOURNAL OF HEALTH SERVICES,2.0,45,Swedish Model; welfare state retrenchment; economic crisis; welfare state,Article,2015,10.1177/0020731414568506,226.0,245,wos,welfarestatechange,expansion and retrenchment of the swedish welfare state: a long-term approach,"in this article, we will undertake a long-term analysis of the evolution of the swedish welfare state, seeking to explain that evolution through the use of a systemic approach. that is, our approach will consider the interrelations between economic growth (eg), the sociopolitical institutional framework (if), and the welfare state (ws)understood as a set of institutions embracing the labor market and its regulation, the tax system, and the so-called social wagein order to find the main variables that elucidate its evolution. we will show that the expansive phase of the swedish welfare state can be explained by the symbiotic relationships developed in the ws-eg-if interaction, whereas the period of welfare state retrenchment is one result of changes operating within the sociopolitical if and eg bases.",False,1
"A Science of Reform and Retrenchment: Black Kinship Studies, Decolonisation and the Dutch Welfare State","This paper charts the emergence of social scientific studies on Black kinship from its origins in the United States and colonial Caribbean to its revivification in the decolonisation-era Netherlands. Demonstrating how racial knowledge was from its inception a tool of transnational governance, the author argues that Black kinship studies also informed the development of the Dutch welfare state in the aftermath of decolonisation. Drawing upon Dutch state - and municipal - archival sources as well as the private papers and published works of key figures in Black kinship studies, she charts how publicly-funded sociologists and anthropologists tracked Dutch citizens from Suriname and the Netherlands Antilles through the metropolitan welfare state, producing a corpus of knowledge that connected kinship and welfare reliance. Though Caribbean-born Dutch citizens opposed the racist assumptions of state-funded scholarship, research on Black kinship ultimately informed the course of Dutch welfarism from the expansion of interventionist programmes in the 1970s to retrenchment in the 1990s.",WOS:000943269000001,"Schields, C",CONTEMPORARY EUROPEAN HISTORY,1.0,33,,Article,2024,10.1017/S0960777323000024,4.0,22,wos,welfarestatechange,"a science of reform and retrenchment: black kinship studies, decolonisation and the dutch welfare state","this paper charts the emergence of social scientific studies on black kinship from its origins in the united states and colonial caribbean to its revivification in the decolonisation-era netherlands. demonstrating how racial knowledge was from its inception a tool of transnational governance, the author argues that black kinship studies also informed the development of the dutch welfare state in the aftermath of decolonisation. drawing upon dutch state - and municipal - archival sources as well as the private papers and published works of key figures in black kinship studies, she charts how publicly-funded sociologists and anthropologists tracked dutch citizens from suriname and the netherlands antilles through the metropolitan welfare state, producing a corpus of knowledge that connected kinship and welfare reliance. though caribbean-born dutch citizens opposed the racist assumptions of state-funded scholarship, research on black kinship ultimately informed the course of dutch welfarism from the expansion of interventionist programmes in the 1970s to retrenchment in the 1990s.",False,1
Multiculturalism and welfare state integration: Swedish model path dependency,"The present article offers an account of Swedish integration policies in the post-war period. The theoretical purpose is to assess Christian Joppke's hypothesis that recent trends of integration policy convergence have rendered the national model approach analytically useless. The analysis shows that Sweden deviates, in some important respects, from the European trend by not formulating demands that link integration achievements to immigrants' access to fundamental rights. The conclusion is that the Swedish case does not support Joppke's hypothesis, but rather indicates that path dependency of national models is a valid explanation to ongoing developments. It is argued that the Swedish exception should be understood as an expression of the persistent impact of a policy logic according to which integration requires that all citizens have equal and universal access to certain fundamental rights. The article builds on general comparisons with European policy developments and uses Denmark as a more specific reference point.",WOS:000343216200007,"Borevi, K",IDENTITIES-GLOBAL STUDIES IN CULTURE AND POWER,6.0,21,multiculturalism; Sweden; Denmark; welfare state; citizenship; integration policies,Article,2014,10.1080/1070289X.2013.868351,708.0,723,wos,welfarestatechange,multiculturalism and welfare state integration: swedish model path dependency,"the present article offers an account of swedish integration policies in the post-war period. the theoretical purpose is to assess christian joppke's hypothesis that recent trends of integration policy convergence have rendered the national model approach analytically useless. the analysis shows that sweden deviates, in some important respects, from the european trend by not formulating demands that link integration achievements to immigrants' access to fundamental rights. the conclusion is that the swedish case does not support joppke's hypothesis, but rather indicates that path dependency of national models is a valid explanation to ongoing developments. it is argued that the swedish exception should be understood as an expression of the persistent impact of a policy logic according to which integration requires that all citizens have equal and universal access to certain fundamental rights. the article builds on general comparisons with european policy developments and uses denmark as a more specific reference point.",False,1
Pressure without Pain: What Politicians (Don't) Tell You about Welfare State Change,"How do political leaders politicise welfare state reform pressures, e.g. unemployment, ageing or globalisation, in election campaigns? Competing expectations range from no politicization at all to a clear and unbiased coupling between pressures and intended policy responses. Eighteen speeches held by prime ministerial candidates at election-year party congresses in Germany, Norway and Sweden (2000-2010) reveal an unfinished and biased problem-solution coupling. On the one hand, even in these affluent countries pressures are frequently politicised. On the other hand, leaders either cherry-pick less painful policy solutions, or refrain altogether from debating them. So, while citizens learn that the welfare state is pressured, they are not exposed to the full range of policies they increasingly have reason to expect after elections.",WOS:000489327000010,"Goerres, A; Kumlin, S; Karlsen, R",JOURNAL OF SOCIAL POLICY,4.0,48,,Article,2019,10.1017/S0047279419000138,861.0,884,wos,welfarestatechange,pressure without pain: what politicians (don't) tell you about welfare state change,"how do political leaders politicise welfare state reform pressures, e.g. unemployment, ageing or globalisation, in election campaigns? competing expectations range from no politicization at all to a clear and unbiased coupling between pressures and intended policy responses. eighteen speeches held by prime ministerial candidates at election-year party congresses in germany, norway and sweden (2000-2010) reveal an unfinished and biased problem-solution coupling. on the one hand, even in these affluent countries pressures are frequently politicised. on the other hand, leaders either cherry-pick less painful policy solutions, or refrain altogether from debating them. so, while citizens learn that the welfare state is pressured, they are not exposed to the full range of policies they increasingly have reason to expect after elections.",False,1
"Discourse, learning and welfare state change: The case of german labour market reforms","In this article we argue that Germany has significantly changed its approach to labour market policies (LMPs) during the past decade; in many instances Britain has served as a model to learn from. In a first step, we identify the core institutional arrangements of the conservative approach to LMP in Germany and contrast them with the liberal approach, using the UK as an example. Secondly, we trace the development and nature of changes in German LMP since the 1990s. We show that the policy has increasingly incorporated elements of, and to a considerable extent shifted towards, a liberal approach. Thirdly, we review competing theoretical approaches that might explain this turn in LMP and conclude that changed interpretative patterns have been crucial to understand the overall shift. Fourthly, utilizing the policy transfer framework, we show that in regards to the specific policy instruments German policy-makers have learnt from the experiences in the UK.",WOS:000249197800001,"Seeleib-Kaiser, M; Fleckenstein, T",SOCIAL POLICY & ADMINISTRATION,5.0,41,welfare state change; discourse; learning; Germany; unemployment insurance; active labour market policy,Article,2007,10.1111/j.1467-9515.2007.00566.x,427.0,448,wos,welfarestatechange,"discourse, learning and welfare state change: the case of german labour market reforms","in this article we argue that germany has significantly changed its approach to labour market policies (lmps) during the past decade; in many instances britain has served as a model to learn from. in a first step, we identify the core institutional arrangements of the conservative approach to lmp in germany and contrast them with the liberal approach, using the uk as an example. secondly, we trace the development and nature of changes in german lmp since the 1990s. we show that the policy has increasingly incorporated elements of, and to a considerable extent shifted towards, a liberal approach. thirdly, we review competing theoretical approaches that might explain this turn in lmp and conclude that changed interpretative patterns have been crucial to understand the overall shift. fourthly, utilizing the policy transfer framework, we show that in regards to the specific policy instruments german policy-makers have learnt from the experiences in the uk.",False,1
Industrial relations as a source of solidarity in times of welfare state retrenchment,"Within the literature on retrenchment policies, the 'solidarity-decline thesis' is discussed. it is argued that current welfare state restructuring leads to a decrease in the actual social cohesion of society because redistributive public benefits are cut. The article addresses this thesis by presenting empirical evidence on social security based on collective bargaining. In Denmark, France, Germany and the Netherlands, collective agreements are increasingly used to regulate and finance social benefits. These collectively negotiated benefits may compensate to a certain degree for solidarity losses caused by retrenchment policies. The article reviews concepts of solidarity used in the literature and develops a two-dimensional scheme of four different concepts. The conclusion for comparative welfare state research is twofold. First, when viewing policies of welfare state retrenchment, the research should systematically include industrial relations in its frame of reference, Second, further studies should analyse the politics as well as the outcomes of collectively negotiated benefits more systematically. Under certain conditions, which are worth specifying, collective bargaining may lead to complex public-private mixes that shift welfare states in other directions than outright market liberalisation, not only in factual but also in normative terms.",WOS:000245152200002,"Trampusch, C",JOURNAL OF SOCIAL POLICY,,36,,Article,2007,10.1017/S0047279406000560,197.0,215,wos,welfarestatechange,industrial relations as a source of solidarity in times of welfare state retrenchment,"within the literature on retrenchment policies, the 'solidarity-decline thesis' is discussed. it is argued that current welfare state restructuring leads to a decrease in the actual social cohesion of society because redistributive public benefits are cut. the article addresses this thesis by presenting empirical evidence on social security based on collective bargaining. in denmark, france, germany and the netherlands, collective agreements are increasingly used to regulate and finance social benefits. these collectively negotiated benefits may compensate to a certain degree for solidarity losses caused by retrenchment policies. the article reviews concepts of solidarity used in the literature and develops a two-dimensional scheme of four different concepts. the conclusion for comparative welfare state research is twofold. first, when viewing policies of welfare state retrenchment, the research should systematically include industrial relations in its frame of reference, second, further studies should analyse the politics as well as the outcomes of collectively negotiated benefits more systematically. under certain conditions, which are worth specifying, collective bargaining may lead to complex public-private mixes that shift welfare states in other directions than outright market liberalisation, not only in factual but also in normative terms.",False,1
Towards a Schumpeterian workfare postnational regime: path-shaping and path-dependency in Danish welfare state reform,"The present article offers an analysis of the dialectics of path-shaping and path-dependency in relation to recent Danish reforms which appear to bring us from the Keynesian welfare national state to a Schumpeterian workfare postnational regime. It provides a brief outline of the theoretical framework for understanding the restructuration of the Danish welfare state along these lines of thought, and describes and characterizes the recent reforms in the field of economic and social policy. To explain this particular formulation, choice and implementation of the Danish restructuration strategy the article provides an heuristic account of the dialectics of path-shaping and path-depending. The conclusion reflects on possibilities for future research into the intricacies of welfare state restructuring.",WOS:000082373800002,"Torfing, J",ECONOMY AND SOCIETY,3.0,28,post-Fordism; welfare; workfare; social reform; path-dependency,Article,1999,10.1080/03085149900000010,369.0,402,wos,welfarestatechange,towards a schumpeterian workfare postnational regime: path-shaping and path-dependency in danish welfare state reform,"the present article offers an analysis of the dialectics of path-shaping and path-dependency in relation to recent danish reforms which appear to bring us from the keynesian welfare national state to a schumpeterian workfare postnational regime. it provides a brief outline of the theoretical framework for understanding the restructuration of the danish welfare state along these lines of thought, and describes and characterizes the recent reforms in the field of economic and social policy. to explain this particular formulation, choice and implementation of the danish restructuration strategy the article provides an heuristic account of the dialectics of path-shaping and path-depending. the conclusion reflects on possibilities for future research into the intricacies of welfare state restructuring.",False,1
"Ending welfare as we know it (again): Welfare state retrenchment, 1989-1995","In the late 1980s and 1990s, the Aid to Families with Dependent Children fell victim to a dramatic retrenchment as states submitted waivers, or permission slips to experiment with their public assistance programs by implementing new methods of exclusion and regulation. We find that Republican states were quick to submit federal waivers to the the AFDC program,as were states with high AFDC payments. As Soule and Zylan (1997) found in their study of an earlier wave of welfare retrenchment in the U.S., states with higher minority group populations and heavier AFDC caseloads were quick to pass waivers. Following Pierson (1994, 1996), we find that states with an increasing tax revenue base and with a high proportion of Social Security recipients were quick to submit waivers, while states with a high proportion of Unemployment Insurance recipients were slow to do so. We also find evidence for the geographic diffusion of waiver submission and that states experiencing fiscal crisis were more susceptible to the diffusing of waivers. Finally, we find that states which are traditionally innovative with regard to policy decisions served as referents to other states puzzling over whether or not to submit waivers.",WOS:000165819400009,"Zylan, Y; Soule, SA",SOCIAL FORCES,2.0,79,,Article,2000,10.2307/2675511,623.0,652,wos,welfarestatechange,"ending welfare as we know it (again): welfare state retrenchment, 1989-1995","in the late 1980s and 1990s, the aid to families with dependent children fell victim to a dramatic retrenchment as states submitted waivers, or permission slips to experiment with their public assistance programs by implementing new methods of exclusion and regulation. we find that republican states were quick to submit federal waivers to the the afdc program,as were states with high afdc payments. as soule and zylan (1997) found in their study of an earlier wave of welfare retrenchment in the u.s., states with higher minority group populations and heavier afdc caseloads were quick to pass waivers. following pierson (1994, 1996), we find that states with an increasing tax revenue base and with a high proportion of social security recipients were quick to submit waivers, while states with a high proportion of unemployment insurance recipients were slow to do so. we also find evidence for the geographic diffusion of waiver submission and that states experiencing fiscal crisis were more susceptible to the diffusing of waivers. finally, we find that states which are traditionally innovative with regard to policy decisions served as referents to other states puzzling over whether or not to submit waivers.",False,1
Disrupting the Welfare State? Digitalisation and the Retrenchment of Public Sector Capacity,"Welfare state bureaucracies the world over have adopted far-reaching digitalisation reforms in recent years. From the deployment of AI in service management, to the 'opening up' of administrative datasets, digitalisation initiatives have uprooted established modes of public sector organisation and administration. And, as this paper suggests, they have also fundamentally transformed the political economy of the welfare state. Through a case study of Danish reforms between 2002 and 2019, the analysis finds that public sector digitalisation has entailed the transfer of responsibility for key infrastructure to private actors. Reforms in Denmark have not only been pursued in the name of public sector improvement and efficiency. A principal objective of public sector digitalisation has rather been the growth of Denmark's nascent digital technology industries as part of the state's wider export-led growth strategy, adopted in response to functional pressures on the welfare state model. The attempt to deliver fiscal stability in this way has, paradoxically, produced retrenchment of critical assets and capabilities. The paper's findings hold important implications for states embarking on public sector digitalisation reforms, as well as possibilities for future research on how states can harness technological progress in the interests of citizens - without hollowing out in the process.",WOS:000673088500001,"Collington, R",NEW POLITICAL ECONOMY,2.0,27,Digitalisation; public sector; welfare state; retrenchment; political economy; state capacity,Article,2022,10.1080/13563467.2021.1952559,312.0,328,wos,welfarestatechange,disrupting the welfare state? digitalisation and the retrenchment of public sector capacity,"welfare state bureaucracies the world over have adopted far-reaching digitalisation reforms in recent years. from the deployment of ai in service management, to the 'opening up' of administrative datasets, digitalisation initiatives have uprooted established modes of public sector organisation and administration. and, as this paper suggests, they have also fundamentally transformed the political economy of the welfare state. through a case study of danish reforms between 2002 and 2019, the analysis finds that public sector digitalisation has entailed the transfer of responsibility for key infrastructure to private actors. reforms in denmark have not only been pursued in the name of public sector improvement and efficiency. a principal objective of public sector digitalisation has rather been the growth of denmark's nascent digital technology industries as part of the state's wider export-led growth strategy, adopted in response to functional pressures on the welfare state model. the attempt to deliver fiscal stability in this way has, paradoxically, produced retrenchment of critical assets and capabilities. the paper's findings hold important implications for states embarking on public sector digitalisation reforms, as well as possibilities for future research on how states can harness technological progress in the interests of citizens - without hollowing out in the process.",False,1
Does Targeting Always Mean Retrenchment? Housing Assistance Exceptionalism in Canadian Welfare State,"According to many scholars, policy targeting is the product of conservative and/or neoliberal politics. Targeting is perceived as a reduction of social welfare or a form of exclusion, usually resulting in no winners but only losers. Based on the study of housing assistance in Canadian provinces, this article argues that alternative views are possible. I emphasize the historic low coverage of housing assistance, that I term the housing exceptionalism, which refers to the small number of households who benefit from government support. The exceptionalism sets the stage to understanding why the vulnerable citizen winners have gained over the moderate-income losers.",WOS:000561684400001,"Bendaoud, M",ADMINISTRATION & SOCIETY,3.0,53,housing policy; targeting; retrenchment; welfare state; Canada,Article,2021,10.1177/0095399720947992,439.0,467,wos,welfarestatechange,does targeting always mean retrenchment? housing assistance exceptionalism in canadian welfare state,"according to many scholars, policy targeting is the product of conservative and/or neoliberal politics. targeting is perceived as a reduction of social welfare or a form of exclusion, usually resulting in no winners but only losers. based on the study of housing assistance in canadian provinces, this article argues that alternative views are possible. i emphasize the historic low coverage of housing assistance, that i term the housing exceptionalism, which refers to the small number of households who benefit from government support. the exceptionalism sets the stage to understanding why the vulnerable citizen winners have gained over the moderate-income losers.",False,1
"The Welfare State or the Economy? Preferences, Constituencies, and Strategies for Retrenchment","The assumption that voters systematically defend the welfare state is challenged by recent research showing that parties are on average not punished and sometimes even rewarded for welfare state retrenchment. We work to understand better the micro-foundations for this finding of non-punishment by exploring individuals' preferences over social policy. In particular, we distinguish general support for redistribution from views that existing levels of government spending strain the economy. As voters value economic stability in addition to equality, they are hypothesized to tolerate or support retrenchment when they feel that there are economic costs at stake. Analyzing a sample of 13 European societies with data from the European Social Survey Round 4, our results show that only welfare state supporters who do not believe that the welfare state hampers the economy punish retrenching governments. This finding helps explain the lack of more widespread electoral punishment following retrenchment, though other results also suggest that retrenchment involves a rather delicate process of juggling the preferences of diverse constituencies.",WOS:000325764700016,"Giger, N; Nelson, M",EUROPEAN SOCIOLOGICAL REVIEW,5.0,29,,Article,2013,10.1093/esr/jcs082,1083.0,1094,wos,welfarestatechange,"the welfare state or the economy? preferences, constituencies, and strategies for retrenchment","the assumption that voters systematically defend the welfare state is challenged by recent research showing that parties are on average not punished and sometimes even rewarded for welfare state retrenchment. we work to understand better the micro-foundations for this finding of non-punishment by exploring individuals' preferences over social policy. in particular, we distinguish general support for redistribution from views that existing levels of government spending strain the economy. as voters value economic stability in addition to equality, they are hypothesized to tolerate or support retrenchment when they feel that there are economic costs at stake. analyzing a sample of 13 european societies with data from the european social survey round 4, our results show that only welfare state supporters who do not believe that the welfare state hampers the economy punish retrenching governments. this finding helps explain the lack of more widespread electoral punishment following retrenchment, though other results also suggest that retrenchment involves a rather delicate process of juggling the preferences of diverse constituencies.",False,1
How Do Social Democrats Legitimize Cutbacks? Welfare Retrenchment to Save the Welfare State,"Social democratic parties have contributed to the development of welfare state retrenchment in many European countries. While numerous studies have attempted to explain this, few have focused on how parties legitimize cuts, given that they are often unpopular with social democratic voters. Examining Sweden, we argue that the Swedish Social Democratic Party has developed a legitimation model that presents welfare cuts as a way of safeguarding the welfare state. This model has been persistently used since the early 1990s and is now central to the party's rhetoric. This has implications for how we should understand the ideological development of Swedish social democracy and suggests that it may be fruitful to study how welfare cuts are justified in other empirical contexts.",WOS:001443762400001,"Altermark, N; Plesner, A",GOVERNMENT AND OPPOSITION,3.0,60,social democracy; Sweden; welfare retrenchment; legitimations,Article,2025,10.1017/gov.2025.1,664.0,681,wos,welfarestatechange,how do social democrats legitimize cutbacks? welfare retrenchment to save the welfare state,"social democratic parties have contributed to the development of welfare state retrenchment in many european countries. while numerous studies have attempted to explain this, few have focused on how parties legitimize cuts, given that they are often unpopular with social democratic voters. examining sweden, we argue that the swedish social democratic party has developed a legitimation model that presents welfare cuts as a way of safeguarding the welfare state. this model has been persistently used since the early 1990s and is now central to the party's rhetoric. this has implications for how we should understand the ideological development of swedish social democracy and suggests that it may be fruitful to study how welfare cuts are justified in other empirical contexts.",False,1
Welfare reform by stealth? Cash benefit recipiency data and its additional value to the understanding of welfare state change in Europe,"Trends in social protection schemes have been one of the main subjects in comparative welfare state research, not least since the financial crisis and the austerity measures that many European countries implemented in its aftermath. One of the key debates in literature is about how to measure the extent of public welfare provision as an indicator of welfare state change. Many quantitative researchers have used macro-level data on programmatic social expenditure or on the generosity of benefit rights, bringing forth major theories of welfare state retrenchment, system convergence, path dependency and paradigm changes in social policies. Recently, however, micro-level data on cash benefit receipt is seen as an alternative measure of welfare state change. Instead of gauging the cost reality of spending trends or the law reality of social rights reforms, this indicator is claimed to provide insight into changes of actual welfare receipt. This article studies benefit recipiency data from the EU Statistics on Income and Living Conditions, covering 14 European countries for the period 2003 to 2013. It investigates cross-national welfare state dynamics by analysing national receipt-based benefit access rates and transfer shares and how they relate to dynamics in the prevailing indicators. Results show how much the choice of the indicator for the dependent variable affects the results of descriptive accounts of welfare state change. In addition, findings indicate what could be called welfare state reform by stealth. In several countries, levels of unemployment benefits stay significantly behind the development of median household incomes. This observation applies particularly to countries that are believed to have generous welfare systems, and it has not been revealed by research based on disaggregated social spending data or social rights data.",WOS:000470325500001,"Otto, A; van Oorschot, W",JOURNAL OF EUROPEAN SOCIAL POLICY,3.0,29,Benefit recipiency data; dependent variable problem; EU-SILC; welfare state change,Article,2019,10.1177/0958928718796299,307.0,324,wos,welfarestatechange,welfare reform by stealth? cash benefit recipiency data and its additional value to the understanding of welfare state change in europe,"trends in social protection schemes have been one of the main subjects in comparative welfare state research, not least since the financial crisis and the austerity measures that many european countries implemented in its aftermath. one of the key debates in literature is about how to measure the extent of public welfare provision as an indicator of welfare state change. many quantitative researchers have used macro-level data on programmatic social expenditure or on the generosity of benefit rights, bringing forth major theories of welfare state retrenchment, system convergence, path dependency and paradigm changes in social policies. recently, however, micro-level data on cash benefit receipt is seen as an alternative measure of welfare state change. instead of gauging the cost reality of spending trends or the law reality of social rights reforms, this indicator is claimed to provide insight into changes of actual welfare receipt. this article studies benefit recipiency data from the eu statistics on income and living conditions, covering 14 european countries for the period 2003 to 2013. it investigates cross-national welfare state dynamics by analysing national receipt-based benefit access rates and transfer shares and how they relate to dynamics in the prevailing indicators. results show how much the choice of the indicator for the dependent variable affects the results of descriptive accounts of welfare state change. in addition, findings indicate what could be called welfare state reform by stealth. in several countries, levels of unemployment benefits stay significantly behind the development of median household incomes. this observation applies particularly to countries that are believed to have generous welfare systems, and it has not been revealed by research based on disaggregated social spending data or social rights data.",False,1
"Social security expenditures in Ireland, 1981-2007: an analysis of welfare state change","The analysis of welfare state change is bedevilled by controversy about how to define and measure change, and about the role of expenditure data in quantifying change. Using social security in Ireland as an illustration, this article shows that national-level expenditure data, properly decomposed and disaggregated, can identify patterns of change that are masked in highly aggregated, comparative data. Social security in Ireland, when examined through the lens of detailed, national data, has experienced quite varied patterns of change that combine expansion, retrenchment and extension, substantiating the emerging findings that small states are not necessarily prone to general retrenchment.",WOS:000310491600006,"McCashin, A",POLICY AND POLITICS,4.0,40,Ireland; retrenchment; social security,Article,2012,10.1332/030557312X645784,547.0,567,wos,welfarestatechange,"social security expenditures in ireland, 1981-2007: an analysis of welfare state change","the analysis of welfare state change is bedevilled by controversy about how to define and measure change, and about the role of expenditure data in quantifying change. using social security in ireland as an illustration, this article shows that national-level expenditure data, properly decomposed and disaggregated, can identify patterns of change that are masked in highly aggregated, comparative data. social security in ireland, when examined through the lens of detailed, national data, has experienced quite varied patterns of change that combine expansion, retrenchment and extension, substantiating the emerging findings that small states are not necessarily prone to general retrenchment.",False,1
Paradigm shift: Exploring the impact of digital technologies on the welfare state through a systematic literature review,"This systematic literature review (SLR) explores the impact of digital technologies on welfare states and bureaucracies, analyzing the evolving dynamics between the state and citizens. The integration of digital technologies reshapes traditional interactions, granting citizens new levels of autonomy and responsibility. Service delivery evolves from conventional bureaucracies to dynamic, data-driven systems. Employing the PRISMA methodology, the review covers articles from 2017 to 2024, synthesizing insights from 37 selected articles. Key themes, challenges, and opportunities associated with digital transformation in the welfare state are identified. The study offers valuable insights for policymakers, scholars, and practitioners navigating the complex intersection of technology and welfare provision. It underscores the need for a balanced approach to welfare transformation, addressing both the benefits of digitalization and potential challenges such as exclusion, citizen profiling, and other ethical concerns.",WOS:001261166700001,"Alexopoulou, S",SOCIAL POLICY & ADMINISTRATION,1.0,59,citizens; digital technologies; public services; SLR; welfare state,Article,2025,10.1111/spol.13054,135.0,157,wos,welfarestatechange,paradigm shift: exploring the impact of digital technologies on the welfare state through a systematic literature review,"this systematic literature review (slr) explores the impact of digital technologies on welfare states and bureaucracies, analyzing the evolving dynamics between the state and citizens. the integration of digital technologies reshapes traditional interactions, granting citizens new levels of autonomy and responsibility. service delivery evolves from conventional bureaucracies to dynamic, data-driven systems. employing the prisma methodology, the review covers articles from 2017 to 2024, synthesizing insights from 37 selected articles. key themes, challenges, and opportunities associated with digital transformation in the welfare state are identified. the study offers valuable insights for policymakers, scholars, and practitioners navigating the complex intersection of technology and welfare provision. it underscores the need for a balanced approach to welfare transformation, addressing both the benefits of digitalization and potential challenges such as exclusion, citizen profiling, and other ethical concerns.",False,1
SOPHIE'S CHOICE Social attitudes to welfare state retrenchment in bailed-out Portugal,"This article examines social attitudes towards social rights in Portugal. It utilizes original survey data from 2013 to study the distribution of welfare attitudes in a context of economic austerity and welfare retrenchment. The main argument is that there are at least two sources of preference formation regarding public social provision: one is universalistic (or needs-based), and the other is contributory. These two logics frame choices concerning the future of the welfare state in Portugal. We explore the determinants of this choice through three hypotheses: dualization between insiders and outsiders (H1), the type of welfare regime (H2) and social rights consciousness (H3). Our findings suggest that choice between universalistic and contributory models is not impervious to macro-institutional factors and labour market performance. The paper's main contribution, however, is to empirically demonstrate that this choice is significantly shaped by pre-existing understandings of social rights in Portugal, namely its politically contested character.",WOS:000359704500005,"da Silva, FC; Martinez, LV",EUROPEAN SOCIETIES,3.0,17,welfare attitudes; social rights; social rights consciousness; welfare regimes; dualization; Portugal,Article,2015,10.1080/14616696.2015.1035299,351.0,371,wos,welfarestatechange,sophie's choice social attitudes to welfare state retrenchment in bailed-out portugal,"this article examines social attitudes towards social rights in portugal. it utilizes original survey data from 2013 to study the distribution of welfare attitudes in a context of economic austerity and welfare retrenchment. the main argument is that there are at least two sources of preference formation regarding public social provision: one is universalistic (or needs-based), and the other is contributory. these two logics frame choices concerning the future of the welfare state in portugal. we explore the determinants of this choice through three hypotheses: dualization between insiders and outsiders (h1), the type of welfare regime (h2) and social rights consciousness (h3). our findings suggest that choice between universalistic and contributory models is not impervious to macro-institutional factors and labour market performance. the paper's main contribution, however, is to empirically demonstrate that this choice is significantly shaped by pre-existing understandings of social rights in portugal, namely its politically contested character.",False,1
'Marx' or the Market? Intra-party Power and Social Democratic Welfare State Retrenchment,"Differences in the intra-party balance of power explain variation in social democratic responses to the economic crisis of the late 1970s. This article evidences this claim by analysing the case of welfare state retrenchment by social democratic parties. Welfare state retrenchment is electorally risky for social democrats and often contrary to their principles. Therefore cases of welfare state retrenchment by social democrats provide an excellent case study of the difficult trade-offs parties have to make between office, policy and vote pay-offs. The article claims that leadership-dominated parties advance office-seeking strategies and are therefore responsive to economic conditions and public opinion. Conversely, activist-dominated parties advance policy-seeking strategies and therefore support traditional social democratic policy platforms or seek more radical solutions. By comparing seven social democratic parties (Denmark, France, Germany, the Netherlands, Spain, Sweden and the UK) between 1980 and 2005, this article explains variation in when social democrats introduced welfare state retrenchment.",WOS:000307926300005,"Schumacher, G",WEST EUROPEAN POLITICS,5.0,35,,Article,2012,10.1080/01402382.2012.706409,1024.0,1043,wos,welfarestatechange,'marx' or the market? intra-party power and social democratic welfare state retrenchment,"differences in the intra-party balance of power explain variation in social democratic responses to the economic crisis of the late 1970s. this article evidences this claim by analysing the case of welfare state retrenchment by social democratic parties. welfare state retrenchment is electorally risky for social democrats and often contrary to their principles. therefore cases of welfare state retrenchment by social democrats provide an excellent case study of the difficult trade-offs parties have to make between office, policy and vote pay-offs. the article claims that leadership-dominated parties advance office-seeking strategies and are therefore responsive to economic conditions and public opinion. conversely, activist-dominated parties advance policy-seeking strategies and therefore support traditional social democratic policy platforms or seek more radical solutions. by comparing seven social democratic parties (denmark, france, germany, the netherlands, spain, sweden and the uk) between 1980 and 2005, this article explains variation in when social democrats introduced welfare state retrenchment.",False,1
From family security to the welfare state: Path dependency of social security on the difference in legal origins,"We provide a new framework to analyze law and public finance from the perspective of difference in legal origins. The size of the welfare system differs from country to country. The security net provided by the family and other informal institutions also varies. Our two-sector model links these phenomena. We consider two cases of security. The first considers security achieved through intra-household resource redistribution in the traditional sector. The second case considers the welfare state, which taxes the modern sector. Switching from intense family security to an extensive welfare state model enhances growth because state taxation on the modern sector harnesses the potential productivity of the entire economy. In contrast, countries with low levels of family security should transition to a small welfare state model to sustain growth. This finding explains the different trends of welfare benefits in civil law and common law countries. The different sizes of the welfare state have their origins in family law, which differently stipulates family security between civil law and common law countries.",WOS:000496897200022,"Nakabayashi, M",ECONOMIC MODELLING,,82,Law and public finance; Welfare state capacity; Family security; Law origins; Two-sector model,Article,2019,10.1016/j.econmod.2019.01.011,280.0,293,wos,welfarestatechange,from family security to the welfare state: path dependency of social security on the difference in legal origins,"we provide a new framework to analyze law and public finance from the perspective of difference in legal origins. the size of the welfare system differs from country to country. the security net provided by the family and other informal institutions also varies. our two-sector model links these phenomena. we consider two cases of security. the first considers security achieved through intra-household resource redistribution in the traditional sector. the second case considers the welfare state, which taxes the modern sector. switching from intense family security to an extensive welfare state model enhances growth because state taxation on the modern sector harnesses the potential productivity of the entire economy. in contrast, countries with low levels of family security should transition to a small welfare state model to sustain growth. this finding explains the different trends of welfare benefits in civil law and common law countries. the different sizes of the welfare state have their origins in family law, which differently stipulates family security between civil law and common law countries.",False,1
Partisan Effects on Welfare State Retrenchment: Empirical Evidence from a Measurement of Government Intentions,"The effect of partisanship is disputed in the literature on welfare state retrenchment. The new politics school argues that partisan conflicts are irrelevant to the understanding of retrenchment, but the second generation of retrenchment research concludes that such conflicts are still important. We engage in this debate by introducing a new empirical approach. Our method provides a necessary but currently missing link in the second generation of retrenchment studies which theorize on the input side of welfare state reform but conduct empirical studies on the output side. Our empirical approach entails a new type of data, compiled on the basis of content analysis of adopted laws, and we analyze the intentions pursued by incumbent governments in social policy-making. Based on an empirical study, we find partisan effects in programmes protecting against social risks that are disproportionally distributed among social strata.",WOS:000313347300003,"Klitgaard, MB; Elmelund-Præstekær, C",SOCIAL POLICY & ADMINISTRATION,1.0,47,Welfare state; Retrenchment; Partisan politics; Policy change; Social policy,Article,2013,10.1111/j.1467-9515.2012.00850.x,50.0,71,wos,welfarestatechange,partisan effects on welfare state retrenchment: empirical evidence from a measurement of government intentions,"the effect of partisanship is disputed in the literature on welfare state retrenchment. the new politics school argues that partisan conflicts are irrelevant to the understanding of retrenchment, but the second generation of retrenchment research concludes that such conflicts are still important. we engage in this debate by introducing a new empirical approach. our method provides a necessary but currently missing link in the second generation of retrenchment studies which theorize on the input side of welfare state reform but conduct empirical studies on the output side. our empirical approach entails a new type of data, compiled on the basis of content analysis of adopted laws, and we analyze the intentions pursued by incumbent governments in social policy-making. based on an empirical study, we find partisan effects in programmes protecting against social risks that are disproportionally distributed among social strata.",False,1
The impact of partisanship in the era of retrenchment: Insights from quantitative welfare state research,"Does government partisanship still matter in the era of welfare retrenchment? The comprehensive quantitative research on this question offers contradicting answers. Our meta-analysis demonstrates that the results of published empirical studies depend on a number of the studies' characteristics. Focusing on studies on retrenchment-prone 'old social policies', we show that the single most important factor affecting the results on partisanship is the choice of the dependent variable. In general, studies using entitlements are four times more likely to find partisan effects than studies based on social spending. Furthermore, partisan effects are more pronounced in class-related programmes like unemployment benefits and sick pay than in lifecourse-related welfare programmes such as pensions. Finally, we show a clear decline of partisanship over time. Some recent studies, however, indicate that innovations in terms of operationalisation and measurement of the independent variable may bring new life to the debate on the persistence of partisanship.",WOS:000511479700004,"Bandau, F; Ahrens, L",JOURNAL OF EUROPEAN SOCIAL POLICY,1.0,30,Meta-study; new politics of the welfare state; old social policies; partisan effects; retrenchment; social spending; welfare generosity,Article,2020,10.1177/0958928719868446,34.0,47,wos,welfarestatechange,the impact of partisanship in the era of retrenchment: insights from quantitative welfare state research,"does government partisanship still matter in the era of welfare retrenchment? the comprehensive quantitative research on this question offers contradicting answers. our meta-analysis demonstrates that the results of published empirical studies depend on a number of the studies' characteristics. focusing on studies on retrenchment-prone 'old social policies', we show that the single most important factor affecting the results on partisanship is the choice of the dependent variable. in general, studies using entitlements are four times more likely to find partisan effects than studies based on social spending. furthermore, partisan effects are more pronounced in class-related programmes like unemployment benefits and sick pay than in lifecourse-related welfare programmes such as pensions. finally, we show a clear decline of partisanship over time. some recent studies, however, indicate that innovations in terms of operationalisation and measurement of the independent variable may bring new life to the debate on the persistence of partisanship.",False,1
"On the Crisis in the Welfare State: Retrenchment, Faustian Transformation, or What?","On the Crisis in the Welfare State: Retrenchment, Faustian Transformation, or What? The crisis in the welfare state has been announced for nearly four decades, prophesying its retrenchment or even its imminent demise. The article examines this position, based on an operational definition of welfare state, the meanings ascribed to its crisis, and a compilation of the available evidence, and concludes that while the scenarios of retrenchment and imminent demise can be ruled out, other perils such as the privatization of social policies appear to be more serious. The conclusions suggest that the extent to which such hazards represent a negotiation of the welfare state's soul needs to be evaluated not only in economic and financial metrics, but also through a normative framework.",WOS:000309473100006,"Kerstenetzky, CL",DADOS-REVISTA DE CIENCIAS SOCIAIS,2.0,55,welfare state; welfare state crisis; private social policies; public domain; political economy,Article,2012,10.1590/S0011-52582012000200006,447.0,485,wos,welfarestatechange,"on the crisis in the welfare state: retrenchment, faustian transformation, or what?","on the crisis in the welfare state: retrenchment, faustian transformation, or what? the crisis in the welfare state has been announced for nearly four decades, prophesying its retrenchment or even its imminent demise. the article examines this position, based on an operational definition of welfare state, the meanings ascribed to its crisis, and a compilation of the available evidence, and concludes that while the scenarios of retrenchment and imminent demise can be ruled out, other perils such as the privatization of social policies appear to be more serious. the conclusions suggest that the extent to which such hazards represent a negotiation of the welfare state's soul needs to be evaluated not only in economic and financial metrics, but also through a normative framework.",False,1
"The Continental Social Investment Turn: Sequencing Corrective and Transformative Welfare State Change in the Netherlands, Germany, and Italy","European welfare states have experienced a binary transformation characterized by recalibration of traditional social protection programs and expansion of employment-oriented social policies, favoring the emergence of dual-earner families. This article sheds a new light on the pathways leading to these transformations in continental Europe. Theoretically, we characterize continental European welfare states as a configuration of complementary and interacting labor market and social policy provisions. We conjecture that such welfare state types are prone to evolve through a sequential process of institutional change where new social policy provisions emerge to correct and enhance the effectiveness of previously implemented labor market policies in pursuit of novel policy objectives. The timing and pace of this sequence is mediated by governments' cognitive orientations and their responsiveness toward domestic societal interests. Through a qualitative comparative process analysis, we find evidence of our theorized three-pronged sequence of institutional change in the Netherlands, Germany, and Italy.",WOS:001278261900001,"Di Carlo, D; Hemerijck, A; Karremans, J",POLITICS & SOCIETY,1.0,53,welfare state; institutional complementarity; social policy; comparative politics; social investment,Article,2025,10.1177/00323292241252261,29.0,56,wos,welfarestatechange,"the continental social investment turn: sequencing corrective and transformative welfare state change in the netherlands, germany, and italy","european welfare states have experienced a binary transformation characterized by recalibration of traditional social protection programs and expansion of employment-oriented social policies, favoring the emergence of dual-earner families. this article sheds a new light on the pathways leading to these transformations in continental europe. theoretically, we characterize continental european welfare states as a configuration of complementary and interacting labor market and social policy provisions. we conjecture that such welfare state types are prone to evolve through a sequential process of institutional change where new social policy provisions emerge to correct and enhance the effectiveness of previously implemented labor market policies in pursuit of novel policy objectives. the timing and pace of this sequence is mediated by governments' cognitive orientations and their responsiveness toward domestic societal interests. through a qualitative comparative process analysis, we find evidence of our theorized three-pronged sequence of institutional change in the netherlands, germany, and italy.",False,1
"Do Party Governments Matter After All? Executive Ideology, Constitutional Structures and their Combined Effect on Welfare State Change","This paper presents a series of innovative, pooled time-series, cross-section (TSCS) regression models for 18 OECD countries (1971-2001) to explore the impact of executive ideology alternation and constitutional structures on welfare state change. Unlike other approaches in comparative welfare state research, the models specified in this paper focus not on the content or direction, but on the extent of change. Interaction effects between executive ideology alternation and constitutional structures are emphasized. The paper suggests that the effect of party ideology is particularly strong in political systems that concentrate power in the executive. In these systems, ideological differences from one cabinet to another lead to considerable policy change. Contrarily, systems with considerable degrees of consensus-based policy making are not only characterized by lower levels of welfare state change, but ideological differences of successive cabinets are more likely to lead to policy gridlock.",WOS:000294731300003,"Kühner, S",JOURNAL OF COMPARATIVE POLICY ANALYSIS,4.0,12,,Article,2010,10.1080/13876988.2010.495507,395.0,415,wos,welfarestatechange,"do party governments matter after all? executive ideology, constitutional structures and their combined effect on welfare state change","this paper presents a series of innovative, pooled time-series, cross-section (tscs) regression models for 18 oecd countries (1971-2001) to explore the impact of executive ideology alternation and constitutional structures on welfare state change. unlike other approaches in comparative welfare state research, the models specified in this paper focus not on the content or direction, but on the extent of change. interaction effects between executive ideology alternation and constitutional structures are emphasized. the paper suggests that the effect of party ideology is particularly strong in political systems that concentrate power in the executive. in these systems, ideological differences from one cabinet to another lead to considerable policy change. contrarily, systems with considerable degrees of consensus-based policy making are not only characterized by lower levels of welfare state change, but ideological differences of successive cabinets are more likely to lead to policy gridlock.",False,1
Deficit reduction as causal story: Strategic politics and welfare state retrenchment,"In 1993, the Government of Alberta, facing continued budget deficits and increasing public debt, announced a multibillion dollar reduction in social welfare expenditures that included large cuts to health care and education, and the elimination of thousands of public sector jobs. This article examines the Alberta government's attempts to overcome the often daunting challenge of effecting sizable reductions in social welfare expenditures. It explores how the government employed a number of political strategies in an effort to limit potential opposition to its retrenchment policies. The article argues the government was able to achieve its goals because it controlled the debate on the cause and potential consequences of deficit spending and government debt. This allowed the government to define problems and issues in terms that most suited its goal of restructuring the provincial welfare state. The conclusion notes that the Alberta experience offers an opportunity to add to the limited but growing literature on subnational social policy retrenchment.",WOS:000085794700007,"Wilson, PI",SOCIAL SCIENCE JOURNAL,1.0,37,,Article; Proceedings Paper,2000,10.1016/S0362-3319(99)00065-8,97.0,112,wos,welfarestatechange,deficit reduction as causal story: strategic politics and welfare state retrenchment,"in 1993, the government of alberta, facing continued budget deficits and increasing public debt, announced a multibillion dollar reduction in social welfare expenditures that included large cuts to health care and education, and the elimination of thousands of public sector jobs. this article examines the alberta government's attempts to overcome the often daunting challenge of effecting sizable reductions in social welfare expenditures. it explores how the government employed a number of political strategies in an effort to limit potential opposition to its retrenchment policies. the article argues the government was able to achieve its goals because it controlled the debate on the cause and potential consequences of deficit spending and government debt. this allowed the government to define problems and issues in terms that most suited its goal of restructuring the provincial welfare state. the conclusion notes that the alberta experience offers an opportunity to add to the limited but growing literature on subnational social policy retrenchment.",False,1
Liberalization without Retrenchment: Understanding the Consensus on Swedish Welfare State Reforms,"In 1980, Sweden was a highly regulated economy with several state monopolies and low levels of economic freedom. Less than twenty years later, liberal reforms turned Sweden into one of the world's most open economies with a remarkable increase in economic freedom. While there is resilience when it comes to high levels of taxes and expenditure shares of GDP, there has been a profound restructuring of Sweden's economy in the 1980s and 1990s that previous studies have under-estimated. Furthermore, the degree of political consensus is striking, both regarding the welfare state expansions that characterized Sweden up to 1980, as well as the subsequent liberalizations. Since established theories have difficulties explaining institutional change, this article seeks to understand how the Swedish style of policy making produced this surprising political consensus on liberal reforms. It highlights the importance of three complementary factors: policy making in Sweden has always been influenced by, and intimately connected to, social science; government commissions have functioned as 'early warning systems', pointing out future challenges and creating a common way to perceive problems; and, as a consequence, political consensus has evolved as a feature of Swedish style of policy making. The approach to policy making has been rationalistic, technocratic and pragmatic. The article concludes that the Swedish style of policy making not only explains the period of welfare state expansion - it is also applicable to the intense reform period of the 1980s and 1990s.",WOS:000262487600004,"Bergh, A; Erlingsson, GO",SCANDINAVIAN POLITICAL STUDIES,1.0,32,,Article,2009,10.1111/j.1467-9477.2008.00210.x,71.0,93,wos,welfarestatechange,liberalization without retrenchment: understanding the consensus on swedish welfare state reforms,"in 1980, sweden was a highly regulated economy with several state monopolies and low levels of economic freedom. less than twenty years later, liberal reforms turned sweden into one of the world's most open economies with a remarkable increase in economic freedom. while there is resilience when it comes to high levels of taxes and expenditure shares of gdp, there has been a profound restructuring of sweden's economy in the 1980s and 1990s that previous studies have under-estimated. furthermore, the degree of political consensus is striking, both regarding the welfare state expansions that characterized sweden up to 1980, as well as the subsequent liberalizations. since established theories have difficulties explaining institutional change, this article seeks to understand how the swedish style of policy making produced this surprising political consensus on liberal reforms. it highlights the importance of three complementary factors: policy making in sweden has always been influenced by, and intimately connected to, social science; government commissions have functioned as 'early warning systems', pointing out future challenges and creating a common way to perceive problems; and, as a consequence, political consensus has evolved as a feature of swedish style of policy making. the approach to policy making has been rationalistic, technocratic and pragmatic. the article concludes that the swedish style of policy making not only explains the period of welfare state expansion - it is also applicable to the intense reform period of the 1980s and 1990s.",False,1
"Political parties' welfare image, electoral punishment and welfare state retrenchment","Will voters punish the government for cutting back welfare state entitlements? The comparative literature on the welfare state suggests that the answer is yes. Unless governments are effectively employing strategies of blame avoidance, retrenchment leads to vote loss. Because a large majority of voters supports the welfare state, the usual assumption is that retrenchment backfires equally on all political parties. This study contributes to an emerging body of research that demonstrates that this assumption is incorrect. On the basis of a regression analysis of the electoral fate of the governing parties of 14 OECD countries between 1970 and 2002, we show that most parties with a positive welfare image lose after they implemented cutbacks, whereas most parties with a negative welfare image do not. In addition, we show that positive welfare image parties in opposition gain votes, at the expense of those positive welfare image parties in government that implemented welfare state retrenchment. Comparative European Politics (2013) 11, 1-21. doi:10.1057/cep.2012.5; published online 11 June 2012",WOS:000312358400001,"Schumacher, G; Vis, B; van Kersbergen, K",COMPARATIVE EUROPEAN POLITICS,1.0,11,welfare state reform; electoral punishment; political parties; partisanship; economic voting,Article,2013,10.1057/cep.2012.5,1.0,21,wos,welfarestatechange,"political parties' welfare image, electoral punishment and welfare state retrenchment","will voters punish the government for cutting back welfare state entitlements? the comparative literature on the welfare state suggests that the answer is yes. unless governments are effectively employing strategies of blame avoidance, retrenchment leads to vote loss. because a large majority of voters supports the welfare state, the usual assumption is that retrenchment backfires equally on all political parties. this study contributes to an emerging body of research that demonstrates that this assumption is incorrect. on the basis of a regression analysis of the electoral fate of the governing parties of 14 oecd countries between 1970 and 2002, we show that most parties with a positive welfare image lose after they implemented cutbacks, whereas most parties with a negative welfare image do not. in addition, we show that positive welfare image parties in opposition gain votes, at the expense of those positive welfare image parties in government that implemented welfare state retrenchment. comparative european politics (2013) 11, 1-21. doi:10.1057/cep.2012.5; published online 11 june 2012",False,1
The widows of the gasworks: Gendered path dependency and the early Dutch welfare state,"In this article the focus is on the gender implications of the early Dutch welfare state and the status of male and female breadwinners and their dependents in social insurance and poor relief in the Netherlands around 1900. Barbara Nelson's model of two gendered channels (workmen's compensation acts versus mothers' aid laws) in early U.S. social policy serves as a point of reference. The author concludes that, compared to the United States, social policy in the Netherlands did not start as extremely gendered. The assumption of Dutch second-wave feminists that the Dutch welfare state was male breadwinner-minded from the very beginning does not bold water.",WOS:000184423600001,"Van der Klein, M",SOCIAL POLITICS,1.0,10,,Article,2003,10.1093/sp/jxg005,1.0,22,wos,welfarestatechange,the widows of the gasworks: gendered path dependency and the early dutch welfare state,"in this article the focus is on the gender implications of the early dutch welfare state and the status of male and female breadwinners and their dependents in social insurance and poor relief in the netherlands around 1900. barbara nelson's model of two gendered channels (workmen's compensation acts versus mothers' aid laws) in early u.s. social policy serves as a point of reference. the author concludes that, compared to the united states, social policy in the netherlands did not start as extremely gendered. the assumption of dutch second-wave feminists that the dutch welfare state was male breadwinner-minded from the very beginning does not bold water.",False,1
What wins public support? Communicating or obfuscating welfare state retrenchment,"Conventional wisdom holds that in order to evade electoral punishment governments obfuscate welfare state retrenchment. However, governments do not uniformly lose votes in elections after they cut back on welfare benefits or services. Recent evidence indicates that some of these unpopular reforms are in fact vote-winners for the government. Our study of eight Danish labor marked related reforms uses insights from experimental framing studies to evaluate the impact of welfare state retrenchment on government popularity. We hypothesize that communicating retrenchment is a better strategy than obfuscating retrenchment measures. In addition, we hypothesize that the opposition's choice between arguing against the retrenchment measure, or staying silent on the issue, affects the government's popularity. Thus, the study presents a novel theoretical model of the popularity effects of welfare state retrenchment. In order to evaluate our propositions, we move beyond the standard measure in the literature and use monthly opinion polls to reduce the number of other factors that might affect government popularity. We demonstrate that governments can evade popular punishment by communication. They can even gain popularity if the opposition chooses not to attack. On the other hand, government popularity declines if the government obfuscates - and the decline is even larger if the opposition chooses to attack.",WOS:000357695800004,"Elmelund-Præstekær, C; Klitgaard, MB; Schumacher, G",EUROPEAN POLITICAL SCIENCE REVIEW,3.0,7,Retrenchment; blame avoidance; electoral consequences; welfare state; communication,Article,2015,10.1017/S1755773914000253,427.0,450,wos,welfarestatechange,what wins public support? communicating or obfuscating welfare state retrenchment,"conventional wisdom holds that in order to evade electoral punishment governments obfuscate welfare state retrenchment. however, governments do not uniformly lose votes in elections after they cut back on welfare benefits or services. recent evidence indicates that some of these unpopular reforms are in fact vote-winners for the government. our study of eight danish labor marked related reforms uses insights from experimental framing studies to evaluate the impact of welfare state retrenchment on government popularity. we hypothesize that communicating retrenchment is a better strategy than obfuscating retrenchment measures. in addition, we hypothesize that the opposition's choice between arguing against the retrenchment measure, or staying silent on the issue, affects the government's popularity. thus, the study presents a novel theoretical model of the popularity effects of welfare state retrenchment. in order to evaluate our propositions, we move beyond the standard measure in the literature and use monthly opinion polls to reduce the number of other factors that might affect government popularity. we demonstrate that governments can evade popular punishment by communication. they can even gain popularity if the opposition chooses not to attack. on the other hand, government popularity declines if the government obfuscates - and the decline is even larger if the opposition chooses to attack.",False,1
The Open Method of Coordination - Effectively preventing welfare state retrenchment?,"This article re-examines the division between optimists and pessimists within the literature on the Open Method of Coordination's (OMC) effectiveness. Each of those camps tends to focus on a different question. Optimists are more concerned with the question of whether the OMC exerts an influence on the national level and through which mechanisms, whilst pessimists concentrate on the question of whether the OMC can strengthen EU social policy and therefore European welfare states. This article combines these two perspectives and argues that the OMC is indeed capable of influencing national policies through the dissemination of ideas and learning as the optimists stress. However, policy learning at the member state level is shaped and constrained by a variety of internal and external pressures. Against the hopes of most of the OMC optimists, this makes the OMC largely ineffective in preventing welfare state retrenchment.",WOS:000271967600007,"Büchs, M",EUROPEAN INTEGRATION ONLINE PAPERS-EIOP,,13,soft law; Europeanisation; single market; stability and growth pact; welfare state; positive integration; negative integration; political science,Article,2009,10.1695/2009011,,,wos,welfarestatechange,the open method of coordination - effectively preventing welfare state retrenchment?,"this article re-examines the division between optimists and pessimists within the literature on the open method of coordination's (omc) effectiveness. each of those camps tends to focus on a different question. optimists are more concerned with the question of whether the omc exerts an influence on the national level and through which mechanisms, whilst pessimists concentrate on the question of whether the omc can strengthen eu social policy and therefore european welfare states. this article combines these two perspectives and argues that the omc is indeed capable of influencing national policies through the dissemination of ideas and learning as the optimists stress. however, policy learning at the member state level is shaped and constrained by a variety of internal and external pressures. against the hopes of most of the omc optimists, this makes the omc largely ineffective in preventing welfare state retrenchment.",False,1
The politics of welfare state retrenchment: A literature review,"Welfare state retrenchment is widely seen as a highly unpopular endeavour and, therefore, as politically difficult to pursue. This assumption has underpinned most of the political science research on this issue, notably Paul Pierson's seminal contributions about the 'new politics of the welfare state'. Yet, the question remains why and under what circumstances cutbacks take place in highly developed welfare states despite these formidable political obstacles. This article reviews the literature on the politics of retrenchment, namely on the impact of socio-economic problem pressure, political parties, political institutions, welfare state structures and ideas. Most authors agree that socio-economic problems - particularly domestic problems - contribute to an atmosphere of 'permanent austerity' which inspires cutbacks. Moreover, according to most scholars, the extent of retrenchment possible depends on the specific institutional configuration of a political system and the path dependence of existing welfare state structures. The debate on the relevance of political parties and ideas, by contrast, is still far from settled. Further unresolved issues include the nature of the dependent variable in retrenchment studies. Also, the exact motives for cutbacks are theoretically still little understood, as are the political mechanisms through which they are realized. I argue that, because of the nature of these persisting issues, the pluralistic dialogue between different methods and approaches - as well as their combination - remains the most promising way forward in the study of welfare state politics.",WOS:000234573100008,"Starke, P",SOCIAL POLICY & ADMINISTRATION,1.0,40,welfare state; retrenchment; literature review,Article,2006,10.1111/j.1467-9515.2006.00479.x,104.0,120,wos,welfarestatechange,the politics of welfare state retrenchment: a literature review,"welfare state retrenchment is widely seen as a highly unpopular endeavour and, therefore, as politically difficult to pursue. this assumption has underpinned most of the political science research on this issue, notably paul pierson's seminal contributions about the 'new politics of the welfare state'. yet, the question remains why and under what circumstances cutbacks take place in highly developed welfare states despite these formidable political obstacles. this article reviews the literature on the politics of retrenchment, namely on the impact of socio-economic problem pressure, political parties, political institutions, welfare state structures and ideas. most authors agree that socio-economic problems - particularly domestic problems - contribute to an atmosphere of 'permanent austerity' which inspires cutbacks. moreover, according to most scholars, the extent of retrenchment possible depends on the specific institutional configuration of a political system and the path dependence of existing welfare state structures. the debate on the relevance of political parties and ideas, by contrast, is still far from settled. further unresolved issues include the nature of the dependent variable in retrenchment studies. also, the exact motives for cutbacks are theoretically still little understood, as are the political mechanisms through which they are realized. i argue that, because of the nature of these persisting issues, the pluralistic dialogue between different methods and approaches - as well as their combination - remains the most promising way forward in the study of welfare state politics.",False,1
Framing deservingness to win support for welfare state retrenchment,"Recent studies of welfare state retrenchment have argued that policy makers can win public support for welfare state reform by framing the issue in terms of deservingness of welfare recipients. However, this literature has not tested the argument at the individual level. Using a Scandinavian context, this experimental study investigates how alternative framing of a welfare state retrenchment proposal affects citizens' perception of welfare recipients' deservingness, policy support and whether perceptions of deservingness mediate policy opinion. A news story was manipulated to present welfare recipients as either deserving or undeserving of welfare benefits. This issue framing affected citizens' perception of deservingness as well as support for retrenchment policy. Opinion change was partly explained by differences in perceptions of deservingness. These results provide strong support for the effectiveness of the deservingness frame.",WOS:000249199300002,"Slothuus, R",SCANDINAVIAN POLITICAL STUDIES,3.0,30,,Article,2007,10.1111/j.1467-9477.2007.00183.x,323.0,344,wos,welfarestatechange,framing deservingness to win support for welfare state retrenchment,"recent studies of welfare state retrenchment have argued that policy makers can win public support for welfare state reform by framing the issue in terms of deservingness of welfare recipients. however, this literature has not tested the argument at the individual level. using a scandinavian context, this experimental study investigates how alternative framing of a welfare state retrenchment proposal affects citizens' perception of welfare recipients' deservingness, policy support and whether perceptions of deservingness mediate policy opinion. a news story was manipulated to present welfare recipients as either deserving or undeserving of welfare benefits. this issue framing affected citizens' perception of deservingness as well as support for retrenchment policy. opinion change was partly explained by differences in perceptions of deservingness. these results provide strong support for the effectiveness of the deservingness frame.",False,1
"TOWARDS AN OPEN FUNCTIONAL APPROACH TO WELFARE STATE CHANGE: PRESSURES, IDEAS, AND BLAME AVOIDANCE","Why are some governments able to push through radical welfare state reforms while others, operating in similar circumstances, are not? Why are some ideas more acceptable than others? We present an open functional approach to reform to answer these questions and illustrate it empirically by discussing the drastic reform of the Dutch disability scheme in the early 1990s. Ideas translate a functional pressure that existentially threatens a social insurance system into a drastic welfare state reform, such as a severe tightening of eligibility criteria. Functional requirements constrain the range of ideas that political actors can consider for welfare state reform, although they do not determine which ideas are adopted. But once adopted, ideas influence the reforms pursued. A government's choice of ideas and the political strategies to implement them determine the success or failure of the reform. Blame avoidance strategies mediate vitally between the functional pressure, the idea and the reform.",WOS:000328581600004,"Vis, B; Van Kersbergen, K",PUBLIC ADMINISTRATION,4.0,91,,Article,2013,10.1111/j.1467-9299.2012.02071.x,840.0,854,wos,welfarestatechange,"towards an open functional approach to welfare state change: pressures, ideas, and blame avoidance","why are some governments able to push through radical welfare state reforms while others, operating in similar circumstances, are not? why are some ideas more acceptable than others? we present an open functional approach to reform to answer these questions and illustrate it empirically by discussing the drastic reform of the dutch disability scheme in the early 1990s. ideas translate a functional pressure that existentially threatens a social insurance system into a drastic welfare state reform, such as a severe tightening of eligibility criteria. functional requirements constrain the range of ideas that political actors can consider for welfare state reform, although they do not determine which ideas are adopted. but once adopted, ideas influence the reforms pursued. a government's choice of ideas and the political strategies to implement them determine the success or failure of the reform. blame avoidance strategies mediate vitally between the functional pressure, the idea and the reform.",False,1
The puzzle of Dutch welfare state retrenchment,"In the literature on welfare state retrenchment and in the general emphasis on the resilience of welfare states, the Dutch case appears puzzling by virtue of the fact that significant retrenchments have actually taken place in the Netherlands. It appears even more puzzling considering that the arguments in this literature as to the difficulties in welfare state retrenchments apply very well to this case, whereas the arguments as to why after all welfare state retrenchments are possible do not apply particularly well. This article argues that the explanation for the Dutch puzzle should be found in Dutch politics. Due to the power of the CDA as a pivotal centre party, the PvdA was at an early stage forced to accept welfare state retrenchment. A party consensus thus emerged allowing Dutch governments to define the issue of welfare state retrenchment as a matter of economic necessity.",WOS:000170316900008,"Green-Pedersen, C",WEST EUROPEAN POLITICS,3.0,24,,Article,2001,10.1080/01402380108425456,135.0,150,wos,welfarestatechange,the puzzle of dutch welfare state retrenchment,"in the literature on welfare state retrenchment and in the general emphasis on the resilience of welfare states, the dutch case appears puzzling by virtue of the fact that significant retrenchments have actually taken place in the netherlands. it appears even more puzzling considering that the arguments in this literature as to the difficulties in welfare state retrenchments apply very well to this case, whereas the arguments as to why after all welfare state retrenchments are possible do not apply particularly well. this article argues that the explanation for the dutch puzzle should be found in dutch politics. due to the power of the cda as a pivotal centre party, the pvda was at an early stage forced to accept welfare state retrenchment. a party consensus thus emerged allowing dutch governments to define the issue of welfare state retrenchment as a matter of economic necessity.",False,1
Welfare-state retrenchment: The partisan effect revisited,"This paper aims to shed light on the role of the 'ideology' of political parties in shaping the evolution of the welfare state in 18 developed democracies, by providing empirical findings on the determinants of social-programme entitlements and social spending over the period 1981-99. The paper shows that structural change is a major determinant of the extent of social protection. Our results suggest that overall spending is driven up by structural change. On the other hand, strong structural change has a negative influence on welfare entitlements measured by the net rate of sickness insurance. Partisan influence plays an important role in the dynamics of the welfare state. Left-wing governments strengthen the positive effect of shocks on aggregate social expenditure, while right-wing governments undertake even stronger cutbacks in replacement rates as a reaction to structural change.",WOS:000241430900008,"Amable, B; Gatti, D; Schumacher, J",OXFORD REVIEW OF ECONOMIC POLICY,3.0,22,,Article,2006,10.1093/oxrep/grj025,426.0,444,wos,welfarestatechange,welfare-state retrenchment: the partisan effect revisited,"this paper aims to shed light on the role of the 'ideology' of political parties in shaping the evolution of the welfare state in 18 developed democracies, by providing empirical findings on the determinants of social-programme entitlements and social spending over the period 1981-99. the paper shows that structural change is a major determinant of the extent of social protection. our results suggest that overall spending is driven up by structural change. on the other hand, strong structural change has a negative influence on welfare entitlements measured by the net rate of sickness insurance. partisan influence plays an important role in the dynamics of the welfare state. left-wing governments strengthen the positive effect of shocks on aggregate social expenditure, while right-wing governments undertake even stronger cutbacks in replacement rates as a reaction to structural change.",False,1
Veto Points Revisited: The Role of Party System Institutionalization in Welfare State Change,"This article argues that the impact of veto points on a government's policy outcomes depends crucially on the degree of institutionalization of the party system. Specifically, the article claims that two dimensions of party system institutionalization - stability of relations between parties and between parties and voters - condition the ability of the opposition to block governments' policy plans through veto points. It showcases this argument by applying the method of causal process tracing to a comparative analysis of health policy reforms in Slovakia (2002-2004) and Hungary (2006-2008).",WOS:000767252100001,"Popic, T",GOVERNMENT AND OPPOSITION,2.0,58,veto points; party system institutionalization; policy change; process tracing,Article,2023,10.1017/gov.2021.37,338.0,359,wos,welfarestatechange,veto points revisited: the role of party system institutionalization in welfare state change,"this article argues that the impact of veto points on a government's policy outcomes depends crucially on the degree of institutionalization of the party system. specifically, the article claims that two dimensions of party system institutionalization - stability of relations between parties and between parties and voters - condition the ability of the opposition to block governments' policy plans through veto points. it showcases this argument by applying the method of causal process tracing to a comparative analysis of health policy reforms in slovakia (2002-2004) and hungary (2006-2008).",False,1
The state and its welfare state: How do welfare state changes affect the make-up of the nation state?,"With respect to changes in the welfare states of OECD countries, scholars most of the time are looking for common trends; that is, they look for similar movements in different states, such as welfare state retrenchment, recalibration, etc. As we show in this article, data on welfare state spending and financing do not, however, support such stark tendencies like retrenchment. We therefore suggest looking for corridor effects rather than level effects, i.e. analysing changes in the dispersion of welfare state regimes rather than shifts in the mean values. Our analysis suggests that convergence, i.e. decreasing diversity among states in spending, financing and regulation patterns, may have been the most important pattern of welfare state change in the last three decades - a pattern easily overlooked in past and current research. Convergence of welfare state regimes also affects our views on the modern nation state itself since the varieties of welfare capitalism in the twentieth century are themselves an expression of the sovereignty and autonomy of the nation state. If nation states are forced to surrender national particularities, to mellow their characteristic differences and to move incrementally towards a one-size-fits-all common model via 'shrinking corridors', such a blurring of welfare regimes, such a beclouding of difference, should also be regarded as a significant change taking place in the centre of the Western nation state's make-up. © 2006 The Author(s) Journal Compilation © 2006 Blackwell Publishing Ltd.",2-s2.0-33748797131,"Rothgang, H.; Obinger, H.; Leibfried, S.",Social Policy and Administration,3,40,Change; Corridor effects; Level effects; Nation state; Welfare state,Article,2006,10.1111/j.1467-9515.2006.00488.x,250,266,scopus,welfarestatechange,the state and its welfare state: how do welfare state changes affect the make-up of the nation state?,"with respect to changes in the welfare states of oecd countries, scholars most of the time are looking for common trends; that is, they look for similar movements in different states, such as welfare state retrenchment, recalibration, etc. as we show in this article, data on welfare state spending and financing do not, however, support such stark tendencies like retrenchment. we therefore suggest looking for corridor effects rather than level effects, i.e. analysing changes in the dispersion of welfare state regimes rather than shifts in the mean values. our analysis suggests that convergence, i.e. decreasing diversity among states in spending, financing and regulation patterns, may have been the most important pattern of welfare state change in the last three decades - a pattern easily overlooked in past and current research. convergence of welfare state regimes also affects our views on the modern nation state itself since the varieties of welfare capitalism in the twentieth century are themselves an expression of the sovereignty and autonomy of the nation state. if nation states are forced to surrender national particularities, to mellow their characteristic differences and to move incrementally towards a one-size-fits-all common model via 'shrinking corridors', such a blurring of welfare regimes, such a beclouding of difference, should also be regarded as a significant change taking place in the centre of the western nation state's make-up. © 2006 the author(s) journal compilation © 2006 blackwell publishing ltd.",False,1
"Changing European States, Changing Public Administration: Expansion and Diversification of Public Administration in the Postwar Welfare State: The Case of The Netherlands","Until the 1960s, the Dutch state was characterized and limited by ""pillarization,"" ""corporatism"" and ""consensus-democracy."" Its public administration reflected the juridical perspective that dominated continental European administration during the 19th and 20th centuries. The rise of Dutch administrative science in the 1960s is related to the postwar expansion of its welfare state. The growing welfare state needed scientific support for policy making and planning. Legal expertise alone was no longer sufficient. The one-sided orientation in U.S. literature in the 1970s made way or a growing self-identity and self-confidence. Dutch administrative research today has reached a relatively high level of maturity, which might possibly contribute to the development of a new kind of European thinking about public administration. © 2006 Elsevier Ltd. All rights reserved.",2-s2.0-33745478431,"Kickert, W.J.M.",Research in Public Policy Analysis and Management,,15,,,2006,10.1016/S0732-1317(06)15037-X,793,810,scopus,welfarestatechange,"changing european states, changing public administration: expansion and diversification of public administration in the postwar welfare state: the case of the netherlands","until the 1960s, the dutch state was characterized and limited by ""pillarization,"" ""corporatism"" and ""consensus-democracy."" its public administration reflected the juridical perspective that dominated continental european administration during the 19th and 20th centuries. the rise of dutch administrative science in the 1960s is related to the postwar expansion of its welfare state. the growing welfare state needed scientific support for policy making and planning. legal expertise alone was no longer sufficient. the one-sided orientation in u.s. literature in the 1970s made way or a growing self-identity and self-confidence. dutch administrative research today has reached a relatively high level of maturity, which might possibly contribute to the development of a new kind of european thinking about public administration. © 2006 elsevier ltd. all rights reserved.",False,1
Industrial relations and welfare states: The different dynamics of retrenchment in Germany and the Netherlands,"Proceeding from an historical-analytical reconstruction of the development of collectively negotiated benefits in Germany and the Netherlands, this paper investigates the role and function of industrial relations as a provider and financial supporter of welfare. It argues that social policy based on collective agreements strongly influences contemporary retrenchment policies. Reviewing the literature on retrenchment policies, the paper argues that unions and employers should be regarded as collective actors supporting retrenchment by offering financial and organizational resources to governments in their attempts at welfare delegation. The implication is that the study of comparative welfare retrenchment should move beyond its focus on analysing the political behaviour of the actors involved, to include industrial relations systematically in its frame of reference. Research should take into account patterns of institutionalization of labour relations at company level, traditions of government support for collectively negotiated benefits, and differences in the relative development of public and collectively negotiated benefits. Copyright © 2006 SAGE Publications.",2-s2.0-33645535114,"Trampusch, C.",Journal of European Social Policy,2,16,Collective bargaining; Germany; Industrial relations; Retrenchment; The Netherlands; Welfare state,Article,2006,10.1177/0958928706062502,121,133,scopus,welfarestatechange,industrial relations and welfare states: the different dynamics of retrenchment in germany and the netherlands,"proceeding from an historical-analytical reconstruction of the development of collectively negotiated benefits in germany and the netherlands, this paper investigates the role and function of industrial relations as a provider and financial supporter of welfare. it argues that social policy based on collective agreements strongly influences contemporary retrenchment policies. reviewing the literature on retrenchment policies, the paper argues that unions and employers should be regarded as collective actors supporting retrenchment by offering financial and organizational resources to governments in their attempts at welfare delegation. the implication is that the study of comparative welfare retrenchment should move beyond its focus on analysing the political behaviour of the actors involved, to include industrial relations systematically in its frame of reference. research should take into account patterns of institutionalization of labour relations at company level, traditions of government support for collectively negotiated benefits, and differences in the relative development of public and collectively negotiated benefits. copyright © 2006 sage publications.",False,1
"Veto Players, Political Parties, and Welfare-State Retrenchment in Austria",,2-s2.0-52049085724,"Obinger, H.",International Journal of Political Economy,2,32,,,2002,10.1080/08911916.2001.11042872,44,66,scopus,welfarestatechange,"veto players, political parties, and welfare-state retrenchment in austria",,False,1
Globalization as 'Galton's problem': The missing link in the analysis of diffusion patterns in welfare state development,"Most macro cross-national studies in political science that analyze the impact of globalization on domestic policies do not sufficiently consider the methodological consequences of diffusion processes, or ""Gallon's problem,"" as it is often referred to. I argue that globalization is a form of diffusion. Therefore it requires a shift from an exclusively functional analysis, which dominates in almost all established comparative studies in the field, to a diffusional analysis. I assume that globalization leads to a shift in focus on the part of political actors from domestic to international issues. I test this hypothesis by examining social expenditure rates of sixteen highly developed welfare states. The results indicate that globalization has become a highly influential factor since the late 1980s in contrast to the years before. In addition to the actual results presented here, the methodological approach of analyzing globalization as diffusion is relevant to other areas of comparative and international politics and may be a tool in future research. © 2006 by The IO Foundation.",2-s2.0-33646247840,"Jahn, D.",International Organization,2,60,,,2006,10.1017/S0020818306060127,401,431,scopus,welfarestatechange,globalization as 'galton's problem': the missing link in the analysis of diffusion patterns in welfare state development,"most macro cross-national studies in political science that analyze the impact of globalization on domestic policies do not sufficiently consider the methodological consequences of diffusion processes, or ""gallon's problem,"" as it is often referred to. i argue that globalization is a form of diffusion. therefore it requires a shift from an exclusively functional analysis, which dominates in almost all established comparative studies in the field, to a diffusional analysis. i assume that globalization leads to a shift in focus on the part of political actors from domestic to international issues. i test this hypothesis by examining social expenditure rates of sixteen highly developed welfare states. the results indicate that globalization has become a highly influential factor since the late 1980s in contrast to the years before. in addition to the actual results presented here, the methodological approach of analyzing globalization as diffusion is relevant to other areas of comparative and international politics and may be a tool in future research. © 2006 by the io foundation.",False,1
Privatizing risk without privatizing the welfare state: The hidden politics of social policy retrenchment in the United States,"Over the last decade, students of the welfare state have produced an impressive body of research on retrenchment, the dominant thrust of which is that remarkably few welfare states have experienced fundamental shifts. This article questions this now-conventional wisdom by reconsidering the post-1970s trajectory of the American welfare state, long considered the quintessential case of social policy stability. I demonstrate that although most programs have indeed resisted retrenchment, U.S. social policy has also offered increasingly incomplete risk protection in an era of dramatic social change. Although some of this disjuncture is inadvertent - an unintended consequence of the very political stickiness that has stymied retrenchment - I argue that the declining scope of risk protection also reflects deliberate and theoretically explicable strategies of reform adopted by welfare state opponents in the face of popular and change-resistant policies, a finding that has significant implications for the study of institutional change more broadly.",2-s2.0-3042723633,"Hacker, J.S.",American Political Science Review,2,98,,,2004,10.1017/S0003055404001121,243,260,scopus,welfarestatechange,privatizing risk without privatizing the welfare state: the hidden politics of social policy retrenchment in the united states,"over the last decade, students of the welfare state have produced an impressive body of research on retrenchment, the dominant thrust of which is that remarkably few welfare states have experienced fundamental shifts. this article questions this now-conventional wisdom by reconsidering the post-1970s trajectory of the american welfare state, long considered the quintessential case of social policy stability. i demonstrate that although most programs have indeed resisted retrenchment, u.s. social policy has also offered increasingly incomplete risk protection in an era of dramatic social change. although some of this disjuncture is inadvertent - an unintended consequence of the very political stickiness that has stymied retrenchment - i argue that the declining scope of risk protection also reflects deliberate and theoretically explicable strategies of reform adopted by welfare state opponents in the face of popular and change-resistant policies, a finding that has significant implications for the study of institutional change more broadly.",False,1
The path-dependency of an idea: Why Scandinavian welfare states remain distinct,"Examining reforms that have taken place in the 1990s, this article explores the hypothesis that the most distinctive characteristic of the Scandinavian model today is the ""stickiness"" of its reputation, rather than the institutions and policies that make up the model. Borrowing the concept of path-dependency from institutional analysis, the article argues that because there is a strong commitment to the idea of a Scandinavian model, there is a tendency to expand conceptions of the model so that policy changes appear to be consistent with it. © Blackwell Publishing Ltd. 2004.",2-s2.0-1842483384,"Cox, R.H.",Social Policy and Administration,2,38,Path-dependency; Scandinavian model; Welfare state reform,Article,2004,10.1111/j.1467-9515.2004.00386.x,204,219,scopus,welfarestatechange,the path-dependency of an idea: why scandinavian welfare states remain distinct,"examining reforms that have taken place in the 1990s, this article explores the hypothesis that the most distinctive characteristic of the scandinavian model today is the ""stickiness"" of its reputation, rather than the institutions and policies that make up the model. borrowing the concept of path-dependency from institutional analysis, the article argues that because there is a strong commitment to the idea of a scandinavian model, there is a tendency to expand conceptions of the model so that policy changes appear to be consistent with it. © blackwell publishing ltd. 2004.",False,1
"Analysing the Relationships Between Globalization, European Integration and Welfare State Changes, about COST A15 Activity",,2-s2.0-84993778145,"Palier, B.",Global Social Policy,2,3,,,2003,10.1177/1468018103003002004,146,151,scopus,welfarestatechange,"analysing the relationships between globalization, european integration and welfare state changes, about cost a15 activity",,False,1
The emergence of new welfare states and global policy diffusion - The case of South Korea,"Prior research on the development of the welfare state in East Asia has mainly focused on domestic socioeconomic and cultural factors. This study analyzes the formation process of the Korean welfare state with special attention to global policy diffusion. Case studies on the two main areas of social policy, old age security and social assistance, show that recent welfare reforms in Korea have led to the emergence of a welfare state in terms of three criteria: state goals, principles of social provision, and universalism. This study demonstrates that the diffusion of welfare internationalism played an important role in the development of the welfare state in Korea, but also that policy diffusion produced differential welfare outcomes, depending on the relationship between state and society in varying phases. In the era of the developmental state, the principles and systems of the welfare state were formally and legally imported, but were not put into practice (""decoupling""). However, they were progressively implemented in the era of the people's government (""coupling""). This study demonstrates that combining domestic and international factors can provide a fuller understanding of welfare state formation in a transitional society such as South Korea. © Lucius & Lucius Verlag Stuttgart.",,"Kim, W.S.",Zeitschrift fur Soziologie,3,37,,,2008,10.1515/zfsoz-2008-0301,186,205,scopus,welfarestatechange,the emergence of new welfare states and global policy diffusion - the case of south korea,"prior research on the development of the welfare state in east asia has mainly focused on domestic socioeconomic and cultural factors. this study analyzes the formation process of the korean welfare state with special attention to global policy diffusion. case studies on the two main areas of social policy, old age security and social assistance, show that recent welfare reforms in korea have led to the emergence of a welfare state in terms of three criteria: state goals, principles of social provision, and universalism. this study demonstrates that the diffusion of welfare internationalism played an important role in the development of the welfare state in korea, but also that policy diffusion produced differential welfare outcomes, depending on the relationship between state and society in varying phases. in the era of the developmental state, the principles and systems of the welfare state were formally and legally imported, but were not put into practice (""decoupling""). however, they were progressively implemented in the era of the people's government (""coupling""). this study demonstrates that combining domestic and international factors can provide a fuller understanding of welfare state formation in a transitional society such as south korea. © lucius & lucius verlag stuttgart.",False,1
Social politics before a paradigm shift. The humanistic welfare-state idea,"Those who call for more social justice in the welfare state must base the normative justifications for a re-distribution of scarce resources on clear principles. The economic principle of efficiency must be added to alternative philosophical arguments to form a theory of social justice. Their deficits in coherence, consistency and assessments of what is practically feasible are made apparent if they are critically juxtaposed. The alternative builds on the social humanistic ideas represented by the founding fathers of the social market economy, or 'Soziale Marktwirtschaft', as well as by Amartya Sen, the Nobel Prize-winning Indian scholar. These ideas recall the narrow and symbiotic link between efficiency and a developed human nature. This, in turn, draws out the normative individualistic aternatives as well as the ideas espoused by John Rawls. © 2008 Duncker und Humblot GmbH. All rights reserved.",,"Nass, E.",Sozialer Fortschritt,8-Jul,57,,,2008,10.3790/sfo.57.7-8.175,175,182,scopus,welfarestatechange,social politics before a paradigm shift. the humanistic welfare-state idea,"those who call for more social justice in the welfare state must base the normative justifications for a re-distribution of scarce resources on clear principles. the economic principle of efficiency must be added to alternative philosophical arguments to form a theory of social justice. their deficits in coherence, consistency and assessments of what is practically feasible are made apparent if they are critically juxtaposed. the alternative builds on the social humanistic ideas represented by the founding fathers of the social market economy, or 'soziale marktwirtschaft', as well as by amartya sen, the nobel prize-winning indian scholar. these ideas recall the narrow and symbiotic link between efficiency and a developed human nature. this, in turn, draws out the normative individualistic aternatives as well as the ideas espoused by john rawls. © 2008 duncker und humblot gmbh. all rights reserved.",False,1
"Conditional punishment: A comparative analysis of the electoral consequences of welfare state retrenchment in OECD nations, 1980-2003","Do incumbent parties that retrench the welfare state lose votes during the next election? That is the guiding question for our paper. We analyse elections and social policy reforms in 18 established OECD democracies from 1980 to 2003. We show that there is no strong and systematic punishment for governments which cut back welfare state entitlements. The likelihood of losing votes is the same for governments that retrench the welfare state as for those that do not. Rather, electoral punishment is conditional on whether governments have the chance to stretch retrenchment over a longer period of time, and whether social policy cuts are made an issue in the electoral campaign. If other political parties and the mass media do not put the theme on the agenda of the campaign, and if the retrenchment can be carried out in small steps during a longer governmental term, governments may considerably reduce welfare state effort without fear of major electoral consequences.",2-s2.0-41849144486,"Armingeon, K.; Giger, N.",West European Politics,3,31,,,2008,10.1080/01402380801939834,558,580,scopus,welfarestatechange,"conditional punishment: a comparative analysis of the electoral consequences of welfare state retrenchment in oecd nations, 1980-2003","do incumbent parties that retrench the welfare state lose votes during the next election? that is the guiding question for our paper. we analyse elections and social policy reforms in 18 established oecd democracies from 1980 to 2003. we show that there is no strong and systematic punishment for governments which cut back welfare state entitlements. the likelihood of losing votes is the same for governments that retrench the welfare state as for those that do not. rather, electoral punishment is conditional on whether governments have the chance to stretch retrenchment over a longer period of time, and whether social policy cuts are made an issue in the electoral campaign. if other political parties and the mass media do not put the theme on the agenda of the campaign, and if the retrenchment can be carried out in small steps during a longer governmental term, governments may considerably reduce welfare state effort without fear of major electoral consequences.",False,1
Faith-based organizations and welfare state retrenchment in Sweden: Substitute or complement?,"Local governments in Europe are facing difficulties in meeting citizens' demands for welfare provision. This opens new opportunities for profit as well as non-profit providers of social welfare. Faith-based organizations (FBOs) are one type of non-governmental organizations addressed by governments to complement or replace parts of public welfare provision. This article gives some examples of FBOs in action as providers of welfare in a European context, with a particular focus on Sweden. Following the introduction, the second part locates the phenomenon of FBOs within the scholarly debate about secularism/post-secularism as related to multi-level governance. The third part gives an overview of potential roles of FBOs in welfare provision combating poverty and social exclusion, illustrated by a few examples from European contexts. Focus in the fourth part is upon the role of FBO engagement in Sweden as developing after World War II. It is concluded that no system is all encompassing in catering to those who suffer from poverty and social exclusion. There will always be a need for the competence and avant-garde role potentially provided by FBOs. However, due to historical circumstances FBOs in Sweden have been, and still are, complementary rather than an outright alternative to public welfare provision. © Religion and Politics Section of the American Political Science Association 2012.",2-s2.0-84873956815,"Elander, I.; Fridolfsson, C.",Politics and Religion,3,5,,,2012,10.1017/S1755048312000338,634,654,scopus,welfarestatechange,faith-based organizations and welfare state retrenchment in sweden: substitute or complement?,"local governments in europe are facing difficulties in meeting citizens' demands for welfare provision. this opens new opportunities for profit as well as non-profit providers of social welfare. faith-based organizations (fbos) are one type of non-governmental organizations addressed by governments to complement or replace parts of public welfare provision. this article gives some examples of fbos in action as providers of welfare in a european context, with a particular focus on sweden. following the introduction, the second part locates the phenomenon of fbos within the scholarly debate about secularism/post-secularism as related to multi-level governance. the third part gives an overview of potential roles of fbos in welfare provision combating poverty and social exclusion, illustrated by a few examples from european contexts. focus in the fourth part is upon the role of fbo engagement in sweden as developing after world war ii. it is concluded that no system is all encompassing in catering to those who suffer from poverty and social exclusion. there will always be a need for the competence and avant-garde role potentially provided by fbos. however, due to historical circumstances fbos in sweden have been, and still are, complementary rather than an outright alternative to public welfare provision. © religion and politics section of the american political science association 2012.",False,1
Can families compensate for welfare state retrenchment?,,2-s2.0-84856830136,"Treas, J.",,,41,,,2012,10.1177/0094306111430789b,33,36,scopus,welfarestatechange,can families compensate for welfare state retrenchment?,,False,1
"Negotiated expansion: Left-wing governments, corporatism and social expenditure in mature welfare states","Following the seminal work of Pierson (1994), a general consensus has emerged that left-wing governments are no longer able to expand social protection. If anything, the strongest partisan effect seems to be right-wing governments curtailing social protection, while left-wing governments merely secure the status quo. The article presents a new argument on 'negotiated expansion', suggesting that left-wing governments remain the motor behind the expansion of social spending, but that their success depends on labor market corporatism. Corporatism allows for negotiation with - and the socialization of - the employers who are enjoying an increasingly strong bargaining position vis-à-vis the left-wing due to increasing globalization. In countries with extensive corporatism, left-wing governments thus continue to increase social spending, whereas such expansion is rendered impossible in countries with limited corporatism. © 2011 Macmillan Publishers Ltd.",2-s2.0-79952393628,"Jensen, C.",Comparative European Politics,2,9,corporatism; partisan governments; public expenditure; welfare state expansion,Article,2011,10.1057/cep.2009.15,168,190,scopus,welfarestatechange,"negotiated expansion: left-wing governments, corporatism and social expenditure in mature welfare states","following the seminal work of pierson (1994), a general consensus has emerged that left-wing governments are no longer able to expand social protection. if anything, the strongest partisan effect seems to be right-wing governments curtailing social protection, while left-wing governments merely secure the status quo. the article presents a new argument on 'negotiated expansion', suggesting that left-wing governments remain the motor behind the expansion of social spending, but that their success depends on labor market corporatism. corporatism allows for negotiation with - and the socialization of - the employers who are enjoying an increasingly strong bargaining position vis-à-vis the left-wing due to increasing globalization. in countries with extensive corporatism, left-wing governments thus continue to increase social spending, whereas such expansion is rendered impossible in countries with limited corporatism. © 2011 macmillan publishers ltd.",False,1
The electoral consequences of welfare state retrenchment: Blame avoidance or credit claiming in the era of permanent austerity?,"This article challenges the dominant assumptions in the literature that cutting social policy incurs voter wrath and that political parties can efficiently internalise electoral fallout with blame avoidance strategies. Drawing on the diverse literature on the role of partisanship in the period of permanent austerity, several partisan hypotheses on the relationship between social policy change and electoral outcomes are posited. The results indicate that religious and liberal parties gain votes, and thereby are able to 'claim credit', for retrenching social policy. None of the other coefficients for the effect of social policy cuts reach significance, raising the question of whether parties excel at blame avoidance or the public fails to place blame in the first place. © 2010 The Author(s). Journal compilation © 2010 (European Consortium for Political Research).",2-s2.0-78649779156,"Giger, N.; Nelson, M.",European Journal of Political Research,1,50,,,2011,10.1111/j.1475-6765.2010.01922.x,23,Jan,scopus,welfarestatechange,the electoral consequences of welfare state retrenchment: blame avoidance or credit claiming in the era of permanent austerity?,"this article challenges the dominant assumptions in the literature that cutting social policy incurs voter wrath and that political parties can efficiently internalise electoral fallout with blame avoidance strategies. drawing on the diverse literature on the role of partisanship in the period of permanent austerity, several partisan hypotheses on the relationship between social policy change and electoral outcomes are posited. the results indicate that religious and liberal parties gain votes, and thereby are able to 'claim credit', for retrenching social policy. none of the other coefficients for the effect of social policy cuts reach significance, raising the question of whether parties excel at blame avoidance or the public fails to place blame in the first place. © 2010 the author(s). journal compilation © 2010 (european consortium for political research).",False,1
"Same output, different explanations: The ongoing debate on welfare state change in continental Europe: Review of mark I. Vail, Recasting welfare capitalism, Temple University Press, 2010","Mark Vail's new book provides an extraordinary tour de force of economic and social policy reform in Germany and France from the post-war period until the present. Vail argues that both countries have left their national models of capitalism far behind, after going through several periods of fundamental reform since the 1980s. The distinctive merit of the book is to link changes in all relevant policy fields, from industrial relations to labor market, social insurance, as well as income support policies. Thereby, Vail's analysis provides relevant new evidence for all major ongoing debates in the comparative political economy of Western Europe. © 2010 Macmillan Publishers Ltd.",2-s2.0-78649989758,"Háusermann, S.",French Politics,4,8,capitalism; France; Germany; political economy; welfare state,Review,2010,10.1057/fp.2010.19,447,453,scopus,welfarestatechange,"same output, different explanations: the ongoing debate on welfare state change in continental europe: review of mark i. vail, recasting welfare capitalism, temple university press, 2010","mark vail's new book provides an extraordinary tour de force of economic and social policy reform in germany and france from the post-war period until the present. vail argues that both countries have left their national models of capitalism far behind, after going through several periods of fundamental reform since the 1980s. the distinctive merit of the book is to link changes in all relevant policy fields, from industrial relations to labor market, social insurance, as well as income support policies. thereby, vail's analysis provides relevant new evidence for all major ongoing debates in the comparative political economy of western europe. © 2010 macmillan publishers ltd.",False,1
Do voters punish the government for welfare state retrenchment? A comparative study of electoral costs associated with social policy,"This paper studies the claim that social policy retrenchment has tremendous electoral consequences. It analyzes the electoral impact of social policy attitudes in a comparative design (20 elections in Western OECD countries between 2001 and 2006). I find that punishment is conditional on the performance of governments, indicating that people punish or reward a government for its past actions. However, empirical comparison shows this to be true not only for social policy, but for all types of issues. This study shows that social policy does not have the outstanding relevance for voters as assumed by the social policy literature; accordingly, the electoral impact is only limited and not equally strong in all contexts. The context shapes the link between social policy attitudes and vote choice, but the variance in effect strength is not explained by differences in the institutional setting or the campaign saliency of social policy. © 2010 Macmillan Publishers Ltd.",2-s2.0-78049356336,"Giger, N.",Comparative European Politics,4,8,comparative electoral behavior; issue voting; social policy attitudes; welfare state retrenchment,Article,2010,10.1057/cep.2009.4,415,443,scopus,welfarestatechange,do voters punish the government for welfare state retrenchment? a comparative study of electoral costs associated with social policy,"this paper studies the claim that social policy retrenchment has tremendous electoral consequences. it analyzes the electoral impact of social policy attitudes in a comparative design (20 elections in western oecd countries between 2001 and 2006). i find that punishment is conditional on the performance of governments, indicating that people punish or reward a government for its past actions. however, empirical comparison shows this to be true not only for social policy, but for all types of issues. this study shows that social policy does not have the outstanding relevance for voters as assumed by the social policy literature; accordingly, the electoral impact is only limited and not equally strong in all contexts. the context shapes the link between social policy attitudes and vote choice, but the variance in effect strength is not explained by differences in the institutional setting or the campaign saliency of social policy. © 2010 macmillan publishers ltd.",False,1
"Erratum to Digging their own graves: Unexpected consequences of institutional design and welfare state changes, [Social policy & administration, 43, 3, 241]",,,,Social Policy and Administration,5,44,,,2010,10.1111/j.1467-9515.2010.00742_1.x,653,,scopus,welfarestatechange,"erratum to digging their own graves: unexpected consequences of institutional design and welfare state changes, [social policy & administration, 43, 3, 241]",,False,1
"How and why industrial relations influence party effect upon welfare state retrenchment. A comparison of the Netherlands, Denmark, Germany and France","In the analysis of redistribution, not only models based on the territory principle should be considered, but also functionally structured redistribution like collectively negotiated welfare benefits. Combining the methods of difference and agreement with process tracing the article shows that, in the Netherlands and Denmark, the high level of development of functionally arranged redistribution explains the strong party effect on processes of retrenchment in pension; on the other side, the smaller room for manoeuvre for political parties in Germany and France can be linked to the dominance of territorially organized redistribution. Industrial relations and models of functional redistribution affect the influence of political parties on welfare state retrenchment. © 2010, VS-Verlag.",2-s2.0-84870901724,"Trampusch, C.",Zeitschrift fur Vergleichende Politikwissenschaft,1,4,Industrial relations; Mill's methods; Political parties; Process tracing; Welfare state,Article,2010,10.1007/s12286-010-0070-1,103,128,scopus,welfarestatechange,"how and why industrial relations influence party effect upon welfare state retrenchment. a comparison of the netherlands, denmark, germany and france","in the analysis of redistribution, not only models based on the territory principle should be considered, but also functionally structured redistribution like collectively negotiated welfare benefits. combining the methods of difference and agreement with process tracing the article shows that, in the netherlands and denmark, the high level of development of functionally arranged redistribution explains the strong party effect on processes of retrenchment in pension; on the other side, the smaller room for manoeuvre for political parties in germany and france can be linked to the dominance of territorially organized redistribution. industrial relations and models of functional redistribution affect the influence of political parties on welfare state retrenchment. © 2010, vs-verlag.",False,1
Digging their own graves: Unexpected consequences of institutional design and welfare State changes,"This article proposes a theoretical mechanism for explaining why various components of a welfare state may develop differently, given similar economic, political and ideological contexts. Evaluating welfare state plans as products of political processes, the article looks at the role of political actors and their mistakes, considering how these mistakes shape future social policy-making. The article identifies 'unexpected consequences' of institutional design: situations where the decisions of powerful actors lead to the empowerment of their rivals, which in turn may change policies to their advantage. Drawing on a case study from the Israeli welfare state, namely, the introduction and then abolishment of income testing in the Children's Insurance Plan, the article demonstrates how this mechanism may have allowed certain political actors to protect welfare state plans in the face of neo-liberal pressures. It discusses how other political actors can take advantage of similar situations and notes the conditions needed for success. © 2009 The Author(s) Journal compilation © 2009 Blackwell Publishing Ltd.",2-s2.0-65749099947,"Asiskovitch, S.",Social Policy and Administration,3,43,Children's allowances; Historical institutionalism; Income tests; Israel; Unexpected consequences; Universality,Article,2009,10.1111/j.1467-9515.2009.00659.x,226,244,scopus,welfarestatechange,digging their own graves: unexpected consequences of institutional design and welfare state changes,"this article proposes a theoretical mechanism for explaining why various components of a welfare state may develop differently, given similar economic, political and ideological contexts. evaluating welfare state plans as products of political processes, the article looks at the role of political actors and their mistakes, considering how these mistakes shape future social policy-making. the article identifies 'unexpected consequences' of institutional design: situations where the decisions of powerful actors lead to the empowerment of their rivals, which in turn may change policies to their advantage. drawing on a case study from the israeli welfare state, namely, the introduction and then abolishment of income testing in the children's insurance plan, the article demonstrates how this mechanism may have allowed certain political actors to protect welfare state plans in the face of neo-liberal pressures. it discusses how other political actors can take advantage of similar situations and notes the conditions needed for success. © 2009 the author(s) journal compilation © 2009 blackwell publishing ltd.",False,1
Fragmentation of the Bismarckian Welfare State Model? A proposal for the analysis of Welfare State change in social insurance-based Welfare States,"Recent research has shown that, although the social insurance-based welfare states have changed their structure later than other welfare regime types, these changes have not been minor. However, the direction in which Bismarckian welfare states have changed is still an unanswered research question. In order to analyse these changes, a new research perspective, which is termed the fragmentation perspective, is proposed. This approach shows the inconsistencies that exist between institutional logics, but that do not result in path-breaking change to be identified. Moreover, this paper analyses tensions between institutions and normative concepts or social practices. In doing so, the core principles that characterize social insurance-based systems of social security are drawn upon. In order to illustrate the benefits of this new approach, it is applied to the German health insurance system and its reforms since 1990. © 2009 Duncker und Humblot GmbH. All rights reserved.",,"Bogedan, C.; Bothfeld, S.; Leiber, S.",Sozialer Fortschritt,5,58,,,2009,10.3790/sfo.58.5.102,102,109,scopus,welfarestatechange,fragmentation of the bismarckian welfare state model? a proposal for the analysis of welfare state change in social insurance-based welfare states,"recent research has shown that, although the social insurance-based welfare states have changed their structure later than other welfare regime types, these changes have not been minor. however, the direction in which bismarckian welfare states have changed is still an unanswered research question. in order to analyse these changes, a new research perspective, which is termed the fragmentation perspective, is proposed. this approach shows the inconsistencies that exist between institutional logics, but that do not result in path-breaking change to be identified. moreover, this paper analyses tensions between institutions and normative concepts or social practices. in doing so, the core principles that characterize social insurance-based systems of social security are drawn upon. in order to illustrate the benefits of this new approach, it is applied to the german health insurance system and its reforms since 1990. © 2009 duncker und humblot gmbh. all rights reserved.",False,1
Assessing welfare state change: The German social insurance state between reciprocity and solidarity,"The analytic framework used here to study welfare state change builds upon the distinction of two fundamentally opposed logics of social exchange: The logic of reciprocity and of solidarity. The approach enables to assess the complexity and ambivalence of policy change in advanced welfare states. Using recent social policy reform in Germany as an illustration of the analytical capacity of our approach, it is shown that change can be detected in two different dimensions. One type of change is in the overall mix between reciprocity-based insurance and solidarity-based assistance programmes which makes up the specific profile of a national welfare regime. Another type is in the balance between elements of reciprocity and solidarity within social insurance schemes. This approach can be replicated with any of the developed welfare states of the OECD world.",2-s2.0-0942267398,"Leitner, S.; Lessenich, S.",Journal of Public Policy,3,23,,,2003,10.1017/S0143814X03003155,325,347,scopus,welfarestatechange,assessing welfare state change: the german social insurance state between reciprocity and solidarity,"the analytic framework used here to study welfare state change builds upon the distinction of two fundamentally opposed logics of social exchange: the logic of reciprocity and of solidarity. the approach enables to assess the complexity and ambivalence of policy change in advanced welfare states. using recent social policy reform in germany as an illustration of the analytical capacity of our approach, it is shown that change can be detected in two different dimensions. one type of change is in the overall mix between reciprocity-based insurance and solidarity-based assistance programmes which makes up the specific profile of a national welfare regime. another type is in the balance between elements of reciprocity and solidarity within social insurance schemes. this approach can be replicated with any of the developed welfare states of the oecd world.",False,1
The politics of retrenchment in a social democratic welfare state: Reform of Swedish pensions and unemployment insurance,"What explains the origins and pattern of retrenchment dynamics in Swedish old-age pensions and unemployment insurance during the 1990s? Although the economic crisis created pressure to scale back both programs, the author argues that retrenchment only occurred when and where the Social Democratic Party and some segments of the labor movement supported change. This finding suggests that the political importance of organized labor in retrenchment politics depends on the relationship between welfare-state programs and interest group structure. When interest group structure is characterized by solidaristic, centralized, encompassing organizations, the old class-based power resource model has more explanatory bite than Pierson's new politics of the welfare-state approach.",2-s2.0-0035646325,"Anderson, K.M.",Comparative Political Studies,9,34,,,2001,10.1177/0010414001034009005,1063,1091,scopus,welfarestatechange,the politics of retrenchment in a social democratic welfare state: reform of swedish pensions and unemployment insurance,"what explains the origins and pattern of retrenchment dynamics in swedish old-age pensions and unemployment insurance during the 1990s? although the economic crisis created pressure to scale back both programs, the author argues that retrenchment only occurred when and where the social democratic party and some segments of the labor movement supported change. this finding suggests that the political importance of organized labor in retrenchment politics depends on the relationship between welfare-state programs and interest group structure. when interest group structure is characterized by solidaristic, centralized, encompassing organizations, the old class-based power resource model has more explanatory bite than pierson's new politics of the welfare-state approach.",False,1
"Welfare-state retrenchment in Denmark and the Netherlands, 1982-1998: The role of party competition and party consensus","The literature on welfare-state retrenchment generally argues that economics and institutions matter for the retrenchment scale in different countries. This article argues that politics, in the sense of party competition and consensus, also matter. A study of retrenchment in Denmark and the Netherlands from 1982 to 1998 shows a greater extent of retrenchment has been implemented in the Netherlands. This occurred because the Dutch system of party competition with a pivotal center party, the Christian Democratic Appeal, produced party consensus about welfare-state retrenchment. The Dutch labor party had to accept retrenchment to regain government power, and Dutch governments were able to use this consensus to frame retrenchment as an economic necessity. In Denmark, vehement opposition from the Social Democrats made retrenchment a contested issue during the right-wing governments from 1982 to 1993. Following the Social Democrats' return to power in 1993, a party consensus emerged, leading to retrenchment measures.",2-s2.0-0035600554,"Green-Pedersen, C.",Comparative Political Studies,9,34,,,2001,10.1177/0010414001034009001,963,985,scopus,welfarestatechange,"welfare-state retrenchment in denmark and the netherlands, 1982-1998: the role of party competition and party consensus","the literature on welfare-state retrenchment generally argues that economics and institutions matter for the retrenchment scale in different countries. this article argues that politics, in the sense of party competition and consensus, also matter. a study of retrenchment in denmark and the netherlands from 1982 to 1998 shows a greater extent of retrenchment has been implemented in the netherlands. this occurred because the dutch system of party competition with a pivotal center party, the christian democratic appeal, produced party consensus about welfare-state retrenchment. the dutch labor party had to accept retrenchment to regain government power, and dutch governments were able to use this consensus to frame retrenchment as an economic necessity. in denmark, vehement opposition from the social democrats made retrenchment a contested issue during the right-wing governments from 1982 to 1993. following the social democrats' return to power in 1993, a party consensus emerged, leading to retrenchment measures.",False,1
Path shifting of the welfare state electoral competition and the expansion of work-family policies in Western Europe,,2-s2.0-84873634286,"Morgan, K.J.",World Politics,1,65,,,2013,10.1017/s0043887112000251,73,115,scopus,welfarestatechange,path shifting of the welfare state electoral competition and the expansion of work-family policies in western europe,,False,1
Policy Diffusion and Policy Transfer in Comparative Welfare State Research,"For many years, comparative welfare state research has followed a 'methodological nationalism' in the sense that countries were treated as independent units. Yet the recent 'spatial turn' in comparative politics has also influenced welfare state research. For some years now, the field has been witnessing a growing interest in questions about interdependencies and policy diffusion between countries. In this article, we provide a structured overview of the state of the art in the policy diffusion and transfer literature that deals specifically with social policy. We present and critically evaluate existing theoretical concepts and quantitative and qualitative methodological approaches that enable the analysis of interdependencies between countries. Moreover, we summarize the empirical findings of quantitative and qualitative studies on the diffusion and transfer of social policy, from some pioneering studies to the latest findings. Against this background we point out what we believe to be promising avenues for future research. We focus on five areas: theoretical work on the mechanisms underlying diffusion and transfer; methodological approaches; the impact of domestic institutions and policy characteristics on social policy diffusion and transfer; programme-specific dynamics; and the systematic combination of horizontal and vertical interdependencies. © 2012 Blackwell Publishing Ltd.",2-s2.0-84872183177,"Obinger, H.; Schmitt, C.; Starke, P.",Social Policy and Administration,1,47,Competition; Diffusion; Galton's problem; Imitation; Policy learning; Policy transfer; Research methods,Article,2013,10.1111/spol.12003,111,129,scopus,welfarestatechange,policy diffusion and policy transfer in comparative welfare state research,"for many years, comparative welfare state research has followed a 'methodological nationalism' in the sense that countries were treated as independent units. yet the recent 'spatial turn' in comparative politics has also influenced welfare state research. for some years now, the field has been witnessing a growing interest in questions about interdependencies and policy diffusion between countries. in this article, we provide a structured overview of the state of the art in the policy diffusion and transfer literature that deals specifically with social policy. we present and critically evaluate existing theoretical concepts and quantitative and qualitative methodological approaches that enable the analysis of interdependencies between countries. moreover, we summarize the empirical findings of quantitative and qualitative studies on the diffusion and transfer of social policy, from some pioneering studies to the latest findings. against this background we point out what we believe to be promising avenues for future research. we focus on five areas: theoretical work on the mechanisms underlying diffusion and transfer; methodological approaches; the impact of domestic institutions and policy characteristics on social policy diffusion and transfer; programme-specific dynamics; and the systematic combination of horizontal and vertical interdependencies. © 2012 blackwell publishing ltd.",False,1
Slow-Moving Welfare State Change in Quebec and “Movements From Below”,"Recent discussions of policy change in political science have been heavily influenced by historical institutionalist typologies of gradual institutional change and of the ideal-typical agents producing them. The key agents are those within the state who implement and interpret the rules, while the agency of social movements is treated as largely contextual. One way of enriching these accounts is to consider the offensive and defensive strategies of “social movements from below” contesting the dominance of the “social movement from above” over time. This is illustrated by the case of Quebec, where the shift away from a liberal welfare state in the 1990s is explained in part by the social movement project of the women's and community movement. © 2025 Policy Studies Organization.",2-s2.0-85216239456,"Graefe, P.",Politics and Policy,1,53,agency; gradual policy change; historical institutionalism; policy change; policy-mobilization nexus; Quebec; social movements; women's movements,Article,2025,10.1111/polp.70002,,,scopus,welfarestatechange,slow-moving welfare state change in quebec and “movements from below”,"recent discussions of policy change in political science have been heavily influenced by historical institutionalist typologies of gradual institutional change and of the ideal-typical agents producing them. the key agents are those within the state who implement and interpret the rules, while the agency of social movements is treated as largely contextual. one way of enriching these accounts is to consider the offensive and defensive strategies of “social movements from below” contesting the dominance of the “social movement from above” over time. this is illustrated by the case of quebec, where the shift away from a liberal welfare state in the 1990s is explained in part by the social movement project of the women's and community movement. © 2025 policy studies organization.",False,1
Care Infrastructures in Disadvantaged Neighbourhoods at Times of Welfare State Change: Finland and UK Compared,"In this article, we approach urban cultures of care from the perspective that analyses care and caring as taking place between bottom‐up, everyday practices and welfare state structures. We begin with a broad understanding of care as a fundamental activity that sustains and nurtures our shared environments. This perspective highlights the often overlooked and marginalised nature of care. To capture the complexity of care, we identify care as an everyday activity with significant political and ethical implications for urban life. Drawing on qualitative and ethnographic research conducted in Finland and the UK, two distinct welfare state contexts, we investigate how urban cultures of care unfold in marginalised communities at times of welfare state change. Through case studies focused on community‐led initiatives such as the sharing and gifting of food, clothing, and household items in the UK, and neighbourhood responses to urban development in Finland, we illustrate how caring practices are shaped by shifting state infrastructures. These practices as “infrastructures of care” are shown to arise through everyday interactions and affective engagements within urban spaces. We conclude by considering the broader potential of local care infrastructures to contribute to alternative economic models rooted in solidarity, particularly as welfare systems undergo significant change. © 2025 by the author(s).",2-s2.0-105017657626,"Lehtonen, P.; Jupp, E.",Urban Planning,,10,care; care infrastructure; community; neighbourhood; urban development; urban space; welfare state,Article,2025,10.17645/up.10093,,,scopus,welfarestatechange,care infrastructures in disadvantaged neighbourhoods at times of welfare state change: finland and uk compared,"in this article, we approach urban cultures of care from the perspective that analyses care and caring as taking place between bottom‐up, everyday practices and welfare state structures. we begin with a broad understanding of care as a fundamental activity that sustains and nurtures our shared environments. this perspective highlights the often overlooked and marginalised nature of care. to capture the complexity of care, we identify care as an everyday activity with significant political and ethical implications for urban life. drawing on qualitative and ethnographic research conducted in finland and the uk, two distinct welfare state contexts, we investigate how urban cultures of care unfold in marginalised communities at times of welfare state change. through case studies focused on community‐led initiatives such as the sharing and gifting of food, clothing, and household items in the uk, and neighbourhood responses to urban development in finland, we illustrate how caring practices are shaped by shifting state infrastructures. these practices as “infrastructures of care” are shown to arise through everyday interactions and affective engagements within urban spaces. we conclude by considering the broader potential of local care infrastructures to contribute to alternative economic models rooted in solidarity, particularly as welfare systems undergo significant change. © 2025 by the author(s).",False,1
"Why Consult, Why Consent? Employers in Concertation Platforms Facing Welfare State Expansion in the Netherlands, 1920-1960","This article analyzes the attitudes of Dutch employers toward social policy in the early twentieth century. Recent literature has evolved from an emphasis on power to an emphasis on preferences. Moving away from the traditional view that unions and social democrats forced social laws on employers, recent scholars suggest that firms saw specific advantages in the introduction of social laws. However, I show that the attitudes of Dutch business representatives, rather than seeking these specific advantages, merely reflected a willingness to consult, inspired by their macroeconomic view. Employers expressed the wish to attain an organized form of capitalism and accepted regulated forms of codetermination. Once the consultative platforms were in place, employers pursued strategic goals, such as labor peace and disciplining the unions. This paved the way for accepting welfare state expansion. In sum, mid-twentieth century business interests were strongly oriented toward coordinated capitalism. © The Author(s), 2023. Published by Cambridge University Press in association with Donald Critchlow.",2-s2.0-85149674588,"Touwen, J.",Journal of Policy History,2,35,concertation; employers; labor relations; The Netherlands; unions; Welfare state,Article,2023,10.1017/S0898030622000306,254,280,scopus,welfarestatechange,"why consult, why consent? employers in concertation platforms facing welfare state expansion in the netherlands, 1920-1960","this article analyzes the attitudes of dutch employers toward social policy in the early twentieth century. recent literature has evolved from an emphasis on power to an emphasis on preferences. moving away from the traditional view that unions and social democrats forced social laws on employers, recent scholars suggest that firms saw specific advantages in the introduction of social laws. however, i show that the attitudes of dutch business representatives, rather than seeking these specific advantages, merely reflected a willingness to consult, inspired by their macroeconomic view. employers expressed the wish to attain an organized form of capitalism and accepted regulated forms of codetermination. once the consultative platforms were in place, employers pursued strategic goals, such as labor peace and disciplining the unions. this paved the way for accepting welfare state expansion. in sum, mid-twentieth century business interests were strongly oriented toward coordinated capitalism. © the author(s), 2023. published by cambridge university press in association with donald critchlow.",False,1
The electoral consequences of welfare state changes: a sober look at theory and evidence,"The expectation that welfare retrenchment and expansion have electoral consequences for governing parties is widespread in welfare state research. Previous research either argues that welfare state change has electoral consequences across the board or that this is at least the case under certain conditions, such as a left party in government. In this study, we synthesize existing theoretical approaches into a stylized theoretical model and discuss why the assumptions underlying the electoral consequences argument may be questionable. We then conduct an empirical analysis of the electoral fates of government parties in 20 European countries. A wide range of statistical specifications provide practically no evidence for electoral consequences of welfare state changes even under favorable conditions. The importance of welfare changes for electoral outcomes may therefore be overstated. © 2022 Informa UK Limited, trading as Taylor & Francis Group.",2-s2.0-85134032522,"Ahrens, L.; Bandau, F.",Journal of European Public Policy,8,30,Economic voting; partisan theory; political behavior; retrospective voting; welfare expansion; welfare retrenchment,Article,2023,10.1080/13501763.2022.2096669,1633,1656,scopus,welfarestatechange,the electoral consequences of welfare state changes: a sober look at theory and evidence,"the expectation that welfare retrenchment and expansion have electoral consequences for governing parties is widespread in welfare state research. previous research either argues that welfare state change has electoral consequences across the board or that this is at least the case under certain conditions, such as a left party in government. in this study, we synthesize existing theoretical approaches into a stylized theoretical model and discuss why the assumptions underlying the electoral consequences argument may be questionable. we then conduct an empirical analysis of the electoral fates of government parties in 20 european countries. a wide range of statistical specifications provide practically no evidence for electoral consequences of welfare state changes even under favorable conditions. the importance of welfare changes for electoral outcomes may therefore be overstated. © 2022 informa uk limited, trading as taylor & francis group.",False,1
"Corrigendum to “Does Targeting Always Mean Retrenchment? Housing Assistance “Exceptionalism” in the Canadian Welfare State”(Administration & Society, (2021), 53, (439–467), 10.1177/0095399720947992)","In this article, author has noticed few typos in the “timeline” table of Figure 1. Hence, the online version of this article has been updated with the correct figure. The updated figure and legend are as follows: © The Author(s) 2022.",,,Administration and Society,10,54,,,2022,10.1177/00953997221077856,2121,,scopus,welfarestatechange,"corrigendum to “does targeting always mean retrenchment? housing assistance “exceptionalism” in the canadian welfare state”(administration & society, (2021), 53, (439–467), 10.1177/0095399720947992)","in this article, author has noticed few typos in the “timeline” table of figure 1. hence, the online version of this article has been updated with the correct figure. the updated figure and legend are as follows: © the author(s) 2022.",False,1
"Volte-Face on the Welfare State: Social Partners, Knowledge Economies, and the Expansion of Work-Family Policies","To what extent organized employers and trade unions support social policies is contested. This article examines the case of work-family policies (WFPs), which have surged to become a central part of the welfare state. In that expansion, the joint role of employers and unions has largely been disregarded in the comparative political economy literature. The article posits that the shift from Fordist to knowledge economies is the impetus for the social partners’ support for WFPs. If women make up an increasing share of high-skilled employees, employers start favoring WFPs to increase their labor supply. Similarly, unions favor WFPs if women constitute a significant part of their membership base. Yet the extent to which changes in preferences translate into policy depends on the presence of corporatist institutions. These claims are supported with statistical analyses of WFPs in eighteen advanced democracies across five decades and an in-depth case study of Norway. The article thus demonstrates that the trajectory of the new welfare state is decisively affected by the preferences and power of unions and employers. © The Author(s) 2021.",2-s2.0-85106224068,"Skorge, Ø.S.; Rasmussen, M.B.",Politics and Society,2,50,corporatism; gender gap; knowledge economy; welfare state; work-family policy,Article,2022,10.1177/00323292211014371,222,254,scopus,welfarestatechange,"volte-face on the welfare state: social partners, knowledge economies, and the expansion of work-family policies","to what extent organized employers and trade unions support social policies is contested. this article examines the case of work-family policies (wfps), which have surged to become a central part of the welfare state. in that expansion, the joint role of employers and unions has largely been disregarded in the comparative political economy literature. the article posits that the shift from fordist to knowledge economies is the impetus for the social partners’ support for wfps. if women make up an increasing share of high-skilled employees, employers start favoring wfps to increase their labor supply. similarly, unions favor wfps if women constitute a significant part of their membership base. yet the extent to which changes in preferences translate into policy depends on the presence of corporatist institutions. these claims are supported with statistical analyses of wfps in eighteen advanced democracies across five decades and an in-depth case study of norway. the article thus demonstrates that the trajectory of the new welfare state is decisively affected by the preferences and power of unions and employers. © the author(s) 2021.",False,1
"Translating social policy ideas: The Beveridge report, transnational diffusion, and post-war welfare state development in Canada, Denmark, and France","In the history of social policy in advanced industrial societies, the 1942 Beveridge Report stands as one of the most influential government-sponsored reports ever published. In this article, we explore how the principles and the policy proposals formulated in the report diffused to other countries and how domestic actors adapted them to their local context through policy translation processes. The social policy ideas that Beveridge put forward in his 1942 report influenced post-war policy debates in ways that varied greatly from country to country. To illustrate this claim, we analyse the reception and policy impact of this report over time in three different welfare states: Canada, Denmark, and France. This comparison shows how Beveridge's ideas influenced policy debates in different countries through translation processes that adapted these ideas to each country's institutional and political context. © 2021 John Wiley & Sons Ltd.",2-s2.0-85112204441,"Béland, D.; Marchildon, G.P.; Mioni, M.; Petersen, K.",Social Policy and Administration,2,56,Beveridge report; Canada; Denmark; France; policy diffusion; social policy; translation; welfare state,Article,2022,10.1111/spol.12755,315,328,scopus,welfarestatechange,"translating social policy ideas: the beveridge report, transnational diffusion, and post-war welfare state development in canada, denmark, and france","in the history of social policy in advanced industrial societies, the 1942 beveridge report stands as one of the most influential government-sponsored reports ever published. in this article, we explore how the principles and the policy proposals formulated in the report diffused to other countries and how domestic actors adapted them to their local context through policy translation processes. the social policy ideas that beveridge put forward in his 1942 report influenced post-war policy debates in ways that varied greatly from country to country. to illustrate this claim, we analyse the reception and policy impact of this report over time in three different welfare states: canada, denmark, and france. this comparison shows how beveridge's ideas influenced policy debates in different countries through translation processes that adapted these ideas to each country's institutional and political context. © 2021 john wiley & sons ltd.",False,1
A THEORY OF POLICY DRIFT: OBSTRUCTIONIST POLITICS AS A MECHANISM OF U.S. WELFARE STATE RETRENCHMENT,"The article’s aim is to consider Jakob Hacker’s policy drift approach and present this promising and unrenowned approach to Russian social and political scientists and researchers. It explains institutional change in social politics with hidden efforts of obstructionist-policymakers to block adaptation of welfare state institutions to changing social and economic circumstances. Drift occurs when institutions or politics are deliberately held in place while their context shifts in ways that alter their effect. The very nature of American political institutions and political processes encourage drift and make obstructionist politics effective and favorable in terms of political costs. In such a political environment, opponents of popular and embedded welfare state institutions may find it prudent not to attack these institutions directly; instead they may impede their adaptation to shifting circumstances, remake those institutions ground-level operations or build new institutions on the top of them. The article carefully explains the policy drift approach: it investigates its historical and theoretical origins, analyze cases of U.S. welfare state retrenchment that gave rise to the idea of drift, enumerates the other ideal types of hidden welfare privatization politics besides the “drift” – “conversion” and “layering”. Furthermore, it engages in critical discussions on perspectives of the policy drift approach’s adaptation in empirical social and political studies. Since the policy drift approach emerged as special theory explaining only U.S. welfare state shrinking, it put to the fore a specific issue: could it be utilized as general theory for the same processes in another countries? The article argues that the answer is “yes” but that the approach is only reliable and valid for homological cases. Firstly, the article shows examples of extension of the drift theory’s explorations in empirical studies. Secondly, the article demonstrates, that the drift theory could be extended beyond cases of bipartisan, pluralist democracies, since in the other regimes minoritarian lobby-coalition can opt for drift strategy and obstructionist politics against reformist efforts of the majoritarian one, or vice versa © 2022, Polis (Russian Federation).All Rights Reserved.",,"Karasev, D.Yu.",Polis. Political Studies,3,,,,2022,10.17976/jpps/2022.03.11,141,156,scopus,welfarestatechange,a theory of policy drift: obstructionist politics as a mechanism of u.s. welfare state retrenchment,"the article’s aim is to consider jakob hacker’s policy drift approach and present this promising and unrenowned approach to russian social and political scientists and researchers. it explains institutional change in social politics with hidden efforts of obstructionist-policymakers to block adaptation of welfare state institutions to changing social and economic circumstances. drift occurs when institutions or politics are deliberately held in place while their context shifts in ways that alter their effect. the very nature of american political institutions and political processes encourage drift and make obstructionist politics effective and favorable in terms of political costs. in such a political environment, opponents of popular and embedded welfare state institutions may find it prudent not to attack these institutions directly; instead they may impede their adaptation to shifting circumstances, remake those institutions ground-level operations or build new institutions on the top of them. the article carefully explains the policy drift approach: it investigates its historical and theoretical origins, analyze cases of u.s. welfare state retrenchment that gave rise to the idea of drift, enumerates the other ideal types of hidden welfare privatization politics besides the “drift” – “conversion” and “layering”. furthermore, it engages in critical discussions on perspectives of the policy drift approach’s adaptation in empirical social and political studies. since the policy drift approach emerged as special theory explaining only u.s. welfare state shrinking, it put to the fore a specific issue: could it be utilized as general theory for the same processes in another countries? the article argues that the answer is “yes” but that the approach is only reliable and valid for homological cases. firstly, the article shows examples of extension of the drift theory’s explorations in empirical studies. secondly, the article demonstrates, that the drift theory could be extended beyond cases of bipartisan, pluralist democracies, since in the other regimes minoritarian lobby-coalition can opt for drift strategy and obstructionist politics against reformist efforts of the majoritarian one, or vice versa © 2022, polis (russian federation).all rights reserved.",False,1
New Measures of Economic Insecurity Reveal its Expansion Into EU Middle Classes and Welfare States,"Economic instability, social changes, and new social policies place economic insecurity high on the scholarly and political agenda. We contribute to these debates by proposing a new multidimensional, intertemporal measure of economic insecurity that accounts for both its multiplicity and its dynamism. First, we develop three theory-driven, multidimensional measures of economic insecurity. Principal Components Analysis validates the measure. Second, we develop a dynamic approach to insecurity, using longitudinal data and a newly revised headcount method. Third, we then use our new measures to analyze the distribution of insecurity in Europe. Our analysis shows that insecurity is widespread across Europe, even in low-inequality, encompassing welfare states. Moreover, it extends across income groups and occupational classes, reaching into the middle classes. © 2021, The Author(s).",2-s2.0-85106041032,"Ranci, C.; Beckfield, J.; Bernardi, L.; Parma, A.",Social Indicators Research,2,158,Inequality; Insecurity; Middle class; Poverty; Welfare state,Article,2021,10.1007/s11205-021-02709-4,539,562,scopus,welfarestatechange,new measures of economic insecurity reveal its expansion into eu middle classes and welfare states,"economic instability, social changes, and new social policies place economic insecurity high on the scholarly and political agenda. we contribute to these debates by proposing a new multidimensional, intertemporal measure of economic insecurity that accounts for both its multiplicity and its dynamism. first, we develop three theory-driven, multidimensional measures of economic insecurity. principal components analysis validates the measure. second, we develop a dynamic approach to insecurity, using longitudinal data and a newly revised headcount method. third, we then use our new measures to analyze the distribution of insecurity in europe. our analysis shows that insecurity is widespread across europe, even in low-inequality, encompassing welfare states. moreover, it extends across income groups and occupational classes, reaching into the middle classes. © 2021, the author(s).",False,1
The causes of welfare state expansion in democratic middle-income countries: A literature review,"This article reviews the literature on the causes of welfare state expansion in democratic middle-income countries across the Global South since the 2000s. After discussing challenges to measuring welfare state change, the article reviews research in political science and sociology and discusses nine potential causes of recent welfare state expansion, namely (a) economic development, (b) fiscal capacity, (c) democracy, (d) partisan ideology, (e) labour unions, (f) social mobilization, (g) cultural homogeneity, (h) institutional architecture, as well as (i) welfare rights and norms. The review thus reveals that recent welfare state expansion in democratic middle-income countries has been driven by a similar set of causes as post-war welfare state expansion in the Global North. The pronounced expansion of non-contributory social policies has, in some contrast, also been characterized by more bipartisan and transnational political dynamics. The article concludes by outlining avenues for future research and by calling for more scholarly attention to the consolidation and testing of existing theories. © 2020 The Author. Social Policy & Administration published by John Wiley & Sons Ltd.",2-s2.0-85092371117,"Dorlach, T.",Social Policy and Administration,5,55,emerging welfare states; Global South; literature review; middle-income countries; welfare state expansion,Article,2021,10.1111/spol.12658,767,783,scopus,welfarestatechange,the causes of welfare state expansion in democratic middle-income countries: a literature review,"this article reviews the literature on the causes of welfare state expansion in democratic middle-income countries across the global south since the 2000s. after discussing challenges to measuring welfare state change, the article reviews research in political science and sociology and discusses nine potential causes of recent welfare state expansion, namely (a) economic development, (b) fiscal capacity, (c) democracy, (d) partisan ideology, (e) labour unions, (f) social mobilization, (g) cultural homogeneity, (h) institutional architecture, as well as (i) welfare rights and norms. the review thus reveals that recent welfare state expansion in democratic middle-income countries has been driven by a similar set of causes as post-war welfare state expansion in the global north. the pronounced expansion of non-contributory social policies has, in some contrast, also been characterized by more bipartisan and transnational political dynamics. the article concludes by outlining avenues for future research and by calling for more scholarly attention to the consolidation and testing of existing theories. © 2020 the author. social policy & administration published by john wiley & sons ltd.",False,1
Credit-Claiming or Blame Avoidance? Comparing the Relationship between Welfare State Beliefs and the Framing of Social Policy Retrenchment in France and Germany,"Abstract: This study aims to theorize more concretely the micro-foundations of reform strategies with attention to the role of would-be reform winners in motivating strategy choice. The theory incorporates insights about multidimensional preferences into Weaver’s framework and builds on a growing literature on the framing of welfare state change in order to hypothesize that governments may face a vote-seeking incentive to justify retrenchment by appealing to aspects of the reform that their voters support. Recognizing the political relevance of a pro-retrenchment constituency sheds light on unappreciated political dynamics of welfare state retreat. Illustrative case studies of France and Germany provide insights into the relationship between voter preferences and the political strategies. © 2015 The Editor, Journal of Comparative Policy Analysis: Research and Practice.",2-s2.0-84929587449,"Nelson, M.",Journal of Comparative Policy Analysis: Research and Practice,2,18,blame avoidance; comparative social policy; political strategies; public opinion,Article,2016,10.1080/13876988.2015.1005928,138,156,scopus,welfarestatechange,credit-claiming or blame avoidance? comparing the relationship between welfare state beliefs and the framing of social policy retrenchment in france and germany,"abstract: this study aims to theorize more concretely the micro-foundations of reform strategies with attention to the role of would-be reform winners in motivating strategy choice. the theory incorporates insights about multidimensional preferences into weaver’s framework and builds on a growing literature on the framing of welfare state change in order to hypothesize that governments may face a vote-seeking incentive to justify retrenchment by appealing to aspects of the reform that their voters support. recognizing the political relevance of a pro-retrenchment constituency sheds light on unappreciated political dynamics of welfare state retreat. illustrative case studies of france and germany provide insights into the relationship between voter preferences and the political strategies. © 2015 the editor, journal of comparative policy analysis: research and practice.",False,1
Maintaining inequality effectively? Access to higher education programmes in a universalist welfare state in periods of educational expansion 1984-2010,"This article examines whether privileged social groups have managed to monopolize access to sought-after higher education (HE) programmes in a Scandinavian, universalist welfare state (Denmark) during a period of massive educational expansion (1984-2010). I apply an effectively maintained inequality (EMI) framework in which I (i) explicitly control for periods of educational expansion, (ii) disaggregate qualitatively different HE programmes, and (iii) profit from a novel way of constructing social origin, using relative measures of parental education and income. I find that probabilities of attending HE increases for almost all groups and types of programmes, and that the increase primarily occurs in periods of cohort-adjusted HE expansion. Measured by participation ratio (i.e. relative risk), neither sons nor daughters from culturally privileged backgrounds have maintained their advantage from 1984 to 2010 in access to HE in general. However, breaking down HE into four types of university programmes supports the EMI thesis as it is operationalized in this article. So, while inequality in access to HE has been reduced overall through the expansion of the HE system, this has only been achieved by channelling students of lower-educated parents to less-prestigious programmes. © The Author 2015. Published by Oxford University Press.",2-s2.0-84964277235,"Thomsen, J.P.",European Sociological Review,6,31,,,2015,10.1093/esr/jcv067,683,696,scopus,welfarestatechange,maintaining inequality effectively? access to higher education programmes in a universalist welfare state in periods of educational expansion 1984-2010,"this article examines whether privileged social groups have managed to monopolize access to sought-after higher education (he) programmes in a scandinavian, universalist welfare state (denmark) during a period of massive educational expansion (1984-2010). i apply an effectively maintained inequality (emi) framework in which i (i) explicitly control for periods of educational expansion, (ii) disaggregate qualitatively different he programmes, and (iii) profit from a novel way of constructing social origin, using relative measures of parental education and income. i find that probabilities of attending he increases for almost all groups and types of programmes, and that the increase primarily occurs in periods of cohort-adjusted he expansion. measured by participation ratio (i.e. relative risk), neither sons nor daughters from culturally privileged backgrounds have maintained their advantage from 1984 to 2010 in access to he in general. however, breaking down he into four types of university programmes supports the emi thesis as it is operationalized in this article. so, while inequality in access to he has been reduced overall through the expansion of the he system, this has only been achieved by channelling students of lower-educated parents to less-prestigious programmes. © the author 2015. published by oxford university press.",False,1
Acting on welfare state retrenchment: in-between the private and the public,"Purpose – The purpose of this paper is to demonstrate an unexploited conceptual pragmatic sociological framework for analyses of action strategies among social assistance recipients, who are affected by contemporary politics of retrenchment. Design/methodology/approach – Noting that existing literature on resistance and coping is mostly concerned with either collective public resistance or sub-public individualised coping strategies, the paper turns to theoretical insights from newer French pragmatic sociologist Laurent Thévenot, enabling the researcher to dissolve the stark boundaries between private/public and coping/resistance. The use of the concepts is demonstrated through a case study analysis of the various actions of Danish social assistance recipients, who were recently affected by a harsh workfare initiative. Findings – The empirical demonstration points to a plurality of individualised strategies of action, taken on by the affected social assistance recipients. Thereby it points to some advantages of the proposed framework, as it makes visible the versatility of the contemporary “welfare client”, as he or she dynamically changes the scope of action and moves between the private and the public and between coping and resistance. Originality/value – The paper applies hitherto unexploited concepts from French pragmatic sociology to strategies of action among welfare recipients in times of welfare retrenchment. © 2015, Emerald Group Publishing Limited.",2-s2.0-84942087256,"Nielsen, M.H.",International Journal of Sociology and Social Policy,12-Nov,35,Denmark; Disadvantaged groups; Pragmatic sociology; Resistance; Unemployment; Workfare,Article,2015,10.1108/IJSSP-11-2014-0105,756,771,scopus,welfarestatechange,acting on welfare state retrenchment: in-between the private and the public,"purpose – the purpose of this paper is to demonstrate an unexploited conceptual pragmatic sociological framework for analyses of action strategies among social assistance recipients, who are affected by contemporary politics of retrenchment. design/methodology/approach – noting that existing literature on resistance and coping is mostly concerned with either collective public resistance or sub-public individualised coping strategies, the paper turns to theoretical insights from newer french pragmatic sociologist laurent thévenot, enabling the researcher to dissolve the stark boundaries between private/public and coping/resistance. the use of the concepts is demonstrated through a case study analysis of the various actions of danish social assistance recipients, who were recently affected by a harsh workfare initiative. findings – the empirical demonstration points to a plurality of individualised strategies of action, taken on by the affected social assistance recipients. thereby it points to some advantages of the proposed framework, as it makes visible the versatility of the contemporary “welfare client”, as he or she dynamically changes the scope of action and moves between the private and the public and between coping and resistance. originality/value – the paper applies hitherto unexploited concepts from french pragmatic sociology to strategies of action among welfare recipients in times of welfare retrenchment. © 2015, emerald group publishing limited.",False,1
Revisiting Pierson's work on the politics of welfare state reform in the era of retrenchment twenty years later,,2-s2.0-84994351122,"Stephens, J.D.",,,48,,,2015,10.1017/S1049096514002182,274,278,scopus,welfarestatechange,revisiting pierson's work on the politics of welfare state reform in the era of retrenchment twenty years later,,False,1
Welfare state change and social citizenship in the post-Yugoslav states,"This article discusses the interaction between social citizenship and the welfare state in the context of post-communist transformation. It particularly examines the relationship between changing political institutions and notions of citizenship, and changing welfare policies. The welfare diversity can be attributed to inherited legacies and the transitional context, and particularly the political responses to it. They can be best understood in the context of democratization processes which have affected both the notion of citizenship as well as the welfare state reform. Additionally, increasing internationalization challenged existing structures and offered new perspectives. The role of the European Union has, however, been quite uneven in this process. Based on the combined effect of these influences in the post-Yugoslav space, four social citizenship types could be discerned: neo-corporatist (Slovenia), accommodating (Croatia), paternalistic (Serbia and Montenegro), and neoliberal (Macedonia and Kosovo). © 2015 Taylor & Francis.",2-s2.0-84940186564,"Stambolieva, M.",European Politics and Society,3,16,Post-Yugoslav states; Social citizenship; Transformation; Welfare state,Article,2015,10.1080/23745118.2015.1061775,379,394,scopus,welfarestatechange,welfare state change and social citizenship in the post-yugoslav states,"this article discusses the interaction between social citizenship and the welfare state in the context of post-communist transformation. it particularly examines the relationship between changing political institutions and notions of citizenship, and changing welfare policies. the welfare diversity can be attributed to inherited legacies and the transitional context, and particularly the political responses to it. they can be best understood in the context of democratization processes which have affected both the notion of citizenship as well as the welfare state reform. additionally, increasing internationalization challenged existing structures and offered new perspectives. the role of the european union has, however, been quite uneven in this process. based on the combined effect of these influences in the post-yugoslav space, four social citizenship types could be discerned: neo-corporatist (slovenia), accommodating (croatia), paternalistic (serbia and montenegro), and neoliberal (macedonia and kosovo). © 2015 taylor & francis.",False,1
Welfare State Changes and Outcomes - The Cases of Portugal and Denmark from a Comparative Perspective,"It is well known that welfare states ensure a certain level of social protection affecting levels of well-being and the extent of inequalities in society. Changes within crucial domains of social policy, such as education, health, or social protection, have, therefore, a major effect upon individuals' opportunities. In this article I compare the effects of these changes in two countries from the mid-1980s to the financial crisis of 2008. Portugal that was a latecomer in welfare state development and Denmark was at the forefront of de-commodification and universalization of social rights. The conclusion of this article is that income inequality has been steadily increasing in Danish society; while in Portugal, despite improvements in many social domains (healthcare, poverty alleviation, unemployment protection), problems of inequality remain deeply embedded in the country's social and institutional structures. © 2014 John Wiley & Sons Ltd.",2-s2.0-84921438532,"Alves, S.",Social Policy and Administration,1,49,Denmark; Inequality; Portugal; Welfare state outcomes; Welfare state regimes,Article,2015,10.1111/spol.12075,23,Jan,scopus,welfarestatechange,welfare state changes and outcomes - the cases of portugal and denmark from a comparative perspective,"it is well known that welfare states ensure a certain level of social protection affecting levels of well-being and the extent of inequalities in society. changes within crucial domains of social policy, such as education, health, or social protection, have, therefore, a major effect upon individuals' opportunities. in this article i compare the effects of these changes in two countries from the mid-1980s to the financial crisis of 2008. portugal that was a latecomer in welfare state development and denmark was at the forefront of de-commodification and universalization of social rights. the conclusion of this article is that income inequality has been steadily increasing in danish society; while in portugal, despite improvements in many social domains (healthcare, poverty alleviation, unemployment protection), problems of inequality remain deeply embedded in the country's social and institutional structures. © 2014 john wiley & sons ltd.",False,1
"Welfare state change, replacement rates and the problem of validity: a cautionary note","Analyzing welfare state changes based on standardized and individualized welfare entitlements data is fashionable. By using these data, scholars hope to avoid many of the issues previous macro-quantitative studies were faced with—especially the fact that cuts in welfare state generosity did not necessarily reduce social spending. However, the article casts some doubt on this optimistic expectation. Based on a comparison between the two major data sets in the field—Scruggs’ CWED (1 and 2) and Korpi/Palme’s SCIP as well as the most recent statements of the compilers of these data sets, we draw three important conclusions for the field of comparative welfare state research. First, the data sets treat tax clawbacks differently, they vary in the extent they take federal lower-level social benefits into account and handle means-tested programs in a different manner, all of which leads to validity issues. Second, based on the recent debate in the scientific community, we discuss in how far there are conceptual differences between the data sets that may be able to explain these differences. Third, we include the latest, updated version of Scruggs’ data set (CWED 2) that has been published only very recently and show that some of the errors in the original version have been corrected. © 2014, Springer Fachmedien Wiesbaden.",,"Wenzelburger, G.; Zohlnhöfer, R.",Zeitschrift fur Vergleichende Politikwissenschaft,4-Mar,8,,,2014,10.1007/s12286-014-0215-8,307,328,scopus,welfarestatechange,"welfare state change, replacement rates and the problem of validity: a cautionary note","analyzing welfare state changes based on standardized and individualized welfare entitlements data is fashionable. by using these data, scholars hope to avoid many of the issues previous macro-quantitative studies were faced with—especially the fact that cuts in welfare state generosity did not necessarily reduce social spending. however, the article casts some doubt on this optimistic expectation. based on a comparison between the two major data sets in the field—scruggs’ cwed (1 and 2) and korpi/palme’s scip as well as the most recent statements of the compilers of these data sets, we draw three important conclusions for the field of comparative welfare state research. first, the data sets treat tax clawbacks differently, they vary in the extent they take federal lower-level social benefits into account and handle means-tested programs in a different manner, all of which leads to validity issues. second, based on the recent debate in the scientific community, we discuss in how far there are conceptual differences between the data sets that may be able to explain these differences. third, we include the latest, updated version of scruggs’ data set (cwed 2) that has been published only very recently and show that some of the errors in the original version have been corrected. © 2014, springer fachmedien wiesbaden.",False,1
The Expansion of the Korean Welfare State and Its Results - Focusing on Long-term Care Insurance for the Elderly,"Since the early 2000s, there has been considerable expansion of the Korean welfare state. In particular, a new compulsory long-term care insurance (LTCI) for older people was introduced in 2008, facilitating the socialization of long-term care (LTC) services at a national level. This study aims to examine how the Korean welfare state has coped with the increasing LTC needs of older people caused by introducing and implementing a new LTCI system and reforming it. This study argues that the LTCI was designed to meet limited objectives, such as providing minimal coverage and affording private for-profit market forces a predominant role in the provision of LTCI services. Owing to the implementation of the insurance, a number of achievements and shortcomings with respect to the LTCI have become evident. To address the challenges that have emerged, the Korean government announced a reform plan in 2012, which emphasized changes such as increasing coverage and improving the quality of services. Although the reform plan also shows a number of fundamental limitations, it is expected to contribute to the development of the Korean LTCI to a certain extent. © 2014 John Wiley & Sons Ltd.",2-s2.0-84907953156,"Chon, Y.",Social Policy and Administration,6,48,Long-term care; Marketization of care; Older people; Social insurance; South Korea,Article,2014,10.1111/spol.12092,704,720,scopus,welfarestatechange,the expansion of the korean welfare state and its results - focusing on long-term care insurance for the elderly,"since the early 2000s, there has been considerable expansion of the korean welfare state. in particular, a new compulsory long-term care insurance (ltci) for older people was introduced in 2008, facilitating the socialization of long-term care (ltc) services at a national level. this study aims to examine how the korean welfare state has coped with the increasing ltc needs of older people caused by introducing and implementing a new ltci system and reforming it. this study argues that the ltci was designed to meet limited objectives, such as providing minimal coverage and affording private for-profit market forces a predominant role in the provision of ltci services. owing to the implementation of the insurance, a number of achievements and shortcomings with respect to the ltci have become evident. to address the challenges that have emerged, the korean government announced a reform plan in 2012, which emphasized changes such as increasing coverage and improving the quality of services. although the reform plan also shows a number of fundamental limitations, it is expected to contribute to the development of the korean ltci to a certain extent. © 2014 john wiley & sons ltd.",False,1
Childcare expansion in conservative welfare states: Policy legacies and the politics of decentralized implementation in germany and italy,"Italy and Germany have historically lagged behind other European countries in the provision of childcare and other measures aimed at reconciling work and family life. Yet, in light of exceptionally low fertility rates and an increasingly important orientation toward labor market activation, especially among women, these two male breadwinner welfare states have embraced the European Union (EU)'s 2002 Barcelona targets for publicly provided childcare and introduced large-scale initiatives for expanding childcare. While both countries' national governments have committed to large public investments in childcare, the timing and pace of development and the resulting regional patterns of public childcare provision are quite different. European and national policy initiatives fare differently depending on the organizational and normative environment in which the policy change is being implemented. Specifically, this paper argues that decentralized implementation and the legacy of previous childcare policies in each country together help account for the cross-national and sub-national variation in childcare development. © 2014 The Author.",2-s2.0-84902283401,"Oliver, R.J.; Mätzke, M.",Social Politics,2,21,,,2014,10.1093/sp/jxu001,167,193,scopus,welfarestatechange,childcare expansion in conservative welfare states: policy legacies and the politics of decentralized implementation in germany and italy,"italy and germany have historically lagged behind other european countries in the provision of childcare and other measures aimed at reconciling work and family life. yet, in light of exceptionally low fertility rates and an increasingly important orientation toward labor market activation, especially among women, these two male breadwinner welfare states have embraced the european union (eu)'s 2002 barcelona targets for publicly provided childcare and introduced large-scale initiatives for expanding childcare. while both countries' national governments have committed to large public investments in childcare, the timing and pace of development and the resulting regional patterns of public childcare provision are quite different. european and national policy initiatives fare differently depending on the organizational and normative environment in which the policy change is being implemented. specifically, this paper argues that decentralized implementation and the legacy of previous childcare policies in each country together help account for the cross-national and sub-national variation in childcare development. © 2014 the author.",False,1
"A swedish welfare state in North America? the creation and expansion of the saskatchewan welfare state, 1944-1982",,2-s2.0-84886451089,"Marier, P.",Journal of Policy History,4,25,,,2013,10.1017/S0898030613000328,614,632,scopus,welfarestatechange,"a swedish welfare state in north america? the creation and expansion of the saskatchewan welfare state, 1944-1982",,False,1
Testing the Limits of Welfare State Changes: The Slow-moving Immigration Policy Reform in Japan,"In the 1990s, the Japanese government made transformative policy change by significantly expanding social care, thereby contradicting the core of the country's familialistic welfare principle of non-state intervention in the family. Remarkably, social care expansions were widely accepted by the public as necessary, if not welcome, changes to deal with low fertility and an ageing society. Japanese people seemed to have no problem accepting that the rapid demographic ageing and the 'modernization' of the family necessitated outsourcing childcare and elder care. As the supply of native-born care workers continued to shrink, the Japanese government began turning to foreign care workers. Unlike the case of social care expansion, however, immigration policy changes are proving difficult. Despite ample motivations, opportunities, and positive political mobilization, policy reforms have been slow and are far from achieving their goals. Most Japanese citizens are highly ambivalent about opening up the country to immigration, and the idea of immigration and multicultural societies remains disconnected from that of a shared national identity premised on ethnic and cultural homogeneity. This article shows the importance of public sentiments and national collective imaginary in policy change. © 2016 John Wiley & Sons, Ltd.",2-s2.0-84959053580,"Peng, I.",Social Policy and Administration,2,50,Asia; Care; Demography; Ethnic homogeneity; Family; Immigration; Immigration policy; Japan; Nationhood; Policy change; Women,Article,2016,10.1111/spol.12215,278,295,scopus,welfarestatechange,testing the limits of welfare state changes: the slow-moving immigration policy reform in japan,"in the 1990s, the japanese government made transformative policy change by significantly expanding social care, thereby contradicting the core of the country's familialistic welfare principle of non-state intervention in the family. remarkably, social care expansions were widely accepted by the public as necessary, if not welcome, changes to deal with low fertility and an ageing society. japanese people seemed to have no problem accepting that the rapid demographic ageing and the 'modernization' of the family necessitated outsourcing childcare and elder care. as the supply of native-born care workers continued to shrink, the japanese government began turning to foreign care workers. unlike the case of social care expansion, however, immigration policy changes are proving difficult. despite ample motivations, opportunities, and positive political mobilization, policy reforms have been slow and are far from achieving their goals. most japanese citizens are highly ambivalent about opening up the country to immigration, and the idea of immigration and multicultural societies remains disconnected from that of a shared national identity premised on ethnic and cultural homogeneity. this article shows the importance of public sentiments and national collective imaginary in policy change. © 2016 john wiley & sons, ltd.",False,1
Devine intervention? Lessons in systemic retrenchment from Canada’s most generous welfare state,"ABSTRACT: This article tackles the importance of systemic retrenchment in welfare state research by focusing on two core elements neglected in the literature: the civil service and governmental revenues. Saskatchewan has possessed key ingredients associated with generous welfare states: a dominant left-wing party, a supportive bureaucracy and important non-visible fiscal revenues. According to the comparative welfare state literature, this is also an excellent recipe for maintaining a generous welfare state amid attempts, primarily by right-wing governments, to scale it back. Yet, most social indicators in the post-Devine years demonstrate that Saskatchewan can no longer be considered a leading welfare state in Canada. Reforms to the bureaucracy and a host of financial measures resulting in a near default explain why the Devine government was successful in its efforts to disrupt the CCF/NDP social legacy despite the fact that the NDP regained power for 16 years afterwards. © 2016 Informa UK Limited, trading as Taylor & Francis Group.",2-s2.0-84975127168,"Marier, P.",Regional and Federal Studies,2,26,Bureaucracy; Canada; fiscal crisis; Saskatchewan; welfare state retrenchment,Article,2016,10.1080/13597566.2016.1181061,221,241,scopus,welfarestatechange,devine intervention? lessons in systemic retrenchment from canada’s most generous welfare state,"abstract: this article tackles the importance of systemic retrenchment in welfare state research by focusing on two core elements neglected in the literature: the civil service and governmental revenues. saskatchewan has possessed key ingredients associated with generous welfare states: a dominant left-wing party, a supportive bureaucracy and important non-visible fiscal revenues. according to the comparative welfare state literature, this is also an excellent recipe for maintaining a generous welfare state amid attempts, primarily by right-wing governments, to scale it back. yet, most social indicators in the post-devine years demonstrate that saskatchewan can no longer be considered a leading welfare state in canada. reforms to the bureaucracy and a host of financial measures resulting in a near default explain why the devine government was successful in its efforts to disrupt the ccf/ndp social legacy despite the fact that the ndp regained power for 16 years afterwards. © 2016 informa uk limited, trading as taylor & francis group.",False,1
Partisan influence on social and labor market policies in the Silver Age of welfare state retrenchment: evidences from 19 OECD countries,"Are governing parties able to shape social and labor market policies according to their ideological positions or are they overwhelmed by socio-economic and institutional constraints? The paper answers this crucial question by developing a comparative study on 19 OECD countries from 1985 to 2011. It investigates whether the location of governments on a continuous left–right scale affects four measures of welfare state generosity: namely, public spending in social policies, in active and passive labor market policies and the level of unemployment insurance replacement rate. The results obtained through an error correction model show that governing parties are unable to affect social and labor market policies in the short-run, when economic dynamics prevail. However, in the long-run, partisanship gains relevance: when the government coalition moves to the right, there is a negative impact on all the measures of welfare state generosity. © 2020, Springer Nature Limited.",2-s2.0-85078999657,"Negri, F.",Acta Politica,1,56,Error correction model; Government partisanship; Labor market policies; Political parties; Social expenditure,Article,2021,10.1057/s41269-020-00147-7,89,107,scopus,welfarestatechange,partisan influence on social and labor market policies in the silver age of welfare state retrenchment: evidences from 19 oecd countries,"are governing parties able to shape social and labor market policies according to their ideological positions or are they overwhelmed by socio-economic and institutional constraints? the paper answers this crucial question by developing a comparative study on 19 oecd countries from 1985 to 2011. it investigates whether the location of governments on a continuous left–right scale affects four measures of welfare state generosity: namely, public spending in social policies, in active and passive labor market policies and the level of unemployment insurance replacement rate. the results obtained through an error correction model show that governing parties are unable to affect social and labor market policies in the short-run, when economic dynamics prevail. however, in the long-run, partisanship gains relevance: when the government coalition moves to the right, there is a negative impact on all the measures of welfare state generosity. © 2020, springer nature limited.",False,1
Choosing the path of austerity: how parties and policy coalitions influence welfare state retrenchment in periods of fiscal consolidation,"What are the conditions under which some austerity programmes rely on substantial cuts to social spending? More specifically, do the partisan complexion and the type of government condition the extent to which austerity policies imply welfare state retrenchment? This article demonstrates that large budget consolidations tend to be associated with welfare state retrenchment. The findings support a partisan and a politico-institutionalist argument: (i) in periods of fiscal consolidation, welfare state retrenchment tends to be more pronounced under left-wing governments; (ii) since welfare state retrenchment is electorally and politically risky, it also tends to be more pronounced when pursued by a broad pro-reform coalition government. Therefore, the article shows that during budget consolidations implemented by left-wing broad coalition governments, welfare state retrenchment is greatest. Using long-run multipliers from autoregressive distributed lag models on 17 OECD countries during the 1982–2009 period, substantial support is found for these expectations. © 2015 Taylor & Francis.",2-s2.0-84951288819,"Armingeon, K.; Guthmann, K.; Weisstanner, D.",West European Politics,4,39,Austerity; comparative political economy; institutions; welfare state retrenchment,Article,2016,10.1080/01402382.2015.1111072,628,647,scopus,welfarestatechange,choosing the path of austerity: how parties and policy coalitions influence welfare state retrenchment in periods of fiscal consolidation,"what are the conditions under which some austerity programmes rely on substantial cuts to social spending? more specifically, do the partisan complexion and the type of government condition the extent to which austerity policies imply welfare state retrenchment? this article demonstrates that large budget consolidations tend to be associated with welfare state retrenchment. the findings support a partisan and a politico-institutionalist argument: (i) in periods of fiscal consolidation, welfare state retrenchment tends to be more pronounced under left-wing governments; (ii) since welfare state retrenchment is electorally and politically risky, it also tends to be more pronounced when pursued by a broad pro-reform coalition government. therefore, the article shows that during budget consolidations implemented by left-wing broad coalition governments, welfare state retrenchment is greatest. using long-run multipliers from autoregressive distributed lag models on 17 oecd countries during the 1982–2009 period, substantial support is found for these expectations. © 2015 taylor & francis.",False,1
Paradigm Shifts in Social Housing After Welfare-State Transformation: Learning from the German Experience,"Welfare-state transformation and entrepreneurial urban politics in Western welfare states since the late 1970s have yielded converging trends in the transformation of the dominant Fordist paradigm of social housing in terms of its societal function and institutional and spatial form. In this article I draw from a comparative case study on two cities in Germany to show that the resulting new paradigm is simultaneously shaped by the idiosyncrasies of the country's national housing regime and local housing policies. While German governments have successively limited the societal function of social housing as a legitimate instrument only for addressing exceptional housing crises, local policies on providing and organizing social housing within this framework display significant variation. However, planning and design principles dominating the spatial forms of social housing have been congruent. They may be interpreted as both an expression of the marginalization of social housing within the restructured welfare housing regime and a tool of its implementation according to the logics of entrepreneurial urban politics. © 2020 The Authors. International Journal of Urban and Regional Research published by John Wiley & Sons Ltd on behalf of Urban Research Publications Limited",2-s2.0-85087206079,"Schönig, B.",International Journal of Urban and Regional Research,6,44,Germany; housing policy; mixed-income developments; social housing; urban design; welfare state,Article,2020,10.1111/1468-2427.12914,1023,1040,scopus,welfarestatechange,paradigm shifts in social housing after welfare-state transformation: learning from the german experience,"welfare-state transformation and entrepreneurial urban politics in western welfare states since the late 1970s have yielded converging trends in the transformation of the dominant fordist paradigm of social housing in terms of its societal function and institutional and spatial form. in this article i draw from a comparative case study on two cities in germany to show that the resulting new paradigm is simultaneously shaped by the idiosyncrasies of the country's national housing regime and local housing policies. while german governments have successively limited the societal function of social housing as a legitimate instrument only for addressing exceptional housing crises, local policies on providing and organizing social housing within this framework display significant variation. however, planning and design principles dominating the spatial forms of social housing have been congruent. they may be interpreted as both an expression of the marginalization of social housing within the restructured welfare housing regime and a tool of its implementation according to the logics of entrepreneurial urban politics. © 2020 the authors. international journal of urban and regional research published by john wiley & sons ltd on behalf of urban research publications limited",False,1
Did the conservative resurgence matter? A counterfactual replication of Pierson’s analysis on Reagan and Thatcher’s welfare state retrenchments,"This paper offers a replication of the analysis presented in Pierson’s (1994) book, Dismantling the Welfare State? Reagan, Thatcher, and the Politics of Retrenchment. Since Pierson grounded his conclusions about the irrelevance of the conservative resurgence of the 1980s on a mere confrontation between Reagan and Thatcher’s plans and the retrenchments actually implemented, the replication was performed in a counterfactual framework. Specifically, adopting the synthetic control method, the trajectories of several UK and US welfare state measures, observed in the presence of Thatcher and Reagan’s administration, were compared with corresponding trajectories reconstructed in the absence of conservative governments. That comparison involved results substantially in line with Pierson’s main conclusion: in many policy arenas, the two conservative governments did not exercise a noticeable alteration. Nevertheless, the significant impacts that emerged for specific components of the two welfare states are, in several cases, different from those stressed in Pierson’s book. © 2020, Springer Nature Limited.",2-s2.0-85085323154,"Podestà, F.",Comparative European Politics,5,18,Conservative politics; Pierson; Reagan and Thatcher’s administration; Synthetic control analysis; Welfare state retrenchment,Article,2020,10.1057/s41295-020-00211-8,819,839,scopus,welfarestatechange,did the conservative resurgence matter? a counterfactual replication of pierson’s analysis on reagan and thatcher’s welfare state retrenchments,"this paper offers a replication of the analysis presented in pierson’s (1994) book, dismantling the welfare state? reagan, thatcher, and the politics of retrenchment. since pierson grounded his conclusions about the irrelevance of the conservative resurgence of the 1980s on a mere confrontation between reagan and thatcher’s plans and the retrenchments actually implemented, the replication was performed in a counterfactual framework. specifically, adopting the synthetic control method, the trajectories of several uk and us welfare state measures, observed in the presence of thatcher and reagan’s administration, were compared with corresponding trajectories reconstructed in the absence of conservative governments. that comparison involved results substantially in line with pierson’s main conclusion: in many policy arenas, the two conservative governments did not exercise a noticeable alteration. nevertheless, the significant impacts that emerged for specific components of the two welfare states are, in several cases, different from those stressed in pierson’s book. © 2020, springer nature limited.",False,1
Reappraisal of the political approach on East Asian welfare state development: the case of childcare expansion in South Korea,"Purpose: Political analyses of the East Asian welfare state development often stress the importance of the power resource model, in which vibrant coalitions between the leftist party, interest groups, civil society and working-class unions have become driving factors in producing generous welfare outcomes. Challenging such analyses, this article discusses the convergence of the political attitude between political actors who are increasingly homogeneous (supportive) when it comes to the universal welfare state notion by focussing on childcare in South Korea. Design/methodology/approach: By using desk review of the peer-reviewed literature and reports, this article investigates the causation for why political parties with different political ideologies were keen on extending childcare programs and its outcome in addressing the existing demographic problems in Korea. Findings: Although the collective movement, especially in the 1990s and 2000s, had given important contributions to the early development of childcare in South Korea, more breakthroughs in childcare features were precisely and rapidly developed after politicians from different spectrums of political affiliations converged in their supportive attitude of the universal welfare. The driving factors of political convergence itself are not merely due to electoral competition or political activism; furthermore, it can be linked to the increased global institution involvement in domestic policy with extensive permeability, which, have ruined domestic policy development maintained for ideological reasoning and bring in more popular policy setting. Originality/value: This article contributes to the growing literature on the political aspect of East Asian social policy studies, which goes beyond the traditional power resource analysis and makes a novel contribution to the childcare policy studies. © 2020, Emerald Publishing Limited.",2-s2.0-85084976730,"Yuda, T.K.",International Journal of Sociology and Social Policy,8-Jul,40,Childcare; East Asia; Political convergence; Power resources theory; South Korea; Welfare state,Article,2020,10.1108/IJSSP-03-2020-0056,677,693,scopus,welfarestatechange,reappraisal of the political approach on east asian welfare state development: the case of childcare expansion in south korea,"purpose: political analyses of the east asian welfare state development often stress the importance of the power resource model, in which vibrant coalitions between the leftist party, interest groups, civil society and working-class unions have become driving factors in producing generous welfare outcomes. challenging such analyses, this article discusses the convergence of the political attitude between political actors who are increasingly homogeneous (supportive) when it comes to the universal welfare state notion by focussing on childcare in south korea. design/methodology/approach: by using desk review of the peer-reviewed literature and reports, this article investigates the causation for why political parties with different political ideologies were keen on extending childcare programs and its outcome in addressing the existing demographic problems in korea. findings: although the collective movement, especially in the 1990s and 2000s, had given important contributions to the early development of childcare in south korea, more breakthroughs in childcare features were precisely and rapidly developed after politicians from different spectrums of political affiliations converged in their supportive attitude of the universal welfare. the driving factors of political convergence itself are not merely due to electoral competition or political activism; furthermore, it can be linked to the increased global institution involvement in domestic policy with extensive permeability, which, have ruined domestic policy development maintained for ideological reasoning and bring in more popular policy setting. originality/value: this article contributes to the growing literature on the political aspect of east asian social policy studies, which goes beyond the traditional power resource analysis and makes a novel contribution to the childcare policy studies. © 2020, emerald publishing limited.",False,1
The Diminishing Power of One? Welfare State Retrenchment and Rising Poverty of Single-Adult Households in Sweden 1988-2011,"In this study, we analyse the sharp rise in poverty among working-age singles and single parents in Sweden. In a dual-earner society like Sweden, we show that the return of mass unemployment in combination with the retreat of a generous and inclusive welfare state have substantially increased the poverty risks of single-adult households, who cannot rely on the income buffering effect of the family. Whereas cutbacks to unemployment benefits have been detrimental for the relative income position of single-adult households, the poverty risks of couples with and without children are much less affected. Individual-level characteristics of the poor persons themselves provide little explanatory leverage for why trends in poverty diverge by family form. Our results raise a number of issues of relevance for the wider academic debate about the capacity of the welfare state to adequately respond to both old and new social risk groups. © 2019 The Author(s) 2019. Published by Oxford University Press.",2-s2.0-85082579379,"Alm, S.; Nelson, K.; Nieuwenhuis, R.",European Sociological Review,2,36,,,2020,10.1093/esr/jcz053,198,217,scopus,welfarestatechange,the diminishing power of one? welfare state retrenchment and rising poverty of single-adult households in sweden 1988-2011,"in this study, we analyse the sharp rise in poverty among working-age singles and single parents in sweden. in a dual-earner society like sweden, we show that the return of mass unemployment in combination with the retreat of a generous and inclusive welfare state have substantially increased the poverty risks of single-adult households, who cannot rely on the income buffering effect of the family. whereas cutbacks to unemployment benefits have been detrimental for the relative income position of single-adult households, the poverty risks of couples with and without children are much less affected. individual-level characteristics of the poor persons themselves provide little explanatory leverage for why trends in poverty diverge by family form. our results raise a number of issues of relevance for the wider academic debate about the capacity of the welfare state to adequately respond to both old and new social risk groups. © 2019 the author(s) 2019. published by oxford university press.",False,1
"The western middle classes under stress: Welfare state retrenchments, globalization, and declining returns to education","Following the work of Pierre Bourdieu and Gustav Schmoller before him, the multipolarity of the middle classes between higher and lower, and between cultural and economic capitals is well acknowledged. This old vision is useful to understand the ""middle classes adrift"" of the last 20 years in France and Continental Europe. The expansion of the ""new wage earner middle class"" of the 1960s to 1990s is now an old dream of the welfare state expansion of Western societies, and the European social structure now faces a trend of ""repatrimonialization"", meaning a U-turn towards a decline in the value of mid-qualified work and an expansion of the return to the inheritance of family assets. This paper addresses three main points. First, a new description of repatrimonialization is useful in the specific European context of middle-class societies. We need a redefinition of the system of middle classes (plural) in the context of the construction and decline of strong welfare states. Second, there are three ruptures in the social trends of the 'wage earner society' of the 1960s to 1990s. In this period, economic growth, social homogenization and social protection were major contextual elements of the expansion of 'the new middle class,' based on educational meritocracy, the valorization of credentialed skills, and the expansion of the average wage compared to housing and capital assets ('depatrimonialization'). After the 1990s, the rupture and reversal of these trends, with 'stagnation', 'new inequalities' and 'social uncertainty' as new trends, generated a backlash in the ""middle class society"". Third, I analyze the demographic and social consequences of these new trends in terms of the shrinking of the middle classes in a context where the inheritance of assets and resources changed the previous equilibrium. Finally, I highlight the importance of addressing the problem of social stability when large strata of the middle class have less interest in the maintenance of the social order. © 2020.",2-s2.0-85092000245,"Chauvel, L.",Mir Rossii,4,29,Class system; Generations; Inequalities; Middle class; Social trends; Wealth; Welfare state,Article,2020,10.17323/1811-038X-2020-29-4-85-111,85,111,scopus,welfarestatechange,"the western middle classes under stress: welfare state retrenchments, globalization, and declining returns to education","following the work of pierre bourdieu and gustav schmoller before him, the multipolarity of the middle classes between higher and lower, and between cultural and economic capitals is well acknowledged. this old vision is useful to understand the ""middle classes adrift"" of the last 20 years in france and continental europe. the expansion of the ""new wage earner middle class"" of the 1960s to 1990s is now an old dream of the welfare state expansion of western societies, and the european social structure now faces a trend of ""repatrimonialization"", meaning a u-turn towards a decline in the value of mid-qualified work and an expansion of the return to the inheritance of family assets. this paper addresses three main points. first, a new description of repatrimonialization is useful in the specific european context of middle-class societies. we need a redefinition of the system of middle classes (plural) in the context of the construction and decline of strong welfare states. second, there are three ruptures in the social trends of the 'wage earner society' of the 1960s to 1990s. in this period, economic growth, social homogenization and social protection were major contextual elements of the expansion of 'the new middle class,' based on educational meritocracy, the valorization of credentialed skills, and the expansion of the average wage compared to housing and capital assets ('depatrimonialization'). after the 1990s, the rupture and reversal of these trends, with 'stagnation', 'new inequalities' and 'social uncertainty' as new trends, generated a backlash in the ""middle class society"". third, i analyze the demographic and social consequences of these new trends in terms of the shrinking of the middle classes in a context where the inheritance of assets and resources changed the previous equilibrium. finally, i highlight the importance of addressing the problem of social stability when large strata of the middle class have less interest in the maintenance of the social order. © 2020.",False,1
A race to the middle: The politics of interstate cost distribution and welfare state expansion,"Previous research on welfare state development in federal states has claimed that interstate competition induces a race to the bottom with regard to social expenditure. While existing research has focused on the impact of migration inflows of poor households on states with high provision of social expenditure, it has remained silent with regard to migration outflows. In this article, I argue that migration outflows are associated with increased social expenditure if eligibility restrictions for social benefits between states are relaxed. Facing outflows of workers and the unemployed, low-spending states respond with increases in social expenditure to retain a sufficient workforce and counteract rising wage levels. As a result, states with higher levels of outward migration are catching up with more generous states instead of engaging in a race to the bottom. To support my claim, I use a time-series cross-sectional data set of Swiss cantons covering the period 1930–75. © 2019 by the Southern Political Science Association. All rights reserved.",2-s2.0-85062432110,"Walter, A.",Journal of Politics,3,81,,,2019,10.1086/703132,952,967,scopus,welfarestatechange,a race to the middle: the politics of interstate cost distribution and welfare state expansion,"previous research on welfare state development in federal states has claimed that interstate competition induces a race to the bottom with regard to social expenditure. while existing research has focused on the impact of migration inflows of poor households on states with high provision of social expenditure, it has remained silent with regard to migration outflows. in this article, i argue that migration outflows are associated with increased social expenditure if eligibility restrictions for social benefits between states are relaxed. facing outflows of workers and the unemployed, low-spending states respond with increases in social expenditure to retain a sufficient workforce and counteract rising wage levels. as a result, states with higher levels of outward migration are catching up with more generous states instead of engaging in a race to the bottom. to support my claim, i use a time-series cross-sectional data set of swiss cantons covering the period 1930–75. © 2019 by the southern political science association. all rights reserved.",False,1
"Taking the initiative: Direct democracy, coalition governments and welfare state expansion","Direct democratic rights are increasingly adopted around the world. However, what are the consequences of the introduction of initiative and referendum rights for welfare state development? The existing literature holds a pessimistic view on the role of direct democracy for welfare state development and generosity. Whereas referendums are argued to constitute a major roadblock to the extension of social expenditure, the link between initiatives and social security provision is unclear. I contribute to the existing literature by arguing that the effect of direct democratic instruments on welfare state extension is systematically related to the political environment. More precisely, I contend that governments with a few parties deviate from the median voter preference by providing insufficient social expenditure, whereas the opposite is true in settings with many governing parties. In both cases, voters employ direct legislation to correct for the spending behaviour of governments. Using time-series cross-sectional data on social expenditure in the Swiss cantons from 1930 to 2000, I show that initiatives and referendums constrain social expenditure growth in settings with many governing parties, but expand it when a few parties are in government. © The Author(s) 2018.",2-s2.0-85056172505,"Walter, A.",Journal of European Social Policy,3,29,Coalition governments; direct democracy; power resources; Switzerland; welfare state,Article,2019,10.1177/0958928718805631,446,459,scopus,welfarestatechange,"taking the initiative: direct democracy, coalition governments and welfare state expansion","direct democratic rights are increasingly adopted around the world. however, what are the consequences of the introduction of initiative and referendum rights for welfare state development? the existing literature holds a pessimistic view on the role of direct democracy for welfare state development and generosity. whereas referendums are argued to constitute a major roadblock to the extension of social expenditure, the link between initiatives and social security provision is unclear. i contribute to the existing literature by arguing that the effect of direct democratic instruments on welfare state extension is systematically related to the political environment. more precisely, i contend that governments with a few parties deviate from the median voter preference by providing insufficient social expenditure, whereas the opposite is true in settings with many governing parties. in both cases, voters employ direct legislation to correct for the spending behaviour of governments. using time-series cross-sectional data on social expenditure in the swiss cantons from 1930 to 2000, i show that initiatives and referendums constrain social expenditure growth in settings with many governing parties, but expand it when a few parties are in government. © the author(s) 2018.",False,1
Creating capabilities for societal participation in times of welfare state change? Experiences of people with disabilities in Finland,"Societal participation is central for disability policies throughout the world. In a Finnish setting, it is firmly anchored in the welfare state's commitment to create equal capabilities, but it is also dependent on other prerequisites, such as an inclusive labour market. However, these commitments have become both increasingly important through efforts of strengthening the rights of people with disabilities as well as increasingly challenged by crumbling growth and recurrent austerity measures in social policy. This article explores societal participation of people with disabilities in Finland in times of the recent ratification process of the UN CRPD and welfare cuts, and investigates the subjective experiences of societal participation in a changing welfare state context. The data consists of 13 individual qualitative interviews among working-age people with different kinds of disabilities. The findings highlight the importance of state commitment for creating equal capabilities for societal participation and for removing barriers standing in its way. They also suggest that this commitment is becoming both strengthened by the UN CRPD and weakened by the economic crisis and austerity measures and that this may have an undermining effect upon capabilities for persons with disabilities to participate in society. © 2018 Association ALTER",,"Hästbacka, E.; Nygård, M.",Alter,1,13,,,2019,10.1016/j.alter.2018.09.003,15,28,scopus,welfarestatechange,creating capabilities for societal participation in times of welfare state change? experiences of people with disabilities in finland,"societal participation is central for disability policies throughout the world. in a finnish setting, it is firmly anchored in the welfare state's commitment to create equal capabilities, but it is also dependent on other prerequisites, such as an inclusive labour market. however, these commitments have become both increasingly important through efforts of strengthening the rights of people with disabilities as well as increasingly challenged by crumbling growth and recurrent austerity measures in social policy. this article explores societal participation of people with disabilities in finland in times of the recent ratification process of the un crpd and welfare cuts, and investigates the subjective experiences of societal participation in a changing welfare state context. the data consists of 13 individual qualitative interviews among working-age people with different kinds of disabilities. the findings highlight the importance of state commitment for creating equal capabilities for societal participation and for removing barriers standing in its way. they also suggest that this commitment is becoming both strengthened by the un crpd and weakened by the economic crisis and austerity measures and that this may have an undermining effect upon capabilities for persons with disabilities to participate in society. © 2018 association alter",False,1
"The Regulatory Road to Reform: Bureaucratic Activism, Agency Advocacy, and Medicaid Expansion within the Delegated Welfare State","American policymakers delegate the administration of many welfare programs to states, where officials implement them in increasingly diverse ways. Welfare state scholarship has little to say about this subnational policy divergence, and it portrays the complexity of delegated governance as a barrier to nonelite legislative influence. Drawing on an ethnographic study of one state’s Medicaid program, this article shows that delegated governance offers ample opportunity for nonelite influence and policy divergence, but through regulatory governance rather than legislative advocacy. Medicaid is opaque to politicians, whose inability to monitor program details creates conditions of bureaucratic autonomy and even activism: health-care agency personnel sequence regulatory tweaks to protect and expand entitlements. But budget cuts, outsourcing, and fraught provider relations also deprive bureaucrats of street-level know-how, and bureaucrats depend on beneficiaries’ advocates who selectively illuminate a path to reform. A full rendering of subnational divergence in American federalism requires attention to underexamined factors such as bureaucratic activism, agency advocacy, and regulatory governance. © The Author(s) 2018.",2-s2.0-85056596559,"Pacewicz, J.",Politics and Society,4,46,advocacy; bureaucratic autonomy; health care; legibility; Medicaid; public-private welfare state; regulatory governance; social policy,Article,2018,10.1177/0032329218795850,571,601,scopus,welfarestatechange,"the regulatory road to reform: bureaucratic activism, agency advocacy, and medicaid expansion within the delegated welfare state","american policymakers delegate the administration of many welfare programs to states, where officials implement them in increasingly diverse ways. welfare state scholarship has little to say about this subnational policy divergence, and it portrays the complexity of delegated governance as a barrier to nonelite legislative influence. drawing on an ethnographic study of one state’s medicaid program, this article shows that delegated governance offers ample opportunity for nonelite influence and policy divergence, but through regulatory governance rather than legislative advocacy. medicaid is opaque to politicians, whose inability to monitor program details creates conditions of bureaucratic autonomy and even activism: health-care agency personnel sequence regulatory tweaks to protect and expand entitlements. but budget cuts, outsourcing, and fraught provider relations also deprive bureaucrats of street-level know-how, and bureaucrats depend on beneficiaries’ advocates who selectively illuminate a path to reform. a full rendering of subnational divergence in american federalism requires attention to underexamined factors such as bureaucratic activism, agency advocacy, and regulatory governance. © the author(s) 2018.",False,1
Welfare State Retrenchment in Germany—only a Fairy Tale? Results of a Quantitative Legislation Analysis 1974–2014,"Quantitative analyses on welfare state dynamics have to cope with the “dependent variable problem”, as studies on social spending reach different conclusions than analyses of replacement rate data. This article suggests a way around this problem by presenting results from a fine-grained analysis of welfare state legislation in Germany between 1974 and 2014. We show that the German welfare state has seen both cuts and expansions occur in all decades. Moreover, we show by means of a regression analysis that partisan politics play a role. Supporting the “Nixon-in-China”-thesis, social democratic governments are associated with a higher probability of cutbacks—especially in times of budgetary pressure—whereas expansions are more likely under Christian democratic governments. © 2018, Deutsche Vereinigung für Politikwissenschaft.",,"Wenzelburger, G.; Arndt, C.; Jensen, C.",Politische Vierteljahresschrift,4,59,,,2018,10.1007/s11615-018-0109-5,681,712,scopus,welfarestatechange,welfare state retrenchment in germany—only a fairy tale? results of a quantitative legislation analysis 1974–2014,"quantitative analyses on welfare state dynamics have to cope with the “dependent variable problem”, as studies on social spending reach different conclusions than analyses of replacement rate data. this article suggests a way around this problem by presenting results from a fine-grained analysis of welfare state legislation in germany between 1974 and 2014. we show that the german welfare state has seen both cuts and expansions occur in all decades. moreover, we show by means of a regression analysis that partisan politics play a role. supporting the “nixon-in-china”-thesis, social democratic governments are associated with a higher probability of cutbacks—especially in times of budgetary pressure—whereas expansions are more likely under christian democratic governments. © 2018, deutsche vereinigung für politikwissenschaft.",False,1
Myths of comparative social policy? Permanent austerity and welfare state retrenchment,"Globalization and neoliberalism have frequently been identified as causal for welfare state change. We analyze welfare state development in OECD countries since 1980, employing a descriptive-quantitative analysis of social expenditure and welfare state generosity data and a qualitative analysis of four crucial cases (Germany, Italy, Sweden, and USA). Grosso modo we diagnose a stable development, which can be characterized as ""growth to limits"". The Mediterranean welfare states were even characterized by a significant welfare state expansion until the 2010s. Based on our analysis the concept of ""permanent austerity"" would rather seem to be a myth. Pension and unemployment programs for workers with a 'standard employment relationship' did not witness a general process of retrenchment or recommodification. Nevertheless, our qualitative analyses show that processes of dualization and transformation could be identified in some countries. For future welfare state research, we must, however, ask, whether the assumptions, variables, and indicators that have guided much of the comparative social policy research are still sufficient to capture the Gestalt of welfare states in the 21st century. © 2018 Sozialer Fortschritt. All Rights Reserved.",,"Reinprecht, C.; Seeleib-Kaiser, M.; Sowula, J.",Sozialer Fortschritt,9-Aug,67,,,2018,10.3790/sfo.67.8-9.783,783,804,scopus,welfarestatechange,myths of comparative social policy? permanent austerity and welfare state retrenchment,"globalization and neoliberalism have frequently been identified as causal for welfare state change. we analyze welfare state development in oecd countries since 1980, employing a descriptive-quantitative analysis of social expenditure and welfare state generosity data and a qualitative analysis of four crucial cases (germany, italy, sweden, and usa). grosso modo we diagnose a stable development, which can be characterized as ""growth to limits"". the mediterranean welfare states were even characterized by a significant welfare state expansion until the 2010s. based on our analysis the concept of ""permanent austerity"" would rather seem to be a myth. pension and unemployment programs for workers with a 'standard employment relationship' did not witness a general process of retrenchment or recommodification. nevertheless, our qualitative analyses show that processes of dualization and transformation could be identified in some countries. for future welfare state research, we must, however, ask, whether the assumptions, variables, and indicators that have guided much of the comparative social policy research are still sufficient to capture the gestalt of welfare states in the 21st century. © 2018 sozialer fortschritt. all rights reserved.",False,1
‘Governance transitions’ and minority nationalist parties’ pressure for welfare state change: Evidence from Welsh and Scottish elections – And the UK’s ‘Brexit’ referendum,"This study is concerned with welfare state development and the intersection between the twin global phenomena of sub-state nationalism and ‘governance transitions’. Specifically, how minority nationalist parties (MNPs) use discourse to exert pressure for welfare change. Accordingly, here, we explore their discourse in Scottish and Welsh elections, and the UK ‘Brexit’ referendum on European Union membership. The findings reveal how pressure for welfare change is framed using key tropes including nation-building, extending social protection and resistance to central government programmes. The wider significance to understanding global social policy lies in the following: (1) revealing the discursive processes associated with multi-level welfare state dynamics, (2) demonstrating how MNPs and governance transitions combine to pressure for welfare state change, and (3) showing how the resultant territorialisation of policy discourse advances ‘sub-state’ models of social citizenship. © 2017, © The Author(s) 2017.",2-s2.0-85035119359,"Chaney, P.",Global Social Policy,3,17,Discourse; governance; minority nationalist parties; welfare pressures,Article,2017,10.1177/1468018116686922,279,306,scopus,welfarestatechange,‘governance transitions’ and minority nationalist parties’ pressure for welfare state change: evidence from welsh and scottish elections – and the uk’s ‘brexit’ referendum,"this study is concerned with welfare state development and the intersection between the twin global phenomena of sub-state nationalism and ‘governance transitions’. specifically, how minority nationalist parties (mnps) use discourse to exert pressure for welfare change. accordingly, here, we explore their discourse in scottish and welsh elections, and the uk ‘brexit’ referendum on european union membership. the findings reveal how pressure for welfare change is framed using key tropes including nation-building, extending social protection and resistance to central government programmes. the wider significance to understanding global social policy lies in the following: (1) revealing the discursive processes associated with multi-level welfare state dynamics, (2) demonstrating how mnps and governance transitions combine to pressure for welfare state change, and (3) showing how the resultant territorialisation of policy discourse advances ‘sub-state’ models of social citizenship. © 2017, © the author(s) 2017.",False,1
The fiscal politics of welfare state expansion: The case of social insurance in Israel,"Through a new perspective that draws on the theoretical insights of Fiscal Sociology, the article explores the role of fiscal imperatives for periods of welfare state expansion. By tracing the process of social insurance (SI) financing decisions in the early 1970s, a critical juncture in the development of the Israeli welfare state, the article challenges the implicit assumption in the literature that SI financing is solely aimed at covering the costs of its programmes. The findings show that SI contributions can be driven by ‘nonsocial’ motives related to the state’s broader fiscal concerns. Furthermore, and in contrast to the tendency to associate fiscal imperatives with retrenchment policies and austerity, the article shows that fiscal relations between the state and its SI system can have also positive effects on the welfare state, leading to new entitlements and increased expenditures. © 2017, © The Author(s) 2017.",2-s2.0-85019034035,"Koreh, M.",Journal of European Social Policy,2,27,Fiscal policy; Israel; payroll contributions; social insurance; social policy; welfare state,Article,2017,10.1177/0958928716683632,158,172,scopus,welfarestatechange,the fiscal politics of welfare state expansion: the case of social insurance in israel,"through a new perspective that draws on the theoretical insights of fiscal sociology, the article explores the role of fiscal imperatives for periods of welfare state expansion. by tracing the process of social insurance (si) financing decisions in the early 1970s, a critical juncture in the development of the israeli welfare state, the article challenges the implicit assumption in the literature that si financing is solely aimed at covering the costs of its programmes. the findings show that si contributions can be driven by ‘nonsocial’ motives related to the state’s broader fiscal concerns. furthermore, and in contrast to the tendency to associate fiscal imperatives with retrenchment policies and austerity, the article shows that fiscal relations between the state and its si system can have also positive effects on the welfare state, leading to new entitlements and increased expenditures. © 2017, © the author(s) 2017.",False,1
Measuring welfare state change,"The lack of comparable data on welfare states has historically been a challenge, but much progress has been made since 2000. Indeed, the bonanza of data and the emergence of new functions based on 25 years of reform has dramatically raised the bar for how we should conceptualize and measure the welfare state. Conventional indicators of social expenditure and benefit generosity for industrial workers are of diminishing value as welfare states are assessed on how they manage new social risks. This calls for multiple measures that can assess both qualitative and quantitative change. These are relevant to the social problems of societies in the context of ageing populations, privatization, marginalization, and growing inequalities. Fortunately, appropriate measures can be applied to the growing pool of cross-national data encompassing institutional information, surveys, and administrative data. © Bernhard Ebbinghaus and Moira Nelson 2025.",2-s2.0-105019118082,"Kvist, J.",,,,Comparability; Conceptualization; Measurement validity; Measures; Welfare state; Welfare state change,Book chapter,2025,,107,120,scopus,welfarestatechange,measuring welfare state change,"the lack of comparable data on welfare states has historically been a challenge, but much progress has been made since 2000. indeed, the bonanza of data and the emergence of new functions based on 25 years of reform has dramatically raised the bar for how we should conceptualize and measure the welfare state. conventional indicators of social expenditure and benefit generosity for industrial workers are of diminishing value as welfare states are assessed on how they manage new social risks. this calls for multiple measures that can assess both qualitative and quantitative change. these are relevant to the social problems of societies in the context of ageing populations, privatization, marginalization, and growing inequalities. fortunately, appropriate measures can be applied to the growing pool of cross-national data encompassing institutional information, surveys, and administrative data. © bernhard ebbinghaus and moira nelson 2025.",,1
Social Innovation and Welfare State Retrenchment: A Comparative Analysis of Early Childhood Education and Care in Europe and Beyond,"Since the early 2000s, social innovation has become increasingly relevant in the political and research debates on welfare state transformations. Although most social innovations are citizen-led, some new institution-led initiatives have also emerged. But what are the implications of social innovation for equity and welfare? How does policy learning from social innovation take place in different welfare regime contexts? How can policy be simultaneously responsive to the diversification of needs and to equity and universalisation? Social Innovation and Welfare State Retrenchment examines these questions by focusing on early childhood education and care (ECEC), where the welfare state has not managed to consolidate universal coverage, where social investment is considered crucial for equal opportunities, and where intersectional influences across different dimensions of inequality, such as education and gender-related issues, are central. Offering an original research design for studying the institutionalisation process of social innovation in ECEC across a variety of contexts in Europe and beyond, this collection provides evidence of how the interplay between social innovation and policy deeply affects equity and citizens' welfare in advanced capitalist economies. © 2025 Raquel Gallego, Sheila Gonzalez Motos and Lara Maestripieri. All rights reserved.",2-s2.0-105020657173,"Gallego, R.; Motos, S.G.; Maestripieri, L.",,,,,,2024,,,,scopus,welfarestatechange,social innovation and welfare state retrenchment: a comparative analysis of early childhood education and care in europe and beyond,"since the early 2000s, social innovation has become increasingly relevant in the political and research debates on welfare state transformations. although most social innovations are citizen-led, some new institution-led initiatives have also emerged. but what are the implications of social innovation for equity and welfare? how does policy learning from social innovation take place in different welfare regime contexts? how can policy be simultaneously responsive to the diversification of needs and to equity and universalisation? social innovation and welfare state retrenchment examines these questions by focusing on early childhood education and care (ecec), where the welfare state has not managed to consolidate universal coverage, where social investment is considered crucial for equal opportunities, and where intersectional influences across different dimensions of inequality, such as education and gender-related issues, are central. offering an original research design for studying the institutionalisation process of social innovation in ecec across a variety of contexts in europe and beyond, this collection provides evidence of how the interplay between social innovation and policy deeply affects equity and citizens' welfare in advanced capitalist economies. © 2025 raquel gallego, sheila gonzalez motos and lara maestripieri. all rights reserved.",,1
Four families of theories to understand welfare state change,"This chapter provides an overview of different theoretical approaches used to investigate welfare state change with a particular emphasis on cross-national analysis of Western Europe and North America. It distinguishes four families of theories based on the nature of the factors they consider - macro-structures, institutions, actors, individual preferences and attitudes - and the way their influence is conceptualised - as either the environment, filters and interactions, engine or micro-foundations of welfare states. By analysing developments over time, the chapter shows that we have witnessed to both an increased heterogeneity in the ways welfare state change is conceptualised and measured, and a growing integration of theoretical perspectives. In sum, theoretical advancement in this field has occurred less through the falsification and rejection of existing theories than through a process of integration, layering, refinement, and contextualisation whereby new theories have been used to complement and specify older ones and their field of applicability. This development has coincided with a shift away from grand theorising about the state and social conflict to greater emphasis on middle-range theories providing explanation for well-delimited instances of change concerning particular economic forms, periods, sectors or types of reforms. © 2022 Walter de Gruyter GmbH, Berlin/Boston.",2-s2.0-85140818214,"Ciccia, R.",,,,Change; Ideas; Institutions; Macro; Partisan politics; Political parties; Power; Public opinion; Social policy; Welfare state,Book chapter,2022,,13,27,scopus,welfarestatechange,four families of theories to understand welfare state change,"this chapter provides an overview of different theoretical approaches used to investigate welfare state change with a particular emphasis on cross-national analysis of western europe and north america. it distinguishes four families of theories based on the nature of the factors they consider - macro-structures, institutions, actors, individual preferences and attitudes - and the way their influence is conceptualised - as either the environment, filters and interactions, engine or micro-foundations of welfare states. by analysing developments over time, the chapter shows that we have witnessed to both an increased heterogeneity in the ways welfare state change is conceptualised and measured, and a growing integration of theoretical perspectives. in sum, theoretical advancement in this field has occurred less through the falsification and rejection of existing theories than through a process of integration, layering, refinement, and contextualisation whereby new theories have been used to complement and specify older ones and their field of applicability. this development has coincided with a shift away from grand theorising about the state and social conflict to greater emphasis on middle-range theories providing explanation for well-delimited instances of change concerning particular economic forms, periods, sectors or types of reforms. © 2022 walter de gruyter gmbh, berlin/boston.",,1
"The German welfare state between path dependency, federalism, and political shocks, 19th and 20th centuries","The basis of the German welfare state was the tripartite social insurance system (health, accident and pension insurance) introduced in the 1880s under Chancellor Bismarck. The introduction of a welfare state from above responded to the problems of social fragmentation and social conflicts in the German Industrial Revolution. German history was marked by a series of dramatic shocks, such as the World Wars and especially the Nazi regime. One of the most important continuities was the bureaucracy, which was not affected by the regime changes. Senior civil servants, such as the secretaries of state, often began their careers in the empire or the Weimar Republic and served throughout the Third Reich or until the founding of the Federal Republic of Germany. Thus, the framework of social legislation remained unchanged in some respects even during the Nazi era. Other backgrounds to the continuity were the similarity of infrastructural requirements, the dominance of certain interest groups and the specifically German model of corporatism. In many respects, Germany corresponded to the model of a path-dependent welfare state. Even in the communist German Democratic Republic, remarkable remnants of the old social legislation remained in force. © 2022 selection and editorial matter, Christopher Lloyd and Matti Hannikainen.",2-s2.0-85141583488,"Boldorf, M.",,,,,,2022,,160,183,scopus,welfarestatechange,"the german welfare state between path dependency, federalism, and political shocks, 19th and 20th centuries","the basis of the german welfare state was the tripartite social insurance system (health, accident and pension insurance) introduced in the 1880s under chancellor bismarck. the introduction of a welfare state from above responded to the problems of social fragmentation and social conflicts in the german industrial revolution. german history was marked by a series of dramatic shocks, such as the world wars and especially the nazi regime. one of the most important continuities was the bureaucracy, which was not affected by the regime changes. senior civil servants, such as the secretaries of state, often began their careers in the empire or the weimar republic and served throughout the third reich or until the founding of the federal republic of germany. thus, the framework of social legislation remained unchanged in some respects even during the nazi era. other backgrounds to the continuity were the similarity of infrastructural requirements, the dominance of certain interest groups and the specifically german model of corporatism. in many respects, germany corresponded to the model of a path-dependent welfare state. even in the communist german democratic republic, remarkable remnants of the old social legislation remained in force. © 2022 selection and editorial matter, christopher lloyd and matti hannikainen.",,1
The expansion and contraction of the American welfare state,,2-s2.0-85117424790,"Hanson, R.L.",,,,,,2021,,169,199,scopus,welfarestatechange,the expansion and contraction of the american welfare state,,,1
"Measuring retrenchment in welfare states: Overcoming the challenges to the definition, operationalization and measurement of welfare policy change","Questions of how to measure welfare efforts are not simple and are highly contingent on the theoretical conceptualization of such regimes and upon the types of policies and the levels of government being examined. How to define welfare and well-being from the perspective of outputs or outcomes, whether to focus on the politics of welfare state change (reforms) and/or the policies of welfare state growth, how to categorize policy components, how to define and measure the impacts of fixed and variable costs due to demographic changes, are amongst the many considerations which have to made when determining how to estimate welfare state activity. The chapter examines the obstacle that is the dependent variable problem in the study of welfare states. Once the challenge for consensus on central theoretical definitions of welfare and retrenchment has been explored, the need for elements of policy to be disentangled is discussed. The importance of proper classification tools and measurements is emphasized and the need to adopt a mixed-methods approach to the subject. © Bent Greve 2021.",2-s2.0-85129835056,"Xiol y Ferreira, E.H.; Howlett, M.",,,,,,2021,,54,63,scopus,welfarestatechange,"measuring retrenchment in welfare states: overcoming the challenges to the definition, operationalization and measurement of welfare policy change","questions of how to measure welfare efforts are not simple and are highly contingent on the theoretical conceptualization of such regimes and upon the types of policies and the levels of government being examined. how to define welfare and well-being from the perspective of outputs or outcomes, whether to focus on the politics of welfare state change (reforms) and/or the policies of welfare state growth, how to categorize policy components, how to define and measure the impacts of fixed and variable costs due to demographic changes, are amongst the many considerations which have to made when determining how to estimate welfare state activity. the chapter examines the obstacle that is the dependent variable problem in the study of welfare states. once the challenge for consensus on central theoretical definitions of welfare and retrenchment has been explored, the need for elements of policy to be disentangled is discussed. the importance of proper classification tools and measurements is emphasized and the need to adopt a mixed-methods approach to the subject. © bent greve 2021.",,1
"Fiscal austerity, welfare retrenchment and political populism in Continental European welfare states","This chapter discusses the relationships between austerity, welfare retrenchment and political populism in countries that are commonly referred to as the ‘Continental European’ welfare regime type (Austria, Belgium, France, Germany and the Netherlands). After outlining main characteristics of these welfare state regimes, their reform trajectories from the late 1970s until the Great Recession and in the recent past are sketched. The following main section examines relationships between welfare state change and political populism in these countries in more detail, focusing first on general characteristics of populist parties (which are primarily from the radical right) and tracing their history in individual countries, then discussing contextual conditions for their success and the (changing) composition of their voters, and finally analysing their welfare programmes and strategies as well as their policies in government (with Austria and the Netherlands serving as case studies). The chapter concludes by arguing that core characteristics of the Continental European welfare regime type may have contributed to the rise of the radical right in these countries. © Bent Greve 2021.",2-s2.0-85129825221,"Heuer, J.-O.",,,,,,2021,,155,169,scopus,welfarestatechange,"fiscal austerity, welfare retrenchment and political populism in continental european welfare states","this chapter discusses the relationships between austerity, welfare retrenchment and political populism in countries that are commonly referred to as the ‘continental european’ welfare regime type (austria, belgium, france, germany and the netherlands). after outlining main characteristics of these welfare state regimes, their reform trajectories from the late 1970s until the great recession and in the recent past are sketched. the following main section examines relationships between welfare state change and political populism in these countries in more detail, focusing first on general characteristics of populist parties (which are primarily from the radical right) and tracing their history in individual countries, then discussing contextual conditions for their success and the (changing) composition of their voters, and finally analysing their welfare programmes and strategies as well as their policies in government (with austria and the netherlands serving as case studies). the chapter concludes by arguing that core characteristics of the continental european welfare regime type may have contributed to the rise of the radical right in these countries. © bent greve 2021.",,1
Nordic welfare state changes especially in the light of migration and the financial crisis,"Known for their encompassing welfare model and low levels of inequality the Nordic countries also faced great economic and demographic challenges in the 2000s and 2010s. To varying degrees the financial crisis hit the Nordic countries just as migration was massive, especially in 2015-16 in Sweden. How did the countries respond in terms of reforming their welfare policies? Can the Nordic countries still be said to have distinct universal and generous welfare policies financed by progressive taxes resulting in low levels of inequality? This chapter provides answers to these two main questions through an analysis of policy changes and of inequality. First, the chapter provide core information about the development. Secondly, the chapter describes policy changes for unemployment benefits and social assistance and in personal income taxation, i.e. tax and benefits that are susceptible to change public expenditure and that might increase inequality, and link these changes to debates on austerity and migration. The next section of the chapter compares the trends across the Nordic countries. Hence, the comparative study identifies if changes are mainly driven by austerity or migration and what the similarities and differences are across the policy areas (unemployment, minimum income, and taxation). The chapter also looks into what has been labelled the “necessary politics” and that labour supply reforms were argued to be effective by that “it should pay to work”. The analysis includes the four Nordic countries as far as possible: Denmark, Finland, Norway and Sweden. © Bent Greve 2021.",2-s2.0-85116868384,"Greve, B.; Kvist, J.",,,,,,2021,,143,154,scopus,welfarestatechange,nordic welfare state changes especially in the light of migration and the financial crisis,"known for their encompassing welfare model and low levels of inequality the nordic countries also faced great economic and demographic challenges in the 2000s and 2010s. to varying degrees the financial crisis hit the nordic countries just as migration was massive, especially in 2015-16 in sweden. how did the countries respond in terms of reforming their welfare policies? can the nordic countries still be said to have distinct universal and generous welfare policies financed by progressive taxes resulting in low levels of inequality? this chapter provides answers to these two main questions through an analysis of policy changes and of inequality. first, the chapter provide core information about the development. secondly, the chapter describes policy changes for unemployment benefits and social assistance and in personal income taxation, i.e. tax and benefits that are susceptible to change public expenditure and that might increase inequality, and link these changes to debates on austerity and migration. the next section of the chapter compares the trends across the nordic countries. hence, the comparative study identifies if changes are mainly driven by austerity or migration and what the similarities and differences are across the policy areas (unemployment, minimum income, and taxation). the chapter also looks into what has been labelled the “necessary politics” and that labour supply reforms were argued to be effective by that “it should pay to work”. the analysis includes the four nordic countries as far as possible: denmark, finland, norway and sweden. © bent greve 2021.",,1
"Austerity, retrenchment and the welfare state: Truth or fiction?","Are we living in an age of permanent austerity? In this insightful book, Bent Greve provides a comprehensive empirical analysis of welfare states since 2000, exploring the ways by which austerity can be measured and quantified. Through detailed comparative analysis between states, this book dissects the implementation of economic retrenchment, its extent and impact in Europe. © Bent Greve 2020. All rights reserved.",2-s2.0-85087140152,"Greve, B.",,,,,,2020,,,,scopus,welfarestatechange,"austerity, retrenchment and the welfare state: truth or fiction?","are we living in an age of permanent austerity? in this insightful book, bent greve provides a comprehensive empirical analysis of welfare states since 2000, exploring the ways by which austerity can be measured and quantified. through detailed comparative analysis between states, this book dissects the implementation of economic retrenchment, its extent and impact in europe. © bent greve 2020. all rights reserved.",,1
Collective Bargaining on Social Protection in the Context of Welfare State Retrenchment: The Case of Unemployment Insurance,,2-s2.0-85192630765,"de Le Court, A.",,,,,,2019,,213,231,scopus,welfarestatechange,collective bargaining on social protection in the context of welfare state retrenchment: the case of unemployment insurance,,,1
Welfare state changes in China since 1949,,2-s2.0-85060397596,"Li, B.",,,,,,2018,,208,222,scopus,welfarestatechange,welfare state changes in china since 1949,,,1
The Transformation of Work in Welfare State Organizations: New Public Management and the Institutional Diffusion of Ideas,"How has New Public Management influenced social policy reform in different developed welfare states? New managerialism is conceptualized as a paradigm, which not only shapes the decision-making process in bureaucratic organizations but also affects the practice of individuals (citizens). Public administrations have been expected to transform from traditional bureaucratic organizations into modern managerial service providers by adopting a business model that requires the efficient and effective use of resources. The introduction of managerial practices, controlling and accounting systems, management by objectives, computerization, service orientation, increased outsourcing, competitive structures and decentralized responsibility are typical of efforts to increase efficiency. These developments have been accompanied by the abolition of civil service systems and fewer secure jobs in public administrations. This book provides a sociological understanding of how public administrations deal with this transformation, how people's role as public servants is affected, and what kind of strategies emerge either to meet these new organizational requirements or to circumvent them. It shows how hybrid arrangements of public services are created between the public and the private sphere that lead to conflicts of interest between private strategies and public tasks as well as to increasingly homogeneous social welfare provision across Europe. © 2018 Frank Sowa, Ronald Staples and Stefan Zapfel. All rights reserved.",2-s2.0-85049963049,"Sowa, F.; Staples, R.; Zapfel, S.",,,,,,2018,,,,scopus,welfarestatechange,the transformation of work in welfare state organizations: new public management and the institutional diffusion of ideas,"how has new public management influenced social policy reform in different developed welfare states? new managerialism is conceptualized as a paradigm, which not only shapes the decision-making process in bureaucratic organizations but also affects the practice of individuals (citizens). public administrations have been expected to transform from traditional bureaucratic organizations into modern managerial service providers by adopting a business model that requires the efficient and effective use of resources. the introduction of managerial practices, controlling and accounting systems, management by objectives, computerization, service orientation, increased outsourcing, competitive structures and decentralized responsibility are typical of efforts to increase efficiency. these developments have been accompanied by the abolition of civil service systems and fewer secure jobs in public administrations. this book provides a sociological understanding of how public administrations deal with this transformation, how people's role as public servants is affected, and what kind of strategies emerge either to meet these new organizational requirements or to circumvent them. it shows how hybrid arrangements of public services are created between the public and the private sphere that lead to conflicts of interest between private strategies and public tasks as well as to increasingly homogeneous social welfare provision across europe. © 2018 frank sowa, ronald staples and stefan zapfel. all rights reserved.",,1
Sweden: What crisis? Welfare state expansion during the oil crisis,,2-s2.0-85115673031,"Köppe, S.",,,,,,2018,,177,198,scopus,welfarestatechange,sweden: what crisis? welfare state expansion during the oil crisis,,,1
‘Some sort of super welfare state’? The ‘rediscovery’ of poverty and irish welfare state change in the 1970s,,2-s2.0-85094936266,"Dukelow, F.",,,,,,2018,,61,85,scopus,welfarestatechange,‘some sort of super welfare state’? the ‘rediscovery’ of poverty and irish welfare state change in the 1970s,,,1
Immigration and welfare state retrenchment: Why the US experience is not reflected in Western Europe,"Is large-scale immigration to Europe incompatible with the continent’s generous and encompassing welfare states? Are Europeans willing to share welfare benefits with ethnically different and often less well-off immigrants? Or do they regard the newcomers as undeserving and their claim for welfare rights as unjustified? These questions are at the heart of what has become known as the “New Progressive Dilemma” (NPD) debate-and the predominant answers given to them are rather pessimistic. Pointing to the experiences of the US, where a multi-racial society in combination with a longstanding history of immigration encounters very limited welfare provision, many Europeans fear that the continent’s new immigrant-based heterogeneity may push it toward more American levels of redistribution. But are the conflictual US experiences really reflected in the European context? Immigration and Welfare State Retrenchment addresses this question by connecting the New Progressive Dilemma debate with comparative welfare state and party research in order to analyze the role ethnic diversity plays in welfare reforms in the US and Europe. Whereas the combination of racial patterns and party politics had and still has serious consequences for the US welfare system, the general message of the book is that these are not echoed in the Western European context. In addition, while many Europeans are very critical of immigration and prepared to ban immigrants from welfare benefits, both the institutional design of European welfare programs and the economically divided anti-immigrant movement prevent immigration concerns from translating into actual retrenchment in the core areas of welfare. © Dennis C. Spies 2018.",2-s2.0-85051159057,"Spies, D.C.",,,,Comparative welfare research; Ethnic diversity; Immigration; New progressive dilemma; Party research; Welfare state retrenchment,Book,2018,,,,scopus,welfarestatechange,immigration and welfare state retrenchment: why the us experience is not reflected in western europe,"is large-scale immigration to europe incompatible with the continent’s generous and encompassing welfare states? are europeans willing to share welfare benefits with ethnically different and often less well-off immigrants? or do they regard the newcomers as undeserving and their claim for welfare rights as unjustified? these questions are at the heart of what has become known as the “new progressive dilemma” (npd) debate-and the predominant answers given to them are rather pessimistic. pointing to the experiences of the us, where a multi-racial society in combination with a longstanding history of immigration encounters very limited welfare provision, many europeans fear that the continent’s new immigrant-based heterogeneity may push it toward more american levels of redistribution. but are the conflictual us experiences really reflected in the european context? immigration and welfare state retrenchment addresses this question by connecting the new progressive dilemma debate with comparative welfare state and party research in order to analyze the role ethnic diversity plays in welfare reforms in the us and europe. whereas the combination of racial patterns and party politics had and still has serious consequences for the us welfare system, the general message of the book is that these are not echoed in the western european context. in addition, while many europeans are very critical of immigration and prepared to ban immigrants from welfare benefits, both the institutional design of european welfare programs and the economically divided anti-immigrant movement prevent immigration concerns from translating into actual retrenchment in the core areas of welfare. © dennis c. spies 2018.",,1
Recent developments in the German Welfare State: Basic continuity or a paradigm shift?,,2-s2.0-85072689670,"Alber, J.",,,,,,2017,,Sep,74,scopus,welfarestatechange,recent developments in the german welfare state: basic continuity or a paradigm shift?,,,1
Financing the Welfare States - Changes and Challenges,,2-s2.0-85148118035,"Greve, B.",,,,,,2016,,55,76,scopus,welfarestatechange,financing the welfare states - changes and challenges,,,1
"Opening up opportunities and risks? Retrenchment, activation and targeting as main trends of recent welfare state reforms across Europe","Based on the country chapters in the present volume, this contribution has two objectives: First, it gives a structured overview on the diversity of policy responses that have been adopted since 2007 in European Welfare Systems (EWS). Thereby, we cover the policy areas of labour market, pensions, health, long-term care, family policy and social assistance. Second, on this basis, the chapter identifies three major tendencies of change: To begin with, retrenchment of universal risk prevention turns out to be an important driver of reform during the crisis, but also activation policies and extended choices are getting increasingly important. In addition, we identify a growing number or extensity of measures that are targeted towards special (vulnerable) groups. © Springer International Publishing Switzerland 2016.",2-s2.0-85008936613,"Borosch, N.; Kuhlmann, J.; Blum, S.",,,,,,2016,,769,791,scopus,welfarestatechange,"opening up opportunities and risks? retrenchment, activation and targeting as main trends of recent welfare state reforms across europe","based on the country chapters in the present volume, this contribution has two objectives: first, it gives a structured overview on the diversity of policy responses that have been adopted since 2007 in european welfare systems (ews). thereby, we cover the policy areas of labour market, pensions, health, long-term care, family policy and social assistance. second, on this basis, the chapter identifies three major tendencies of change: to begin with, retrenchment of universal risk prevention turns out to be an important driver of reform during the crisis, but also activation policies and extended choices are getting increasingly important. in addition, we identify a growing number or extensity of measures that are targeted towards special (vulnerable) groups. © springer international publishing switzerland 2016.",,1
Crisis and Croatian welfare state: A new opportunity for welfare state retrenchment?,"The chapter starts with a short overview of recent socio-demographic and socio-economic trends and how they challenge the Croatian welfare state, the severity of the crisis and the main crisis-related reforms. The reforms in the main social policy areas (labour market, pensions, healthcare, family policy, social assistance and eldercare) are explored in more detail afterwards, putting an additional focus on arguments behind the reforms and the way the welfare programmes were (re)balanced and (re)orientated in the crisis period. Many of the challenges the social systems are facing in Croatia have their roots in the pre-crisis period. The high politicization of social issues reflected in inadvisable reforms around elections, as well as ad-hoc, uncoordinated and ill-advised reforms in general brought numerous side-effects resulting in additional difficulties mostly related to financial sustainability, but also an adequacy and efficiency of social systems. Structural difficulties and already existing institutional deficits become thus only additionally aggravated with the crisis putting a new burden on the welfare state, particularly as the crisis progressed and the need for consolidation of public finances grew. The earliest government’s response in the area of welfare state was indeterminate and absent, while further reform efforts were often vague and did not follow a clear anti-crisis strategy. They resulted in inadvisable, ad-hoc reforms predominantly aimed at savings. The reform processes in some areas became closely connected to the ""deservingness"" discourse, making strong arguments against the welfare state. © Springer International Publishing Switzerland 2016.",2-s2.0-85008931731,"Dobrotić, I.",,,,,,2016,,301,324,scopus,welfarestatechange,crisis and croatian welfare state: a new opportunity for welfare state retrenchment?,"the chapter starts with a short overview of recent socio-demographic and socio-economic trends and how they challenge the croatian welfare state, the severity of the crisis and the main crisis-related reforms. the reforms in the main social policy areas (labour market, pensions, healthcare, family policy, social assistance and eldercare) are explored in more detail afterwards, putting an additional focus on arguments behind the reforms and the way the welfare programmes were (re)balanced and (re)orientated in the crisis period. many of the challenges the social systems are facing in croatia have their roots in the pre-crisis period. the high politicization of social issues reflected in inadvisable reforms around elections, as well as ad-hoc, uncoordinated and ill-advised reforms in general brought numerous side-effects resulting in additional difficulties mostly related to financial sustainability, but also an adequacy and efficiency of social systems. structural difficulties and already existing institutional deficits become thus only additionally aggravated with the crisis putting a new burden on the welfare state, particularly as the crisis progressed and the need for consolidation of public finances grew. the earliest government’s response in the area of welfare state was indeterminate and absent, while further reform efforts were often vague and did not follow a clear anti-crisis strategy. they resulted in inadvisable, ad-hoc reforms predominantly aimed at savings. the reform processes in some areas became closely connected to the ""deservingness"" discourse, making strong arguments against the welfare state. © springer international publishing switzerland 2016.",,1
Responsibilisation of everyday life: Housing and welfare state change,,2-s2.0-84979159551,"Lowe, S.; Meers, J.",,,,,,2015,,55,72,scopus,welfarestatechange,responsibilisation of everyday life: housing and welfare state change,,,1
Italy: Continuity and change in welfare state retrenchment,Italy: Continuity and change in welfare state retrenchment Annamaria Simonazzi 1. INTRODUCTION Three interacting conditions explain the characteristics of the Italian economic and social model and its recent evolution: The economic and territo. © International Labour Organization 2015. All rights reserved.,2-s2.0-84955261594,"Simonazzi, A.",,,,,,2015,,339,385,scopus,welfarestatechange,italy: continuity and change in welfare state retrenchment,italy: continuity and change in welfare state retrenchment annamaria simonazzi 1. introduction three interacting conditions explain the characteristics of the italian economic and social model and its recent evolution: the economic and territo. © international labour organization 2015. all rights reserved.,,1
"Welfare state capitalst society: Policies of retrenchment and maintenance in Europe, North America and Australia",,2-s2.0-85065690317,"Mishra, R.",,,,,,2014,,,,scopus,welfarestatechange,"welfare state capitalst society: policies of retrenchment and maintenance in europe, north america and australia",,,1
Financing the welfare states – changes and challenges,,2-s2.0-84937425103,"Greve, B.",,,,,,2014,,55,76,scopus,welfarestatechange,financing the welfare states – changes and challenges,,,1
From financial crisis to welfare retrenchment: Assessing the challenges to the Irish welfare state,,2-s2.0-84903780684,"Considine, M.; Dukelow, F.",,,,,,2012,,253,276,scopus,welfarestatechange,from financial crisis to welfare retrenchment: assessing the challenges to the irish welfare state,,,1
Family and Welfare State Change: Challenges for Education,"“Education” has become a very important formula in the self-descriptive repertoire of modern societies. It is also seen as the fundamental means to improve societies and as the decisive tool for overcoming a host of social problems and social pathologies such as social inequality. Lastly, state leaders and others think that education provides the best resources for succeeding in the processes of international competitiveness. But, simultaneously, the real educational assets of especially the young generation are evaluated as not optimal. These negative evaluations can be found in many media presentations in Germany today, and they deal with very diverse issues—beginning with the necessary reform of the systems of early education and ending with the, in a comparative frame, seemingly underdeveloped tertiary system. Another bundle of factors considered relevant for reforming educational processes and institutions is located in the family. Critics say that parents are not fulfilling their educational duty and are unable to raise their children adequately in terms of the necessary cognitive, motivational, and emotional competencies for a successful career in the educational system. These arguments are be found not only in the public arena but also among many professionals such as teachers, as Toppe (2010a, b) and Richter (2010) have shown empirically. Mainly, the expansion of childcare and of all-day schools is propagated as a promising remedy for the lack of competencies in children from the lower social strata and as a means to reconcile work and family. © Springer Science+Business Media B.V 2012.",2-s2.0-85184695331,"Lange, A.",Children's Well-Being: Indicators and Research,,5,Emotional Competency; Labour Market; Popular Culture; Social Investment; Welfare State,Book chapter,2012,,85,99,scopus,welfarestatechange,family and welfare state change: challenges for education,"“education” has become a very important formula in the self-descriptive repertoire of modern societies. it is also seen as the fundamental means to improve societies and as the decisive tool for overcoming a host of social problems and social pathologies such as social inequality. lastly, state leaders and others think that education provides the best resources for succeeding in the processes of international competitiveness. but, simultaneously, the real educational assets of especially the young generation are evaluated as not optimal. these negative evaluations can be found in many media presentations in germany today, and they deal with very diverse issues—beginning with the necessary reform of the systems of early education and ending with the, in a comparative frame, seemingly underdeveloped tertiary system. another bundle of factors considered relevant for reforming educational processes and institutions is located in the family. critics say that parents are not fulfilling their educational duty and are unable to raise their children adequately in terms of the necessary cognitive, motivational, and emotional competencies for a successful career in the educational system. these arguments are be found not only in the public arena but also among many professionals such as teachers, as toppe (2010a, b) and richter (2010) have shown empirically. mainly, the expansion of childcare and of all-day schools is propagated as a promising remedy for the lack of competencies in children from the lower social strata and as a means to reconcile work and family. © springer science+business media b.v 2012.",,1
The end of the welfare state? Responses to state retrenchment,"Throughout the world, politicians from all the main parties are cutting back on state welfare provision, encouraging people to use the private sector instead and developing increasingly stringent techniques for the surveillance of the poor. Almost all experts agree that we are likely to see further constraints on state welfare in the 21st Century. Gathering together the findings from up-to-date attitude surveys in Europe East and West, the US and Australasia, this revealing book shows that, contrary to the claims of many experts and policy-makers, the welfare state is still highly popular with the citizens of most countries. This evidence will add to controversy in an area of fundamental importance to public policy and to current social science debate. © 1999 edited by Stefan Svallfors and Peter Taylor-Gooby.",2-s2.0-85070017712,"Svallfors, S.; Taylor-Gooby, P.",,,,,,2012,,,,scopus,welfarestatechange,the end of the welfare state? responses to state retrenchment,"throughout the world, politicians from all the main parties are cutting back on state welfare provision, encouraging people to use the private sector instead and developing increasingly stringent techniques for the surveillance of the poor. almost all experts agree that we are likely to see further constraints on state welfare in the 21st century. gathering together the findings from up-to-date attitude surveys in europe east and west, the us and australasia, this revealing book shows that, contrary to the claims of many experts and policy-makers, the welfare state is still highly popular with the citizens of most countries. this evidence will add to controversy in an area of fundamental importance to public policy and to current social science debate. © 1999 edited by stefan svallfors and peter taylor-gooby.",,1
The middle class and welfare state retrenchment: Attitudes to Swedish welfare policies,"The middle class appears as less mysterious nowadays than it did to the British Prime minister in the 1950s. However, one thing that both Macmillan and contemporary observers would agree upon is that adjusting to the middle class is essential for political success. The industrial working class, once the core of political movements for change and portrayed by many social scientists as the prime political subject, is declining in size and strength. Instead, various forms of non-manual occupations, from routine office workers to higher professional and managerial strata, have grown both in numbers and in political importance. © 1999 edited by Stefan Svallfors and Peter Taylor-Gooby.",2-s2.0-85070006412,"Svallfors, S.",,,,,,2012,,34,51,scopus,welfarestatechange,the middle class and welfare state retrenchment: attitudes to swedish welfare policies,"the middle class appears as less mysterious nowadays than it did to the british prime minister in the 1950s. however, one thing that both macmillan and contemporary observers would agree upon is that adjusting to the middle class is essential for political success. the industrial working class, once the core of political movements for change and portrayed by many social scientists as the prime political subject, is declining in size and strength. instead, various forms of non-manual occupations, from routine office workers to higher professional and managerial strata, have grown both in numbers and in political importance. © 1999 edited by stefan svallfors and peter taylor-gooby.",,1
"Faith-based organisations, urban governance and welfare state retrenchment",,2-s2.0-84978452924,"Elander, I.; Davelaar, M.; Walliser, A.",,,,,,2012,,81,103,scopus,welfarestatechange,"faith-based organisations, urban governance and welfare state retrenchment",,,1
"New social movements, social sciences and the expansion of the welfare state: Family and senior citizens policies during the 1970s and 1980s","Due to the social transformation processes during the 1970s and 1980s, social policy in the Federal Republic was facing new challenges and was shaped by a growing number of actors. The article focuses on two aspects: firstly the already established field of family policy, secondly the senior citizens policy as a new field of political action. Both were characterised by special social political dynamics due to measures such as the introduction of a child raising allowance and of the so-called Kinderjahre, years of child raising, which were allowable both against statutory pension insurance entitlements and against the law on nursing homes. These measures also included the implementation of a statutory nursing care insurance within the framework of the law on the security and structural improvement of the statutory health insurance («Gesundheitsstrukturgesetz»). The article explores the direction of the change of social policy and its driving forces. By expanding the perspective in terms of a societal history, the piece does not only take into account politics at the federal level and of political parties, but also scrutinises social scientists acting as policy advisers as well as actors in and around the New Social Movements. Although the latter sharply criticised the welfare state, their thinking remained within the framework of the welfare state, in as much as their ideas of a «better society» strengthened the adjustments and regulations of social politics. The change of social policy during the 1980s was predominantly the result of the influence of social scientific experts. They acted on behalf of the state for consultation purposes as authors of regularly published white papers on family related issues and developments, and as evaluation experts in departmental research institutions of the ministry of social affairs. Reforms of family and senior citizens policies were not merely an expansion of social services, they also entailed a change in the nature of core principles of social policy.",,"Krämer, N.",Archiv fur Sozialgeschichte,,52,,,2012,,211,230,scopus,welfarestatechange,"new social movements, social sciences and the expansion of the welfare state: family and senior citizens policies during the 1970s and 1980s","due to the social transformation processes during the 1970s and 1980s, social policy in the federal republic was facing new challenges and was shaped by a growing number of actors. the article focuses on two aspects: firstly the already established field of family policy, secondly the senior citizens policy as a new field of political action. both were characterised by special social political dynamics due to measures such as the introduction of a child raising allowance and of the so-called kinderjahre, years of child raising, which were allowable both against statutory pension insurance entitlements and against the law on nursing homes. these measures also included the implementation of a statutory nursing care insurance within the framework of the law on the security and structural improvement of the statutory health insurance («gesundheitsstrukturgesetz»). the article explores the direction of the change of social policy and its driving forces. by expanding the perspective in terms of a societal history, the piece does not only take into account politics at the federal level and of political parties, but also scrutinises social scientists acting as policy advisers as well as actors in and around the new social movements. although the latter sharply criticised the welfare state, their thinking remained within the framework of the welfare state, in as much as their ideas of a «better society» strengthened the adjustments and regulations of social politics. the change of social policy during the 1980s was predominantly the result of the influence of social scientific experts. they acted on behalf of the state for consultation purposes as authors of regularly published white papers on family related issues and developments, and as evaluation experts in departmental research institutions of the ministry of social affairs. reforms of family and senior citizens policies were not merely an expansion of social services, they also entailed a change in the nature of core principles of social policy.",,1
The risk of social policy?: The electoral consequences of welfare state retrenchment and social policy performance in OECD countries,"The Risk of Social Policy? uses a comparative perspective to systematically analyse the effects of social policy reforms and welfare state retrenchment on voting choice for the government. It re-examines twenty elections in OECD countries to show if and how social policy issues drive elections. This book contributes to the existing literature by providing an empirical analysis of the electoral implications of social policy. Giger asks the basic research question: What are the electoral consequences of social policy performance and retrenchment? More specifically, the following questions are addressed in order to provide a systematic test of the topic: Is retrenchment indeed completely unpopular? Do people punish the government for bad performance in the field of social policy? And what are the political implications of such a punishment reaction; does it affect the government composition? It shows empirically that the risks of welfare state retrenchment to incumbent governments may be lower than previously thought, and presents a theoretical framework for re-examining the impact of retrenchment initiatives on election outcome. Making an important contribution to studies in political economy and welfare by questioning the assumption that social policy is an inherently controversial policy field in times of elections, The Risk of Social Policy? will be of interest to scholars and students concerned with the interplay between government and citizens, social policy and voting behaviour, and the political economy of welfare. © 2011 Nathalie Giger. All rights reserved.",2-s2.0-84909304902,"Giger, N.",,,,,,2011,,,,scopus,welfarestatechange,the risk of social policy?: the electoral consequences of welfare state retrenchment and social policy performance in oecd countries,"the risk of social policy? uses a comparative perspective to systematically analyse the effects of social policy reforms and welfare state retrenchment on voting choice for the government. it re-examines twenty elections in oecd countries to show if and how social policy issues drive elections. this book contributes to the existing literature by providing an empirical analysis of the electoral implications of social policy. giger asks the basic research question: what are the electoral consequences of social policy performance and retrenchment? more specifically, the following questions are addressed in order to provide a systematic test of the topic: is retrenchment indeed completely unpopular? do people punish the government for bad performance in the field of social policy? and what are the political implications of such a punishment reaction; does it affect the government composition? it shows empirically that the risks of welfare state retrenchment to incumbent governments may be lower than previously thought, and presents a theoretical framework for re-examining the impact of retrenchment initiatives on election outcome. making an important contribution to studies in political economy and welfare by questioning the assumption that social policy is an inherently controversial policy field in times of elections, the risk of social policy? will be of interest to scholars and students concerned with the interplay between government and citizens, social policy and voting behaviour, and the political economy of welfare. © 2011 nathalie giger. all rights reserved.",,1
"Institutions, Ideas and Learning in Welfare State Change: Labour Market Reforms in Germany","Investigates the transformation of German labour market policy, showing that Germany has departed from the conservative-corporatist path of welfare, especially with the Hartz Legislation of the Red-Green government. © Timo Fleckenstein 2011.",2-s2.0-85201229537,"Fleckenstein, T.",,,Part F3045,european union politics; Government; Hartz; Institution; labor market; Policy; policy-making; reforms; transformation; us politics,Book,2011,,,,scopus,welfarestatechange,"institutions, ideas and learning in welfare state change: labour market reforms in germany","investigates the transformation of german labour market policy, showing that germany has departed from the conservative-corporatist path of welfare, especially with the hartz legislation of the red-green government. © timo fleckenstein 2011.",,1
Welfare state change in leading OECD countries: The influence of post-industrial and global economic developments,"For decades, issues regarding the sustainability of the welfare state have been an important agenda in both academic and public debate. The existing literature primarily points out to economic globalization and post industrial developments as drivers behind recent welfare state change. Ingmar J. Schustereder investigates the relative influence of these factors and examines to what extent different national systems of social protection have preserved their core institutional features over time. He applies a combination of econometric and qualitative techniques using data of 17 leading OECD countries from 1975 to 2005. © Gabler Verlag | Springer Fachmedien Wiesbaden GmbH 2010. All rights reserved.",2-s2.0-84891443798,"Schustereder, I.J.",,,74,,,2010,,,,scopus,welfarestatechange,welfare state change in leading oecd countries: the influence of post-industrial and global economic developments,"for decades, issues regarding the sustainability of the welfare state have been an important agenda in both academic and public debate. the existing literature primarily points out to economic globalization and post industrial developments as drivers behind recent welfare state change. ingmar j. schustereder investigates the relative influence of these factors and examines to what extent different national systems of social protection have preserved their core institutional features over time. he applies a combination of econometric and qualitative techniques using data of 17 leading oecd countries from 1975 to 2005. © gabler verlag | springer fachmedien wiesbaden gmbh 2010. all rights reserved.",,1
Neoliberal European governance and the politics of welfare state retrenchment: A critique of the new malthusians,,2-s2.0-85005777528,"Ryner, M.",,,,,,2008,,44,63,scopus,welfarestatechange,neoliberal european governance and the politics of welfare state retrenchment: a critique of the new malthusians,,,1
Exploring diversity: Measuring welfare state change with fuzzy-set methodology,,2-s2.0-84882066118,"Kvist, J.",,,,,,2007,,198,214,scopus,welfarestatechange,exploring diversity: measuring welfare state change with fuzzy-set methodology,,,1
Investigating welfare state change: The 'dependent variable problem' in comparative analysis,"'The welfare state is a catch-all term which covers a broad range of governmental interventions into social affairs. Over the past decades, social policy scholars have devoted tremendous efforts to analyze those factors that account for cross-national variation and energize the reform trajectories of advanced welfare states. By contrast, the dependent variable has received much less attention: This volume presents a systematic overview of the dependent variable problem in comparative welfare state research. By sketching different approaches on how to conceptualize and measure social policy change and by highlighting their genuine strengths and weaknesses, this volume should be on the bookshelf of everyone interested in comparative social policy research.' - Stephan Leibfried, University of Bremen, Germany Contemporary accounts of welfare state change have produced conflicting findings and incompatible theoretical explanations. To a large extent this is due to a 'dependent variable problem' within comparative research, whereby there is insufficient consideration of how to conceptualize, operationalize and measure change. © Jochen Clasen and Nico A. Siegel 2007. All rights reserved.",2-s2.0-84882049298,"Clasen, J.; Siegel, N.A.",,,,,,2007,,,,scopus,welfarestatechange,investigating welfare state change: the 'dependent variable problem' in comparative analysis,"'the welfare state is a catch-all term which covers a broad range of governmental interventions into social affairs. over the past decades, social policy scholars have devoted tremendous efforts to analyze those factors that account for cross-national variation and energize the reform trajectories of advanced welfare states. by contrast, the dependent variable has received much less attention: this volume presents a systematic overview of the dependent variable problem in comparative welfare state research. by sketching different approaches on how to conceptualize and measure social policy change and by highlighting their genuine strengths and weaknesses, this volume should be on the bookshelf of everyone interested in comparative social policy research.' - stephan leibfried, university of bremen, germany contemporary accounts of welfare state change have produced conflicting findings and incompatible theoretical explanations. to a large extent this is due to a 'dependent variable problem' within comparative research, whereby there is insufficient consideration of how to conceptualize, operationalize and measure change. © jochen clasen and nico a. siegel 2007. all rights reserved.",,1
Welfare state change and attitudes toward the state,,2-s2.0-84859602901,"Glass, C.M.; Marquart-Pyatt, S.T.",,,,,,2007,,333,354,scopus,welfarestatechange,welfare state change and attitudes toward the state,,,1
Nordic men on parental leave: Can the welfare state change gender relations?,,2-s2.0-85033352783,"Lammi-Taskula, J.",,,,,,2006,,79,99,scopus,welfarestatechange,nordic men on parental leave: can the welfare state change gender relations?,,,1
"“Useful” Gastarbeiter, burdensome asylum seekers, and the second wave of welfare retrenchment: Exploring the nexus between migration and the welfare state","Introduction: Managing migration, managing welfare Migration has re-emerged as a highly politicized, divisive, and contested issue in European politics over the past twenty-five years or so. Much of the public debate has focused on the economic ramifications of migration and a commonly rehearsed claim underlying calls for restrictive policy concerns: the “drain” on welfare systems that migrants constitute. The phenomenon of “welfare state chauvinism” is by no means unique to its Scandinavian origins, and throughout Europe populist xenophobes portray migrants as welfare scroungers. More sophisticated opponents of liberal migration point to the difficulties in labor market integration experienced by the second and third generation of Europe's ethnic minorities. Meanwhile, pragmatic policy-makers regard migration as one possible tool in redressing Europe's demographic deficit, the shifting age pyramid and the looming pension shortfalls. Despite the burgeoning literature on migration to Europe (Guiraudon and Joppke 2001; Geddes 2003; Lahav 2004), few scholarly efforts link discussions of the future of European welfare systems with immigration (for an exception see Bommes and Geddes 2000). This chapter addresses this gap in the literature by focusing on the following key question: how do the four main types of European welfare state regimes – liberal, Bismarckian, Scandinavian, Mediterranean – interact and cope with migration? In pursuing this line of inquiry and focusing on the mechanisms of inclusion (or lack thereof) by various welfare regimes in Europe, I explore both how migration affects these various welfare regimes and conversely how they affect migrants. © Cambridge University Press 2006 and Cambridge University Press 2009.",2-s2.0-84928355314,"Menz, G.",,,,,,2006,,393,418,scopus,welfarestatechange,"“useful” gastarbeiter, burdensome asylum seekers, and the second wave of welfare retrenchment: exploring the nexus between migration and the welfare state","introduction: managing migration, managing welfare migration has re-emerged as a highly politicized, divisive, and contested issue in european politics over the past twenty-five years or so. much of the public debate has focused on the economic ramifications of migration and a commonly rehearsed claim underlying calls for restrictive policy concerns: the “drain” on welfare systems that migrants constitute. the phenomenon of “welfare state chauvinism” is by no means unique to its scandinavian origins, and throughout europe populist xenophobes portray migrants as welfare scroungers. more sophisticated opponents of liberal migration point to the difficulties in labor market integration experienced by the second and third generation of europe's ethnic minorities. meanwhile, pragmatic policy-makers regard migration as one possible tool in redressing europe's demographic deficit, the shifting age pyramid and the looming pension shortfalls. despite the burgeoning literature on migration to europe (guiraudon and joppke 2001; geddes 2003; lahav 2004), few scholarly efforts link discussions of the future of european welfare systems with immigration (for an exception see bommes and geddes 2000). this chapter addresses this gap in the literature by focusing on the following key question: how do the four main types of european welfare state regimes – liberal, bismarckian, scandinavian, mediterranean – interact and cope with migration? in pursuing this line of inquiry and focusing on the mechanisms of inclusion (or lack thereof) by various welfare regimes in europe, i explore both how migration affects these various welfare regimes and conversely how they affect migrants. © cambridge university press 2006 and cambridge university press 2009.",,1
Welfare State Change: Towards a Third Way?,"This book explores the origins, content and consequences of Third Way social policy reform in the welfare systems of industrialized economies. It considers the extent to which Third Way ideology and institutional structures converge or vary in various national settings. The book is divided into three parts. Part I traces the political and historical development of the Third Way social policy agenda. Part II focuses on the areas central to restructuring welfare states. Part III discusses the meaning of a Third Way approach of social policy. © Oxford University Press, 2014. All Rights Reserved.",2-s2.0-84920759190,"Lewis, J.; Surender, R.",,,,Social policy; Third way; Welfare state,Book,2005,,,,scopus,welfarestatechange,welfare state change: towards a third way?,"this book explores the origins, content and consequences of third way social policy reform in the welfare systems of industrialized economies. it considers the extent to which third way ideology and institutional structures converge or vary in various national settings. the book is divided into three parts. part i traces the political and historical development of the third way social policy agenda. part ii focuses on the areas central to restructuring welfare states. part iii discusses the meaning of a third way approach of social policy. © oxford university press, 2014. all rights reserved.",,1
Welfare state regimes and industrial relations systems: The questionable role of path dependency,"There is an ostensibly clear but curiously fugitive link between recent attempts at classifying industrial relations systems and welfare states. Let us forget for the moment the problem of whether empirical cases neatly fit the types presented in a classificatory scheme, and look simply at typologies. © 2001 Bernhard Ebbinghaus and Philip Manow.",2-s2.0-85139715396,"Crouch, C.",,,,,,2004,,105,124,scopus,welfarestatechange,welfare state regimes and industrial relations systems: the questionable role of path dependency,"there is an ostensibly clear but curiously fugitive link between recent attempts at classifying industrial relations systems and welfare states. let us forget for the moment the problem of whether empirical cases neatly fit the types presented in a classificatory scheme, and look simply at typologies. © 2001 bernhard ebbinghaus and philip manow.",,1
Regressive taxation and the welfare state: Path dependence and policy diffusion,"Political economists have viewed large public expenditures as a product of leftist government and the expression of a stronger representation of labor interest. The formation of governments' funding bases is a topic that has not been thoroughly explored, and this book sheds important new light on the issue of taxes and welfare. Beginning with a clarification of the development of postwar tax policies in industrial democracies, Junko Kato finds that the differentiation of tax revenue structure is path dependent upon the shift to regressive taxation. Kato challenges the conventional belief that progressive taxation leads to large public expenditures in mature welfare states. © Junko Kato 2003.",2-s2.0-84929879874,"Kato, J.",,,9.78052E+12,,,2003,,,,scopus,welfarestatechange,regressive taxation and the welfare state: path dependence and policy diffusion,"political economists have viewed large public expenditures as a product of leftist government and the expression of a stronger representation of labor interest. the formation of governments' funding bases is a topic that has not been thoroughly explored, and this book sheds important new light on the issue of taxes and welfare. beginning with a clarification of the development of postwar tax policies in industrial democracies, junko kato finds that the differentiation of tax revenue structure is path dependent upon the shift to regressive taxation. kato challenges the conventional belief that progressive taxation leads to large public expenditures in mature welfare states. © junko kato 2003.",,1
