country,countrynr,year,country_year,rr_u_33_si,rr_us_33_si,rr_ush_33_si,rr_u_33_fa,rr_us_33_fa,rr_ush_33_fa,rr_u_33_lp,rr_us_33_lp,rr_ush_33_lp,rr_u_50_si,rr_us_50_si,rr_ush_50_si,rr_u_50_fa,rr_us_50_fa,rr_ush_50_fa,rr_u_50_lp,rr_us_50_lp,rr_ush_50_lp,rr_u_67_si,rr_us_67_si,rr_ush_67_si,rr_u_67_fa,rr_us_67_fa,rr_ush_67_fa,rr_u_67_lp,rr_us_67_lp,rr_ush_67_lp,pg_u_33_si,pg_us_33_si,pg_ush_33_si,pg_u_33_fa,pg_us_33_fa,pg_ush_33_fa,pg_u_33_lp,pg_us_33_lp,pg_ush_33_lp,pg_u_50_si,pg_us_50_si,pg_ush_50_si,pg_u_50_fa,pg_us_50_fa,pg_ush_50_fa,pg_u_50_lp,pg_us_50_lp,pg_ush_50_lp,pg_u_67_si,pg_us_67_si,pg_ush_67_si,pg_u_67_fa,pg_us_67_fa,pg_ush_67_fa,pg_u_67_lp,pg_us_67_lp,pg_ush_67_lp,rr_u_33,pg_u_33,rr_us_33,pg_us_33,rr_ush_33,pg_ush_33,rr_u_50,pg_u_50,rr_us_50,pg_us_50,rr_ush_50,pg_ush_50,rr_u_67,pg_u_67,rr_us_67,pg_us_67,rr_ush_67,pg_ush_67
AUS,36,2001,AUS2001,0.300,0.300,0.296,0.585,0.585,0.559,0.481,0.481,0.460,0.266,0.266,0.266,0.559,0.559,0.538,0.460,0.460,0.443,0.241,0.241,0.241,0.533,0.533,0.517,0.440,0.440,0.427,0.240,0.240,0.229,0.135,0.135,0.115,0.133,0.133,0.113,0.188,0.188,0.188,0.124,0.124,0.105,0.121,0.121,0.102,0.148,0.148,0.148,0.110,0.110,0.092,0.109,0.109,0.092,0.455,0.169,0.455,0.169,0.438,0.152,0.428,0.144,0.428,0.144,0.416,0.132,0.405,0.122,0.405,0.122,0.395,0.111
AUS,36,2002,AUS2002,0.297,0.297,0.293,0.582,0.582,0.556,0.482,0.482,0.461,0.262,0.262,0.262,0.556,0.556,0.536,0.461,0.461,0.444,0.238,0.238,0.238,0.529,0.529,0.514,0.441,0.441,0.428,0.239,0.239,0.229,0.136,0.136,0.116,0.133,0.133,0.113,0.187,0.187,0.187,0.125,0.125,0.106,0.121,0.121,0.102,0.147,0.147,0.147,0.109,0.109,0.092,0.109,0.109,0.092,0.453,0.169,0.453,0.169,0.437,0.153,0.426,0.144,0.426,0.144,0.414,0.132,0.403,0.122,0.403,0.122,0.394,0.110
AUS,36,2003,AUS2003,0.289,0.289,0.286,0.573,0.573,0.549,0.477,0.477,0.457,0.256,0.256,0.256,0.547,0.547,0.528,0.456,0.456,0.440,0.233,0.233,0.233,0.520,0.520,0.506,0.436,0.436,0.424,0.239,0.239,0.230,0.139,0.139,0.119,0.134,0.134,0.114,0.186,0.186,0.186,0.126,0.126,0.108,0.122,0.122,0.104,0.146,0.146,0.146,0.110,0.110,0.094,0.110,0.110,0.094,0.446,0.171,0.446,0.171,0.431,0.155,0.419,0.145,0.419,0.145,0.408,0.132,0.396,0.122,0.396,0.122,0.388,0.111
AUS,36,2004,AUS2004,0.283,0.283,0.280,0.594,0.594,0.567,0.487,0.487,0.465,0.250,0.250,0.250,0.568,0.568,0.546,0.465,0.465,0.447,0.227,0.227,0.227,0.539,0.539,0.521,0.444,0.444,0.429,0.243,0.243,0.236,0.137,0.137,0.118,0.134,0.134,0.116,0.190,0.190,0.190,0.126,0.126,0.108,0.121,0.121,0.103,0.149,0.149,0.149,0.107,0.107,0.091,0.107,0.107,0.090,0.455,0.171,0.455,0.171,0.438,0.157,0.428,0.145,0.428,0.145,0.414,0.134,0.403,0.121,0.403,0.121,0.392,0.110
AUS,36,2005,AUS2005,0.280,0.280,0.278,0.591,0.591,0.565,0.483,0.483,0.462,0.247,0.247,0.247,0.564,0.564,0.543,0.461,0.461,0.444,0.224,0.224,0.224,0.535,0.535,0.519,0.440,0.440,0.427,0.242,0.242,0.236,0.138,0.138,0.119,0.134,0.134,0.116,0.189,0.189,0.189,0.126,0.126,0.108,0.121,0.121,0.103,0.148,0.148,0.148,0.107,0.107,0.091,0.107,0.107,0.090,0.451,0.171,0.451,0.171,0.435,0.157,0.424,0.145,0.424,0.145,0.411,0.133,0.400,0.121,0.400,0.121,0.390,0.110
AUS,36,2006,AUS2006,0.273,0.273,0.271,0.581,0.581,0.556,0.481,0.481,0.461,0.240,0.240,0.240,0.554,0.554,0.533,0.458,0.458,0.442,0.218,0.218,0.218,0.524,0.524,0.509,0.436,0.436,0.423,0.245,0.245,0.240,0.143,0.143,0.124,0.140,0.140,0.122,0.193,0.193,0.193,0.131,0.131,0.113,0.126,0.126,0.109,0.152,0.152,0.152,0.111,0.111,0.095,0.111,0.111,0.095,0.445,0.176,0.445,0.176,0.429,0.162,0.417,0.150,0.417,0.150,0.405,0.138,0.393,0.125,0.393,0.125,0.383,0.114
AUS,36,2007,AUS2007,0.265,0.265,0.261,0.559,0.559,0.534,0.472,0.472,0.451,0.235,0.235,0.235,0.534,0.534,0.514,0.449,0.449,0.432,0.213,0.213,0.213,0.508,0.508,0.492,0.427,0.427,0.413,0.244,0.244,0.234,0.137,0.137,0.120,0.142,0.142,0.125,0.196,0.196,0.196,0.127,0.127,0.110,0.128,0.128,0.111,0.157,0.157,0.157,0.112,0.112,0.096,0.112,0.112,0.096,0.432,0.175,0.432,0.175,0.416,0.160,0.406,0.150,0.406,0.150,0.393,0.139,0.383,0.127,0.383,0.127,0.373,0.116
AUS,36,2008,AUS2008,0.256,0.256,0.253,0.546,0.546,0.524,0.462,0.462,0.443,0.226,0.226,0.226,0.522,0.522,0.503,0.440,0.440,0.424,0.206,0.206,0.206,0.496,0.496,0.481,0.419,0.419,0.406,0.242,0.242,0.233,0.138,0.138,0.121,0.140,0.140,0.123,0.191,0.191,0.191,0.126,0.126,0.110,0.126,0.126,0.110,0.154,0.154,0.154,0.110,0.110,0.095,0.110,0.110,0.095,0.422,0.174,0.422,0.174,0.406,0.159,0.396,0.148,0.396,0.148,0.384,0.137,0.374,0.125,0.374,0.125,0.365,0.115
AUS,36,2009,AUS2009,0.249,0.249,0.247,0.541,0.541,0.519,0.461,0.461,0.442,0.220,0.220,0.220,0.516,0.516,0.498,0.439,0.439,0.424,0.201,0.201,0.201,0.491,0.491,0.477,0.418,0.418,0.406,0.240,0.240,0.232,0.137,0.137,0.121,0.138,0.138,0.121,0.188,0.188,0.188,0.125,0.125,0.108,0.124,0.124,0.108,0.152,0.152,0.152,0.109,0.109,0.094,0.109,0.109,0.094,0.417,0.172,0.417,0.172,0.403,0.158,0.392,0.145,0.392,0.145,0.381,0.135,0.370,0.123,0.370,0.123,0.361,0.113
AUS,36,2010,AUS2010,0.243,0.243,0.241,0.534,0.534,0.513,0.459,0.459,0.441,0.215,0.215,0.215,0.509,0.509,0.492,0.438,0.438,0.423,0.196,0.196,0.196,0.484,0.484,0.470,0.418,0.418,0.406,0.241,0.241,0.234,0.139,0.139,0.123,0.137,0.137,0.121,0.189,0.189,0.189,0.126,0.126,0.110,0.124,0.124,0.108,0.153,0.153,0.153,0.109,0.109,0.095,0.109,0.109,0.095,0.412,0.172,0.412,0.172,0.398,0.159,0.387,0.146,0.387,0.146,0.377,0.136,0.366,0.124,0.366,0.124,0.357,0.114
AUS,36,2011,AUS2011,0.238,0.238,0.236,0.527,0.527,0.507,0.455,0.455,0.438,0.210,0.210,0.210,0.502,0.502,0.485,0.434,0.434,0.420,0.192,0.192,0.192,0.476,0.476,0.464,0.414,0.414,0.403,0.241,0.241,0.235,0.142,0.142,0.125,0.138,0.138,0.121,0.189,0.189,0.189,0.128,0.128,0.112,0.125,0.125,0.109,0.153,0.153,0.153,0.110,0.110,0.096,0.110,0.110,0.096,0.407,0.173,0.407,0.173,0.394,0.160,0.382,0.147,0.382,0.147,0.372,0.137,0.361,0.125,0.361,0.125,0.353,0.115
AUS,36,2012,AUS2012,0.234,0.234,0.233,0.522,0.522,0.502,0.452,0.452,0.435,0.207,0.207,0.207,0.496,0.496,0.481,0.431,0.431,0.417,0.189,0.189,0.189,0.471,0.471,0.459,0.410,0.410,0.400,0.240,0.240,0.235,0.144,0.144,0.127,0.140,0.140,0.123,0.188,0.188,0.188,0.130,0.130,0.114,0.127,0.127,0.111,0.153,0.153,0.153,0.112,0.112,0.098,0.112,0.112,0.098,0.403,0.174,0.403,0.174,0.390,0.162,0.378,0.148,0.378,0.148,0.369,0.138,0.357,0.125,0.357,0.125,0.349,0.116
AUS,36,2013,AUS2013,0.235,0.235,0.234,0.525,0.525,0.506,0.461,0.461,0.445,0.208,0.208,0.208,0.500,0.500,0.484,0.441,0.441,0.427,0.190,0.190,0.190,0.474,0.474,0.462,0.421,0.421,0.411,0.239,0.239,0.235,0.143,0.143,0.127,0.136,0.136,0.120,0.189,0.189,0.189,0.129,0.129,0.114,0.123,0.123,0.109,0.153,0.153,0.153,0.111,0.111,0.097,0.111,0.111,0.097,0.407,0.172,0.407,0.172,0.395,0.161,0.383,0.147,0.383,0.147,0.373,0.137,0.362,0.125,0.362,0.125,0.354,0.116
AUS,36,2014,AUS2014,0.236,0.236,0.235,0.527,0.527,0.507,0.467,0.467,0.450,0.210,0.210,0.210,0.502,0.502,0.486,0.446,0.446,0.432,0.191,0.191,0.191,0.476,0.476,0.464,0.427,0.427,0.415,0.239,0.239,0.234,0.141,0.141,0.125,0.135,0.135,0.119,0.189,0.189,0.189,0.128,0.128,0.113,0.122,0.122,0.108,0.153,0.153,0.153,0.110,0.110,0.097,0.110,0.110,0.096,0.410,0.172,0.410,0.172,0.397,0.159,0.386,0.147,0.386,0.147,0.376,0.137,0.365,0.124,0.365,0.124,0.357,0.115
AUS,36,2015,AUS2015,0.239,0.239,0.237,0.532,0.532,0.511,0.472,0.472,0.454,0.212,0.212,0.212,0.508,0.508,0.491,0.452,0.452,0.437,0.193,0.193,0.193,0.483,0.483,0.469,0.432,0.432,0.420,0.239,0.239,0.234,0.138,0.138,0.122,0.132,0.132,0.117,0.190,0.190,0.190,0.125,0.125,0.111,0.120,0.120,0.106,0.154,0.154,0.154,0.108,0.108,0.095,0.108,0.108,0.094,0.414,0.170,0.414,0.170,0.401,0.158,0.390,0.145,0.390,0.145,0.380,0.135,0.369,0.123,0.369,0.123,0.361,0.114
AUS,36,2016,AUS2016,0.239,0.239,0.238,0.542,0.542,0.520,0.482,0.482,0.463,0.212,0.212,0.212,0.519,0.519,0.500,0.462,0.462,0.446,0.193,0.193,0.193,0.495,0.495,0.480,0.443,0.443,0.430,0.239,0.239,0.234,0.129,0.129,0.114,0.125,0.125,0.110,0.190,0.190,0.190,0.117,0.117,0.103,0.113,0.113,0.099,0.154,0.154,0.154,0.101,0.101,0.087,0.100,0.100,0.087,0.421,0.164,0.421,0.164,0.407,0.153,0.398,0.140,0.398,0.140,0.386,0.130,0.377,0.118,0.377,0.118,0.368,0.109
AUS,36,2017,AUS2017,0.236,0.236,0.234,0.534,0.534,0.513,0.476,0.476,0.457,0.209,0.209,0.209,0.511,0.511,0.493,0.455,0.455,0.440,0.190,0.190,0.190,0.487,0.487,0.473,0.436,0.436,0.424,0.240,0.240,0.235,0.133,0.133,0.117,0.129,0.129,0.114,0.191,0.191,0.191,0.121,0.121,0.106,0.117,0.117,0.102,0.155,0.155,0.155,0.105,0.105,0.091,0.105,0.105,0.091,0.415,0.167,0.415,0.167,0.401,0.155,0.392,0.143,0.392,0.143,0.381,0.133,0.371,0.121,0.371,0.121,0.362,0.112
AUS,36,2018,AUS2018,0.231,0.231,0.230,0.529,0.529,0.508,0.471,0.471,0.453,0.205,0.205,0.205,0.505,0.505,0.488,0.450,0.450,0.435,0.187,0.187,0.187,0.481,0.481,0.467,0.431,0.431,0.419,0.241,0.241,0.236,0.136,0.136,0.120,0.132,0.132,0.117,0.192,0.192,0.192,0.124,0.124,0.109,0.120,0.120,0.105,0.155,0.155,0.155,0.108,0.108,0.094,0.108,0.108,0.094,0.410,0.170,0.410,0.170,0.397,0.158,0.387,0.145,0.387,0.145,0.376,0.135,0.366,0.123,0.366,0.123,0.358,0.114
AUS,36,2019,AUS2019,0.230,0.230,0.229,0.525,0.525,0.505,0.468,0.468,0.450,0.204,0.204,0.204,0.501,0.501,0.484,0.447,0.447,0.432,0.186,0.186,0.186,0.477,0.477,0.464,0.428,0.428,0.416,0.239,0.239,0.235,0.136,0.136,0.120,0.133,0.133,0.117,0.190,0.190,0.190,0.124,0.124,0.109,0.120,0.120,0.105,0.153,0.153,0.153,0.108,0.108,0.094,0.108,0.108,0.094,0.408,0.169,0.408,0.169,0.394,0.158,0.384,0.145,0.384,0.145,0.374,0.135,0.364,0.123,0.364,0.123,0.355,0.114
AUS,36,2020,AUS2020,0.226,0.226,0.225,0.519,0.519,0.500,0.462,0.462,0.446,0.200,0.200,0.200,0.495,0.495,0.480,0.442,0.442,0.428,0.183,0.183,0.183,0.471,0.471,0.460,0.422,0.422,0.412,0.238,0.238,0.235,0.138,0.138,0.121,0.134,0.134,0.118,0.188,0.188,0.188,0.124,0.124,0.109,0.121,0.121,0.106,0.151,0.151,0.151,0.108,0.108,0.095,0.108,0.108,0.095,0.402,0.170,0.402,0.170,0.390,0.158,0.379,0.144,0.379,0.144,0.370,0.134,0.359,0.122,0.359,0.122,0.352,0.114
AUS,36,2021,AUS2021,0.275,0.275,0.271,0.564,0.564,0.547,0.496,0.496,0.479,0.244,0.244,0.244,0.543,0.543,0.528,0.475,0.475,0.462,0.223,0.223,0.223,0.526,0.526,0.515,0.456,0.456,0.445,0.235,0.235,0.225,0.112,0.112,0.098,0.131,0.131,0.116,0.188,0.188,0.188,0.100,0.100,0.087,0.121,0.121,0.106,0.152,0.152,0.152,0.094,0.094,0.082,0.111,0.111,0.098,0.445,0.159,0.445,0.159,0.432,0.146,0.421,0.136,0.421,0.136,0.412,0.127,0.402,0.119,0.402,0.119,0.394,0.111
AUT,40,2001,AUT2001,0.492,0.493,0.474,0.624,0.632,0.588,0.610,0.610,0.578,0.487,0.487,0.480,0.604,0.605,0.573,0.591,0.591,0.566,0.479,0.479,0.478,0.589,0.589,0.570,0.577,0.577,0.564,0.075,0.077,0.046,0.098,0.108,0.065,0.095,0.095,0.064,0.081,0.081,0.070,0.086,0.087,0.053,0.085,0.085,0.054,0.085,0.085,0.085,0.084,0.084,0.060,0.083,0.083,0.066,0.576,0.089,0.579,0.093,0.547,0.058,0.560,0.084,0.561,0.084,0.540,0.059,0.548,0.084,0.548,0.084,0.537,0.070
AUT,40,2002,AUT2002,0.494,0.494,0.476,0.624,0.637,0.594,0.610,0.610,0.582,0.488,0.488,0.482,0.604,0.606,0.577,0.591,0.591,0.567,0.480,0.480,0.480,0.589,0.589,0.572,0.577,0.577,0.565,0.074,0.074,0.046,0.097,0.113,0.071,0.094,0.094,0.068,0.080,0.080,0.070,0.085,0.090,0.056,0.084,0.084,0.055,0.084,0.084,0.084,0.084,0.084,0.062,0.083,0.083,0.067,0.576,0.089,0.580,0.094,0.551,0.061,0.561,0.083,0.562,0.084,0.542,0.061,0.549,0.084,0.549,0.084,0.539,0.071
AUT,40,2003,AUT2003,0.488,0.489,0.473,0.618,0.630,0.590,0.604,0.604,0.579,0.481,0.481,0.477,0.597,0.599,0.573,0.585,0.585,0.564,0.473,0.473,0.473,0.582,0.582,0.567,0.570,0.570,0.561,0.081,0.083,0.057,0.102,0.116,0.077,0.099,0.100,0.074,0.087,0.087,0.079,0.091,0.094,0.063,0.090,0.090,0.063,0.091,0.091,0.091,0.089,0.089,0.070,0.088,0.088,0.075,0.570,0.094,0.574,0.100,0.547,0.069,0.554,0.089,0.555,0.090,0.538,0.069,0.542,0.089,0.542,0.089,0.533,0.079
AUT,40,2004,AUT2004,0.492,0.492,0.478,0.624,0.633,0.595,0.610,0.610,0.585,0.485,0.485,0.482,0.604,0.605,0.580,0.592,0.592,0.572,0.477,0.477,0.477,0.590,0.590,0.576,0.578,0.578,0.569,0.077,0.078,0.054,0.097,0.109,0.071,0.094,0.094,0.068,0.083,0.083,0.076,0.087,0.089,0.060,0.086,0.086,0.061,0.087,0.087,0.087,0.085,0.085,0.068,0.084,0.084,0.072,0.575,0.089,0.578,0.094,0.553,0.064,0.560,0.085,0.561,0.086,0.545,0.066,0.548,0.086,0.548,0.086,0.541,0.076
AUT,40,2005,AUT2005,0.495,0.495,0.481,0.616,0.626,0.591,0.606,0.606,0.583,0.483,0.483,0.481,0.596,0.598,0.576,0.585,0.585,0.568,0.474,0.474,0.474,0.583,0.583,0.572,0.572,0.572,0.565,0.089,0.089,0.067,0.097,0.109,0.073,0.099,0.099,0.075,0.087,0.087,0.082,0.086,0.090,0.063,0.086,0.086,0.064,0.089,0.089,0.089,0.087,0.087,0.072,0.086,0.086,0.076,0.572,0.095,0.575,0.099,0.552,0.072,0.555,0.086,0.556,0.087,0.541,0.070,0.543,0.087,0.543,0.087,0.537,0.079
AUT,40,2006,AUT2006,0.488,0.488,0.476,0.614,0.624,0.590,0.600,0.601,0.579,0.481,0.481,0.479,0.594,0.596,0.574,0.582,0.582,0.567,0.472,0.472,0.472,0.579,0.579,0.570,0.569,0.569,0.563,0.081,0.082,0.062,0.099,0.113,0.077,0.097,0.097,0.074,0.086,0.086,0.083,0.090,0.092,0.066,0.089,0.089,0.068,0.091,0.091,0.091,0.088,0.088,0.075,0.087,0.087,0.079,0.567,0.092,0.571,0.097,0.549,0.071,0.553,0.088,0.553,0.089,0.540,0.072,0.540,0.089,0.540,0.089,0.535,0.082
AUT,40,2007,AUT2007,0.488,0.489,0.478,0.612,0.627,0.593,0.599,0.600,0.579,0.482,0.482,0.480,0.592,0.596,0.576,0.581,0.581,0.567,0.473,0.473,0.473,0.578,0.578,0.569,0.567,0.567,0.562,0.081,0.082,0.064,0.100,0.118,0.082,0.097,0.098,0.075,0.086,0.086,0.083,0.090,0.095,0.070,0.089,0.089,0.070,0.091,0.091,0.091,0.088,0.088,0.077,0.087,0.087,0.080,0.566,0.093,0.572,0.099,0.550,0.073,0.552,0.088,0.553,0.090,0.541,0.074,0.539,0.089,0.539,0.089,0.535,0.083
AUT,40,2008,AUT2008,0.489,0.489,0.481,0.610,0.626,0.596,0.598,0.598,0.582,0.484,0.484,0.483,0.592,0.596,0.578,0.581,0.581,0.568,0.476,0.476,0.476,0.578,0.578,0.571,0.567,0.567,0.563,0.076,0.077,0.062,0.097,0.116,0.084,0.094,0.095,0.077,0.084,0.084,0.082,0.088,0.094,0.071,0.087,0.087,0.070,0.089,0.089,0.089,0.087,0.087,0.077,0.086,0.086,0.080,0.566,0.089,0.571,0.096,0.553,0.074,0.552,0.087,0.554,0.089,0.543,0.074,0.540,0.087,0.540,0.087,0.536,0.082
AUT,40,2009,AUT2009,0.492,0.493,0.485,0.609,0.624,0.597,0.597,0.598,0.582,0.488,0.488,0.487,0.591,0.595,0.580,0.581,0.581,0.571,0.480,0.480,0.480,0.578,0.578,0.573,0.568,0.568,0.566,0.072,0.073,0.060,0.093,0.112,0.081,0.090,0.091,0.074,0.080,0.080,0.079,0.084,0.089,0.071,0.083,0.083,0.070,0.084,0.084,0.084,0.083,0.083,0.077,0.082,0.082,0.079,0.566,0.085,0.571,0.092,0.555,0.072,0.553,0.082,0.554,0.084,0.546,0.073,0.542,0.083,0.542,0.083,0.540,0.080
AUT,40,2010,AUT2010,0.493,0.495,0.487,0.623,0.636,0.608,0.611,0.611,0.596,0.489,0.489,0.488,0.604,0.606,0.591,0.593,0.593,0.583,0.481,0.481,0.481,0.588,0.588,0.583,0.578,0.578,0.575,0.071,0.075,0.061,0.102,0.119,0.088,0.100,0.100,0.084,0.079,0.079,0.077,0.094,0.098,0.078,0.093,0.093,0.080,0.083,0.083,0.083,0.092,0.092,0.085,0.091,0.091,0.088,0.576,0.091,0.581,0.098,0.564,0.078,0.562,0.089,0.563,0.090,0.554,0.078,0.549,0.089,0.549,0.089,0.546,0.085
AUT,40,2011,AUT2011,0.498,0.499,0.496,0.613,0.663,0.635,0.602,0.619,0.598,0.489,0.489,0.489,0.590,0.626,0.610,0.580,0.587,0.577,0.479,0.479,0.479,0.575,0.590,0.586,0.565,0.566,0.564,0.084,0.085,0.080,0.102,0.149,0.120,0.101,0.122,0.097,0.084,0.084,0.084,0.088,0.128,0.110,0.086,0.096,0.083,0.085,0.085,0.085,0.084,0.104,0.098,0.083,0.084,0.081,0.571,0.096,0.594,0.118,0.576,0.099,0.553,0.086,0.567,0.103,0.559,0.093,0.540,0.084,0.545,0.091,0.543,0.088
AUT,40,2012,AUT2012,0.498,0.498,0.496,0.610,0.661,0.633,0.600,0.617,0.596,0.488,0.488,0.488,0.587,0.624,0.609,0.577,0.584,0.576,0.478,0.478,0.478,0.572,0.588,0.584,0.562,0.563,0.562,0.085,0.086,0.082,0.103,0.151,0.123,0.103,0.123,0.099,0.086,0.086,0.086,0.089,0.130,0.113,0.088,0.098,0.086,0.087,0.087,0.087,0.085,0.106,0.101,0.084,0.085,0.083,0.569,0.097,0.592,0.120,0.575,0.101,0.551,0.088,0.565,0.105,0.558,0.095,0.537,0.085,0.543,0.093,0.541,0.090
AUT,40,2013,AUT2013,0.497,0.497,0.495,0.608,0.660,0.633,0.598,0.615,0.595,0.487,0.487,0.487,0.585,0.622,0.609,0.575,0.582,0.574,0.476,0.476,0.476,0.569,0.585,0.582,0.559,0.560,0.559,0.087,0.088,0.085,0.105,0.153,0.125,0.105,0.125,0.102,0.088,0.088,0.088,0.091,0.133,0.117,0.089,0.100,0.089,0.088,0.088,0.088,0.086,0.108,0.104,0.085,0.086,0.085,0.567,0.099,0.591,0.122,0.575,0.104,0.549,0.089,0.564,0.107,0.557,0.098,0.535,0.087,0.541,0.094,0.539,0.092
AUT,40,2014,AUT2014,0.497,0.498,0.496,0.609,0.661,0.635,0.599,0.616,0.597,0.487,0.487,0.487,0.585,0.624,0.611,0.575,0.583,0.576,0.476,0.476,0.476,0.569,0.586,0.584,0.560,0.560,0.560,0.088,0.089,0.086,0.106,0.154,0.127,0.106,0.126,0.103,0.088,0.088,0.088,0.092,0.134,0.119,0.090,0.100,0.091,0.088,0.088,0.088,0.086,0.109,0.106,0.085,0.087,0.086,0.568,0.100,0.592,0.123,0.576,0.105,0.549,0.090,0.565,0.108,0.558,0.099,0.535,0.087,0.541,0.095,0.540,0.093
AUT,40,2015,AUT2015,0.494,0.494,0.493,0.604,0.657,0.631,0.595,0.612,0.594,0.484,0.484,0.484,0.580,0.619,0.607,0.571,0.578,0.572,0.472,0.472,0.472,0.563,0.581,0.579,0.554,0.555,0.555,0.091,0.092,0.090,0.109,0.157,0.130,0.109,0.129,0.107,0.092,0.092,0.092,0.094,0.137,0.123,0.093,0.103,0.095,0.092,0.092,0.092,0.089,0.112,0.110,0.088,0.089,0.089,0.564,0.103,0.588,0.126,0.573,0.109,0.545,0.093,0.560,0.111,0.554,0.103,0.530,0.090,0.536,0.098,0.536,0.097
AUT,40,2016,AUT2016,0.497,0.498,0.497,0.600,0.663,0.639,0.591,0.613,0.596,0.488,0.488,0.488,0.577,0.620,0.611,0.568,0.577,0.573,0.478,0.478,0.478,0.562,0.582,0.581,0.554,0.555,0.555,0.083,0.084,0.082,0.102,0.161,0.136,0.102,0.128,0.107,0.084,0.084,0.084,0.087,0.136,0.124,0.086,0.099,0.092,0.086,0.086,0.086,0.084,0.110,0.109,0.083,0.085,0.085,0.563,0.096,0.591,0.124,0.577,0.108,0.544,0.086,0.562,0.107,0.557,0.100,0.532,0.084,0.538,0.093,0.538,0.093
AUT,40,2017,AUT2017,0.497,0.497,0.497,0.598,0.660,0.636,0.589,0.610,0.594,0.488,0.488,0.488,0.576,0.617,0.608,0.567,0.576,0.571,0.478,0.478,0.478,0.561,0.580,0.579,0.553,0.553,0.553,0.083,0.084,0.082,0.102,0.161,0.135,0.102,0.127,0.106,0.084,0.084,0.084,0.087,0.135,0.123,0.086,0.099,0.092,0.086,0.086,0.086,0.084,0.109,0.108,0.083,0.085,0.085,0.562,0.096,0.589,0.124,0.575,0.108,0.543,0.086,0.560,0.106,0.556,0.100,0.531,0.084,0.537,0.093,0.537,0.093
AUT,40,2018,AUT2018,0.498,0.498,0.497,0.598,0.660,0.637,0.589,0.611,0.595,0.488,0.488,0.488,0.575,0.618,0.609,0.566,0.576,0.572,0.479,0.479,0.479,0.561,0.580,0.580,0.553,0.554,0.554,0.083,0.083,0.082,0.102,0.161,0.136,0.102,0.127,0.107,0.083,0.083,0.083,0.087,0.135,0.125,0.086,0.099,0.093,0.085,0.085,0.085,0.084,0.109,0.108,0.083,0.084,0.084,0.562,0.095,0.590,0.124,0.576,0.108,0.543,0.085,0.561,0.106,0.557,0.100,0.531,0.084,0.537,0.093,0.537,0.092
AUT,40,2019,AUT2019,0.500,0.500,0.500,0.566,0.626,0.609,0.557,0.578,0.566,0.491,0.491,0.491,0.542,0.581,0.579,0.533,0.542,0.541,0.482,0.482,0.482,0.529,0.548,0.548,0.522,0.523,0.523,0.079,0.080,0.079,0.098,0.159,0.139,0.098,0.124,0.108,0.080,0.080,0.080,0.077,0.126,0.122,0.076,0.089,0.088,0.082,0.082,0.082,0.074,0.099,0.099,0.073,0.075,0.075,0.541,0.092,0.568,0.121,0.558,0.109,0.522,0.078,0.538,0.098,0.537,0.097,0.511,0.076,0.517,0.085,0.517,0.085
AUT,40,2020,AUT2020,0.499,0.499,0.499,0.564,0.629,0.611,0.556,0.580,0.568,0.491,0.491,0.491,0.541,0.584,0.581,0.533,0.543,0.542,0.482,0.482,0.482,0.529,0.549,0.549,0.522,0.523,0.523,0.077,0.078,0.078,0.097,0.161,0.141,0.096,0.126,0.110,0.078,0.078,0.078,0.077,0.129,0.125,0.075,0.091,0.089,0.082,0.082,0.082,0.073,0.101,0.101,0.073,0.074,0.074,0.540,0.090,0.569,0.122,0.559,0.109,0.522,0.077,0.539,0.099,0.538,0.097,0.511,0.076,0.518,0.086,0.518,0.086
AUT,40,2021,AUT2021,0.506,0.507,0.507,0.616,0.683,0.666,0.584,0.610,0.598,0.497,0.497,0.497,0.592,0.639,0.637,0.558,0.570,0.569,0.488,0.488,0.488,0.577,0.601,0.601,0.542,0.544,0.544,0.078,0.079,0.079,0.098,0.158,0.139,0.113,0.143,0.128,0.079,0.079,0.079,0.082,0.132,0.129,0.094,0.110,0.109,0.080,0.080,0.080,0.077,0.106,0.106,0.089,0.092,0.092,0.569,0.097,0.600,0.127,0.590,0.115,0.549,0.085,0.569,0.107,0.568,0.106,0.536,0.082,0.544,0.092,0.544,0.092
AUT,40,2022,AUT2022,0.510,0.510,0.510,0.569,0.636,0.620,0.561,0.586,0.577,0.499,0.499,0.499,0.544,0.590,0.589,0.537,0.548,0.548,0.489,0.489,0.489,0.531,0.554,0.554,0.524,0.526,0.526,0.087,0.088,0.088,0.102,0.167,0.148,0.102,0.132,0.119,0.087,0.087,0.087,0.082,0.136,0.134,0.081,0.097,0.097,0.088,0.088,0.088,0.078,0.109,0.109,0.078,0.081,0.081,0.547,0.097,0.577,0.129,0.569,0.118,0.527,0.083,0.546,0.107,0.545,0.106,0.515,0.081,0.523,0.092,0.523,0.092
BEL,56,2001,BEL2001,0.558,0.558,0.558,0.544,0.544,0.544,0.580,0.580,0.580,0.534,0.534,0.534,0.510,0.510,0.510,0.547,0.547,0.547,0.494,0.494,0.494,0.479,0.479,0.479,0.515,0.515,0.515,0.172,0.172,0.172,0.163,0.163,0.163,0.161,0.161,0.161,0.172,0.172,0.172,0.140,0.140,0.140,0.144,0.144,0.144,0.145,0.145,0.145,0.117,0.117,0.117,0.123,0.123,0.123,0.560,0.165,0.560,0.165,0.560,0.165,0.530,0.152,0.530,0.152,0.530,0.152,0.496,0.128,0.496,0.128,0.496,0.128
BEL,56,2002,BEL2002,0.581,0.581,0.581,0.557,0.557,0.557,0.595,0.595,0.595,0.556,0.556,0.556,0.525,0.525,0.525,0.566,0.566,0.566,0.517,0.517,0.517,0.495,0.495,0.495,0.534,0.534,0.534,0.165,0.165,0.165,0.155,0.155,0.155,0.149,0.149,0.149,0.162,0.162,0.162,0.136,0.136,0.136,0.136,0.136,0.136,0.137,0.137,0.137,0.114,0.114,0.114,0.117,0.117,0.117,0.577,0.156,0.577,0.156,0.577,0.156,0.549,0.145,0.549,0.145,0.549,0.145,0.515,0.123,0.515,0.123,0.515,0.123
BEL,56,2003,BEL2003,0.575,0.575,0.575,0.554,0.554,0.554,0.593,0.593,0.593,0.552,0.552,0.552,0.523,0.523,0.523,0.565,0.565,0.565,0.515,0.515,0.515,0.494,0.494,0.494,0.535,0.535,0.535,0.160,0.160,0.160,0.153,0.153,0.153,0.147,0.147,0.147,0.160,0.160,0.160,0.134,0.134,0.134,0.134,0.134,0.134,0.138,0.138,0.138,0.114,0.114,0.114,0.117,0.117,0.117,0.574,0.153,0.574,0.153,0.574,0.153,0.546,0.143,0.546,0.143,0.546,0.143,0.515,0.123,0.515,0.123,0.515,0.123
BEL,56,2004,BEL2004,0.558,0.558,0.558,0.546,0.546,0.546,0.577,0.577,0.577,0.536,0.536,0.536,0.518,0.518,0.518,0.551,0.551,0.551,0.500,0.500,0.500,0.489,0.489,0.489,0.521,0.521,0.521,0.161,0.161,0.161,0.148,0.148,0.148,0.147,0.147,0.147,0.161,0.161,0.161,0.133,0.133,0.133,0.136,0.136,0.136,0.137,0.137,0.137,0.112,0.112,0.112,0.117,0.117,0.117,0.560,0.152,0.560,0.152,0.560,0.152,0.535,0.143,0.535,0.143,0.535,0.143,0.503,0.122,0.503,0.122,0.503,0.122
BEL,56,2005,BEL2005,0.559,0.559,0.559,0.546,0.546,0.546,0.577,0.577,0.577,0.534,0.534,0.534,0.517,0.517,0.517,0.549,0.549,0.549,0.497,0.497,0.497,0.488,0.488,0.488,0.518,0.518,0.518,0.165,0.165,0.165,0.150,0.150,0.150,0.150,0.150,0.150,0.162,0.162,0.162,0.133,0.133,0.133,0.137,0.137,0.137,0.138,0.138,0.138,0.112,0.112,0.112,0.118,0.118,0.118,0.560,0.155,0.560,0.155,0.560,0.155,0.533,0.144,0.533,0.144,0.533,0.144,0.501,0.122,0.501,0.122,0.501,0.122
BEL,56,2006,BEL2006,0.552,0.552,0.552,0.541,0.541,0.541,0.571,0.571,0.571,0.528,0.528,0.528,0.512,0.512,0.512,0.544,0.544,0.544,0.493,0.493,0.493,0.485,0.485,0.485,0.514,0.514,0.514,0.163,0.163,0.163,0.149,0.149,0.149,0.148,0.148,0.148,0.160,0.160,0.160,0.132,0.132,0.132,0.135,0.135,0.135,0.138,0.138,0.138,0.112,0.112,0.112,0.118,0.118,0.118,0.555,0.153,0.555,0.153,0.555,0.153,0.528,0.142,0.528,0.142,0.528,0.142,0.497,0.123,0.497,0.123,0.497,0.123
BEL,56,2007,BEL2007,0.554,0.554,0.554,0.542,0.542,0.542,0.593,0.593,0.593,0.531,0.531,0.531,0.514,0.514,0.514,0.568,0.568,0.568,0.496,0.496,0.496,0.486,0.486,0.486,0.538,0.538,0.538,0.162,0.162,0.162,0.148,0.148,0.148,0.143,0.143,0.143,0.160,0.160,0.160,0.131,0.131,0.131,0.134,0.134,0.134,0.138,0.138,0.138,0.112,0.112,0.112,0.118,0.118,0.118,0.563,0.151,0.563,0.151,0.563,0.151,0.537,0.142,0.537,0.142,0.537,0.142,0.507,0.123,0.507,0.123,0.507,0.123
BEL,56,2008,BEL2008,0.555,0.555,0.555,0.543,0.543,0.543,0.595,0.595,0.595,0.531,0.531,0.531,0.514,0.514,0.514,0.568,0.568,0.568,0.495,0.495,0.495,0.486,0.486,0.486,0.538,0.538,0.538,0.165,0.165,0.165,0.149,0.149,0.149,0.145,0.145,0.145,0.161,0.161,0.161,0.131,0.131,0.131,0.135,0.135,0.135,0.138,0.138,0.138,0.111,0.111,0.111,0.118,0.118,0.118,0.564,0.153,0.564,0.153,0.564,0.153,0.538,0.143,0.538,0.143,0.538,0.143,0.506,0.122,0.506,0.122,0.506,0.122
BEL,56,2009,BEL2009,0.612,0.612,0.612,0.574,0.574,0.574,0.649,0.649,0.649,0.595,0.595,0.595,0.551,0.551,0.551,0.630,0.630,0.630,0.562,0.562,0.562,0.525,0.525,0.525,0.604,0.604,0.604,0.143,0.143,0.143,0.134,0.134,0.134,0.125,0.125,0.125,0.151,0.151,0.151,0.125,0.125,0.125,0.125,0.125,0.125,0.137,0.137,0.137,0.111,0.111,0.111,0.117,0.117,0.117,0.612,0.134,0.612,0.134,0.612,0.134,0.592,0.134,0.592,0.134,0.592,0.134,0.564,0.122,0.564,0.122,0.564,0.122
BEL,56,2010,BEL2010,0.603,0.603,0.603,0.567,0.567,0.567,0.641,0.641,0.641,0.584,0.584,0.584,0.543,0.543,0.543,0.621,0.621,0.621,0.550,0.550,0.550,0.515,0.515,0.515,0.592,0.592,0.592,0.149,0.149,0.149,0.138,0.138,0.138,0.130,0.130,0.130,0.155,0.155,0.155,0.128,0.128,0.128,0.130,0.130,0.130,0.138,0.138,0.138,0.112,0.112,0.112,0.118,0.118,0.118,0.603,0.139,0.603,0.139,0.603,0.139,0.583,0.138,0.583,0.138,0.583,0.138,0.552,0.123,0.552,0.123,0.552,0.123
BEL,56,2011,BEL2011,0.600,0.600,0.600,0.565,0.565,0.565,0.639,0.639,0.639,0.581,0.581,0.581,0.541,0.541,0.541,0.619,0.619,0.619,0.546,0.546,0.546,0.514,0.514,0.514,0.590,0.590,0.590,0.150,0.150,0.150,0.138,0.138,0.138,0.131,0.131,0.131,0.156,0.156,0.156,0.129,0.129,0.129,0.130,0.130,0.130,0.138,0.138,0.138,0.112,0.112,0.112,0.118,0.118,0.118,0.601,0.140,0.601,0.140,0.601,0.140,0.581,0.138,0.581,0.138,0.581,0.138,0.550,0.123,0.550,0.123,0.550,0.123
BEL,56,2012,BEL2012,0.614,0.614,0.614,0.573,0.573,0.573,0.649,0.649,0.649,0.593,0.593,0.593,0.548,0.548,0.548,0.628,0.628,0.628,0.559,0.559,0.559,0.521,0.521,0.521,0.600,0.600,0.600,0.151,0.151,0.151,0.139,0.139,0.139,0.130,0.130,0.130,0.154,0.154,0.154,0.128,0.128,0.128,0.129,0.129,0.129,0.138,0.138,0.138,0.112,0.112,0.112,0.119,0.119,0.119,0.612,0.140,0.612,0.140,0.612,0.140,0.590,0.137,0.590,0.137,0.590,0.137,0.560,0.123,0.560,0.123,0.560,0.123
BEL,56,2013,BEL2013,0.672,0.672,0.672,0.612,0.612,0.612,0.699,0.699,0.699,0.656,0.656,0.656,0.590,0.590,0.590,0.682,0.682,0.682,0.622,0.622,0.622,0.564,0.564,0.564,0.655,0.655,0.655,0.138,0.138,0.138,0.129,0.129,0.129,0.120,0.120,0.120,0.149,0.149,0.149,0.124,0.124,0.124,0.124,0.124,0.124,0.138,0.138,0.138,0.112,0.112,0.112,0.118,0.118,0.118,0.661,0.129,0.661,0.129,0.661,0.129,0.643,0.132,0.643,0.132,0.643,0.132,0.614,0.123,0.614,0.123,0.614,0.123
BEL,56,2014,BEL2014,0.667,0.667,0.667,0.604,0.604,0.604,0.663,0.663,0.663,0.652,0.652,0.652,0.582,0.582,0.582,0.645,0.645,0.645,0.618,0.618,0.618,0.558,0.558,0.558,0.621,0.621,0.621,0.138,0.138,0.138,0.125,0.125,0.125,0.118,0.118,0.118,0.149,0.149,0.149,0.118,0.118,0.118,0.118,0.118,0.118,0.138,0.138,0.138,0.108,0.108,0.108,0.113,0.113,0.113,0.645,0.127,0.645,0.127,0.645,0.127,0.627,0.128,0.627,0.128,0.627,0.128,0.599,0.119,0.599,0.119,0.599,0.119
BEL,56,2015,BEL2015,0.662,0.662,0.662,0.605,0.605,0.605,0.689,0.689,0.689,0.648,0.648,0.648,0.584,0.584,0.584,0.673,0.673,0.673,0.614,0.614,0.614,0.558,0.558,0.558,0.647,0.647,0.647,0.136,0.136,0.136,0.129,0.129,0.129,0.118,0.118,0.118,0.148,0.148,0.148,0.123,0.123,0.123,0.122,0.122,0.122,0.137,0.137,0.137,0.111,0.111,0.111,0.117,0.117,0.117,0.652,0.128,0.652,0.128,0.652,0.128,0.635,0.131,0.635,0.131,0.635,0.131,0.606,0.122,0.606,0.122,0.606,0.122
BEL,56,2016,BEL2016,0.658,0.658,0.658,0.609,0.609,0.609,0.691,0.691,0.691,0.647,0.647,0.647,0.588,0.588,0.588,0.676,0.676,0.676,0.619,0.619,0.619,0.565,0.565,0.565,0.655,0.655,0.655,0.124,0.124,0.124,0.123,0.123,0.123,0.110,0.110,0.110,0.136,0.136,0.136,0.116,0.116,0.116,0.114,0.114,0.114,0.132,0.132,0.132,0.109,0.109,0.109,0.114,0.114,0.114,0.653,0.119,0.653,0.119,0.653,0.119,0.637,0.122,0.637,0.122,0.637,0.122,0.613,0.118,0.613,0.118,0.613,0.118
BEL,56,2017,BEL2017,0.658,0.658,0.658,0.609,0.609,0.609,0.691,0.691,0.691,0.646,0.646,0.646,0.587,0.587,0.587,0.676,0.676,0.676,0.619,0.619,0.619,0.565,0.565,0.565,0.654,0.654,0.654,0.125,0.125,0.125,0.123,0.123,0.123,0.110,0.110,0.110,0.137,0.137,0.137,0.116,0.116,0.116,0.114,0.114,0.114,0.132,0.132,0.132,0.109,0.109,0.109,0.114,0.114,0.114,0.652,0.119,0.652,0.119,0.652,0.119,0.636,0.122,0.636,0.122,0.636,0.122,0.613,0.118,0.613,0.118,0.613,0.118
BEL,56,2018,BEL2018,0.643,0.643,0.643,0.598,0.598,0.598,0.675,0.675,0.675,0.632,0.632,0.632,0.575,0.575,0.575,0.660,0.660,0.660,0.604,0.604,0.604,0.552,0.552,0.552,0.637,0.637,0.637,0.125,0.125,0.125,0.127,0.127,0.127,0.112,0.112,0.112,0.137,0.137,0.137,0.118,0.118,0.118,0.115,0.115,0.115,0.130,0.130,0.130,0.108,0.108,0.108,0.112,0.112,0.112,0.639,0.121,0.639,0.121,0.639,0.121,0.622,0.123,0.622,0.123,0.622,0.123,0.598,0.117,0.598,0.117,0.598,0.117
BEL,56,2019,BEL2019,0.634,0.634,0.634,0.594,0.594,0.594,0.665,0.665,0.665,0.624,0.624,0.624,0.571,0.571,0.571,0.650,0.650,0.650,0.596,0.596,0.596,0.548,0.548,0.548,0.628,0.628,0.628,0.124,0.124,0.124,0.126,0.126,0.126,0.112,0.112,0.112,0.137,0.137,0.137,0.117,0.117,0.117,0.115,0.115,0.115,0.130,0.130,0.130,0.107,0.107,0.107,0.112,0.112,0.112,0.631,0.121,0.631,0.121,0.631,0.121,0.615,0.123,0.615,0.123,0.615,0.123,0.591,0.116,0.591,0.116,0.591,0.116
BEL,56,2020,BEL2020,0.629,0.629,0.629,0.616,0.616,0.616,0.670,0.670,0.670,0.618,0.618,0.618,0.595,0.595,0.595,0.655,0.655,0.655,0.590,0.590,0.590,0.572,0.572,0.572,0.634,0.634,0.634,0.125,0.125,0.125,0.119,0.119,0.119,0.107,0.107,0.107,0.138,0.138,0.138,0.112,0.112,0.112,0.109,0.109,0.109,0.130,0.130,0.130,0.103,0.103,0.103,0.106,0.106,0.106,0.638,0.117,0.638,0.117,0.638,0.117,0.623,0.120,0.623,0.120,0.623,0.120,0.599,0.113,0.599,0.113,0.599,0.113
BEL,56,2021,BEL2021,0.623,0.623,0.623,0.614,0.614,0.614,0.667,0.667,0.667,0.610,0.610,0.610,0.590,0.590,0.590,0.649,0.649,0.649,0.580,0.580,0.580,0.566,0.566,0.566,0.626,0.626,0.626,0.130,0.130,0.130,0.124,0.124,0.124,0.112,0.112,0.112,0.141,0.141,0.141,0.113,0.113,0.113,0.111,0.111,0.111,0.130,0.130,0.130,0.104,0.104,0.104,0.106,0.106,0.106,0.634,0.122,0.634,0.122,0.634,0.122,0.616,0.122,0.616,0.122,0.616,0.122,0.591,0.113,0.591,0.113,0.591,0.113
BEL,56,2022,BEL2022,0.640,0.640,0.640,0.622,0.622,0.622,0.684,0.684,0.684,0.628,0.628,0.628,0.598,0.598,0.598,0.665,0.665,0.665,0.598,0.598,0.598,0.574,0.574,0.574,0.642,0.642,0.642,0.129,0.129,0.129,0.125,0.125,0.125,0.114,0.114,0.114,0.140,0.140,0.140,0.114,0.114,0.114,0.113,0.113,0.113,0.131,0.131,0.131,0.105,0.105,0.105,0.108,0.108,0.108,0.649,0.123,0.649,0.123,0.649,0.123,0.630,0.122,0.630,0.122,0.630,0.122,0.605,0.115,0.605,0.115,0.605,0.115
BGR,100,2008,BGR2008,0.465,0.469,0.469,0.515,0.559,0.559,0.608,0.613,0.613,0.432,0.432,0.432,0.481,0.526,0.526,0.578,0.578,0.578,0.390,0.390,0.390,0.441,0.482,0.482,0.542,0.542,0.542,0.227,0.233,0.233,0.206,0.200,0.200,0.157,0.164,0.164,0.216,0.216,0.216,0.194,0.193,0.193,0.146,0.146,0.146,0.183,0.183,0.183,0.166,0.166,0.166,0.123,0.123,0.123,0.530,0.197,0.547,0.199,0.547,0.199,0.497,0.185,0.512,0.185,0.512,0.185,0.458,0.157,0.472,0.157,0.472,0.157
BGR,100,2009,BGR2009,0.512,0.517,0.517,0.566,0.601,0.601,0.642,0.648,0.648,0.483,0.483,0.483,0.536,0.573,0.573,0.615,0.615,0.615,0.447,0.447,0.447,0.501,0.536,0.536,0.584,0.584,0.584,0.203,0.210,0.210,0.183,0.178,0.178,0.143,0.150,0.150,0.198,0.198,0.198,0.176,0.176,0.176,0.135,0.135,0.135,0.181,0.181,0.181,0.161,0.161,0.161,0.120,0.120,0.120,0.574,0.176,0.589,0.179,0.589,0.179,0.545,0.170,0.557,0.170,0.557,0.170,0.511,0.154,0.522,0.154,0.522,0.154
BGR,100,2010,BGR2010,0.759,0.761,0.761,0.788,0.802,0.802,0.843,0.848,0.848,0.758,0.758,0.758,0.785,0.798,0.798,0.840,0.840,0.840,0.758,0.758,0.758,0.782,0.789,0.789,0.838,0.838,0.838,0.000,0.003,0.003,0.010,0.020,0.020,0.001,0.006,0.006,0.000,0.000,0.000,0.007,0.019,0.019,-0.003,-0.003,-0.003,0.000,0.000,0.000,0.005,0.012,0.012,-0.007,-0.007,-0.007,0.797,0.004,0.804,0.010,0.804,0.010,0.794,0.001,0.799,0.005,0.799,0.005,0.793,-0.001,0.795,0.002,0.795,0.002
BGR,100,2011,BGR2011,0.767,0.767,0.767,0.795,0.807,0.807,0.849,0.853,0.853,0.765,0.765,0.765,0.790,0.801,0.801,0.846,0.846,0.846,0.765,0.765,0.765,0.788,0.792,0.792,0.845,0.845,0.845,0.002,0.002,0.002,0.010,0.019,0.019,0.001,0.005,0.005,0.000,0.000,0.000,0.005,0.016,0.016,-0.004,-0.004,-0.004,0.000,0.000,0.000,0.004,0.008,0.008,-0.007,-0.007,-0.007,0.804,0.004,0.809,0.009,0.809,0.009,0.800,0.000,0.804,0.004,0.804,0.004,0.799,-0.001,0.801,0.000,0.801,0.000
BGR,100,2012,BGR2012,0.766,0.766,0.766,0.796,0.807,0.807,0.848,0.851,0.851,0.765,0.765,0.765,0.793,0.801,0.801,0.845,0.845,0.845,0.765,0.765,0.765,0.791,0.793,0.793,0.844,0.844,0.844,0.001,0.001,0.001,0.005,0.015,0.015,0.000,0.003,0.003,0.000,0.000,0.000,0.001,0.010,0.010,-0.004,-0.004,-0.004,0.000,0.000,0.000,-0.001,0.002,0.002,-0.006,-0.006,-0.006,0.803,0.002,0.808,0.006,0.808,0.006,0.801,-0.001,0.804,0.002,0.804,0.002,0.800,-0.002,0.801,-0.001,0.801,-0.001
BGR,100,2013,BGR2013,0.766,0.766,0.766,0.797,0.810,0.810,0.846,0.851,0.851,0.765,0.765,0.765,0.795,0.807,0.807,0.843,0.843,0.843,0.765,0.765,0.765,0.793,0.799,0.799,0.843,0.843,0.843,0.000,0.000,0.000,0.001,0.012,0.012,0.001,0.008,0.008,0.000,0.000,0.000,-0.002,0.011,0.011,-0.002,-0.002,-0.002,0.000,0.000,0.000,-0.004,0.002,0.002,-0.003,-0.003,-0.003,0.803,0.001,0.809,0.006,0.809,0.006,0.801,-0.001,0.805,0.003,0.805,0.003,0.800,-0.002,0.802,-0.000,0.802,-0.000
BGR,100,2014,BGR2014,0.761,0.761,0.761,0.801,0.814,0.814,0.852,0.853,0.853,0.765,0.765,0.765,0.803,0.813,0.813,0.852,0.852,0.852,0.765,0.765,0.765,0.802,0.805,0.805,0.851,0.851,0.851,-0.005,-0.005,-0.005,-0.006,0.005,0.005,0.006,0.007,0.007,0.000,0.000,0.000,-0.006,0.005,0.005,0.007,0.007,0.007,0.000,0.000,0.000,-0.008,-0.005,-0.005,0.007,0.007,0.007,0.805,-0.002,0.809,0.002,0.809,0.002,0.807,0.000,0.810,0.004,0.810,0.004,0.806,-0.000,0.807,0.001,0.807,0.001
BGR,100,2015,BGR2015,0.765,0.765,0.765,0.806,0.817,0.817,0.849,0.849,0.849,0.765,0.765,0.765,0.804,0.812,0.812,0.846,0.846,0.846,0.765,0.765,0.765,0.804,0.805,0.805,0.845,0.845,0.845,0.000,0.000,0.000,-0.004,0.006,0.006,0.012,0.012,0.012,0.000,0.000,0.000,-0.008,0.001,0.001,0.012,0.012,0.012,0.000,0.000,0.000,-0.010,-0.009,-0.009,0.013,0.013,0.013,0.807,0.003,0.811,0.006,0.811,0.006,0.805,0.001,0.808,0.004,0.808,0.004,0.805,0.001,0.805,0.001,0.805,0.001
BGR,100,2016,BGR2016,0.765,0.765,0.765,0.797,0.807,0.807,0.842,0.842,0.842,0.765,0.765,0.765,0.796,0.801,0.801,0.840,0.840,0.840,0.765,0.765,0.765,0.795,0.795,0.795,0.839,0.839,0.839,0.000,0.000,0.000,-0.003,0.007,0.007,0.007,0.007,0.007,0.000,0.000,0.000,-0.006,0.000,0.000,0.006,0.006,0.006,0.000,0.000,0.000,-0.008,-0.008,-0.008,0.006,0.006,0.006,0.802,0.001,0.805,0.005,0.805,0.005,0.800,0.000,0.802,0.002,0.802,0.002,0.800,-0.001,0.800,-0.001,0.800,-0.001
BGR,100,2017,BGR2017,0.769,0.769,0.769,0.802,0.811,0.811,0.839,0.839,0.839,0.769,0.769,0.769,0.802,0.805,0.805,0.837,0.837,0.837,0.769,0.769,0.769,0.802,0.802,0.802,0.836,0.836,0.836,0.000,0.000,0.000,-0.005,0.004,0.004,0.012,0.012,0.012,0.000,0.000,0.000,-0.008,-0.004,-0.004,0.011,0.011,0.011,0.000,0.000,0.000,-0.010,-0.010,-0.010,0.013,0.013,0.013,0.804,0.002,0.807,0.005,0.807,0.005,0.803,0.001,0.804,0.002,0.804,0.002,0.802,0.001,0.802,0.001,0.802,0.001
BGR,100,2018,BGR2018,0.773,0.773,0.773,0.801,0.810,0.810,0.842,0.843,0.843,0.773,0.773,0.773,0.800,0.804,0.804,0.840,0.840,0.840,0.773,0.773,0.773,0.799,0.799,0.799,0.840,0.840,0.840,0.000,0.000,0.000,-0.002,0.007,0.007,0.004,0.004,0.004,0.000,0.000,0.000,-0.004,0.001,0.001,0.002,0.002,0.002,0.000,0.000,0.000,-0.006,-0.006,-0.006,0.001,0.001,0.001,0.806,0.001,0.809,0.004,0.809,0.004,0.804,-0.001,0.806,0.001,0.806,0.001,0.804,-0.002,0.804,-0.002,0.804,-0.002
BGR,100,2019,BGR2019,0.773,0.773,0.773,0.803,0.811,0.811,0.835,0.835,0.835,0.773,0.773,0.773,0.802,0.805,0.805,0.833,0.833,0.833,0.773,0.773,0.773,0.802,0.802,0.802,0.832,0.832,0.832,0.000,0.000,0.000,-0.004,0.004,0.004,0.009,0.009,0.009,0.000,0.000,0.000,-0.007,-0.003,-0.003,0.008,0.008,0.008,0.000,0.000,0.000,-0.008,-0.008,-0.008,0.009,0.009,0.009,0.804,0.002,0.806,0.005,0.806,0.005,0.803,0.001,0.804,0.002,0.804,0.002,0.802,0.000,0.802,0.000,0.802,0.000
BGR,100,2020,BGR2020,0.773,0.773,0.773,0.802,0.812,0.812,0.830,0.832,0.832,0.773,0.773,0.773,0.802,0.807,0.807,0.828,0.828,0.828,0.772,0.772,0.772,0.802,0.802,0.802,0.827,0.827,0.827,0.001,0.001,0.001,-0.004,0.005,0.005,0.012,0.014,0.014,0.001,0.001,0.001,-0.006,-0.000,-0.000,0.011,0.011,0.011,0.001,0.001,0.001,-0.007,-0.007,-0.007,0.013,0.013,0.013,0.802,0.003,0.805,0.007,0.805,0.007,0.801,0.002,0.802,0.004,0.802,0.004,0.800,0.002,0.800,0.002,0.800,0.002
BGR,100,2021,BGR2021,0.766,0.766,0.766,0.755,0.763,0.763,0.783,0.783,0.783,0.765,0.765,0.765,0.756,0.759,0.759,0.781,0.781,0.781,0.764,0.764,0.764,0.759,0.759,0.759,0.781,0.781,0.781,0.009,0.009,0.009,-0.008,0.002,0.002,0.015,0.015,0.015,0.010,0.010,0.010,-0.007,-0.004,-0.004,0.015,0.015,0.015,0.011,0.011,0.011,-0.005,-0.005,-0.005,0.020,0.020,0.020,0.768,0.005,0.771,0.008,0.771,0.008,0.767,0.006,0.768,0.007,0.768,0.007,0.768,0.009,0.768,0.009,0.768,0.009
BGR,100,2022,BGR2022,0.774,0.774,0.774,0.765,0.771,0.771,0.794,0.794,0.794,0.770,0.770,0.770,0.764,0.764,0.764,0.791,0.791,0.791,0.770,0.770,0.770,0.767,0.767,0.767,0.792,0.792,0.792,0.008,0.008,0.008,-0.009,-0.001,-0.001,0.009,0.009,0.009,0.004,0.004,0.004,-0.012,-0.012,-0.012,0.007,0.007,0.007,0.004,0.004,0.004,-0.011,-0.011,-0.011,0.010,0.010,0.010,0.777,0.003,0.780,0.005,0.780,0.005,0.775,-0.001,0.775,-0.000,0.775,-0.000,0.776,0.001,0.776,0.001,0.776,0.001
CAN,124,2001,CAN2001,0.494,0.494,0.494,0.615,0.625,0.623,0.610,0.613,0.613,0.477,0.477,0.477,0.596,0.599,0.599,0.592,0.592,0.592,0.459,0.459,0.459,0.582,0.582,0.582,0.579,0.579,0.579,0.140,0.140,0.140,0.111,0.122,0.121,0.107,0.112,0.111,0.140,0.140,0.140,0.106,0.110,0.110,0.102,0.102,0.102,0.138,0.138,0.138,0.111,0.111,0.111,0.108,0.108,0.108,0.573,0.119,0.577,0.125,0.577,0.124,0.555,0.116,0.556,0.117,0.556,0.117,0.540,0.119,0.540,0.119,0.540,0.119
CAN,124,2002,CAN2002,0.494,0.494,0.494,0.621,0.628,0.626,0.616,0.618,0.617,0.477,0.477,0.477,0.602,0.604,0.603,0.598,0.598,0.598,0.458,0.458,0.458,0.588,0.588,0.588,0.585,0.585,0.585,0.141,0.141,0.140,0.111,0.119,0.118,0.107,0.110,0.109,0.141,0.141,0.141,0.106,0.108,0.108,0.103,0.103,0.102,0.139,0.139,0.139,0.111,0.111,0.111,0.108,0.108,0.108,0.577,0.119,0.580,0.123,0.579,0.122,0.559,0.117,0.559,0.117,0.559,0.117,0.544,0.119,0.544,0.119,0.544,0.119
CAN,124,2003,CAN2003,0.493,0.493,0.493,0.620,0.626,0.625,0.615,0.617,0.616,0.476,0.476,0.476,0.601,0.602,0.602,0.597,0.597,0.597,0.457,0.457,0.457,0.588,0.588,0.588,0.585,0.585,0.585,0.142,0.142,0.142,0.110,0.118,0.116,0.106,0.109,0.108,0.142,0.142,0.142,0.105,0.107,0.107,0.102,0.102,0.102,0.140,0.140,0.140,0.110,0.110,0.110,0.107,0.107,0.107,0.576,0.119,0.579,0.123,0.578,0.122,0.558,0.116,0.559,0.117,0.558,0.117,0.543,0.119,0.543,0.119,0.543,0.119
CAN,124,2004,CAN2004,0.474,0.474,0.473,0.605,0.610,0.608,0.601,0.602,0.600,0.455,0.455,0.455,0.585,0.586,0.585,0.582,0.582,0.582,0.432,0.432,0.432,0.568,0.568,0.568,0.566,0.566,0.566,0.159,0.159,0.157,0.124,0.130,0.127,0.120,0.121,0.120,0.157,0.157,0.157,0.121,0.122,0.121,0.117,0.117,0.117,0.151,0.151,0.151,0.124,0.124,0.123,0.121,0.121,0.121,0.560,0.134,0.562,0.137,0.560,0.135,0.541,0.132,0.541,0.132,0.540,0.132,0.522,0.132,0.522,0.132,0.522,0.132
CAN,124,2005,CAN2005,0.469,0.469,0.468,0.603,0.610,0.608,0.599,0.600,0.599,0.450,0.450,0.450,0.584,0.585,0.584,0.580,0.580,0.580,0.426,0.426,0.426,0.566,0.566,0.565,0.563,0.563,0.563,0.161,0.161,0.159,0.126,0.134,0.132,0.122,0.124,0.123,0.159,0.159,0.159,0.123,0.126,0.124,0.120,0.120,0.120,0.151,0.151,0.151,0.126,0.126,0.125,0.123,0.123,0.123,0.557,0.136,0.560,0.140,0.558,0.138,0.538,0.134,0.538,0.135,0.538,0.134,0.518,0.133,0.518,0.133,0.518,0.133
CAN,124,2006,CAN2006,0.455,0.455,0.454,0.596,0.598,0.596,0.593,0.593,0.592,0.434,0.434,0.434,0.576,0.576,0.575,0.574,0.574,0.573,0.410,0.410,0.410,0.556,0.556,0.556,0.554,0.554,0.554,0.170,0.170,0.168,0.131,0.133,0.131,0.128,0.128,0.127,0.166,0.166,0.166,0.129,0.129,0.128,0.126,0.126,0.126,0.155,0.155,0.155,0.128,0.128,0.128,0.127,0.127,0.127,0.548,0.143,0.549,0.144,0.547,0.142,0.528,0.140,0.528,0.140,0.528,0.140,0.507,0.137,0.507,0.137,0.507,0.137
CAN,124,2007,CAN2007,0.451,0.451,0.450,0.599,0.601,0.600,0.597,0.597,0.596,0.430,0.430,0.430,0.582,0.582,0.581,0.581,0.581,0.580,0.405,0.405,0.405,0.563,0.563,0.563,0.563,0.563,0.563,0.171,0.171,0.170,0.125,0.128,0.126,0.122,0.122,0.121,0.167,0.167,0.167,0.126,0.126,0.125,0.124,0.124,0.123,0.155,0.155,0.155,0.127,0.127,0.127,0.126,0.126,0.126,0.549,0.139,0.550,0.140,0.549,0.139,0.531,0.139,0.531,0.139,0.531,0.139,0.510,0.136,0.510,0.136,0.510,0.136
CAN,124,2008,CAN2008,0.453,0.453,0.452,0.615,0.615,0.614,0.613,0.613,0.612,0.432,0.432,0.432,0.597,0.597,0.597,0.596,0.596,0.596,0.408,0.408,0.408,0.578,0.578,0.578,0.578,0.578,0.578,0.169,0.169,0.168,0.125,0.125,0.123,0.121,0.121,0.120,0.166,0.166,0.165,0.125,0.125,0.124,0.122,0.122,0.122,0.154,0.154,0.154,0.126,0.126,0.126,0.125,0.125,0.125,0.561,0.138,0.561,0.138,0.559,0.137,0.542,0.137,0.542,0.137,0.542,0.137,0.521,0.135,0.521,0.135,0.521,0.135
CAN,124,2009,CAN2009,0.454,0.454,0.450,0.639,0.639,0.633,0.634,0.634,0.630,0.432,0.432,0.430,0.621,0.621,0.617,0.618,0.618,0.614,0.406,0.406,0.405,0.601,0.601,0.597,0.597,0.597,0.594,0.173,0.173,0.169,0.124,0.124,0.121,0.122,0.122,0.119,0.169,0.169,0.166,0.126,0.126,0.123,0.125,0.125,0.122,0.155,0.155,0.154,0.126,0.126,0.123,0.126,0.126,0.123,0.576,0.140,0.576,0.140,0.571,0.136,0.557,0.140,0.557,0.140,0.554,0.137,0.535,0.136,0.535,0.136,0.532,0.134
CAN,124,2010,CAN2010,0.455,0.455,0.453,0.642,0.642,0.640,0.635,0.635,0.633,0.433,0.433,0.433,0.625,0.625,0.624,0.619,0.619,0.618,0.408,0.408,0.408,0.604,0.604,0.604,0.599,0.599,0.599,0.172,0.172,0.169,0.123,0.123,0.121,0.121,0.121,0.119,0.167,0.167,0.166,0.126,0.126,0.124,0.125,0.125,0.123,0.154,0.154,0.153,0.126,0.126,0.126,0.125,0.125,0.125,0.577,0.139,0.577,0.139,0.575,0.136,0.559,0.139,0.559,0.139,0.558,0.138,0.537,0.135,0.537,0.135,0.537,0.135
CAN,124,2011,CAN2011,0.457,0.457,0.455,0.642,0.642,0.640,0.636,0.636,0.634,0.436,0.436,0.435,0.626,0.626,0.625,0.621,0.621,0.620,0.411,0.411,0.411,0.606,0.606,0.606,0.601,0.601,0.601,0.170,0.170,0.167,0.121,0.121,0.119,0.120,0.120,0.118,0.166,0.166,0.165,0.125,0.125,0.123,0.124,0.124,0.122,0.153,0.153,0.153,0.126,0.126,0.125,0.125,0.125,0.125,0.579,0.137,0.579,0.137,0.577,0.134,0.561,0.138,0.561,0.138,0.560,0.137,0.539,0.135,0.539,0.135,0.539,0.134
CAN,124,2012,CAN2012,0.465,0.465,0.463,0.648,0.648,0.646,0.642,0.642,0.640,0.444,0.444,0.443,0.633,0.633,0.632,0.627,0.627,0.626,0.420,0.420,0.420,0.614,0.614,0.613,0.609,0.609,0.608,0.165,0.165,0.162,0.117,0.117,0.115,0.116,0.116,0.114,0.162,0.162,0.161,0.121,0.121,0.120,0.120,0.120,0.119,0.152,0.152,0.152,0.124,0.124,0.123,0.123,0.123,0.123,0.585,0.133,0.585,0.133,0.583,0.130,0.568,0.135,0.568,0.135,0.567,0.133,0.547,0.133,0.547,0.133,0.547,0.133
CAN,124,2013,CAN2013,0.464,0.464,0.461,0.645,0.645,0.643,0.641,0.641,0.639,0.443,0.443,0.442,0.631,0.631,0.630,0.626,0.626,0.625,0.418,0.418,0.418,0.611,0.611,0.610,0.606,0.606,0.606,0.166,0.166,0.163,0.119,0.119,0.116,0.119,0.119,0.117,0.163,0.163,0.162,0.124,0.124,0.123,0.124,0.124,0.123,0.152,0.152,0.152,0.125,0.125,0.125,0.126,0.126,0.125,0.583,0.135,0.583,0.135,0.581,0.132,0.567,0.137,0.567,0.137,0.566,0.136,0.545,0.134,0.545,0.134,0.545,0.134
CAN,124,2014,CAN2014,0.461,0.461,0.459,0.643,0.638,0.637,0.639,0.637,0.635,0.439,0.439,0.439,0.628,0.628,0.627,0.625,0.625,0.624,0.414,0.414,0.414,0.607,0.607,0.607,0.603,0.603,0.603,0.168,0.168,0.165,0.120,0.115,0.113,0.122,0.119,0.117,0.164,0.164,0.163,0.126,0.126,0.125,0.127,0.127,0.126,0.152,0.152,0.152,0.127,0.127,0.127,0.128,0.128,0.127,0.581,0.137,0.579,0.134,0.577,0.132,0.564,0.139,0.564,0.139,0.563,0.138,0.542,0.136,0.542,0.136,0.541,0.135
CAN,124,2015,CAN2015,0.455,0.455,0.453,0.633,0.629,0.627,0.641,0.639,0.637,0.433,0.433,0.433,0.616,0.616,0.615,0.624,0.624,0.624,0.408,0.408,0.408,0.591,0.591,0.591,0.600,0.600,0.600,0.172,0.172,0.169,0.131,0.125,0.123,0.126,0.124,0.122,0.167,0.167,0.166,0.135,0.135,0.134,0.132,0.132,0.130,0.154,0.154,0.154,0.130,0.130,0.130,0.128,0.128,0.128,0.576,0.143,0.574,0.140,0.573,0.138,0.558,0.144,0.558,0.144,0.557,0.143,0.533,0.137,0.533,0.137,0.533,0.137
CAN,124,2016,CAN2016,0.455,0.455,0.453,0.647,0.642,0.640,0.644,0.642,0.640,0.433,0.433,0.432,0.632,0.631,0.630,0.628,0.628,0.627,0.407,0.407,0.407,0.611,0.611,0.611,0.608,0.608,0.608,0.173,0.173,0.170,0.113,0.107,0.105,0.114,0.111,0.110,0.168,0.168,0.167,0.116,0.115,0.114,0.117,0.117,0.116,0.155,0.155,0.155,0.115,0.115,0.114,0.116,0.116,0.115,0.582,0.133,0.579,0.130,0.578,0.128,0.564,0.133,0.564,0.133,0.563,0.132,0.542,0.128,0.542,0.128,0.542,0.128
CAN,124,2017,CAN2017,0.446,0.446,0.444,0.637,0.633,0.631,0.634,0.632,0.630,0.424,0.424,0.423,0.622,0.621,0.621,0.618,0.618,0.617,0.397,0.397,0.397,0.600,0.600,0.600,0.597,0.597,0.596,0.178,0.177,0.175,0.117,0.111,0.109,0.118,0.115,0.113,0.172,0.172,0.170,0.120,0.119,0.118,0.121,0.121,0.119,0.156,0.156,0.156,0.117,0.117,0.117,0.118,0.118,0.117,0.573,0.137,0.570,0.134,0.569,0.132,0.554,0.137,0.554,0.137,0.554,0.136,0.531,0.130,0.531,0.130,0.531,0.130
CAN,124,2018,CAN2018,0.441,0.441,0.439,0.631,0.626,0.625,0.628,0.626,0.624,0.418,0.418,0.417,0.615,0.615,0.614,0.611,0.611,0.611,0.391,0.391,0.390,0.593,0.593,0.592,0.589,0.589,0.589,0.181,0.181,0.178,0.120,0.114,0.112,0.121,0.118,0.116,0.174,0.174,0.173,0.122,0.122,0.121,0.123,0.123,0.122,0.157,0.157,0.157,0.119,0.119,0.119,0.119,0.119,0.119,0.567,0.140,0.564,0.138,0.563,0.135,0.548,0.140,0.548,0.140,0.547,0.139,0.524,0.132,0.524,0.132,0.524,0.132
CAN,124,2019,CAN2019,0.444,0.444,0.442,0.629,0.626,0.624,0.626,0.624,0.623,0.421,0.421,0.420,0.614,0.614,0.613,0.611,0.611,0.610,0.394,0.394,0.394,0.591,0.591,0.591,0.587,0.587,0.587,0.178,0.178,0.176,0.120,0.116,0.114,0.121,0.120,0.118,0.172,0.172,0.171,0.126,0.126,0.125,0.127,0.127,0.126,0.156,0.156,0.156,0.122,0.122,0.121,0.122,0.122,0.122,0.566,0.140,0.565,0.138,0.563,0.136,0.549,0.141,0.549,0.141,0.548,0.140,0.524,0.133,0.524,0.133,0.524,0.133
CAN,124,2020,CAN2020,0.439,0.439,0.437,0.623,0.621,0.619,0.620,0.619,0.618,0.415,0.415,0.414,0.609,0.609,0.608,0.605,0.605,0.604,0.387,0.387,0.387,0.585,0.585,0.585,0.581,0.581,0.581,0.183,0.183,0.180,0.121,0.118,0.116,0.122,0.121,0.119,0.175,0.175,0.174,0.127,0.127,0.126,0.128,0.128,0.127,0.157,0.157,0.157,0.122,0.122,0.122,0.123,0.123,0.122,0.561,0.142,0.560,0.141,0.558,0.139,0.543,0.143,0.543,0.143,0.542,0.142,0.518,0.134,0.518,0.134,0.518,0.134
CAN,124,2021,CAN2021,0.449,0.449,0.447,0.632,0.630,0.628,0.629,0.628,0.626,0.426,0.426,0.425,0.618,0.618,0.617,0.615,0.615,0.614,0.399,0.399,0.399,0.595,0.595,0.595,0.592,0.592,0.592,0.177,0.177,0.174,0.118,0.115,0.113,0.119,0.118,0.116,0.170,0.170,0.169,0.124,0.124,0.124,0.125,0.125,0.124,0.155,0.155,0.155,0.121,0.121,0.121,0.122,0.122,0.122,0.570,0.138,0.569,0.137,0.567,0.135,0.553,0.140,0.553,0.140,0.552,0.139,0.529,0.133,0.529,0.133,0.529,0.133
CHE,756,2001,CHE2001,0.685,0.685,0.676,0.764,0.778,0.740,0.769,0.773,0.752,0.675,0.675,0.675,0.761,0.761,0.752,0.766,0.766,0.764,0.664,0.664,0.664,0.754,0.754,0.754,0.760,0.760,0.760,0.054,0.054,0.041,0.045,0.061,0.020,0.043,0.047,0.023,0.050,0.050,0.050,0.052,0.052,0.041,0.048,0.048,0.046,0.045,0.045,0.045,0.055,0.055,0.055,0.052,0.052,0.052,0.740,0.047,0.745,0.054,0.723,0.028,0.734,0.050,0.734,0.050,0.730,0.046,0.726,0.051,0.726,0.051,0.726,0.051
CHE,756,2002,CHE2002,0.680,0.680,0.670,0.761,0.773,0.738,0.766,0.768,0.750,0.669,0.669,0.669,0.758,0.758,0.750,0.762,0.762,0.761,0.658,0.658,0.658,0.750,0.750,0.750,0.756,0.756,0.756,0.057,0.057,0.044,0.049,0.062,0.025,0.046,0.049,0.028,0.053,0.053,0.053,0.056,0.056,0.047,0.052,0.052,0.051,0.049,0.049,0.049,0.060,0.060,0.060,0.057,0.057,0.057,0.735,0.051,0.740,0.056,0.720,0.032,0.730,0.054,0.730,0.054,0.727,0.050,0.721,0.055,0.721,0.055,0.721,0.055
CHE,756,2003,CHE2003,0.680,0.680,0.670,0.761,0.771,0.739,0.765,0.767,0.749,0.669,0.669,0.669,0.757,0.757,0.751,0.761,0.761,0.760,0.655,0.655,0.655,0.748,0.748,0.748,0.754,0.754,0.754,0.061,0.061,0.048,0.054,0.065,0.030,0.049,0.052,0.031,0.059,0.059,0.059,0.061,0.061,0.054,0.055,0.055,0.054,0.052,0.052,0.052,0.065,0.065,0.065,0.060,0.060,0.060,0.735,0.055,0.739,0.059,0.719,0.036,0.729,0.058,0.729,0.058,0.727,0.056,0.719,0.059,0.719,0.059,0.719,0.059
CHE,756,2004,CHE2004,0.674,0.674,0.664,0.754,0.764,0.733,0.759,0.760,0.743,0.662,0.662,0.662,0.750,0.750,0.744,0.754,0.754,0.753,0.649,0.649,0.649,0.741,0.741,0.741,0.747,0.747,0.747,0.064,0.064,0.051,0.057,0.068,0.034,0.053,0.055,0.035,0.061,0.061,0.061,0.065,0.065,0.058,0.059,0.059,0.058,0.056,0.056,0.056,0.069,0.069,0.069,0.064,0.064,0.064,0.729,0.058,0.733,0.062,0.713,0.040,0.722,0.062,0.722,0.062,0.720,0.059,0.712,0.063,0.712,0.063,0.712,0.063
CHE,756,2005,CHE2005,0.672,0.672,0.664,0.753,0.759,0.733,0.758,0.758,0.744,0.661,0.661,0.661,0.748,0.748,0.745,0.753,0.753,0.753,0.647,0.647,0.647,0.739,0.739,0.739,0.745,0.745,0.745,0.066,0.066,0.055,0.060,0.067,0.037,0.055,0.055,0.040,0.064,0.064,0.064,0.067,0.067,0.063,0.061,0.061,0.061,0.058,0.058,0.058,0.072,0.072,0.072,0.066,0.066,0.066,0.728,0.060,0.730,0.063,0.714,0.044,0.721,0.064,0.721,0.064,0.719,0.063,0.710,0.066,0.710,0.066,0.710,0.066
CHE,756,2006,CHE2006,0.668,0.668,0.660,0.748,0.754,0.728,0.754,0.754,0.740,0.656,0.656,0.656,0.743,0.743,0.740,0.748,0.748,0.748,0.643,0.643,0.643,0.733,0.733,0.733,0.740,0.740,0.740,0.068,0.068,0.057,0.063,0.070,0.040,0.058,0.058,0.042,0.066,0.066,0.066,0.070,0.070,0.066,0.064,0.064,0.064,0.061,0.061,0.061,0.075,0.075,0.075,0.069,0.069,0.069,0.723,0.063,0.725,0.065,0.709,0.046,0.716,0.067,0.716,0.067,0.715,0.065,0.705,0.069,0.705,0.069,0.705,0.069
CHE,756,2007,CHE2007,0.660,0.660,0.652,0.741,0.745,0.722,0.745,0.745,0.734,0.647,0.647,0.647,0.735,0.735,0.733,0.739,0.739,0.739,0.633,0.633,0.633,0.724,0.724,0.724,0.730,0.730,0.730,0.075,0.075,0.065,0.070,0.075,0.049,0.064,0.064,0.050,0.073,0.073,0.073,0.078,0.078,0.075,0.071,0.071,0.071,0.069,0.069,0.069,0.083,0.083,0.083,0.077,0.077,0.077,0.715,0.070,0.717,0.071,0.703,0.055,0.707,0.074,0.707,0.074,0.706,0.073,0.696,0.076,0.696,0.076,0.696,0.076
CHE,756,2008,CHE2008,0.710,0.710,0.703,0.796,0.799,0.778,0.799,0.799,0.788,0.700,0.700,0.700,0.795,0.795,0.794,0.798,0.798,0.798,0.691,0.691,0.691,0.790,0.790,0.790,0.793,0.793,0.793,0.043,0.043,0.034,0.034,0.038,0.014,0.031,0.031,0.018,0.038,0.038,0.038,0.041,0.041,0.039,0.037,0.037,0.037,0.033,0.033,0.033,0.045,0.045,0.045,0.041,0.041,0.041,0.768,0.036,0.769,0.037,0.756,0.022,0.764,0.038,0.764,0.038,0.764,0.038,0.758,0.040,0.758,0.040,0.758,0.040
CHE,756,2009,CHE2009,0.700,0.700,0.693,0.781,0.787,0.762,0.791,0.791,0.781,0.690,0.690,0.690,0.780,0.780,0.778,0.789,0.789,0.789,0.681,0.681,0.681,0.777,0.777,0.777,0.785,0.785,0.785,0.044,0.044,0.035,0.031,0.039,0.010,0.032,0.032,0.021,0.039,0.039,0.039,0.038,0.038,0.035,0.038,0.038,0.038,0.035,0.035,0.035,0.043,0.043,0.043,0.042,0.042,0.042,0.757,0.036,0.759,0.038,0.745,0.022,0.753,0.038,0.753,0.038,0.753,0.037,0.748,0.040,0.748,0.040,0.748,0.040
CHE,756,2010,CHE2010,0.697,0.697,0.695,0.777,0.784,0.758,0.789,0.789,0.779,0.686,0.686,0.686,0.777,0.777,0.774,0.786,0.786,0.786,0.677,0.677,0.677,0.772,0.772,0.772,0.781,0.781,0.781,0.047,0.047,0.045,0.034,0.042,0.013,0.036,0.036,0.025,0.042,0.042,0.042,0.042,0.042,0.039,0.042,0.042,0.042,0.038,0.038,0.038,0.047,0.047,0.047,0.046,0.046,0.046,0.754,0.039,0.756,0.042,0.744,0.028,0.750,0.042,0.750,0.042,0.749,0.041,0.744,0.044,0.744,0.044,0.744,0.044
CHE,756,2011,CHE2011,0.695,0.695,0.693,0.775,0.783,0.754,0.787,0.787,0.776,0.685,0.685,0.685,0.774,0.774,0.771,0.785,0.785,0.785,0.675,0.675,0.675,0.770,0.770,0.770,0.779,0.779,0.779,0.047,0.047,0.044,0.034,0.044,0.012,0.036,0.036,0.024,0.042,0.042,0.042,0.042,0.042,0.038,0.042,0.042,0.042,0.039,0.039,0.039,0.047,0.047,0.047,0.046,0.046,0.046,0.752,0.039,0.755,0.042,0.741,0.026,0.748,0.042,0.748,0.042,0.747,0.040,0.741,0.044,0.741,0.044,0.741,0.044
CHE,756,2012,CHE2012,0.686,0.686,0.685,0.766,0.773,0.745,0.778,0.778,0.768,0.675,0.675,0.675,0.764,0.764,0.761,0.775,0.775,0.775,0.667,0.667,0.667,0.759,0.759,0.759,0.769,0.769,0.769,0.052,0.052,0.050,0.042,0.051,0.019,0.043,0.043,0.031,0.048,0.048,0.048,0.050,0.050,0.046,0.049,0.049,0.049,0.047,0.047,0.047,0.055,0.055,0.055,0.054,0.054,0.054,0.743,0.046,0.746,0.049,0.733,0.033,0.738,0.049,0.738,0.049,0.737,0.048,0.731,0.052,0.731,0.052,0.731,0.052
CHE,756,2013,CHE2013,0.685,0.685,0.683,0.765,0.773,0.744,0.778,0.778,0.767,0.673,0.673,0.673,0.763,0.763,0.760,0.774,0.774,0.774,0.665,0.665,0.665,0.758,0.758,0.758,0.768,0.768,0.768,0.055,0.055,0.053,0.044,0.053,0.020,0.045,0.045,0.033,0.050,0.050,0.050,0.052,0.052,0.048,0.051,0.051,0.051,0.049,0.049,0.049,0.058,0.058,0.058,0.056,0.056,0.056,0.743,0.048,0.745,0.051,0.732,0.035,0.737,0.051,0.737,0.051,0.736,0.050,0.730,0.054,0.730,0.054,0.730,0.054
CHE,756,2014,CHE2014,0.693,0.693,0.690,0.773,0.783,0.752,0.786,0.786,0.774,0.682,0.682,0.682,0.772,0.772,0.768,0.784,0.784,0.784,0.674,0.674,0.674,0.769,0.769,0.769,0.779,0.779,0.779,0.048,0.048,0.045,0.035,0.047,0.012,0.037,0.037,0.024,0.043,0.043,0.043,0.043,0.043,0.038,0.043,0.043,0.043,0.041,0.041,0.041,0.050,0.050,0.050,0.048,0.048,0.048,0.751,0.040,0.754,0.044,0.739,0.027,0.746,0.043,0.746,0.043,0.745,0.042,0.740,0.046,0.740,0.046,0.740,0.046
CHE,756,2015,CHE2015,0.692,0.692,0.682,0.771,0.776,0.737,0.785,0.786,0.764,0.681,0.681,0.681,0.771,0.771,0.760,0.784,0.784,0.782,0.674,0.674,0.674,0.768,0.768,0.768,0.779,0.779,0.779,0.048,0.048,0.034,0.034,0.040,-0.003,0.036,0.036,0.012,0.043,0.043,0.043,0.042,0.042,0.028,0.042,0.042,0.040,0.041,0.041,0.041,0.049,0.049,0.049,0.047,0.047,0.047,0.750,0.039,0.751,0.041,0.728,0.014,0.745,0.042,0.745,0.042,0.741,0.037,0.740,0.046,0.740,0.046,0.740,0.046
CHE,756,2016,CHE2016,0.711,0.711,0.702,0.794,0.799,0.760,0.807,0.807,0.786,0.702,0.702,0.702,0.796,0.796,0.785,0.808,0.808,0.806,0.699,0.699,0.699,0.796,0.796,0.796,0.806,0.806,0.806,0.025,0.025,0.012,0.011,0.017,-0.026,0.015,0.015,-0.009,0.017,0.017,0.017,0.017,0.017,0.005,0.019,0.019,0.017,0.015,0.015,0.015,0.022,0.022,0.022,0.022,0.022,0.022,0.771,0.017,0.772,0.019,0.749,-0.007,0.769,0.018,0.769,0.018,0.765,0.013,0.767,0.020,0.767,0.020,0.767,0.020
CHE,756,2017,CHE2017,0.706,0.706,0.697,0.787,0.793,0.754,0.802,0.802,0.781,0.698,0.698,0.698,0.790,0.790,0.779,0.803,0.803,0.801,0.695,0.695,0.695,0.790,0.790,0.790,0.801,0.801,0.801,0.024,0.024,0.011,0.012,0.019,-0.025,0.016,0.016,-0.008,0.017,0.017,0.017,0.019,0.019,0.005,0.020,0.020,0.018,0.016,0.016,0.016,0.024,0.024,0.024,0.023,0.023,0.023,0.765,0.017,0.767,0.019,0.744,-0.008,0.764,0.019,0.764,0.019,0.759,0.013,0.762,0.021,0.762,0.021,0.762,0.021
CHE,756,2018,CHE2018,0.709,0.709,0.702,0.794,0.797,0.764,0.805,0.805,0.787,0.699,0.699,0.699,0.795,0.795,0.788,0.804,0.804,0.804,0.695,0.695,0.695,0.794,0.794,0.794,0.802,0.802,0.802,0.027,0.027,0.018,0.016,0.020,-0.017,0.019,0.019,-0.001,0.019,0.019,0.019,0.022,0.022,0.014,0.023,0.023,0.022,0.016,0.016,0.016,0.027,0.027,0.027,0.026,0.026,0.026,0.769,0.021,0.770,0.022,0.751,-0.000,0.766,0.021,0.766,0.021,0.764,0.018,0.764,0.023,0.764,0.023,0.764,0.023
CHE,756,2019,CHE2019,0.711,0.711,0.705,0.797,0.800,0.768,0.808,0.808,0.791,0.701,0.701,0.701,0.798,0.798,0.792,0.807,0.807,0.807,0.697,0.697,0.697,0.797,0.797,0.797,0.804,0.804,0.804,0.029,0.029,0.021,0.019,0.022,-0.014,0.021,0.021,0.002,0.020,0.020,0.020,0.025,0.025,0.017,0.026,0.026,0.025,0.019,0.019,0.019,0.029,0.029,0.029,0.029,0.029,0.029,0.772,0.023,0.773,0.024,0.755,0.003,0.769,0.024,0.769,0.024,0.767,0.021,0.766,0.026,0.766,0.026,0.766,0.026
CHE,756,2020,CHE2020,0.706,0.706,0.701,0.792,0.795,0.764,0.803,0.803,0.787,0.697,0.697,0.697,0.793,0.793,0.787,0.802,0.802,0.802,0.693,0.693,0.693,0.791,0.791,0.791,0.799,0.799,0.799,0.031,0.031,0.024,0.021,0.024,-0.011,0.023,0.023,0.005,0.024,0.024,0.024,0.027,0.027,0.020,0.028,0.028,0.028,0.023,0.023,0.023,0.032,0.032,0.032,0.031,0.031,0.031,0.767,0.025,0.768,0.026,0.751,0.006,0.764,0.026,0.764,0.026,0.762,0.024,0.761,0.029,0.761,0.029,0.761,0.029
CHE,756,2021,CHE2021,0.718,0.718,0.710,0.813,0.813,0.785,0.814,0.814,0.796,0.707,0.707,0.707,0.810,0.810,0.804,0.811,0.811,0.810,0.704,0.704,0.704,0.804,0.804,0.804,0.806,0.806,0.806,0.038,0.038,0.029,0.036,0.036,0.007,0.033,0.033,0.012,0.030,0.030,0.030,0.041,0.041,0.035,0.037,0.037,0.035,0.034,0.034,0.034,0.044,0.044,0.044,0.039,0.039,0.039,0.782,0.036,0.782,0.036,0.764,0.016,0.776,0.036,0.776,0.036,0.774,0.034,0.771,0.039,0.771,0.039,0.771,0.039
CHE,756,2022,CHE2022,0.723,0.723,0.717,0.819,0.819,0.791,0.820,0.820,0.802,0.712,0.712,0.712,0.815,0.815,0.810,0.817,0.817,0.816,0.709,0.709,0.709,0.809,0.809,0.809,0.811,0.811,0.811,0.040,0.040,0.031,0.038,0.038,0.008,0.035,0.035,0.014,0.033,0.033,0.033,0.043,0.043,0.037,0.039,0.039,0.037,0.037,0.037,0.037,0.046,0.046,0.046,0.041,0.041,0.041,0.787,0.038,0.787,0.038,0.770,0.018,0.782,0.038,0.782,0.038,0.779,0.036,0.777,0.041,0.777,0.041,0.777,0.041
CHL,152,2011,CHL2011,0.560,0.560,0.560,0.607,0.628,0.628,0.598,0.598,0.598,0.560,0.560,0.560,0.603,0.603,0.603,0.594,0.594,0.594,0.561,0.561,0.561,0.600,0.600,0.600,0.589,0.589,0.589,-0.004,-0.004,-0.004,0.015,0.046,0.046,0.024,0.024,0.024,-0.004,-0.004,-0.004,0.011,0.011,0.011,0.021,0.021,0.021,-0.004,-0.004,-0.004,0.008,0.008,0.008,0.018,0.018,0.018,0.588,0.012,0.595,0.022,0.595,0.022,0.586,0.009,0.586,0.009,0.586,0.009,0.583,0.007,0.583,0.007,0.583,0.007
CHL,152,2012,CHL2012,0.560,0.560,0.560,0.606,0.632,0.632,0.598,0.598,0.598,0.561,0.561,0.561,0.602,0.602,0.602,0.593,0.593,0.593,0.561,0.561,0.561,0.598,0.598,0.598,0.588,0.588,0.588,-0.004,-0.004,-0.004,0.019,0.056,0.056,0.026,0.026,0.026,-0.004,-0.004,-0.004,0.015,0.015,0.015,0.022,0.022,0.022,-0.004,-0.004,-0.004,0.012,0.012,0.012,0.019,0.019,0.019,0.588,0.013,0.597,0.026,0.597,0.026,0.585,0.011,0.585,0.011,0.585,0.011,0.582,0.009,0.582,0.009,0.582,0.009
CHL,152,2013,CHL2013,0.560,0.560,0.560,0.605,0.616,0.616,0.596,0.596,0.596,0.560,0.560,0.560,0.600,0.600,0.600,0.591,0.591,0.591,0.560,0.560,0.560,0.596,0.596,0.596,0.585,0.585,0.585,-0.004,-0.004,-0.004,0.021,0.039,0.039,0.028,0.028,0.028,-0.004,-0.004,-0.004,0.019,0.019,0.019,0.024,0.024,0.024,-0.004,-0.004,-0.004,0.016,0.016,0.016,0.021,0.021,0.021,0.587,0.015,0.591,0.021,0.591,0.021,0.584,0.013,0.584,0.013,0.584,0.013,0.581,0.011,0.581,0.011,0.581,0.011
CHL,152,2014,CHL2014,0.559,0.559,0.559,0.599,0.606,0.606,0.591,0.591,0.591,0.559,0.559,0.559,0.595,0.595,0.595,0.586,0.586,0.586,0.560,0.560,0.560,0.591,0.591,0.591,0.581,0.581,0.581,-0.004,-0.004,-0.004,0.021,0.032,0.032,0.026,0.026,0.026,-0.004,-0.004,-0.004,0.019,0.019,0.019,0.023,0.023,0.023,-0.004,-0.004,-0.004,0.016,0.016,0.016,0.019,0.019,0.019,0.583,0.014,0.585,0.018,0.585,0.018,0.580,0.013,0.580,0.013,0.580,0.013,0.577,0.010,0.577,0.010,0.577,0.010
CHL,152,2015,CHL2015,0.682,0.682,0.682,0.711,0.711,0.711,0.703,0.703,0.703,0.682,0.682,0.682,0.707,0.707,0.707,0.699,0.699,0.699,0.683,0.683,0.683,0.703,0.703,0.703,0.693,0.693,0.693,-0.004,-0.004,-0.004,0.017,0.017,0.017,0.016,0.016,0.016,-0.004,-0.004,-0.004,0.016,0.016,0.016,0.013,0.013,0.013,-0.004,-0.004,-0.004,0.013,0.013,0.013,0.008,0.008,0.008,0.698,0.010,0.698,0.010,0.698,0.010,0.696,0.008,0.696,0.008,0.696,0.008,0.693,0.006,0.693,0.006,0.693,0.006
CYP,196,2005,CYP2005,0.559,0.612,0.612,0.744,0.857,0.857,0.663,0.681,0.635,0.596,0.596,0.596,0.779,0.790,0.790,0.696,0.676,0.644,0.594,0.594,0.594,0.758,0.758,0.758,0.684,0.678,0.661,-0.066,0.022,0.022,-0.007,0.114,0.114,-0.025,0.008,-0.043,-0.003,-0.003,-0.003,0.045,0.058,0.058,0.026,0.002,-0.036,-0.009,-0.009,-0.009,0.027,0.028,0.028,0.013,0.006,-0.017,0.655,-0.033,0.717,0.048,0.701,0.031,0.690,0.022,0.688,0.019,0.677,0.006,0.679,0.011,0.677,0.008,0.671,0.001
CYP,196,2006,CYP2006,0.565,0.613,0.613,0.747,0.847,0.847,0.666,0.682,0.636,0.599,0.599,0.599,0.777,0.785,0.785,0.696,0.679,0.648,0.598,0.598,0.598,0.757,0.757,0.757,0.685,0.681,0.665,-0.063,0.015,0.015,-0.005,0.104,0.104,-0.023,0.006,-0.046,-0.006,-0.006,-0.006,0.041,0.050,0.050,0.022,0.001,-0.037,-0.011,-0.011,-0.011,0.024,0.024,0.024,0.010,0.005,-0.016,0.660,-0.030,0.714,0.042,0.699,0.024,0.690,0.019,0.688,0.015,0.677,0.002,0.680,0.008,0.679,0.006,0.674,-0.001
CYP,196,2007,CYP2007,0.568,0.611,0.611,0.749,0.842,0.842,0.668,0.680,0.635,0.598,0.598,0.598,0.773,0.781,0.781,0.693,0.676,0.647,0.596,0.596,0.596,0.754,0.754,0.754,0.682,0.678,0.664,-0.056,0.015,0.015,0.002,0.103,0.103,-0.017,0.006,-0.045,-0.006,-0.006,-0.006,0.041,0.050,0.050,0.022,0.002,-0.035,-0.011,-0.011,-0.011,0.024,0.024,0.024,0.010,0.006,-0.014,0.661,-0.024,0.711,0.042,0.696,0.024,0.688,0.019,0.685,0.015,0.675,0.003,0.677,0.008,0.676,0.006,0.671,-0.000
CYP,196,2014,CYP2014,0.522,0.577,0.567,0.720,0.765,0.722,0.706,0.728,0.722,0.559,0.559,0.559,0.756,0.750,0.723,0.721,0.721,0.721,0.551,0.551,0.551,0.729,0.729,0.722,0.703,0.703,0.703,-0.016,0.074,0.059,0.030,0.084,0.044,0.038,0.064,0.057,0.058,0.058,0.058,0.090,0.084,0.055,0.070,0.070,0.070,0.057,0.057,0.057,0.077,0.077,0.068,0.062,0.062,0.062,0.650,0.017,0.690,0.074,0.671,0.053,0.679,0.073,0.677,0.071,0.668,0.061,0.661,0.066,0.661,0.066,0.659,0.063
CYP,196,2017,CYP2017,0.522,0.572,0.563,0.718,0.758,0.718,0.704,0.723,0.718,0.554,0.554,0.554,0.747,0.743,0.718,0.715,0.715,0.715,0.546,0.546,0.546,0.721,0.721,0.715,0.697,0.697,0.697,-0.006,0.077,0.063,0.038,0.087,0.049,0.043,0.067,0.061,0.062,0.062,0.062,0.092,0.087,0.060,0.072,0.072,0.072,0.061,0.061,0.061,0.080,0.080,0.073,0.065,0.065,0.065,0.648,0.025,0.684,0.077,0.666,0.058,0.672,0.075,0.671,0.074,0.662,0.065,0.655,0.069,0.655,0.069,0.653,0.066
CYP,196,2018,CYP2018,0.519,0.565,0.557,0.713,0.750,0.711,0.698,0.716,0.712,0.548,0.548,0.548,0.736,0.733,0.710,0.707,0.707,0.707,0.539,0.539,0.539,0.710,0.710,0.706,0.689,0.689,0.689,0.005,0.081,0.068,0.048,0.092,0.055,0.049,0.071,0.066,0.067,0.067,0.067,0.095,0.091,0.067,0.075,0.075,0.075,0.067,0.067,0.067,0.083,0.083,0.079,0.068,0.068,0.068,0.644,0.034,0.677,0.081,0.660,0.063,0.664,0.079,0.663,0.078,0.655,0.070,0.646,0.073,0.646,0.073,0.645,0.071
CYP,196,2019,CYP2019,0.522,0.563,0.556,0.715,0.747,0.710,0.699,0.715,0.712,0.546,0.546,0.546,0.732,0.730,0.709,0.705,0.705,0.705,0.536,0.536,0.536,0.706,0.706,0.703,0.686,0.686,0.686,0.015,0.083,0.072,0.056,0.096,0.059,0.055,0.074,0.070,0.071,0.071,0.071,0.098,0.094,0.071,0.077,0.077,0.077,0.071,0.071,0.071,0.086,0.086,0.083,0.070,0.070,0.070,0.645,0.042,0.675,0.084,0.659,0.067,0.661,0.082,0.660,0.081,0.653,0.073,0.643,0.076,0.643,0.076,0.642,0.075
CYP,196,2020,CYP2020,0.522,0.563,0.552,0.715,0.747,0.698,0.700,0.715,0.708,0.546,0.546,0.546,0.733,0.730,0.700,0.705,0.705,0.705,0.536,0.536,0.536,0.706,0.706,0.700,0.687,0.687,0.687,0.015,0.083,0.066,0.056,0.096,0.047,0.054,0.073,0.065,0.071,0.071,0.071,0.098,0.094,0.062,0.077,0.077,0.077,0.071,0.071,0.071,0.086,0.086,0.078,0.070,0.070,0.070,0.646,0.042,0.675,0.084,0.653,0.059,0.661,0.082,0.660,0.081,0.650,0.070,0.643,0.076,0.643,0.076,0.641,0.073
CYP,196,2021,CYP2021,0.518,0.554,0.545,0.708,0.736,0.689,0.692,0.705,0.700,0.538,0.538,0.538,0.719,0.718,0.691,0.694,0.694,0.694,0.528,0.528,0.528,0.693,0.693,0.689,0.676,0.676,0.676,0.028,0.087,0.073,0.066,0.102,0.054,0.061,0.078,0.071,0.078,0.078,0.078,0.102,0.100,0.070,0.081,0.081,0.081,0.078,0.078,0.078,0.091,0.091,0.085,0.074,0.074,0.074,0.639,0.052,0.665,0.089,0.645,0.066,0.651,0.087,0.650,0.086,0.641,0.076,0.632,0.081,0.632,0.081,0.631,0.079
CYP,196,2022,CYP2022,0.522,0.556,0.549,0.713,0.742,0.696,0.695,0.707,0.703,0.542,0.542,0.542,0.725,0.723,0.699,0.697,0.697,0.697,0.532,0.532,0.532,0.699,0.699,0.696,0.679,0.679,0.679,0.025,0.083,0.071,0.064,0.100,0.053,0.059,0.075,0.069,0.075,0.075,0.075,0.099,0.098,0.071,0.079,0.079,0.079,0.076,0.076,0.076,0.089,0.089,0.085,0.072,0.072,0.072,0.643,0.049,0.669,0.086,0.649,0.064,0.655,0.085,0.654,0.084,0.646,0.075,0.637,0.079,0.637,0.079,0.636,0.078
CZE,203,2001,CZE2001,0.500,0.549,0.541,0.613,0.764,0.745,0.626,0.706,0.686,0.500,0.514,0.513,0.607,0.738,0.717,0.621,0.673,0.654,0.499,0.500,0.500,0.604,0.705,0.683,0.619,0.645,0.635,0.001,0.078,0.065,0.014,0.117,0.111,0.023,0.102,0.088,0.001,0.027,0.025,0.007,0.109,0.098,0.020,0.078,0.059,0.001,0.003,0.003,0.003,0.093,0.074,0.022,0.053,0.042,0.580,0.013,0.673,0.099,0.657,0.088,0.576,0.009,0.642,0.071,0.628,0.061,0.574,0.009,0.617,0.050,0.606,0.040
CZE,203,2002,CZE2002,0.497,0.537,0.530,0.609,0.746,0.728,0.619,0.690,0.671,0.497,0.506,0.506,0.604,0.717,0.698,0.614,0.656,0.641,0.496,0.496,0.496,0.601,0.682,0.664,0.612,0.630,0.623,0.006,0.070,0.060,0.015,0.118,0.111,0.028,0.102,0.086,0.006,0.023,0.023,0.008,0.108,0.095,0.025,0.074,0.058,0.007,0.007,0.007,0.006,0.085,0.069,0.028,0.051,0.042,0.575,0.016,0.657,0.097,0.643,0.086,0.572,0.013,0.626,0.068,0.615,0.058,0.570,0.014,0.603,0.048,0.594,0.039
CZE,203,2003,CZE2003,0.494,0.528,0.523,0.606,0.734,0.717,0.615,0.679,0.662,0.493,0.500,0.500,0.601,0.704,0.686,0.610,0.645,0.632,0.492,0.492,0.492,0.599,0.668,0.653,0.607,0.621,0.615,0.011,0.067,0.059,0.016,0.119,0.111,0.031,0.101,0.085,0.012,0.024,0.024,0.010,0.106,0.092,0.029,0.072,0.057,0.013,0.013,0.013,0.009,0.081,0.066,0.032,0.050,0.043,0.572,0.019,0.647,0.096,0.634,0.085,0.568,0.017,0.616,0.067,0.606,0.058,0.566,0.018,0.594,0.048,0.587,0.041
CZE,203,2004,CZE2004,0.488,0.515,0.512,0.602,0.717,0.702,0.608,0.664,0.648,0.487,0.491,0.491,0.597,0.685,0.668,0.603,0.630,0.620,0.486,0.486,0.486,0.595,0.649,0.638,0.600,0.608,0.604,0.020,0.066,0.059,0.019,0.119,0.110,0.035,0.100,0.083,0.022,0.028,0.028,0.014,0.103,0.088,0.034,0.069,0.057,0.024,0.024,0.024,0.014,0.075,0.062,0.037,0.049,0.044,0.566,0.024,0.632,0.095,0.620,0.084,0.562,0.023,0.602,0.067,0.593,0.058,0.560,0.025,0.581,0.049,0.576,0.043
CZE,203,2005,CZE2005,0.489,0.516,0.513,0.594,0.698,0.682,0.605,0.657,0.639,0.488,0.492,0.492,0.591,0.664,0.648,0.601,0.625,0.616,0.486,0.486,0.486,0.589,0.631,0.622,0.597,0.604,0.601,0.019,0.065,0.059,0.019,0.117,0.106,0.033,0.095,0.076,0.021,0.028,0.028,0.017,0.096,0.079,0.034,0.066,0.054,0.023,0.023,0.023,0.018,0.068,0.058,0.036,0.046,0.042,0.563,0.024,0.624,0.093,0.611,0.080,0.560,0.024,0.594,0.063,0.585,0.054,0.557,0.026,0.574,0.046,0.570,0.041
CZE,203,2006,CZE2006,0.485,0.504,0.502,0.589,0.680,0.665,0.599,0.643,0.628,0.484,0.485,0.485,0.585,0.644,0.630,0.596,0.613,0.606,0.482,0.482,0.482,0.583,0.612,0.606,0.591,0.595,0.593,0.025,0.058,0.055,0.023,0.116,0.104,0.035,0.089,0.071,0.027,0.029,0.029,0.021,0.089,0.074,0.036,0.061,0.051,0.029,0.029,0.029,0.023,0.060,0.053,0.038,0.043,0.041,0.558,0.028,0.609,0.088,0.598,0.077,0.555,0.028,0.581,0.060,0.574,0.052,0.552,0.030,0.563,0.044,0.560,0.041
CZE,203,2007,CZE2007,0.482,0.487,0.423,0.572,0.602,0.545,0.588,0.588,0.530,0.479,0.479,0.424,0.563,0.574,0.535,0.580,0.580,0.527,0.477,0.477,0.426,0.552,0.554,0.526,0.569,0.569,0.520,0.030,0.040,0.007,0.077,0.115,0.072,0.065,0.066,0.047,0.033,0.033,0.010,0.079,0.096,0.072,0.067,0.067,0.053,0.036,0.036,0.019,0.081,0.084,0.072,0.065,0.065,0.054,0.547,0.058,0.559,0.074,0.499,0.042,0.541,0.059,0.545,0.065,0.495,0.045,0.533,0.060,0.533,0.061,0.491,0.048
CZE,203,2008,CZE2008,0.478,0.480,0.405,0.548,0.573,0.518,0.577,0.577,0.514,0.476,0.476,0.408,0.539,0.546,0.508,0.564,0.564,0.507,0.473,0.473,0.411,0.527,0.528,0.499,0.549,0.549,0.498,0.036,0.040,0.002,0.081,0.114,0.076,0.092,0.092,0.071,0.038,0.038,0.011,0.082,0.093,0.074,0.090,0.090,0.074,0.042,0.042,0.022,0.082,0.082,0.074,0.088,0.088,0.075,0.534,0.069,0.543,0.082,0.479,0.050,0.526,0.070,0.528,0.074,0.475,0.053,0.516,0.070,0.517,0.070,0.469,0.057
CZE,203,2009,CZE2009,0.570,0.570,0.470,0.603,0.609,0.552,0.629,0.629,0.558,0.561,0.561,0.473,0.586,0.586,0.545,0.610,0.610,0.547,0.550,0.550,0.470,0.565,0.565,0.532,0.590,0.590,0.533,0.088,0.088,0.047,0.118,0.126,0.093,0.120,0.120,0.100,0.093,0.093,0.063,0.118,0.118,0.101,0.120,0.120,0.104,0.097,0.097,0.075,0.113,0.113,0.105,0.118,0.118,0.105,0.601,0.109,0.603,0.112,0.527,0.080,0.586,0.110,0.586,0.110,0.522,0.089,0.568,0.109,0.568,0.109,0.512,0.095
CZE,203,2010,CZE2010,0.565,0.565,0.465,0.594,0.600,0.543,0.619,0.619,0.548,0.556,0.556,0.467,0.576,0.576,0.535,0.600,0.600,0.537,0.544,0.544,0.464,0.555,0.555,0.521,0.579,0.579,0.522,0.092,0.092,0.052,0.123,0.131,0.098,0.127,0.127,0.106,0.097,0.097,0.067,0.123,0.123,0.107,0.126,0.126,0.109,0.101,0.101,0.079,0.118,0.118,0.110,0.125,0.125,0.111,0.593,0.114,0.595,0.117,0.519,0.085,0.577,0.115,0.577,0.115,0.513,0.095,0.559,0.115,0.559,0.115,0.502,0.100
CZE,203,2011,CZE2011,0.565,0.565,0.463,0.556,0.576,0.514,0.586,0.588,0.517,0.555,0.555,0.465,0.542,0.546,0.503,0.576,0.576,0.513,0.543,0.543,0.462,0.525,0.525,0.492,0.563,0.563,0.506,0.093,0.093,0.052,0.114,0.140,0.099,0.103,0.105,0.079,0.098,0.098,0.068,0.115,0.121,0.102,0.109,0.109,0.092,0.102,0.102,0.079,0.115,0.115,0.107,0.116,0.116,0.102,0.569,0.103,0.576,0.113,0.498,0.077,0.558,0.107,0.559,0.109,0.494,0.087,0.544,0.111,0.544,0.111,0.487,0.096
CZE,203,2012,CZE2012,0.562,0.562,0.463,0.549,0.572,0.512,0.579,0.581,0.514,0.552,0.552,0.464,0.534,0.541,0.500,0.567,0.567,0.510,0.540,0.540,0.461,0.517,0.517,0.487,0.554,0.554,0.501,0.095,0.095,0.055,0.117,0.147,0.105,0.106,0.110,0.084,0.100,0.100,0.070,0.117,0.127,0.106,0.111,0.111,0.095,0.104,0.104,0.082,0.115,0.115,0.107,0.116,0.116,0.103,0.563,0.106,0.572,0.117,0.496,0.081,0.551,0.109,0.554,0.113,0.491,0.090,0.537,0.112,0.537,0.112,0.483,0.097
CZE,203,2013,CZE2013,0.570,0.570,0.470,0.558,0.582,0.521,0.587,0.590,0.522,0.561,0.561,0.472,0.544,0.551,0.510,0.577,0.577,0.519,0.550,0.550,0.470,0.528,0.528,0.498,0.564,0.564,0.511,0.088,0.088,0.047,0.110,0.141,0.099,0.099,0.103,0.077,0.093,0.093,0.063,0.112,0.122,0.100,0.105,0.105,0.089,0.097,0.097,0.075,0.111,0.111,0.103,0.111,0.111,0.098,0.572,0.099,0.581,0.111,0.504,0.074,0.561,0.103,0.563,0.107,0.500,0.084,0.547,0.106,0.547,0.106,0.493,0.092
CZE,203,2014,CZE2014,0.565,0.565,0.465,0.554,0.576,0.515,0.583,0.585,0.516,0.556,0.556,0.467,0.540,0.545,0.504,0.572,0.572,0.512,0.544,0.544,0.464,0.523,0.523,0.492,0.559,0.559,0.504,0.092,0.092,0.051,0.114,0.142,0.101,0.104,0.107,0.081,0.097,0.097,0.067,0.115,0.123,0.103,0.109,0.109,0.092,0.102,0.102,0.079,0.114,0.114,0.106,0.115,0.115,0.101,0.567,0.103,0.575,0.114,0.499,0.078,0.556,0.107,0.558,0.110,0.494,0.088,0.542,0.110,0.542,0.110,0.487,0.095
CZE,203,2015,CZE2015,0.564,0.564,0.462,0.551,0.570,0.510,0.579,0.580,0.511,0.554,0.554,0.464,0.536,0.540,0.499,0.568,0.568,0.507,0.542,0.542,0.461,0.519,0.519,0.487,0.554,0.554,0.499,0.094,0.094,0.052,0.116,0.142,0.102,0.107,0.108,0.083,0.099,0.099,0.068,0.117,0.123,0.105,0.112,0.112,0.095,0.103,0.103,0.080,0.116,0.116,0.108,0.118,0.118,0.104,0.564,0.106,0.571,0.115,0.494,0.079,0.553,0.110,0.554,0.111,0.490,0.089,0.538,0.113,0.538,0.113,0.482,0.098
CZE,203,2016,CZE2016,0.561,0.561,0.458,0.548,0.564,0.503,0.575,0.576,0.505,0.551,0.551,0.460,0.533,0.535,0.493,0.564,0.564,0.501,0.538,0.538,0.457,0.516,0.516,0.481,0.549,0.549,0.492,0.097,0.097,0.055,0.119,0.141,0.104,0.110,0.111,0.086,0.102,0.102,0.071,0.120,0.123,0.107,0.116,0.116,0.098,0.106,0.106,0.082,0.119,0.119,0.111,0.122,0.122,0.107,0.561,0.109,0.567,0.116,0.489,0.081,0.549,0.113,0.550,0.114,0.484,0.092,0.534,0.116,0.534,0.116,0.476,0.100
CZE,203,2017,CZE2017,0.555,0.555,0.452,0.542,0.555,0.494,0.568,0.568,0.495,0.545,0.545,0.453,0.527,0.528,0.483,0.556,0.556,0.491,0.532,0.532,0.449,0.509,0.509,0.471,0.539,0.539,0.480,0.102,0.102,0.058,0.123,0.141,0.106,0.116,0.116,0.091,0.107,0.107,0.075,0.125,0.126,0.111,0.123,0.123,0.103,0.110,0.110,0.086,0.124,0.124,0.114,0.125,0.125,0.110,0.555,0.114,0.559,0.120,0.480,0.085,0.543,0.118,0.543,0.118,0.476,0.096,0.527,0.120,0.527,0.120,0.467,0.103
CZE,203,2018,CZE2018,0.555,0.555,0.450,0.554,0.559,0.500,0.582,0.582,0.506,0.544,0.544,0.451,0.539,0.539,0.492,0.570,0.570,0.501,0.531,0.531,0.447,0.522,0.522,0.479,0.556,0.556,0.492,0.102,0.102,0.058,0.119,0.127,0.099,0.114,0.114,0.089,0.107,0.107,0.074,0.120,0.120,0.107,0.120,0.120,0.101,0.111,0.111,0.086,0.119,0.119,0.109,0.127,0.127,0.110,0.564,0.112,0.566,0.114,0.485,0.082,0.551,0.116,0.551,0.116,0.481,0.094,0.536,0.119,0.536,0.119,0.473,0.102
CZE,203,2019,CZE2019,0.559,0.559,0.452,0.561,0.565,0.502,0.587,0.587,0.506,0.549,0.549,0.453,0.547,0.547,0.495,0.576,0.576,0.502,0.537,0.537,0.451,0.531,0.531,0.484,0.561,0.561,0.493,0.098,0.098,0.053,0.115,0.120,0.094,0.111,0.111,0.085,0.103,0.103,0.070,0.118,0.118,0.104,0.119,0.119,0.097,0.107,0.107,0.082,0.119,0.119,0.108,0.123,0.123,0.106,0.569,0.108,0.570,0.110,0.486,0.077,0.558,0.113,0.558,0.113,0.484,0.090,0.543,0.117,0.543,0.117,0.476,0.099
CZE,203,2020,CZE2020,0.573,0.573,0.463,0.578,0.581,0.516,0.602,0.602,0.519,0.564,0.564,0.466,0.566,0.566,0.511,0.593,0.593,0.516,0.553,0.553,0.465,0.552,0.552,0.502,0.579,0.579,0.509,0.086,0.086,0.040,0.104,0.109,0.083,0.100,0.100,0.073,0.091,0.091,0.057,0.108,0.108,0.094,0.108,0.108,0.086,0.095,0.095,0.070,0.112,0.112,0.100,0.113,0.113,0.096,0.584,0.097,0.585,0.098,0.499,0.065,0.574,0.102,0.574,0.102,0.498,0.079,0.561,0.107,0.561,0.107,0.492,0.089
CZE,203,2021,CZE2021,0.549,0.549,0.449,0.549,0.555,0.495,0.571,0.571,0.497,0.538,0.538,0.449,0.534,0.534,0.487,0.559,0.559,0.492,0.523,0.523,0.445,0.516,0.516,0.474,0.541,0.541,0.482,0.108,0.108,0.064,0.123,0.133,0.103,0.120,0.120,0.094,0.113,0.113,0.081,0.125,0.125,0.111,0.126,0.126,0.106,0.116,0.116,0.092,0.125,0.125,0.115,0.129,0.129,0.113,0.556,0.117,0.558,0.120,0.480,0.087,0.543,0.122,0.543,0.122,0.476,0.099,0.527,0.124,0.527,0.124,0.467,0.107
CZE,203,2022,CZE2022,0.553,0.553,0.451,0.558,0.560,0.501,0.582,0.582,0.506,0.542,0.542,0.452,0.542,0.542,0.494,0.569,0.569,0.501,0.528,0.528,0.448,0.525,0.525,0.481,0.554,0.554,0.493,0.105,0.105,0.061,0.115,0.119,0.093,0.108,0.108,0.084,0.109,0.109,0.078,0.115,0.115,0.101,0.112,0.112,0.094,0.113,0.113,0.089,0.113,0.113,0.103,0.116,0.116,0.102,0.564,0.109,0.565,0.110,0.486,0.079,0.551,0.112,0.551,0.112,0.482,0.091,0.536,0.114,0.536,0.114,0.474,0.098
DEU,276,2001,DEU2001,0.615,0.615,0.614,0.710,0.717,0.696,0.695,0.696,0.688,0.616,0.616,0.616,0.707,0.707,0.701,0.690,0.690,0.689,0.616,0.616,0.616,0.705,0.705,0.704,0.687,0.687,0.687,-0.004,-0.004,-0.006,0.009,0.019,-0.007,0.018,0.019,0.009,-0.003,-0.003,-0.003,0.007,0.007,-0.000,0.014,0.014,0.013,-0.003,-0.003,-0.003,0.005,0.005,0.004,0.012,0.012,0.012,0.673,0.008,0.676,0.011,0.666,-0.001,0.671,0.006,0.671,0.006,0.669,0.003,0.669,0.005,0.669,0.005,0.669,0.004
DEU,276,2002,DEU2002,0.615,0.615,0.615,0.699,0.703,0.688,0.693,0.693,0.688,0.616,0.616,0.616,0.705,0.705,0.700,0.696,0.696,0.696,0.617,0.617,0.617,0.706,0.706,0.706,0.696,0.696,0.696,-0.004,-0.004,-0.005,-0.007,-0.001,-0.020,0.005,0.005,-0.001,-0.003,-0.003,-0.003,0.002,0.002,-0.004,0.012,0.012,0.011,-0.003,-0.003,-0.003,0.005,0.005,0.004,0.014,0.014,0.014,0.669,-0.002,0.670,-0.000,0.664,-0.009,0.672,0.003,0.672,0.003,0.671,0.001,0.673,0.005,0.673,0.005,0.673,0.005
DEU,276,2003,DEU2003,0.616,0.616,0.615,0.713,0.718,0.699,0.707,0.707,0.702,0.617,0.617,0.617,0.709,0.709,0.705,0.702,0.702,0.701,0.618,0.618,0.618,0.707,0.707,0.707,0.697,0.697,0.697,-0.004,-0.004,-0.005,0.010,0.017,-0.006,0.021,0.021,0.015,-0.004,-0.004,-0.004,0.008,0.008,0.002,0.018,0.018,0.017,-0.003,-0.003,-0.003,0.006,0.006,0.005,0.015,0.015,0.015,0.679,0.009,0.680,0.011,0.672,0.001,0.676,0.007,0.676,0.007,0.674,0.005,0.674,0.006,0.674,0.006,0.674,0.006
DEU,276,2004,DEU2004,0.613,0.613,0.612,0.711,0.715,0.698,0.716,0.716,0.711,0.614,0.614,0.614,0.707,0.707,0.703,0.710,0.710,0.710,0.615,0.615,0.615,0.705,0.705,0.705,0.706,0.706,0.706,-0.004,-0.004,-0.005,0.010,0.015,-0.006,0.020,0.020,0.014,-0.003,-0.003,-0.003,0.007,0.007,0.002,0.016,0.016,0.016,-0.003,-0.003,-0.003,0.005,0.005,0.005,0.014,0.014,0.014,0.680,0.008,0.681,0.010,0.674,0.001,0.677,0.006,0.677,0.006,0.676,0.005,0.675,0.005,0.675,0.005,0.675,0.005
DEU,276,2005,DEU2005,0.596,0.596,0.593,0.690,0.690,0.672,0.701,0.701,0.686,0.595,0.595,0.595,0.693,0.693,0.686,0.695,0.695,0.692,0.593,0.593,0.593,0.699,0.699,0.696,0.689,0.689,0.689,0.015,0.015,0.011,0.013,0.013,-0.008,0.032,0.032,0.014,0.017,0.017,0.017,0.021,0.021,0.013,0.030,0.030,0.027,0.018,0.018,0.018,0.036,0.036,0.033,0.028,0.028,0.028,0.662,0.020,0.662,0.020,0.651,0.005,0.661,0.023,0.661,0.023,0.658,0.019,0.660,0.027,0.660,0.027,0.660,0.026
DEU,276,2006,DEU2006,0.601,0.601,0.597,0.693,0.693,0.676,0.705,0.705,0.689,0.600,0.600,0.600,0.697,0.697,0.691,0.699,0.699,0.696,0.598,0.598,0.598,0.702,0.702,0.700,0.693,0.693,0.693,0.015,0.015,0.010,0.013,0.013,-0.008,0.032,0.032,0.013,0.017,0.017,0.017,0.022,0.022,0.014,0.030,0.030,0.027,0.019,0.019,0.019,0.035,0.035,0.033,0.029,0.029,0.029,0.666,0.020,0.666,0.020,0.654,0.005,0.665,0.023,0.665,0.023,0.662,0.019,0.664,0.028,0.664,0.028,0.664,0.027
DEU,276,2007,DEU2007,0.586,0.586,0.584,0.681,0.681,0.666,0.690,0.690,0.677,0.585,0.585,0.585,0.685,0.685,0.679,0.684,0.684,0.682,0.583,0.583,0.583,0.687,0.687,0.686,0.677,0.677,0.677,0.019,0.019,0.014,0.016,0.016,-0.003,0.035,0.035,0.018,0.020,0.020,0.020,0.026,0.026,0.019,0.033,0.033,0.031,0.021,0.021,0.021,0.037,0.037,0.035,0.031,0.031,0.031,0.653,0.023,0.653,0.023,0.642,0.010,0.651,0.027,0.651,0.027,0.649,0.023,0.649,0.030,0.649,0.030,0.648,0.029
DEU,276,2008,DEU2008,0.583,0.583,0.581,0.678,0.678,0.663,0.687,0.687,0.674,0.582,0.582,0.582,0.682,0.682,0.677,0.680,0.680,0.678,0.579,0.579,0.579,0.683,0.683,0.682,0.673,0.673,0.673,0.019,0.019,0.016,0.017,0.017,-0.001,0.036,0.036,0.019,0.021,0.021,0.021,0.027,0.027,0.021,0.034,0.034,0.031,0.022,0.022,0.022,0.037,0.037,0.035,0.032,0.032,0.032,0.649,0.024,0.649,0.024,0.639,0.011,0.648,0.027,0.648,0.027,0.646,0.024,0.645,0.030,0.645,0.030,0.645,0.030
DEU,276,2009,DEU2009,0.589,0.589,0.586,0.699,0.699,0.677,0.699,0.699,0.683,0.587,0.587,0.587,0.702,0.702,0.692,0.692,0.692,0.689,0.585,0.585,0.585,0.694,0.694,0.691,0.686,0.686,0.686,0.017,0.017,0.012,0.028,0.028,0.003,0.034,0.034,0.014,0.019,0.019,0.019,0.039,0.039,0.026,0.031,0.031,0.027,0.020,0.020,0.020,0.037,0.037,0.033,0.029,0.029,0.029,0.662,0.026,0.662,0.026,0.649,0.010,0.661,0.030,0.661,0.030,0.656,0.024,0.655,0.029,0.655,0.029,0.654,0.027
DEU,276,2010,DEU2010,0.586,0.586,0.584,0.697,0.697,0.678,0.696,0.696,0.683,0.585,0.585,0.585,0.702,0.702,0.692,0.689,0.689,0.686,0.583,0.583,0.583,0.691,0.691,0.689,0.682,0.682,0.682,0.012,0.012,0.009,0.025,0.025,0.003,0.033,0.033,0.017,0.013,0.013,0.013,0.038,0.038,0.027,0.029,0.029,0.026,0.013,0.013,0.013,0.033,0.033,0.029,0.026,0.026,0.026,0.660,0.023,0.660,0.023,0.648,0.009,0.658,0.027,0.658,0.027,0.654,0.022,0.652,0.024,0.652,0.024,0.651,0.023
DEU,276,2011,DEU2011,0.579,0.579,0.577,0.696,0.696,0.678,0.698,0.698,0.687,0.578,0.578,0.578,0.700,0.700,0.691,0.690,0.690,0.688,0.576,0.576,0.576,0.687,0.687,0.685,0.683,0.683,0.683,0.013,0.013,0.010,0.029,0.029,0.009,0.035,0.035,0.020,0.013,0.013,0.013,0.042,0.042,0.032,0.030,0.030,0.027,0.014,0.014,0.014,0.034,0.034,0.031,0.027,0.027,0.027,0.658,0.026,0.658,0.026,0.647,0.013,0.656,0.028,0.656,0.028,0.652,0.024,0.649,0.025,0.649,0.025,0.648,0.024
DEU,276,2012,DEU2012,0.578,0.578,0.576,0.706,0.706,0.681,0.697,0.697,0.672,0.577,0.577,0.577,0.699,0.699,0.690,0.688,0.688,0.681,0.575,0.575,0.575,0.687,0.687,0.685,0.681,0.681,0.681,0.013,0.013,0.009,0.043,0.043,0.013,0.036,0.036,0.006,0.013,0.013,0.013,0.043,0.043,0.031,0.030,0.030,0.021,0.014,0.014,0.014,0.036,0.036,0.032,0.027,0.027,0.027,0.660,0.031,0.660,0.031,0.643,0.009,0.655,0.029,0.655,0.029,0.649,0.022,0.648,0.025,0.648,0.025,0.647,0.024
DEU,276,2013,DEU2013,0.577,0.577,0.574,0.694,0.694,0.678,0.695,0.695,0.682,0.576,0.576,0.576,0.697,0.697,0.690,0.686,0.686,0.685,0.574,0.574,0.574,0.685,0.685,0.684,0.680,0.680,0.680,0.012,0.012,0.008,0.030,0.030,0.010,0.034,0.034,0.018,0.012,0.012,0.012,0.041,0.041,0.033,0.030,0.030,0.028,0.013,0.013,0.013,0.034,0.034,0.033,0.026,0.026,0.026,0.655,0.025,0.655,0.025,0.645,0.012,0.653,0.028,0.653,0.028,0.650,0.024,0.646,0.024,0.646,0.024,0.646,0.024
DEU,276,2014,DEU2014,0.577,0.577,0.575,0.695,0.695,0.679,0.694,0.694,0.681,0.576,0.576,0.576,0.696,0.696,0.690,0.685,0.685,0.684,0.575,0.575,0.575,0.684,0.684,0.683,0.679,0.679,0.679,0.012,0.012,0.008,0.031,0.031,0.012,0.034,0.034,0.018,0.012,0.012,0.012,0.041,0.041,0.033,0.029,0.029,0.028,0.013,0.013,0.013,0.033,0.033,0.032,0.026,0.026,0.026,0.655,0.026,0.655,0.026,0.645,0.013,0.652,0.027,0.652,0.027,0.650,0.024,0.646,0.024,0.646,0.024,0.645,0.024
DEU,276,2015,DEU2015,0.577,0.577,0.575,0.697,0.697,0.681,0.693,0.693,0.679,0.576,0.576,0.576,0.696,0.696,0.691,0.686,0.686,0.685,0.574,0.574,0.574,0.685,0.685,0.685,0.679,0.679,0.679,0.012,0.012,0.008,0.034,0.034,0.014,0.033,0.033,0.015,0.013,0.013,0.013,0.041,0.041,0.035,0.029,0.029,0.027,0.013,0.013,0.013,0.035,0.035,0.034,0.026,0.026,0.026,0.656,0.026,0.656,0.026,0.645,0.012,0.653,0.028,0.653,0.028,0.651,0.025,0.646,0.025,0.646,0.025,0.646,0.024
DEU,276,2016,DEU2016,0.578,0.578,0.576,0.698,0.698,0.676,0.695,0.695,0.681,0.577,0.577,0.577,0.699,0.699,0.688,0.687,0.687,0.684,0.576,0.576,0.576,0.687,0.687,0.684,0.680,0.680,0.680,0.012,0.012,0.009,0.034,0.034,0.008,0.035,0.035,0.017,0.013,0.013,0.013,0.043,0.043,0.030,0.029,0.029,0.026,0.013,0.013,0.013,0.036,0.036,0.032,0.026,0.026,0.026,0.657,0.027,0.657,0.027,0.644,0.011,0.654,0.029,0.654,0.029,0.649,0.023,0.647,0.025,0.647,0.025,0.646,0.024
DEU,276,2017,DEU2017,0.579,0.579,0.578,0.700,0.700,0.679,0.713,0.713,0.701,0.578,0.578,0.578,0.700,0.700,0.689,0.704,0.704,0.702,0.576,0.576,0.576,0.687,0.687,0.685,0.697,0.697,0.697,0.012,0.012,0.010,0.036,0.036,0.011,0.036,0.036,0.021,0.013,0.013,0.013,0.044,0.044,0.031,0.031,0.031,0.028,0.013,0.013,0.013,0.035,0.035,0.032,0.027,0.027,0.027,0.664,0.028,0.664,0.028,0.653,0.014,0.661,0.029,0.661,0.029,0.656,0.024,0.653,0.025,0.653,0.025,0.653,0.024
DEU,276,2018,DEU2018,0.578,0.578,0.576,0.700,0.700,0.680,0.711,0.711,0.700,0.577,0.577,0.577,0.699,0.699,0.690,0.702,0.702,0.701,0.575,0.575,0.575,0.686,0.686,0.684,0.695,0.695,0.695,0.012,0.012,0.010,0.037,0.037,0.014,0.036,0.036,0.023,0.013,0.013,0.013,0.044,0.044,0.033,0.031,0.031,0.029,0.013,0.013,0.013,0.037,0.037,0.035,0.027,0.027,0.027,0.663,0.028,0.663,0.028,0.652,0.015,0.659,0.029,0.659,0.029,0.656,0.025,0.652,0.026,0.652,0.026,0.651,0.025
DEU,276,2019,DEU2019,0.581,0.581,0.580,0.702,0.702,0.684,0.711,0.711,0.701,0.580,0.580,0.580,0.700,0.700,0.692,0.702,0.702,0.701,0.578,0.578,0.578,0.686,0.686,0.685,0.694,0.694,0.694,0.012,0.012,0.010,0.038,0.038,0.017,0.036,0.036,0.023,0.012,0.012,0.012,0.044,0.044,0.034,0.030,0.030,0.029,0.013,0.013,0.013,0.034,0.034,0.033,0.026,0.026,0.026,0.665,0.029,0.665,0.029,0.655,0.017,0.660,0.029,0.660,0.029,0.657,0.025,0.653,0.024,0.653,0.024,0.653,0.024
DEU,276,2020,DEU2020,0.583,0.583,0.582,0.709,0.709,0.683,0.725,0.725,0.711,0.582,0.582,0.582,0.707,0.707,0.693,0.715,0.715,0.711,0.581,0.581,0.581,0.695,0.695,0.691,0.702,0.702,0.702,0.010,0.010,0.008,0.037,0.037,0.010,0.042,0.042,0.025,0.011,0.011,0.011,0.044,0.044,0.028,0.037,0.037,0.031,0.011,0.011,0.011,0.038,0.038,0.032,0.025,0.025,0.025,0.673,0.030,0.673,0.030,0.659,0.014,0.668,0.031,0.668,0.031,0.662,0.023,0.659,0.025,0.659,0.025,0.658,0.023
DEU,276,2021,DEU2021,0.584,0.584,0.582,0.716,0.716,0.693,0.730,0.730,0.717,0.583,0.583,0.583,0.713,0.713,0.701,0.720,0.720,0.716,0.582,0.582,0.582,0.702,0.702,0.698,0.705,0.705,0.705,0.010,0.010,0.008,0.040,0.040,0.014,0.044,0.044,0.029,0.011,0.011,0.011,0.046,0.046,0.031,0.039,0.039,0.035,0.011,0.011,0.011,0.041,0.041,0.036,0.028,0.028,0.028,0.677,0.031,0.677,0.031,0.664,0.017,0.672,0.032,0.672,0.032,0.667,0.026,0.663,0.026,0.663,0.026,0.662,0.025
DEU,276,2022,DEU2022,0.583,0.583,0.582,0.712,0.712,0.689,0.726,0.726,0.713,0.582,0.582,0.582,0.709,0.709,0.696,0.715,0.715,0.712,0.580,0.580,0.580,0.695,0.695,0.691,0.702,0.702,0.702,0.012,0.012,0.010,0.042,0.042,0.016,0.045,0.045,0.030,0.012,0.012,0.012,0.047,0.047,0.032,0.039,0.039,0.035,0.012,0.012,0.012,0.038,0.038,0.034,0.028,0.028,0.028,0.674,0.033,0.674,0.033,0.661,0.019,0.669,0.033,0.669,0.033,0.663,0.026,0.659,0.026,0.659,0.026,0.658,0.025
DNK,208,2001,DNK2001,0.638,0.638,0.612,0.674,0.824,0.802,0.711,0.711,0.658,0.580,0.580,0.564,0.626,0.810,0.792,0.669,0.669,0.634,0.538,0.538,0.528,0.587,0.794,0.779,0.635,0.635,0.614,0.203,0.203,0.182,0.173,0.082,0.070,0.148,0.148,0.105,0.165,0.165,0.149,0.145,0.084,0.073,0.125,0.125,0.092,0.137,0.137,0.125,0.121,0.086,0.074,0.105,0.105,0.084,0.674,0.175,0.724,0.144,0.691,0.119,0.625,0.145,0.687,0.125,0.663,0.104,0.587,0.121,0.655,0.109,0.640,0.094
DNK,208,2002,DNK2002,0.633,0.633,0.607,0.669,0.820,0.799,0.706,0.706,0.655,0.576,0.576,0.560,0.622,0.807,0.788,0.664,0.664,0.630,0.533,0.533,0.524,0.582,0.790,0.775,0.630,0.630,0.609,0.204,0.204,0.182,0.174,0.083,0.071,0.149,0.149,0.107,0.165,0.165,0.149,0.146,0.086,0.074,0.125,0.125,0.093,0.136,0.136,0.124,0.121,0.087,0.076,0.105,0.105,0.084,0.669,0.176,0.720,0.145,0.687,0.120,0.621,0.145,0.682,0.125,0.659,0.105,0.582,0.121,0.651,0.110,0.636,0.095
DNK,208,2003,DNK2003,0.634,0.634,0.608,0.670,0.821,0.799,0.707,0.707,0.655,0.577,0.577,0.561,0.623,0.807,0.788,0.665,0.665,0.630,0.534,0.534,0.525,0.583,0.790,0.775,0.630,0.630,0.610,0.204,0.204,0.183,0.174,0.083,0.071,0.149,0.149,0.106,0.165,0.165,0.149,0.146,0.086,0.074,0.125,0.125,0.092,0.136,0.136,0.125,0.122,0.087,0.075,0.105,0.105,0.083,0.670,0.176,0.721,0.145,0.688,0.120,0.621,0.145,0.683,0.125,0.660,0.105,0.583,0.121,0.652,0.110,0.636,0.094
DNK,208,2004,DNK2004,0.627,0.627,0.603,0.667,0.813,0.793,0.701,0.701,0.650,0.570,0.570,0.554,0.619,0.799,0.782,0.658,0.658,0.624,0.528,0.528,0.519,0.580,0.782,0.768,0.623,0.623,0.603,0.205,0.205,0.184,0.177,0.085,0.073,0.151,0.151,0.108,0.165,0.165,0.149,0.148,0.087,0.076,0.126,0.126,0.093,0.136,0.136,0.124,0.124,0.088,0.078,0.105,0.105,0.084,0.665,0.177,0.714,0.147,0.682,0.122,0.615,0.146,0.676,0.126,0.653,0.106,0.577,0.122,0.644,0.110,0.630,0.095
DNK,208,2005,DNK2005,0.631,0.631,0.606,0.670,0.815,0.795,0.704,0.704,0.652,0.573,0.573,0.557,0.622,0.802,0.784,0.661,0.661,0.626,0.531,0.531,0.522,0.583,0.785,0.770,0.626,0.626,0.606,0.205,0.205,0.184,0.176,0.084,0.072,0.150,0.150,0.108,0.165,0.165,0.149,0.147,0.086,0.075,0.125,0.125,0.093,0.136,0.136,0.125,0.125,0.088,0.077,0.105,0.105,0.083,0.668,0.177,0.717,0.146,0.684,0.121,0.618,0.146,0.678,0.125,0.656,0.106,0.580,0.122,0.647,0.110,0.632,0.095
DNK,208,2006,DNK2006,0.625,0.625,0.601,0.664,0.811,0.791,0.699,0.699,0.648,0.568,0.568,0.553,0.616,0.797,0.780,0.656,0.656,0.623,0.526,0.526,0.517,0.578,0.780,0.766,0.621,0.621,0.602,0.205,0.205,0.184,0.177,0.086,0.074,0.151,0.151,0.109,0.165,0.165,0.150,0.148,0.088,0.077,0.126,0.126,0.094,0.136,0.136,0.124,0.124,0.089,0.079,0.105,0.105,0.084,0.663,0.178,0.712,0.147,0.680,0.123,0.613,0.146,0.674,0.126,0.652,0.107,0.575,0.122,0.642,0.110,0.628,0.096
DNK,208,2007,DNK2007,0.615,0.615,0.591,0.655,0.805,0.784,0.690,0.690,0.641,0.559,0.559,0.544,0.608,0.790,0.772,0.648,0.648,0.616,0.517,0.517,0.508,0.569,0.771,0.757,0.613,0.613,0.594,0.205,0.205,0.184,0.178,0.089,0.077,0.152,0.152,0.110,0.166,0.166,0.150,0.149,0.092,0.080,0.127,0.127,0.096,0.135,0.135,0.124,0.124,0.092,0.081,0.105,0.105,0.085,0.654,0.178,0.703,0.149,0.672,0.124,0.605,0.147,0.666,0.128,0.644,0.109,0.566,0.121,0.634,0.111,0.620,0.096
DNK,208,2008,DNK2008,0.607,0.607,0.584,0.649,0.798,0.778,0.684,0.684,0.636,0.552,0.552,0.538,0.602,0.783,0.766,0.642,0.642,0.611,0.510,0.510,0.502,0.563,0.764,0.751,0.607,0.607,0.589,0.204,0.204,0.183,0.177,0.091,0.079,0.152,0.152,0.111,0.165,0.165,0.150,0.149,0.093,0.081,0.127,0.127,0.096,0.134,0.134,0.123,0.123,0.093,0.082,0.105,0.105,0.085,0.647,0.178,0.696,0.149,0.666,0.124,0.599,0.147,0.659,0.128,0.638,0.109,0.560,0.121,0.627,0.110,0.614,0.097
DNK,208,2009,DNK2009,0.606,0.606,0.583,0.650,0.799,0.780,0.682,0.682,0.635,0.551,0.551,0.536,0.603,0.784,0.768,0.639,0.639,0.608,0.508,0.508,0.500,0.564,0.766,0.753,0.604,0.604,0.586,0.207,0.207,0.186,0.178,0.090,0.079,0.154,0.154,0.114,0.167,0.167,0.152,0.150,0.092,0.081,0.129,0.129,0.098,0.136,0.136,0.125,0.125,0.093,0.082,0.106,0.106,0.086,0.646,0.180,0.696,0.150,0.666,0.126,0.598,0.149,0.658,0.129,0.637,0.110,0.559,0.122,0.626,0.112,0.613,0.098
DNK,208,2010,DNK2010,0.602,0.602,0.579,0.652,0.799,0.781,0.676,0.676,0.629,0.545,0.545,0.531,0.604,0.784,0.768,0.633,0.633,0.602,0.501,0.501,0.493,0.565,0.766,0.753,0.596,0.596,0.578,0.218,0.218,0.198,0.180,0.091,0.080,0.164,0.164,0.124,0.179,0.179,0.164,0.152,0.093,0.082,0.139,0.139,0.108,0.149,0.149,0.138,0.127,0.093,0.084,0.117,0.117,0.097,0.644,0.187,0.693,0.158,0.663,0.134,0.594,0.157,0.654,0.137,0.633,0.118,0.554,0.131,0.621,0.120,0.608,0.106
DNK,208,2011,DNK2011,0.598,0.598,0.575,0.648,0.796,0.777,0.672,0.672,0.626,0.541,0.541,0.527,0.600,0.780,0.765,0.629,0.629,0.598,0.498,0.498,0.490,0.561,0.762,0.749,0.592,0.592,0.575,0.218,0.218,0.198,0.181,0.091,0.080,0.164,0.164,0.124,0.179,0.179,0.164,0.152,0.093,0.083,0.139,0.139,0.109,0.148,0.148,0.137,0.127,0.094,0.084,0.117,0.117,0.097,0.639,0.187,0.689,0.158,0.659,0.134,0.590,0.157,0.650,0.137,0.630,0.118,0.550,0.131,0.617,0.120,0.605,0.106
DNK,208,2012,DNK2012,0.605,0.605,0.582,0.653,0.801,0.783,0.678,0.678,0.631,0.548,0.548,0.533,0.605,0.786,0.771,0.635,0.635,0.604,0.505,0.505,0.496,0.566,0.769,0.756,0.598,0.598,0.580,0.217,0.217,0.197,0.180,0.088,0.078,0.163,0.163,0.123,0.177,0.177,0.162,0.151,0.091,0.080,0.138,0.138,0.107,0.148,0.148,0.137,0.127,0.091,0.082,0.116,0.116,0.097,0.646,0.187,0.695,0.156,0.666,0.133,0.596,0.155,0.656,0.135,0.636,0.117,0.556,0.130,0.624,0.119,0.611,0.105
DNK,208,2013,DNK2013,0.603,0.603,0.581,0.651,0.796,0.779,0.677,0.677,0.629,0.545,0.545,0.531,0.603,0.782,0.767,0.633,0.633,0.601,0.503,0.503,0.495,0.564,0.764,0.752,0.596,0.596,0.578,0.218,0.218,0.198,0.181,0.088,0.078,0.164,0.164,0.123,0.178,0.178,0.163,0.152,0.091,0.081,0.139,0.139,0.108,0.150,0.150,0.139,0.129,0.091,0.082,0.118,0.118,0.097,0.644,0.188,0.692,0.157,0.663,0.133,0.594,0.156,0.653,0.136,0.633,0.117,0.555,0.132,0.621,0.120,0.608,0.106
DNK,208,2014,DNK2014,0.604,0.604,0.581,0.652,0.781,0.768,0.667,0.667,0.620,0.545,0.545,0.531,0.603,0.768,0.757,0.624,0.624,0.593,0.503,0.503,0.495,0.564,0.753,0.744,0.588,0.588,0.570,0.219,0.219,0.200,0.182,0.080,0.073,0.164,0.164,0.124,0.180,0.180,0.165,0.153,0.082,0.075,0.138,0.138,0.108,0.152,0.152,0.141,0.130,0.084,0.077,0.118,0.118,0.098,0.641,0.189,0.684,0.155,0.656,0.132,0.591,0.157,0.646,0.134,0.627,0.116,0.552,0.133,0.615,0.118,0.603,0.105
DNK,208,2015,DNK2015,0.603,0.603,0.580,0.650,0.779,0.767,0.666,0.666,0.619,0.544,0.544,0.530,0.601,0.767,0.756,0.623,0.623,0.592,0.502,0.502,0.493,0.563,0.752,0.743,0.587,0.587,0.569,0.220,0.220,0.200,0.183,0.081,0.074,0.165,0.165,0.125,0.180,0.180,0.165,0.154,0.083,0.076,0.139,0.139,0.109,0.152,0.152,0.141,0.131,0.085,0.078,0.118,0.118,0.098,0.640,0.189,0.683,0.155,0.655,0.133,0.589,0.158,0.645,0.134,0.626,0.117,0.550,0.134,0.613,0.118,0.602,0.106
DNK,208,2016,DNK2016,0.604,0.604,0.581,0.652,0.780,0.768,0.668,0.668,0.621,0.546,0.546,0.531,0.602,0.767,0.757,0.624,0.624,0.593,0.503,0.503,0.495,0.564,0.752,0.744,0.588,0.588,0.570,0.220,0.220,0.200,0.184,0.080,0.073,0.165,0.165,0.125,0.180,0.180,0.166,0.154,0.083,0.076,0.139,0.139,0.109,0.152,0.152,0.142,0.131,0.084,0.078,0.119,0.119,0.099,0.641,0.190,0.684,0.155,0.657,0.133,0.591,0.158,0.646,0.134,0.627,0.117,0.552,0.134,0.614,0.118,0.603,0.106
DNK,208,2017,DNK2017,0.579,0.583,0.562,0.622,0.791,0.784,0.653,0.668,0.621,0.545,0.545,0.531,0.590,0.780,0.772,0.623,0.624,0.593,0.504,0.504,0.495,0.551,0.767,0.759,0.588,0.588,0.571,0.188,0.194,0.175,0.168,0.074,0.072,0.148,0.165,0.125,0.179,0.179,0.164,0.159,0.077,0.073,0.139,0.139,0.109,0.153,0.153,0.142,0.136,0.080,0.074,0.119,0.119,0.099,0.618,0.168,0.681,0.144,0.656,0.124,0.586,0.159,0.650,0.132,0.632,0.115,0.548,0.136,0.620,0.117,0.608,0.105
DNK,208,2018,DNK2018,0.573,0.577,0.557,0.628,0.774,0.767,0.648,0.662,0.617,0.539,0.539,0.526,0.596,0.761,0.753,0.618,0.618,0.589,0.497,0.497,0.489,0.558,0.745,0.738,0.582,0.582,0.565,0.191,0.196,0.177,0.165,0.083,0.080,0.150,0.166,0.127,0.181,0.181,0.166,0.155,0.085,0.081,0.140,0.141,0.111,0.154,0.154,0.143,0.133,0.087,0.080,0.120,0.120,0.101,0.616,0.168,0.671,0.148,0.647,0.128,0.584,0.159,0.640,0.136,0.623,0.119,0.546,0.135,0.608,0.120,0.597,0.108
DNK,208,2019,DNK2019,0.566,0.569,0.544,0.620,0.768,0.742,0.641,0.655,0.599,0.531,0.531,0.513,0.588,0.754,0.726,0.611,0.611,0.570,0.489,0.489,0.475,0.549,0.738,0.707,0.575,0.575,0.545,0.194,0.198,0.180,0.167,0.086,0.082,0.152,0.168,0.129,0.183,0.183,0.168,0.157,0.088,0.078,0.142,0.142,0.110,0.154,0.154,0.141,0.133,0.090,0.072,0.120,0.120,0.094,0.609,0.171,0.664,0.151,0.629,0.130,0.577,0.160,0.632,0.138,0.603,0.119,0.538,0.136,0.601,0.121,0.576,0.103
DNK,208,2020,DNK2020,0.562,0.565,0.540,0.616,0.762,0.736,0.638,0.651,0.596,0.527,0.527,0.509,0.583,0.747,0.719,0.607,0.607,0.567,0.484,0.484,0.471,0.544,0.732,0.702,0.571,0.571,0.542,0.195,0.200,0.182,0.169,0.087,0.082,0.153,0.169,0.130,0.184,0.184,0.169,0.158,0.088,0.077,0.143,0.143,0.111,0.154,0.154,0.142,0.134,0.091,0.073,0.121,0.121,0.095,0.605,0.172,0.659,0.152,0.624,0.131,0.573,0.162,0.627,0.138,0.598,0.119,0.533,0.137,0.596,0.122,0.572,0.104
DNK,208,2021,DNK2021,0.556,0.559,0.535,0.611,0.756,0.731,0.633,0.645,0.591,0.521,0.521,0.503,0.577,0.742,0.713,0.602,0.602,0.562,0.478,0.478,0.465,0.538,0.726,0.696,0.565,0.565,0.536,0.198,0.202,0.184,0.171,0.089,0.084,0.155,0.170,0.132,0.185,0.185,0.171,0.160,0.090,0.079,0.144,0.144,0.112,0.155,0.155,0.142,0.134,0.093,0.075,0.121,0.121,0.096,0.600,0.175,0.654,0.154,0.619,0.133,0.567,0.163,0.622,0.140,0.593,0.121,0.527,0.137,0.590,0.123,0.566,0.104
DNK,208,2022,DNK2022,0.546,0.549,0.525,0.601,0.747,0.721,0.624,0.635,0.583,0.510,0.510,0.493,0.566,0.732,0.703,0.592,0.592,0.554,0.466,0.466,0.454,0.526,0.715,0.685,0.555,0.555,0.528,0.202,0.205,0.187,0.175,0.094,0.088,0.158,0.172,0.134,0.188,0.188,0.173,0.162,0.095,0.083,0.146,0.146,0.115,0.155,0.155,0.142,0.135,0.097,0.079,0.122,0.122,0.096,0.590,0.178,0.644,0.157,0.610,0.136,0.556,0.165,0.611,0.143,0.583,0.124,0.516,0.137,0.579,0.124,0.556,0.106
ESP,724,2001,ESP2001,0.567,0.567,0.567,0.663,0.662,0.662,0.664,0.664,0.664,0.547,0.547,0.547,0.636,0.636,0.636,0.638,0.638,0.638,0.521,0.521,0.521,0.620,0.620,0.620,0.621,0.621,0.621,0.156,0.156,0.156,0.117,0.117,0.117,0.119,0.119,0.119,0.159,0.159,0.159,0.103,0.103,0.103,0.106,0.106,0.106,0.156,0.156,0.156,0.104,0.104,0.104,0.108,0.108,0.108,0.631,0.131,0.631,0.130,0.631,0.130,0.607,0.123,0.607,0.123,0.607,0.123,0.587,0.123,0.587,0.123,0.587,0.123
ESP,724,2002,ESP2002,0.561,0.561,0.561,0.657,0.657,0.657,0.658,0.658,0.658,0.540,0.540,0.540,0.631,0.631,0.631,0.633,0.633,0.633,0.513,0.513,0.513,0.614,0.614,0.614,0.615,0.615,0.615,0.160,0.160,0.160,0.119,0.119,0.119,0.121,0.121,0.121,0.163,0.163,0.163,0.107,0.107,0.107,0.110,0.110,0.110,0.158,0.158,0.158,0.108,0.108,0.108,0.112,0.112,0.112,0.625,0.133,0.625,0.133,0.625,0.133,0.601,0.127,0.601,0.127,0.601,0.127,0.581,0.126,0.581,0.126,0.581,0.126
ESP,724,2003,ESP2003,0.556,0.556,0.556,0.646,0.646,0.646,0.648,0.648,0.648,0.536,0.536,0.536,0.622,0.622,0.622,0.624,0.624,0.624,0.509,0.509,0.509,0.604,0.604,0.604,0.606,0.606,0.606,0.160,0.160,0.160,0.122,0.122,0.122,0.123,0.123,0.123,0.164,0.164,0.164,0.111,0.111,0.111,0.113,0.113,0.113,0.159,0.159,0.159,0.112,0.112,0.112,0.115,0.115,0.115,0.617,0.135,0.617,0.135,0.617,0.135,0.594,0.130,0.594,0.130,0.594,0.130,0.573,0.129,0.573,0.129,0.573,0.129
ESP,724,2004,ESP2004,0.562,0.562,0.562,0.654,0.654,0.654,0.656,0.656,0.656,0.541,0.541,0.541,0.626,0.626,0.626,0.628,0.628,0.628,0.514,0.514,0.514,0.608,0.608,0.608,0.610,0.610,0.610,0.159,0.159,0.159,0.125,0.125,0.125,0.126,0.126,0.126,0.162,0.162,0.162,0.110,0.110,0.110,0.112,0.112,0.112,0.157,0.157,0.157,0.110,0.110,0.110,0.113,0.113,0.113,0.624,0.137,0.624,0.137,0.624,0.137,0.598,0.128,0.598,0.128,0.598,0.128,0.577,0.127,0.577,0.127,0.577,0.127
ESP,724,2005,ESP2005,0.559,0.559,0.559,0.652,0.652,0.652,0.654,0.654,0.654,0.538,0.538,0.538,0.623,0.623,0.623,0.626,0.626,0.626,0.510,0.510,0.510,0.606,0.606,0.606,0.608,0.608,0.608,0.162,0.162,0.162,0.126,0.126,0.126,0.128,0.128,0.128,0.163,0.163,0.163,0.112,0.112,0.112,0.114,0.114,0.114,0.158,0.158,0.158,0.113,0.113,0.113,0.115,0.115,0.115,0.621,0.139,0.621,0.139,0.621,0.139,0.596,0.129,0.596,0.129,0.596,0.129,0.575,0.129,0.575,0.129,0.575,0.129
ESP,724,2006,ESP2006,0.556,0.556,0.556,0.650,0.650,0.650,0.652,0.652,0.652,0.534,0.534,0.534,0.622,0.622,0.622,0.624,0.624,0.624,0.506,0.506,0.506,0.604,0.604,0.604,0.606,0.606,0.606,0.164,0.164,0.164,0.128,0.128,0.128,0.129,0.129,0.129,0.165,0.165,0.165,0.113,0.113,0.113,0.115,0.115,0.115,0.159,0.159,0.159,0.115,0.115,0.115,0.117,0.117,0.117,0.619,0.140,0.619,0.140,0.619,0.140,0.593,0.131,0.593,0.131,0.593,0.131,0.572,0.130,0.572,0.130,0.572,0.130
ESP,724,2007,ESP2007,0.559,0.559,0.559,0.656,0.656,0.656,0.657,0.657,0.657,0.538,0.538,0.538,0.628,0.628,0.628,0.629,0.629,0.629,0.509,0.509,0.509,0.612,0.612,0.612,0.613,0.613,0.613,0.163,0.163,0.163,0.121,0.121,0.121,0.123,0.123,0.123,0.167,0.167,0.167,0.105,0.105,0.105,0.108,0.108,0.108,0.159,0.159,0.159,0.107,0.107,0.107,0.110,0.110,0.110,0.624,0.136,0.624,0.136,0.624,0.136,0.599,0.127,0.599,0.127,0.599,0.127,0.578,0.126,0.578,0.126,0.578,0.126
ESP,724,2008,ESP2008,0.555,0.555,0.555,0.644,0.644,0.644,0.650,0.650,0.650,0.535,0.535,0.535,0.616,0.616,0.616,0.623,0.623,0.623,0.508,0.508,0.508,0.600,0.600,0.600,0.608,0.608,0.608,0.160,0.160,0.160,0.124,0.124,0.124,0.122,0.122,0.122,0.163,0.163,0.163,0.110,0.110,0.110,0.108,0.108,0.108,0.158,0.158,0.158,0.113,0.113,0.113,0.112,0.112,0.112,0.616,0.136,0.616,0.136,0.616,0.136,0.592,0.127,0.592,0.127,0.592,0.127,0.572,0.128,0.572,0.128,0.572,0.128
ESP,724,2009,ESP2009,0.549,0.549,0.549,0.638,0.638,0.638,0.642,0.642,0.642,0.528,0.528,0.528,0.612,0.612,0.612,0.616,0.616,0.616,0.499,0.499,0.499,0.595,0.595,0.595,0.599,0.599,0.599,0.164,0.164,0.164,0.126,0.126,0.126,0.126,0.126,0.126,0.167,0.167,0.167,0.114,0.114,0.114,0.114,0.114,0.114,0.159,0.159,0.159,0.116,0.116,0.116,0.117,0.117,0.117,0.609,0.139,0.609,0.139,0.609,0.139,0.585,0.131,0.585,0.131,0.585,0.131,0.564,0.131,0.564,0.131,0.564,0.131
ESP,724,2010,ESP2010,0.548,0.548,0.548,0.639,0.639,0.639,0.640,0.640,0.640,0.528,0.528,0.528,0.615,0.615,0.615,0.616,0.616,0.616,0.497,0.497,0.497,0.598,0.598,0.598,0.599,0.599,0.599,0.168,0.168,0.168,0.126,0.126,0.126,0.128,0.128,0.128,0.172,0.172,0.172,0.116,0.116,0.116,0.119,0.119,0.119,0.162,0.162,0.162,0.119,0.119,0.119,0.123,0.123,0.123,0.609,0.141,0.609,0.141,0.609,0.141,0.586,0.135,0.586,0.135,0.586,0.135,0.564,0.135,0.564,0.135,0.564,0.135
ESP,724,2011,ESP2011,0.539,0.539,0.539,0.629,0.629,0.629,0.630,0.630,0.630,0.518,0.518,0.518,0.606,0.606,0.606,0.607,0.607,0.607,0.485,0.485,0.485,0.587,0.587,0.587,0.588,0.588,0.588,0.173,0.173,0.173,0.129,0.129,0.129,0.131,0.131,0.131,0.177,0.177,0.177,0.122,0.122,0.122,0.125,0.125,0.125,0.163,0.163,0.163,0.124,0.124,0.124,0.128,0.128,0.128,0.600,0.145,0.600,0.145,0.600,0.145,0.577,0.141,0.577,0.141,0.577,0.141,0.553,0.138,0.553,0.138,0.553,0.138
ESP,724,2012,ESP2012,0.538,0.538,0.538,0.627,0.627,0.627,0.628,0.628,0.628,0.517,0.517,0.517,0.605,0.605,0.605,0.606,0.606,0.606,0.483,0.483,0.483,0.587,0.587,0.587,0.587,0.587,0.587,0.173,0.173,0.173,0.128,0.128,0.128,0.130,0.130,0.130,0.176,0.176,0.176,0.122,0.122,0.122,0.125,0.125,0.125,0.161,0.161,0.161,0.124,0.124,0.124,0.127,0.127,0.127,0.598,0.144,0.598,0.144,0.598,0.144,0.576,0.141,0.576,0.141,0.576,0.141,0.552,0.137,0.552,0.137,0.552,0.137
ESP,724,2013,ESP2013,0.523,0.523,0.523,0.609,0.609,0.609,0.612,0.612,0.612,0.502,0.502,0.502,0.586,0.586,0.586,0.590,0.590,0.590,0.468,0.468,0.468,0.568,0.568,0.568,0.572,0.572,0.572,0.178,0.178,0.178,0.133,0.133,0.133,0.133,0.133,0.133,0.182,0.182,0.182,0.127,0.127,0.127,0.128,0.128,0.128,0.167,0.167,0.167,0.131,0.131,0.131,0.133,0.133,0.133,0.581,0.148,0.581,0.148,0.581,0.148,0.559,0.145,0.559,0.145,0.559,0.145,0.536,0.143,0.536,0.143,0.536,0.143
ESP,724,2014,ESP2014,0.521,0.521,0.521,0.606,0.606,0.606,0.609,0.609,0.609,0.499,0.499,0.499,0.583,0.583,0.583,0.587,0.587,0.587,0.465,0.465,0.465,0.565,0.565,0.565,0.569,0.569,0.569,0.180,0.180,0.180,0.135,0.135,0.135,0.135,0.135,0.135,0.183,0.183,0.183,0.129,0.129,0.129,0.130,0.130,0.130,0.168,0.168,0.168,0.133,0.133,0.133,0.134,0.134,0.134,0.579,0.150,0.579,0.150,0.579,0.150,0.557,0.147,0.557,0.147,0.557,0.147,0.533,0.145,0.533,0.145,0.533,0.145
ESP,724,2015,ESP2015,0.517,0.517,0.517,0.595,0.595,0.595,0.611,0.611,0.611,0.496,0.496,0.496,0.571,0.571,0.571,0.591,0.591,0.591,0.463,0.463,0.463,0.552,0.552,0.552,0.574,0.574,0.574,0.179,0.179,0.179,0.139,0.139,0.139,0.126,0.126,0.126,0.182,0.182,0.182,0.133,0.133,0.133,0.123,0.123,0.123,0.168,0.168,0.168,0.135,0.135,0.135,0.127,0.127,0.127,0.574,0.148,0.574,0.148,0.574,0.148,0.553,0.146,0.553,0.146,0.553,0.146,0.530,0.143,0.530,0.143,0.530,0.143
ESP,724,2016,ESP2016,0.516,0.516,0.516,0.593,0.595,0.595,0.610,0.610,0.610,0.494,0.494,0.494,0.570,0.570,0.570,0.590,0.590,0.590,0.461,0.461,0.461,0.550,0.550,0.550,0.572,0.572,0.572,0.180,0.180,0.180,0.141,0.143,0.143,0.128,0.128,0.128,0.184,0.184,0.184,0.134,0.134,0.134,0.124,0.124,0.124,0.170,0.170,0.170,0.136,0.136,0.136,0.128,0.128,0.128,0.573,0.150,0.574,0.150,0.574,0.150,0.551,0.148,0.551,0.148,0.551,0.148,0.528,0.145,0.528,0.145,0.528,0.145
ESP,724,2017,ESP2017,0.518,0.518,0.518,0.597,0.598,0.598,0.612,0.612,0.612,0.496,0.496,0.496,0.572,0.572,0.572,0.592,0.592,0.592,0.463,0.463,0.463,0.553,0.553,0.553,0.575,0.575,0.575,0.181,0.181,0.181,0.141,0.143,0.143,0.127,0.127,0.127,0.183,0.183,0.183,0.133,0.133,0.133,0.123,0.123,0.123,0.169,0.169,0.169,0.135,0.135,0.135,0.128,0.128,0.128,0.576,0.150,0.576,0.150,0.576,0.150,0.553,0.147,0.553,0.147,0.553,0.147,0.530,0.144,0.530,0.144,0.530,0.144
ESP,724,2018,ESP2018,0.516,0.516,0.516,0.592,0.593,0.593,0.608,0.608,0.608,0.494,0.494,0.494,0.568,0.568,0.568,0.589,0.589,0.589,0.462,0.462,0.462,0.548,0.548,0.548,0.571,0.571,0.571,0.183,0.183,0.183,0.143,0.145,0.145,0.129,0.129,0.129,0.185,0.185,0.185,0.136,0.136,0.136,0.126,0.126,0.126,0.174,0.174,0.174,0.137,0.137,0.137,0.130,0.130,0.130,0.572,0.152,0.573,0.152,0.573,0.152,0.550,0.149,0.550,0.149,0.550,0.149,0.527,0.147,0.527,0.147,0.527,0.147
ESP,724,2019,ESP2019,0.514,0.514,0.514,0.592,0.592,0.592,0.606,0.606,0.606,0.488,0.488,0.488,0.565,0.565,0.565,0.586,0.586,0.586,0.457,0.457,0.457,0.545,0.545,0.545,0.568,0.568,0.568,0.190,0.190,0.190,0.149,0.149,0.149,0.131,0.131,0.131,0.187,0.187,0.187,0.139,0.139,0.139,0.129,0.129,0.129,0.178,0.178,0.178,0.141,0.141,0.141,0.134,0.134,0.134,0.571,0.157,0.571,0.157,0.571,0.157,0.546,0.152,0.546,0.152,0.546,0.152,0.523,0.151,0.523,0.151,0.523,0.151
ESP,724,2020,ESP2020,0.530,0.530,0.530,0.609,0.609,0.609,0.621,0.621,0.621,0.504,0.504,0.504,0.580,0.580,0.580,0.601,0.601,0.601,0.477,0.477,0.477,0.562,0.562,0.562,0.585,0.585,0.585,0.181,0.181,0.181,0.142,0.142,0.142,0.123,0.123,0.123,0.178,0.178,0.178,0.128,0.128,0.128,0.118,0.118,0.118,0.175,0.175,0.175,0.132,0.132,0.132,0.124,0.124,0.124,0.587,0.149,0.587,0.149,0.587,0.149,0.562,0.142,0.562,0.142,0.562,0.142,0.541,0.144,0.541,0.144,0.541,0.144
ESP,724,2021,ESP2021,0.530,0.530,0.530,0.601,0.618,0.618,0.613,0.626,0.626,0.506,0.506,0.506,0.573,0.579,0.579,0.593,0.594,0.594,0.477,0.477,0.477,0.558,0.558,0.558,0.579,0.579,0.579,0.181,0.181,0.181,0.137,0.156,0.156,0.119,0.136,0.136,0.180,0.180,0.180,0.123,0.130,0.130,0.114,0.116,0.116,0.175,0.175,0.175,0.128,0.128,0.128,0.122,0.122,0.122,0.581,0.145,0.592,0.158,0.592,0.158,0.557,0.139,0.559,0.142,0.559,0.142,0.538,0.142,0.538,0.142,0.538,0.142
ESP,724,2022,ESP2022,0.529,0.529,0.529,0.600,0.617,0.617,0.608,0.623,0.623,0.504,0.504,0.504,0.572,0.577,0.577,0.589,0.590,0.590,0.473,0.473,0.473,0.555,0.555,0.555,0.574,0.574,0.574,0.185,0.185,0.185,0.140,0.159,0.159,0.121,0.140,0.140,0.183,0.183,0.183,0.125,0.133,0.133,0.117,0.119,0.119,0.175,0.175,0.175,0.130,0.130,0.130,0.123,0.123,0.123,0.579,0.149,0.590,0.161,0.590,0.161,0.555,0.142,0.557,0.145,0.557,0.145,0.534,0.143,0.534,0.143,0.534,0.143
EST,233,2005,EST2005,0.547,0.547,0.547,0.593,0.602,0.601,0.586,0.587,0.587,0.544,0.544,0.544,0.593,0.593,0.593,0.579,0.579,0.579,0.541,0.541,0.541,0.591,0.591,0.591,0.574,0.574,0.574,0.014,0.014,0.014,0.013,0.027,0.026,0.028,0.029,0.029,0.011,0.011,0.011,0.015,0.015,0.015,0.022,0.022,0.022,0.008,0.008,0.008,0.017,0.017,0.017,0.016,0.016,0.016,0.575,0.018,0.578,0.023,0.578,0.023,0.572,0.016,0.572,0.016,0.572,0.016,0.568,0.014,0.568,0.014,0.568,0.014
EST,233,2006,EST2006,0.543,0.543,0.543,0.581,0.584,0.584,0.584,0.584,0.584,0.540,0.540,0.540,0.582,0.582,0.582,0.584,0.584,0.584,0.537,0.537,0.537,0.584,0.584,0.584,0.582,0.582,0.582,0.014,0.014,0.014,-0.003,0.002,0.002,0.012,0.012,0.012,0.011,0.011,0.011,-0.003,-0.003,-0.003,0.015,0.015,0.015,0.008,0.008,0.008,0.001,0.001,0.001,0.016,0.016,0.016,0.569,0.008,0.570,0.009,0.570,0.009,0.568,0.007,0.568,0.007,0.568,0.007,0.568,0.008,0.568,0.008,0.568,0.008
EST,233,2007,EST2007,0.538,0.538,0.538,0.576,0.581,0.581,0.576,0.576,0.576,0.535,0.535,0.535,0.577,0.577,0.577,0.575,0.575,0.575,0.532,0.532,0.532,0.579,0.579,0.579,0.572,0.572,0.572,0.013,0.013,0.013,0.003,0.010,0.010,0.016,0.016,0.016,0.009,0.009,0.009,0.004,0.004,0.004,0.018,0.018,0.018,0.007,0.007,0.007,0.009,0.009,0.009,0.017,0.017,0.017,0.563,0.011,0.565,0.013,0.565,0.013,0.562,0.011,0.562,0.011,0.562,0.011,0.561,0.011,0.561,0.011,0.561,0.011
EST,233,2008,EST2008,0.537,0.537,0.537,0.569,0.574,0.574,0.572,0.572,0.572,0.534,0.534,0.534,0.569,0.569,0.569,0.573,0.573,0.573,0.531,0.531,0.531,0.572,0.572,0.572,0.574,0.574,0.574,0.012,0.012,0.012,-0.007,0.001,0.001,0.002,0.002,0.002,0.008,0.008,0.008,-0.008,-0.008,-0.008,0.004,0.004,0.004,0.006,0.006,0.006,-0.006,-0.006,-0.006,0.008,0.008,0.008,0.559,0.002,0.561,0.005,0.561,0.005,0.559,0.001,0.559,0.001,0.559,0.001,0.559,0.003,0.559,0.003,0.559,0.003
EST,233,2009,EST2009,0.534,0.534,0.534,0.569,0.576,0.576,0.569,0.569,0.569,0.530,0.530,0.530,0.569,0.569,0.569,0.568,0.568,0.568,0.528,0.528,0.528,0.571,0.571,0.571,0.566,0.566,0.566,0.014,0.014,0.014,0.001,0.012,0.012,0.015,0.015,0.015,0.009,0.009,0.009,0.002,0.002,0.002,0.016,0.016,0.016,0.006,0.006,0.006,0.006,0.006,0.006,0.016,0.016,0.016,0.557,0.010,0.560,0.013,0.560,0.013,0.556,0.009,0.556,0.009,0.556,0.009,0.555,0.009,0.555,0.009,0.555,0.009
EST,233,2010,EST2010,0.539,0.539,0.539,0.574,0.580,0.579,0.574,0.574,0.574,0.535,0.535,0.535,0.574,0.574,0.574,0.573,0.573,0.573,0.533,0.533,0.533,0.576,0.576,0.576,0.570,0.570,0.570,0.013,0.013,0.013,0.001,0.011,0.010,0.014,0.014,0.014,0.009,0.009,0.009,0.002,0.002,0.002,0.016,0.016,0.016,0.006,0.006,0.006,0.007,0.007,0.007,0.015,0.015,0.015,0.562,0.010,0.564,0.013,0.564,0.012,0.561,0.009,0.561,0.009,0.561,0.009,0.560,0.009,0.560,0.009,0.560,0.009
EST,233,2011,EST2011,0.542,0.542,0.542,0.577,0.592,0.590,0.577,0.580,0.580,0.539,0.539,0.539,0.578,0.579,0.579,0.576,0.576,0.576,0.537,0.537,0.537,0.580,0.580,0.580,0.572,0.572,0.572,0.012,0.012,0.012,0.002,0.025,0.022,0.015,0.020,0.020,0.008,0.008,0.008,0.004,0.005,0.005,0.017,0.017,0.017,0.006,0.006,0.006,0.009,0.009,0.009,0.015,0.015,0.015,0.565,0.010,0.571,0.019,0.571,0.018,0.564,0.010,0.565,0.010,0.565,0.010,0.563,0.010,0.563,0.010,0.563,0.010
EST,233,2012,EST2012,0.547,0.547,0.547,0.582,0.592,0.591,0.580,0.582,0.582,0.544,0.544,0.544,0.582,0.582,0.582,0.579,0.579,0.579,0.542,0.542,0.542,0.584,0.584,0.584,0.575,0.575,0.575,0.011,0.011,0.011,0.004,0.021,0.019,0.015,0.018,0.018,0.007,0.007,0.007,0.006,0.006,0.006,0.017,0.017,0.017,0.005,0.005,0.005,0.010,0.010,0.010,0.014,0.014,0.014,0.569,0.010,0.574,0.017,0.573,0.016,0.568,0.010,0.568,0.010,0.568,0.010,0.567,0.010,0.567,0.010,0.567,0.010
EST,233,2013,EST2013,0.541,0.541,0.541,0.588,0.595,0.594,0.584,0.584,0.584,0.538,0.538,0.538,0.588,0.588,0.588,0.581,0.581,0.581,0.536,0.536,0.536,0.587,0.587,0.587,0.573,0.573,0.573,0.010,0.010,0.010,0.014,0.026,0.025,0.027,0.028,0.028,0.007,0.007,0.007,0.018,0.018,0.018,0.028,0.028,0.028,0.005,0.005,0.005,0.022,0.022,0.022,0.021,0.021,0.021,0.571,0.017,0.573,0.021,0.573,0.021,0.569,0.018,0.569,0.018,0.569,0.018,0.566,0.016,0.566,0.016,0.566,0.016
EST,233,2014,EST2014,0.540,0.540,0.540,0.586,0.601,0.599,0.583,0.586,0.586,0.537,0.537,0.537,0.586,0.587,0.587,0.579,0.579,0.579,0.536,0.536,0.536,0.586,0.586,0.586,0.572,0.572,0.572,0.010,0.010,0.010,0.015,0.038,0.034,0.028,0.033,0.033,0.007,0.007,0.007,0.019,0.020,0.020,0.028,0.028,0.028,0.005,0.005,0.005,0.023,0.023,0.023,0.021,0.021,0.021,0.570,0.018,0.576,0.027,0.575,0.026,0.568,0.018,0.568,0.018,0.568,0.018,0.564,0.016,0.564,0.016,0.564,0.016
EST,233,2015,EST2015,0.537,0.537,0.537,0.635,0.641,0.641,0.628,0.628,0.628,0.535,0.535,0.535,0.632,0.632,0.632,0.618,0.618,0.618,0.533,0.533,0.533,0.626,0.626,0.626,0.598,0.598,0.598,0.010,0.010,0.010,0.045,0.053,0.053,0.062,0.062,0.062,0.007,0.007,0.007,0.049,0.049,0.049,0.060,0.060,0.060,0.005,0.005,0.005,0.053,0.053,0.053,0.042,0.042,0.042,0.600,0.039,0.602,0.042,0.602,0.042,0.595,0.039,0.595,0.039,0.595,0.039,0.586,0.033,0.586,0.033,0.586,0.033
EST,233,2016,EST2016,0.531,0.531,0.531,0.633,0.666,0.657,0.625,0.637,0.636,0.534,0.534,0.534,0.630,0.638,0.638,0.616,0.617,0.617,0.533,0.533,0.533,0.625,0.625,0.625,0.598,0.598,0.598,-0.001,-0.001,-0.001,0.042,0.083,0.071,0.058,0.074,0.072,0.005,0.005,0.005,0.046,0.058,0.058,0.057,0.057,0.057,0.005,0.005,0.005,0.051,0.051,0.051,0.041,0.041,0.041,0.597,0.033,0.611,0.052,0.608,0.047,0.593,0.036,0.596,0.040,0.596,0.040,0.586,0.032,0.586,0.032,0.586,0.032
EST,233,2017,EST2017,0.538,0.538,0.538,0.630,0.657,0.651,0.665,0.665,0.665,0.535,0.535,0.535,0.627,0.632,0.632,0.644,0.644,0.644,0.533,0.533,0.533,0.624,0.624,0.624,0.632,0.632,0.632,0.011,0.011,0.011,0.040,0.074,0.066,0.057,0.057,0.057,0.007,0.007,0.007,0.044,0.051,0.051,0.036,0.036,0.036,0.005,0.005,0.005,0.050,0.050,0.050,0.025,0.025,0.025,0.611,0.036,0.620,0.047,0.618,0.044,0.602,0.029,0.604,0.031,0.604,0.031,0.596,0.026,0.596,0.026,0.596,0.026
EST,233,2018,EST2018,0.567,0.567,0.567,0.606,0.653,0.640,0.663,0.663,0.663,0.570,0.570,0.570,0.605,0.621,0.621,0.658,0.658,0.658,0.573,0.573,0.573,0.608,0.609,0.609,0.657,0.657,0.657,-0.009,-0.009,-0.009,-0.007,0.054,0.037,0.016,0.016,0.016,-0.005,-0.005,-0.005,-0.010,0.012,0.012,0.011,0.011,0.011,-0.001,-0.001,-0.001,-0.008,-0.006,-0.006,0.010,0.010,0.010,0.612,-0.000,0.628,0.020,0.623,0.014,0.611,-0.002,0.616,0.006,0.616,0.006,0.612,0.000,0.613,0.001,0.613,0.001
EST,233,2019,EST2019,0.567,0.567,0.567,0.608,0.654,0.641,0.662,0.662,0.662,0.570,0.570,0.570,0.607,0.623,0.623,0.657,0.657,0.657,0.571,0.571,0.571,0.610,0.611,0.611,0.655,0.655,0.655,-0.006,-0.006,-0.006,-0.004,0.057,0.040,0.018,0.018,0.018,-0.001,-0.001,-0.001,-0.006,0.016,0.016,0.014,0.014,0.014,0.002,0.002,0.002,-0.003,-0.000,-0.000,0.014,0.014,0.014,0.612,0.003,0.627,0.023,0.623,0.017,0.611,0.002,0.616,0.010,0.616,0.010,0.612,0.004,0.612,0.005,0.612,0.005
EST,233,2020,EST2020,0.568,0.568,0.568,0.608,0.651,0.639,0.661,0.661,0.661,0.570,0.570,0.570,0.607,0.620,0.620,0.655,0.655,0.655,0.571,0.571,0.571,0.609,0.610,0.610,0.653,0.653,0.653,-0.003,-0.003,-0.003,-0.001,0.055,0.038,0.019,0.019,0.019,-0.000,-0.000,-0.000,-0.005,0.015,0.015,0.015,0.015,0.015,0.003,0.003,0.003,-0.001,0.001,0.001,0.015,0.015,0.015,0.612,0.005,0.626,0.024,0.622,0.018,0.610,0.003,0.615,0.010,0.615,0.010,0.611,0.006,0.611,0.006,0.611,0.006
EST,233,2021,EST2021,0.651,0.651,0.651,0.683,0.703,0.694,0.722,0.722,0.722,0.651,0.651,0.651,0.682,0.683,0.683,0.717,0.717,0.717,0.650,0.650,0.650,0.684,0.684,0.684,0.714,0.714,0.714,0.007,0.007,0.007,0.006,0.031,0.019,0.020,0.020,0.020,0.007,0.007,0.007,0.005,0.007,0.007,0.018,0.018,0.018,0.008,0.008,0.008,0.010,0.010,0.010,0.018,0.018,0.018,0.686,0.011,0.692,0.019,0.689,0.015,0.683,0.010,0.684,0.011,0.684,0.011,0.683,0.012,0.683,0.012,0.683,0.012
EST,233,2022,EST2022,0.648,0.648,0.648,0.679,0.693,0.687,0.716,0.716,0.716,0.647,0.647,0.647,0.679,0.679,0.679,0.712,0.712,0.712,0.646,0.646,0.646,0.680,0.680,0.680,0.708,0.708,0.708,0.009,0.009,0.009,0.008,0.028,0.019,0.022,0.022,0.022,0.011,0.011,0.011,0.010,0.010,0.010,0.021,0.021,0.021,0.011,0.011,0.011,0.015,0.015,0.015,0.021,0.021,0.021,0.681,0.013,0.686,0.019,0.684,0.017,0.679,0.014,0.679,0.014,0.679,0.014,0.678,0.016,0.678,0.016,0.678,0.016
FIN,246,2001,FIN2001,0.534,0.534,0.524,0.638,0.671,0.618,0.686,0.686,0.656,0.522,0.522,0.521,0.620,0.634,0.607,0.668,0.668,0.653,0.509,0.509,0.509,0.600,0.602,0.594,0.648,0.648,0.644,0.078,0.078,0.062,0.091,0.127,0.070,0.084,0.084,0.051,0.073,0.073,0.072,0.083,0.101,0.068,0.076,0.076,0.059,0.067,0.067,0.067,0.071,0.075,0.064,0.066,0.066,0.060,0.620,0.084,0.630,0.096,0.599,0.061,0.603,0.078,0.608,0.084,0.594,0.066,0.586,0.068,0.587,0.069,0.582,0.063
FIN,246,2002,FIN2002,0.548,0.548,0.535,0.648,0.665,0.613,0.694,0.694,0.664,0.536,0.536,0.536,0.628,0.637,0.607,0.674,0.674,0.660,0.523,0.523,0.523,0.608,0.609,0.600,0.655,0.655,0.651,0.077,0.077,0.058,0.093,0.111,0.055,0.085,0.085,0.053,0.074,0.074,0.073,0.083,0.095,0.058,0.076,0.076,0.059,0.068,0.068,0.068,0.072,0.073,0.061,0.066,0.066,0.061,0.630,0.085,0.635,0.091,0.604,0.055,0.613,0.078,0.616,0.082,0.601,0.063,0.595,0.069,0.596,0.069,0.592,0.064
FIN,246,2003,FIN2003,0.538,0.538,0.527,0.637,0.656,0.605,0.684,0.684,0.654,0.527,0.527,0.527,0.618,0.627,0.599,0.664,0.664,0.650,0.514,0.514,0.514,0.598,0.599,0.591,0.645,0.645,0.641,0.077,0.077,0.059,0.093,0.114,0.058,0.086,0.086,0.054,0.075,0.075,0.074,0.084,0.096,0.061,0.077,0.077,0.061,0.068,0.068,0.068,0.072,0.073,0.063,0.067,0.067,0.062,0.620,0.085,0.626,0.092,0.596,0.057,0.603,0.078,0.606,0.082,0.592,0.065,0.586,0.069,0.586,0.069,0.582,0.064
FIN,246,2004,FIN2004,0.526,0.526,0.516,0.625,0.642,0.595,0.672,0.672,0.644,0.515,0.515,0.515,0.605,0.612,0.589,0.652,0.652,0.639,0.502,0.502,0.502,0.586,0.586,0.580,0.633,0.633,0.630,0.077,0.077,0.062,0.094,0.115,0.061,0.087,0.087,0.056,0.075,0.075,0.074,0.084,0.093,0.063,0.078,0.078,0.062,0.068,0.068,0.068,0.073,0.073,0.065,0.068,0.068,0.063,0.607,0.086,0.613,0.093,0.585,0.060,0.591,0.079,0.593,0.082,0.581,0.067,0.574,0.069,0.574,0.069,0.571,0.065
FIN,246,2005,FIN2005,0.519,0.519,0.510,0.615,0.628,0.582,0.661,0.661,0.635,0.507,0.507,0.507,0.594,0.600,0.577,0.641,0.641,0.630,0.493,0.493,0.493,0.575,0.575,0.570,0.622,0.622,0.620,0.081,0.081,0.066,0.096,0.112,0.058,0.089,0.089,0.059,0.076,0.076,0.076,0.085,0.092,0.062,0.079,0.079,0.064,0.069,0.069,0.069,0.074,0.074,0.066,0.069,0.069,0.065,0.598,0.089,0.603,0.094,0.576,0.061,0.581,0.080,0.582,0.082,0.571,0.067,0.564,0.070,0.564,0.070,0.561,0.067
FIN,246,2006,FIN2006,0.510,0.510,0.503,0.604,0.617,0.574,0.650,0.650,0.625,0.498,0.498,0.498,0.584,0.588,0.568,0.630,0.630,0.619,0.485,0.485,0.485,0.565,0.565,0.561,0.611,0.611,0.609,0.082,0.082,0.069,0.097,0.113,0.061,0.091,0.091,0.061,0.075,0.075,0.075,0.085,0.091,0.065,0.080,0.080,0.066,0.068,0.068,0.068,0.074,0.074,0.068,0.070,0.070,0.067,0.588,0.090,0.593,0.095,0.567,0.064,0.570,0.080,0.572,0.082,0.562,0.069,0.554,0.071,0.554,0.071,0.552,0.068
FIN,246,2007,FIN2007,0.497,0.497,0.492,0.589,0.603,0.560,0.638,0.638,0.615,0.486,0.486,0.486,0.570,0.573,0.555,0.618,0.618,0.609,0.474,0.474,0.474,0.552,0.552,0.549,0.600,0.600,0.598,0.078,0.078,0.069,0.095,0.114,0.059,0.090,0.090,0.061,0.074,0.074,0.074,0.084,0.089,0.064,0.079,0.079,0.067,0.066,0.066,0.066,0.073,0.073,0.068,0.069,0.069,0.066,0.575,0.088,0.580,0.094,0.556,0.063,0.558,0.079,0.559,0.081,0.550,0.068,0.542,0.069,0.542,0.069,0.540,0.067
FIN,246,2008,FIN2008,0.493,0.493,0.488,0.582,0.595,0.553,0.633,0.633,0.610,0.480,0.480,0.480,0.561,0.564,0.548,0.612,0.612,0.603,0.467,0.467,0.467,0.543,0.543,0.541,0.593,0.593,0.592,0.083,0.083,0.074,0.099,0.116,0.061,0.093,0.093,0.065,0.075,0.075,0.075,0.085,0.089,0.066,0.080,0.080,0.069,0.066,0.066,0.066,0.073,0.073,0.070,0.069,0.069,0.068,0.569,0.091,0.574,0.097,0.550,0.067,0.551,0.080,0.552,0.081,0.544,0.070,0.534,0.070,0.534,0.070,0.533,0.068
FIN,246,2009,FIN2009,0.493,0.493,0.488,0.581,0.595,0.554,0.632,0.632,0.610,0.480,0.480,0.480,0.560,0.564,0.548,0.610,0.610,0.602,0.467,0.467,0.467,0.542,0.542,0.540,0.592,0.592,0.591,0.083,0.083,0.074,0.099,0.117,0.063,0.093,0.093,0.066,0.074,0.074,0.074,0.084,0.090,0.067,0.080,0.080,0.069,0.066,0.066,0.066,0.073,0.073,0.070,0.069,0.069,0.068,0.569,0.092,0.573,0.098,0.550,0.067,0.550,0.079,0.551,0.081,0.543,0.070,0.534,0.069,0.534,0.069,0.533,0.068
FIN,246,2010,FIN2010,0.508,0.508,0.503,0.593,0.607,0.567,0.642,0.642,0.621,0.497,0.497,0.497,0.575,0.577,0.563,0.623,0.623,0.615,0.487,0.487,0.487,0.559,0.559,0.557,0.607,0.607,0.606,0.073,0.073,0.063,0.090,0.107,0.055,0.085,0.085,0.059,0.067,0.067,0.067,0.078,0.082,0.061,0.075,0.075,0.064,0.062,0.062,0.062,0.070,0.070,0.068,0.066,0.066,0.065,0.581,0.083,0.586,0.088,0.563,0.059,0.565,0.073,0.566,0.074,0.558,0.064,0.551,0.066,0.551,0.066,0.550,0.065
FIN,246,2011,FIN2011,0.506,0.506,0.500,0.589,0.602,0.563,0.639,0.639,0.617,0.493,0.493,0.493,0.570,0.572,0.559,0.619,0.619,0.612,0.483,0.483,0.483,0.555,0.555,0.553,0.603,0.603,0.602,0.074,0.074,0.065,0.091,0.107,0.056,0.086,0.086,0.060,0.067,0.067,0.067,0.078,0.081,0.062,0.075,0.075,0.064,0.062,0.062,0.062,0.070,0.070,0.068,0.066,0.066,0.065,0.578,0.084,0.582,0.089,0.560,0.060,0.561,0.073,0.562,0.074,0.555,0.064,0.547,0.066,0.547,0.066,0.546,0.065
FIN,246,2012,FIN2012,0.539,0.539,0.532,0.618,0.633,0.589,0.664,0.664,0.640,0.527,0.527,0.527,0.600,0.604,0.586,0.646,0.646,0.636,0.517,0.517,0.517,0.585,0.585,0.583,0.630,0.630,0.629,0.069,0.069,0.057,0.084,0.101,0.048,0.080,0.080,0.051,0.061,0.061,0.061,0.072,0.078,0.054,0.069,0.069,0.057,0.058,0.058,0.058,0.065,0.065,0.061,0.062,0.062,0.060,0.607,0.078,0.612,0.083,0.587,0.052,0.591,0.068,0.592,0.070,0.583,0.057,0.578,0.062,0.578,0.062,0.576,0.060
FIN,246,2013,FIN2013,0.540,0.540,0.532,0.619,0.635,0.590,0.665,0.665,0.641,0.528,0.528,0.528,0.601,0.606,0.586,0.647,0.647,0.637,0.518,0.518,0.518,0.586,0.586,0.582,0.631,0.631,0.630,0.068,0.068,0.056,0.083,0.103,0.048,0.079,0.079,0.051,0.062,0.062,0.061,0.073,0.080,0.053,0.069,0.069,0.057,0.058,0.058,0.058,0.065,0.065,0.060,0.062,0.062,0.060,0.608,0.077,0.613,0.084,0.587,0.052,0.592,0.068,0.594,0.070,0.584,0.057,0.578,0.062,0.578,0.062,0.577,0.060
FIN,246,2014,FIN2014,0.671,0.671,0.661,0.738,0.744,0.697,0.770,0.770,0.744,0.666,0.666,0.665,0.727,0.727,0.706,0.758,0.758,0.748,0.660,0.660,0.660,0.716,0.716,0.712,0.747,0.747,0.746,0.036,0.036,0.023,0.052,0.059,0.007,0.050,0.050,0.023,0.037,0.037,0.036,0.047,0.048,0.022,0.046,0.046,0.034,0.038,0.038,0.038,0.044,0.044,0.039,0.042,0.042,0.040,0.726,0.046,0.728,0.048,0.701,0.018,0.717,0.043,0.717,0.043,0.706,0.031,0.708,0.041,0.708,0.041,0.706,0.039
FIN,246,2015,FIN2015,0.622,0.622,0.614,0.694,0.704,0.655,0.733,0.733,0.704,0.615,0.615,0.615,0.680,0.682,0.659,0.719,0.719,0.706,0.607,0.607,0.607,0.668,0.668,0.663,0.706,0.706,0.703,0.045,0.045,0.033,0.061,0.072,0.017,0.058,0.058,0.027,0.043,0.043,0.043,0.053,0.056,0.028,0.051,0.051,0.037,0.041,0.041,0.041,0.048,0.048,0.042,0.046,0.046,0.043,0.683,0.055,0.686,0.058,0.658,0.026,0.671,0.049,0.672,0.050,0.660,0.036,0.660,0.045,0.660,0.045,0.658,0.042
FIN,246,2016,FIN2016,0.618,0.618,0.604,0.689,0.699,0.649,0.728,0.728,0.692,0.611,0.611,0.609,0.675,0.677,0.652,0.714,0.714,0.696,0.604,0.604,0.604,0.664,0.664,0.655,0.702,0.702,0.696,0.043,0.043,0.024,0.059,0.071,0.015,0.057,0.057,0.019,0.042,0.042,0.038,0.052,0.054,0.024,0.050,0.050,0.029,0.040,0.040,0.040,0.047,0.047,0.036,0.045,0.045,0.038,0.678,0.053,0.682,0.057,0.648,0.019,0.667,0.048,0.667,0.049,0.652,0.031,0.657,0.044,0.657,0.044,0.652,0.038
FIN,246,2017,FIN2017,0.518,0.518,0.506,0.596,0.615,0.567,0.646,0.646,0.613,0.506,0.506,0.504,0.578,0.584,0.562,0.627,0.627,0.611,0.495,0.495,0.495,0.562,0.562,0.555,0.611,0.611,0.606,0.073,0.073,0.054,0.087,0.111,0.053,0.083,0.083,0.044,0.066,0.066,0.063,0.076,0.085,0.055,0.072,0.072,0.052,0.061,0.061,0.061,0.068,0.068,0.057,0.064,0.064,0.057,0.587,0.081,0.593,0.089,0.562,0.050,0.570,0.072,0.573,0.075,0.559,0.057,0.556,0.064,0.556,0.064,0.552,0.058
FIN,246,2018,FIN2018,0.515,0.515,0.504,0.590,0.610,0.562,0.640,0.640,0.607,0.503,0.503,0.501,0.571,0.578,0.556,0.621,0.621,0.605,0.491,0.491,0.491,0.556,0.556,0.549,0.604,0.604,0.599,0.076,0.076,0.057,0.089,0.113,0.054,0.085,0.085,0.046,0.068,0.068,0.065,0.077,0.086,0.056,0.074,0.074,0.053,0.062,0.062,0.062,0.068,0.068,0.058,0.065,0.065,0.058,0.582,0.083,0.588,0.091,0.558,0.053,0.565,0.073,0.567,0.076,0.554,0.058,0.550,0.065,0.550,0.065,0.547,0.059
FIN,246,2019,FIN2019,0.511,0.511,0.500,0.585,0.604,0.557,0.635,0.635,0.603,0.498,0.498,0.497,0.566,0.572,0.551,0.615,0.615,0.600,0.487,0.487,0.487,0.550,0.550,0.544,0.599,0.599,0.594,0.076,0.076,0.059,0.090,0.114,0.056,0.085,0.085,0.047,0.068,0.068,0.066,0.077,0.086,0.057,0.074,0.074,0.055,0.062,0.062,0.062,0.068,0.068,0.059,0.065,0.065,0.059,0.577,0.084,0.583,0.092,0.553,0.054,0.560,0.073,0.562,0.076,0.549,0.059,0.545,0.065,0.545,0.065,0.542,0.060
FIN,246,2020,FIN2020,0.514,0.514,0.505,0.585,0.603,0.557,0.638,0.638,0.607,0.501,0.501,0.501,0.567,0.571,0.552,0.619,0.619,0.605,0.490,0.490,0.490,0.551,0.551,0.546,0.603,0.603,0.599,0.075,0.075,0.060,0.088,0.111,0.054,0.084,0.084,0.047,0.067,0.067,0.066,0.076,0.083,0.056,0.073,0.073,0.054,0.061,0.061,0.061,0.068,0.068,0.059,0.064,0.064,0.059,0.579,0.083,0.585,0.090,0.556,0.054,0.562,0.072,0.564,0.074,0.552,0.059,0.548,0.064,0.548,0.064,0.545,0.060
FIN,246,2021,FIN2021,0.508,0.508,0.500,0.578,0.594,0.550,0.630,0.630,0.600,0.496,0.496,0.495,0.560,0.563,0.545,0.611,0.611,0.598,0.484,0.484,0.484,0.544,0.544,0.539,0.595,0.595,0.591,0.076,0.076,0.063,0.089,0.110,0.054,0.085,0.085,0.049,0.068,0.068,0.068,0.077,0.082,0.057,0.074,0.074,0.056,0.062,0.062,0.062,0.068,0.068,0.060,0.065,0.065,0.060,0.572,0.083,0.577,0.090,0.550,0.055,0.555,0.073,0.556,0.075,0.546,0.060,0.541,0.065,0.541,0.065,0.538,0.061
FIN,246,2022,FIN2022,0.507,0.507,0.499,0.575,0.591,0.548,0.627,0.627,0.598,0.494,0.494,0.494,0.557,0.560,0.543,0.608,0.608,0.595,0.482,0.482,0.482,0.541,0.541,0.537,0.592,0.592,0.589,0.076,0.076,0.063,0.089,0.110,0.055,0.085,0.085,0.049,0.068,0.068,0.068,0.077,0.082,0.057,0.074,0.074,0.057,0.062,0.062,0.062,0.068,0.068,0.061,0.065,0.065,0.060,0.570,0.084,0.575,0.091,0.548,0.056,0.553,0.073,0.554,0.075,0.544,0.061,0.539,0.065,0.539,0.065,0.536,0.061
FRA,250,2001,FRA2001,0.721,0.721,0.717,0.713,0.714,0.684,0.739,0.739,0.711,0.706,0.706,0.706,0.696,0.696,0.684,0.722,0.722,0.710,0.696,0.696,0.696,0.686,0.686,0.683,0.712,0.712,0.709,0.033,0.033,0.028,0.034,0.034,-0.000,0.034,0.034,0.003,0.017,0.017,0.017,0.015,0.015,-0.000,0.017,0.017,0.003,0.005,0.005,0.005,0.003,0.003,-0.001,0.005,0.005,0.002,0.724,0.033,0.725,0.034,0.704,0.010,0.708,0.016,0.708,0.016,0.700,0.007,0.698,0.004,0.698,0.004,0.696,0.002
FRA,250,2002,FRA2002,0.720,0.720,0.717,0.719,0.720,0.693,0.744,0.744,0.719,0.705,0.705,0.705,0.703,0.703,0.694,0.727,0.727,0.719,0.696,0.696,0.696,0.693,0.693,0.693,0.718,0.718,0.717,0.031,0.031,0.028,0.033,0.034,0.003,0.034,0.034,0.006,0.015,0.015,0.015,0.016,0.016,0.005,0.017,0.017,0.008,0.004,0.004,0.004,0.005,0.005,0.004,0.007,0.007,0.006,0.728,0.033,0.728,0.033,0.710,0.012,0.711,0.016,0.711,0.016,0.706,0.009,0.702,0.005,0.702,0.005,0.702,0.005
FRA,250,2003,FRA2003,0.700,0.700,0.697,0.758,0.761,0.741,0.786,0.786,0.766,0.684,0.684,0.684,0.744,0.744,0.737,0.773,0.773,0.766,0.676,0.676,0.676,0.736,0.736,0.736,0.766,0.766,0.766,0.032,0.032,0.029,0.048,0.052,0.030,0.028,0.028,0.007,0.015,0.015,0.015,0.038,0.038,0.030,0.017,0.017,0.009,0.005,0.005,0.005,0.037,0.037,0.036,0.011,0.011,0.011,0.748,0.036,0.749,0.037,0.735,0.022,0.734,0.023,0.734,0.023,0.729,0.018,0.726,0.018,0.726,0.018,0.726,0.017
FRA,250,2004,FRA2004,0.707,0.707,0.705,0.708,0.712,0.689,0.733,0.733,0.711,0.693,0.693,0.693,0.692,0.692,0.685,0.717,0.717,0.710,0.684,0.684,0.684,0.683,0.683,0.683,0.707,0.707,0.707,0.034,0.034,0.032,0.037,0.042,0.015,0.037,0.037,0.012,0.021,0.021,0.021,0.021,0.021,0.012,0.022,0.022,0.014,0.012,0.012,0.012,0.011,0.011,0.011,0.013,0.013,0.013,0.716,0.036,0.717,0.038,0.702,0.020,0.701,0.021,0.701,0.021,0.696,0.015,0.692,0.012,0.692,0.012,0.691,0.012
FRA,250,2005,FRA2005,0.705,0.705,0.704,0.706,0.710,0.690,0.731,0.731,0.711,0.693,0.693,0.693,0.692,0.692,0.687,0.717,0.717,0.712,0.686,0.686,0.686,0.685,0.685,0.685,0.709,0.709,0.709,0.028,0.028,0.027,0.031,0.037,0.012,0.032,0.032,0.010,0.017,0.017,0.017,0.017,0.017,0.010,0.019,0.019,0.012,0.009,0.009,0.009,0.009,0.009,0.009,0.011,0.011,0.011,0.714,0.031,0.715,0.032,0.702,0.016,0.701,0.018,0.701,0.018,0.697,0.013,0.693,0.010,0.693,0.010,0.693,0.010
FRA,250,2006,FRA2006,0.702,0.702,0.701,0.702,0.706,0.686,0.726,0.726,0.707,0.693,0.693,0.693,0.690,0.690,0.684,0.714,0.714,0.709,0.687,0.687,0.687,0.683,0.683,0.683,0.707,0.707,0.707,0.020,0.020,0.018,0.028,0.033,0.009,0.030,0.030,0.007,0.010,0.010,0.010,0.016,0.016,0.008,0.018,0.018,0.011,0.003,0.003,0.003,0.009,0.009,0.009,0.011,0.011,0.011,0.710,0.026,0.712,0.028,0.698,0.011,0.699,0.014,0.699,0.014,0.695,0.010,0.692,0.008,0.692,0.008,0.692,0.008
FRA,250,2007,FRA2007,0.698,0.698,0.695,0.699,0.704,0.679,0.723,0.723,0.700,0.688,0.688,0.688,0.686,0.686,0.677,0.711,0.711,0.702,0.681,0.681,0.681,0.679,0.679,0.678,0.703,0.703,0.702,0.017,0.017,0.013,0.023,0.029,0.001,0.025,0.025,-0.002,0.005,0.005,0.005,0.008,0.008,-0.004,0.012,0.012,0.001,-0.004,-0.004,-0.004,-0.001,-0.001,-0.003,0.003,0.003,0.001,0.707,0.022,0.708,0.024,0.691,0.004,0.695,0.008,0.695,0.008,0.689,0.001,0.688,-0.001,0.688,-0.001,0.687,-0.002
FRA,250,2008,FRA2008,0.698,0.698,0.693,0.693,0.698,0.668,0.718,0.718,0.690,0.687,0.687,0.687,0.680,0.680,0.668,0.705,0.705,0.693,0.681,0.681,0.681,0.674,0.674,0.671,0.698,0.698,0.695,0.017,0.017,0.011,0.024,0.030,-0.004,0.026,0.026,-0.006,0.004,0.004,0.004,0.009,0.009,-0.007,0.012,0.012,-0.002,-0.004,-0.004,-0.004,0.000,0.000,-0.004,0.004,0.004,-0.000,0.703,0.022,0.704,0.024,0.684,0.000,0.691,0.008,0.691,0.008,0.683,-0.002,0.684,-0.000,0.684,-0.000,0.682,-0.003
FRA,250,2009,FRA2009,0.698,0.694,0.692,0.691,0.655,0.645,0.717,0.696,0.684,0.687,0.687,0.687,0.678,0.657,0.654,0.704,0.696,0.691,0.682,0.682,0.682,0.671,0.663,0.663,0.696,0.695,0.694,0.017,0.012,0.009,0.024,-0.016,-0.029,0.026,0.002,-0.012,0.004,0.004,0.004,0.009,-0.017,-0.021,0.011,0.002,-0.004,-0.005,-0.005,-0.005,-0.000,-0.011,-0.011,0.003,0.001,-0.001,0.702,0.023,0.682,-0.001,0.674,-0.011,0.690,0.008,0.680,-0.004,0.678,-0.007,0.683,-0.001,0.680,-0.005,0.679,-0.006
FRA,250,2010,FRA2010,0.697,0.694,0.692,0.693,0.656,0.647,0.718,0.696,0.685,0.687,0.687,0.687,0.680,0.659,0.656,0.704,0.696,0.692,0.681,0.681,0.681,0.674,0.666,0.666,0.698,0.697,0.695,0.016,0.012,0.009,0.023,-0.017,-0.030,0.026,0.001,-0.013,0.003,0.003,0.003,0.008,-0.018,-0.021,0.011,0.001,-0.004,-0.005,-0.005,-0.005,0.000,-0.011,-0.011,0.004,0.002,-0.000,0.702,0.022,0.682,-0.002,0.675,-0.011,0.690,0.008,0.681,-0.004,0.678,-0.007,0.684,-0.000,0.681,-0.004,0.681,-0.005
FRA,250,2011,FRA2011,0.698,0.694,0.692,0.693,0.655,0.646,0.718,0.696,0.686,0.685,0.685,0.685,0.678,0.657,0.655,0.703,0.695,0.691,0.680,0.680,0.680,0.672,0.664,0.664,0.697,0.696,0.694,0.018,0.014,0.011,0.025,-0.018,-0.030,0.027,0.001,-0.012,0.002,0.002,0.002,0.007,-0.019,-0.022,0.010,0.000,-0.005,-0.006,-0.006,-0.006,-0.001,-0.012,-0.012,0.002,0.000,-0.001,0.703,0.023,0.682,-0.001,0.675,-0.010,0.689,0.006,0.679,-0.006,0.677,-0.008,0.683,-0.002,0.680,-0.006,0.679,-0.007
FRA,250,2012,FRA2012,0.699,0.694,0.693,0.694,0.653,0.647,0.719,0.695,0.686,0.686,0.686,0.686,0.679,0.656,0.656,0.704,0.695,0.693,0.679,0.679,0.679,0.672,0.663,0.665,0.697,0.695,0.695,0.020,0.013,0.012,0.025,-0.021,-0.030,0.027,-0.002,-0.013,0.003,0.003,0.003,0.007,-0.021,-0.022,0.009,-0.003,-0.005,-0.007,-0.007,-0.007,-0.003,-0.015,-0.013,-0.000,-0.003,-0.003,0.704,0.024,0.681,-0.003,0.675,-0.010,0.690,0.007,0.679,-0.007,0.678,-0.008,0.683,-0.003,0.679,-0.008,0.680,-0.007
FRA,250,2013,FRA2013,0.703,0.698,0.696,0.699,0.657,0.650,0.726,0.701,0.691,0.690,0.690,0.690,0.684,0.660,0.660,0.712,0.702,0.699,0.683,0.683,0.683,0.677,0.666,0.669,0.704,0.702,0.702,0.022,0.014,0.013,0.027,-0.019,-0.030,0.025,-0.004,-0.016,0.006,0.006,0.006,0.010,-0.019,-0.020,0.009,-0.004,-0.007,-0.004,-0.004,-0.004,0.000,-0.013,-0.010,-0.000,-0.003,-0.004,0.709,0.025,0.685,-0.003,0.679,-0.011,0.695,0.008,0.684,-0.005,0.683,-0.007,0.688,-0.001,0.684,-0.007,0.685,-0.006
FRA,250,2014,FRA2014,0.701,0.695,0.694,0.697,0.651,0.645,0.725,0.698,0.690,0.688,0.688,0.688,0.682,0.652,0.653,0.711,0.699,0.698,0.681,0.681,0.681,0.675,0.661,0.663,0.704,0.701,0.702,0.022,0.014,0.013,0.025,-0.025,-0.034,0.024,-0.007,-0.017,0.006,0.006,0.006,0.006,-0.028,-0.029,0.007,-0.007,-0.009,-0.003,-0.003,-0.003,-0.004,-0.021,-0.018,-0.002,-0.006,-0.005,0.708,0.024,0.681,-0.006,0.676,-0.013,0.693,0.007,0.680,-0.010,0.679,-0.011,0.687,-0.003,0.681,-0.010,0.682,-0.009
FRA,250,2015,FRA2015,0.703,0.696,0.695,0.696,0.651,0.644,0.728,0.700,0.692,0.690,0.690,0.690,0.681,0.653,0.652,0.713,0.702,0.700,0.686,0.686,0.686,0.674,0.661,0.661,0.706,0.704,0.704,0.021,0.012,0.011,0.025,-0.024,-0.035,0.023,-0.009,-0.020,0.006,0.006,0.006,0.006,-0.027,-0.029,0.006,-0.009,-0.011,-0.000,-0.000,-0.000,-0.004,-0.020,-0.020,-0.004,-0.008,-0.008,0.709,0.023,0.682,-0.007,0.677,-0.014,0.695,0.006,0.682,-0.010,0.681,-0.012,0.689,-0.003,0.684,-0.009,0.684,-0.009
FRA,250,2016,FRA2016,0.690,0.690,0.688,0.636,0.643,0.634,0.709,0.710,0.696,0.688,0.688,0.688,0.645,0.645,0.643,0.708,0.708,0.701,0.686,0.686,0.686,0.655,0.655,0.655,0.707,0.707,0.704,0.004,0.004,0.002,-0.043,-0.032,-0.044,-0.001,-0.000,-0.015,0.002,0.002,0.002,-0.036,-0.036,-0.040,-0.003,-0.003,-0.011,-0.000,-0.000,-0.000,-0.028,-0.028,-0.028,-0.005,-0.005,-0.009,0.678,-0.013,0.681,-0.010,0.673,-0.019,0.680,-0.012,0.680,-0.012,0.677,-0.016,0.683,-0.011,0.683,-0.011,0.682,-0.012
FRA,250,2017,FRA2017,0.690,0.690,0.689,0.636,0.644,0.636,0.710,0.711,0.698,0.689,0.689,0.689,0.645,0.645,0.643,0.709,0.709,0.703,0.687,0.687,0.687,0.655,0.655,0.655,0.708,0.708,0.705,0.004,0.004,0.002,-0.042,-0.030,-0.042,-0.000,0.001,-0.014,0.002,0.002,0.002,-0.036,-0.036,-0.039,-0.003,-0.003,-0.010,0.000,0.000,0.000,-0.028,-0.028,-0.028,-0.005,-0.005,-0.009,0.679,-0.013,0.682,-0.009,0.674,-0.018,0.681,-0.012,0.681,-0.012,0.678,-0.016,0.684,-0.011,0.684,-0.011,0.682,-0.012
FRA,250,2018,FRA2018,0.687,0.687,0.686,0.647,0.656,0.648,0.716,0.717,0.705,0.685,0.685,0.685,0.658,0.658,0.656,0.716,0.716,0.710,0.683,0.683,0.683,0.668,0.668,0.668,0.715,0.715,0.712,0.004,0.004,0.003,-0.034,-0.021,-0.031,0.005,0.007,-0.007,0.003,0.003,0.003,-0.024,-0.023,-0.026,0.006,0.006,-0.001,-0.000,-0.000,-0.000,-0.012,-0.012,-0.012,0.006,0.006,0.002,0.683,-0.008,0.687,-0.003,0.680,-0.012,0.686,-0.005,0.686,-0.005,0.684,-0.008,0.689,-0.002,0.689,-0.002,0.688,-0.003
FRA,250,2019,FRA2019,0.675,0.675,0.674,0.630,0.639,0.633,0.703,0.704,0.697,0.676,0.676,0.676,0.642,0.642,0.641,0.705,0.705,0.703,0.678,0.678,0.678,0.654,0.654,0.654,0.708,0.708,0.708,-0.005,-0.005,-0.006,-0.045,-0.032,-0.041,-0.004,-0.002,-0.012,-0.004,-0.004,-0.004,-0.035,-0.035,-0.036,-0.003,-0.003,-0.005,-0.001,-0.001,-0.001,-0.022,-0.022,-0.022,0.001,0.001,0.001,0.669,-0.018,0.673,-0.013,0.668,-0.020,0.674,-0.014,0.674,-0.014,0.673,-0.015,0.680,-0.007,0.680,-0.007,0.680,-0.007
FRA,250,2020,FRA2020,0.676,0.676,0.675,0.626,0.637,0.630,0.703,0.705,0.696,0.677,0.677,0.677,0.637,0.638,0.636,0.704,0.704,0.702,0.680,0.680,0.680,0.649,0.649,0.649,0.706,0.706,0.706,-0.007,-0.007,-0.008,-0.043,-0.027,-0.037,-0.004,-0.001,-0.012,-0.007,-0.007,-0.007,-0.033,-0.032,-0.034,-0.003,-0.003,-0.006,-0.005,-0.005,-0.005,-0.020,-0.020,-0.020,0.000,0.000,0.001,0.668,-0.018,0.673,-0.011,0.667,-0.019,0.673,-0.015,0.673,-0.014,0.672,-0.016,0.678,-0.008,0.678,-0.008,0.678,-0.008
FRA,250,2021,FRA2021,0.676,0.676,0.676,0.630,0.639,0.634,0.703,0.704,0.698,0.677,0.677,0.677,0.641,0.642,0.641,0.704,0.704,0.703,0.679,0.679,0.679,0.653,0.653,0.653,0.707,0.707,0.707,-0.006,-0.006,-0.006,-0.041,-0.027,-0.035,-0.003,-0.002,-0.010,-0.006,-0.006,-0.006,-0.031,-0.030,-0.031,-0.003,-0.003,-0.004,-0.004,-0.004,-0.004,-0.017,-0.017,-0.017,0.001,0.001,0.001,0.670,-0.017,0.673,-0.012,0.669,-0.017,0.674,-0.013,0.674,-0.013,0.674,-0.014,0.680,-0.007,0.680,-0.007,0.680,-0.007
FRA,250,2022,FRA2022,0.677,0.677,0.677,0.635,0.642,0.637,0.704,0.705,0.699,0.678,0.678,0.678,0.646,0.646,0.645,0.706,0.706,0.705,0.680,0.680,0.680,0.658,0.658,0.658,0.708,0.708,0.708,-0.004,-0.004,-0.004,-0.040,-0.029,-0.036,-0.004,-0.003,-0.011,-0.004,-0.004,-0.004,-0.029,-0.029,-0.030,-0.003,-0.003,-0.004,-0.002,-0.002,-0.002,-0.016,-0.016,-0.016,0.000,0.000,0.000,0.672,-0.016,0.675,-0.012,0.671,-0.017,0.676,-0.012,0.676,-0.012,0.676,-0.012,0.682,-0.006,0.682,-0.006,0.682,-0.006
GBR,826,2001,GBR2001,0.152,0.152,0.147,0.378,0.378,0.358,0.190,0.305,0.291,0.134,0.134,0.133,0.356,0.356,0.345,0.179,0.288,0.280,0.121,0.121,0.121,0.335,0.335,0.330,0.168,0.271,0.268,0.256,0.256,0.233,0.172,0.172,0.138,0.172,0.172,0.141,0.203,0.203,0.202,0.157,0.157,0.136,0.156,0.156,0.138,0.162,0.162,0.162,0.139,0.139,0.129,0.139,0.139,0.131,0.240,0.200,0.279,0.200,0.265,0.171,0.223,0.172,0.259,0.172,0.253,0.158,0.208,0.147,0.242,0.147,0.239,0.141
GBR,826,2002,GBR2002,0.150,0.150,0.145,0.380,0.380,0.359,0.186,0.308,0.293,0.131,0.131,0.131,0.357,0.357,0.346,0.175,0.290,0.282,0.118,0.118,0.118,0.336,0.336,0.331,0.165,0.273,0.270,0.256,0.256,0.233,0.173,0.173,0.138,0.172,0.172,0.141,0.203,0.203,0.202,0.157,0.157,0.136,0.157,0.157,0.138,0.162,0.162,0.162,0.140,0.140,0.129,0.139,0.139,0.131,0.239,0.200,0.279,0.200,0.266,0.171,0.221,0.172,0.260,0.172,0.253,0.158,0.206,0.147,0.242,0.147,0.240,0.141
GBR,826,2003,GBR2003,0.146,0.146,0.140,0.394,0.394,0.373,0.325,0.325,0.310,0.129,0.129,0.128,0.371,0.371,0.359,0.306,0.306,0.298,0.116,0.116,0.116,0.349,0.349,0.344,0.287,0.287,0.284,0.255,0.255,0.229,0.176,0.176,0.143,0.175,0.175,0.147,0.205,0.205,0.202,0.161,0.161,0.140,0.161,0.161,0.143,0.164,0.164,0.164,0.144,0.144,0.134,0.144,0.144,0.136,0.288,0.202,0.288,0.202,0.275,0.173,0.269,0.176,0.269,0.176,0.262,0.162,0.251,0.151,0.251,0.151,0.248,0.145
GBR,826,2004,GBR2004,0.143,0.143,0.137,0.396,0.396,0.374,0.330,0.330,0.315,0.125,0.125,0.125,0.372,0.372,0.360,0.311,0.311,0.303,0.113,0.113,0.113,0.349,0.349,0.344,0.292,0.292,0.289,0.256,0.256,0.230,0.176,0.176,0.142,0.175,0.175,0.146,0.205,0.205,0.203,0.161,0.161,0.140,0.161,0.161,0.143,0.164,0.164,0.164,0.144,0.144,0.133,0.143,0.143,0.136,0.290,0.203,0.290,0.203,0.276,0.173,0.270,0.176,0.270,0.176,0.263,0.162,0.251,0.151,0.251,0.151,0.249,0.144
GBR,826,2005,GBR2005,0.139,0.139,0.134,0.391,0.391,0.370,0.328,0.328,0.314,0.122,0.122,0.122,0.368,0.368,0.357,0.308,0.308,0.301,0.110,0.110,0.110,0.346,0.346,0.341,0.290,0.290,0.287,0.256,0.256,0.229,0.176,0.176,0.142,0.175,0.175,0.149,0.205,0.205,0.203,0.161,0.161,0.140,0.160,0.160,0.145,0.164,0.164,0.164,0.143,0.143,0.133,0.143,0.143,0.137,0.286,0.202,0.286,0.202,0.273,0.173,0.266,0.176,0.266,0.176,0.260,0.162,0.249,0.150,0.249,0.150,0.246,0.145
GBR,826,2006,GBR2006,0.138,0.138,0.132,0.390,0.390,0.369,0.326,0.326,0.312,0.121,0.121,0.120,0.367,0.367,0.355,0.307,0.307,0.300,0.109,0.109,0.109,0.344,0.344,0.340,0.288,0.288,0.285,0.257,0.257,0.230,0.177,0.177,0.143,0.177,0.177,0.149,0.205,0.205,0.203,0.161,0.161,0.140,0.161,0.161,0.146,0.164,0.164,0.164,0.144,0.144,0.133,0.144,0.144,0.137,0.285,0.203,0.285,0.203,0.271,0.174,0.265,0.176,0.265,0.176,0.258,0.163,0.247,0.151,0.247,0.151,0.245,0.145
GBR,826,2007,GBR2007,0.135,0.135,0.129,0.386,0.386,0.365,0.322,0.322,0.308,0.118,0.118,0.118,0.362,0.362,0.351,0.303,0.303,0.296,0.106,0.106,0.106,0.339,0.339,0.335,0.283,0.283,0.281,0.258,0.258,0.231,0.179,0.179,0.145,0.179,0.179,0.152,0.205,0.205,0.203,0.163,0.163,0.142,0.163,0.163,0.147,0.164,0.164,0.164,0.145,0.145,0.134,0.145,0.145,0.138,0.281,0.205,0.281,0.205,0.267,0.176,0.261,0.177,0.261,0.177,0.255,0.164,0.243,0.151,0.243,0.151,0.241,0.146
GBR,826,2008,GBR2008,0.135,0.135,0.131,0.396,0.396,0.371,0.333,0.333,0.316,0.119,0.119,0.119,0.374,0.374,0.359,0.314,0.314,0.305,0.107,0.107,0.107,0.352,0.352,0.345,0.296,0.296,0.292,0.255,0.255,0.234,0.169,0.169,0.131,0.169,0.169,0.137,0.204,0.204,0.203,0.155,0.155,0.129,0.155,0.155,0.135,0.162,0.162,0.162,0.138,0.138,0.124,0.138,0.138,0.128,0.288,0.198,0.288,0.198,0.273,0.167,0.269,0.171,0.269,0.171,0.261,0.155,0.252,0.146,0.252,0.146,0.248,0.138
GBR,826,2009,GBR2009,0.142,0.142,0.138,0.412,0.412,0.387,0.347,0.347,0.330,0.125,0.125,0.125,0.390,0.390,0.375,0.328,0.328,0.319,0.113,0.113,0.113,0.369,0.369,0.361,0.310,0.310,0.306,0.254,0.254,0.233,0.163,0.163,0.126,0.163,0.163,0.133,0.204,0.204,0.203,0.150,0.150,0.124,0.150,0.150,0.131,0.162,0.162,0.162,0.135,0.135,0.120,0.135,0.135,0.125,0.300,0.193,0.300,0.193,0.285,0.164,0.281,0.168,0.281,0.168,0.273,0.152,0.264,0.144,0.264,0.144,0.260,0.136
GBR,826,2010,GBR2010,0.142,0.142,0.138,0.412,0.412,0.387,0.347,0.347,0.330,0.125,0.125,0.124,0.390,0.390,0.374,0.328,0.328,0.319,0.112,0.112,0.112,0.368,0.368,0.360,0.310,0.310,0.306,0.255,0.255,0.235,0.164,0.164,0.126,0.164,0.164,0.133,0.204,0.204,0.203,0.151,0.151,0.124,0.151,0.151,0.131,0.162,0.162,0.162,0.136,0.136,0.120,0.136,0.136,0.126,0.300,0.194,0.300,0.194,0.285,0.165,0.281,0.168,0.281,0.168,0.272,0.153,0.264,0.144,0.264,0.144,0.259,0.136
GBR,826,2011,GBR2011,0.146,0.146,0.141,0.446,0.446,0.427,0.379,0.379,0.368,0.129,0.129,0.128,0.425,0.425,0.414,0.361,0.361,0.356,0.116,0.116,0.116,0.404,0.404,0.399,0.344,0.344,0.342,0.249,0.249,0.227,0.149,0.149,0.122,0.149,0.149,0.130,0.199,0.199,0.198,0.138,0.138,0.121,0.138,0.138,0.128,0.158,0.158,0.158,0.126,0.126,0.118,0.126,0.126,0.123,0.323,0.182,0.323,0.182,0.312,0.160,0.305,0.158,0.305,0.158,0.300,0.149,0.288,0.137,0.288,0.137,0.286,0.133
GBR,826,2012,GBR2012,0.149,0.149,0.146,0.443,0.443,0.421,0.374,0.374,0.361,0.132,0.132,0.132,0.422,0.422,0.408,0.356,0.356,0.349,0.119,0.119,0.119,0.401,0.401,0.394,0.338,0.338,0.335,0.247,0.247,0.230,0.153,0.153,0.123,0.153,0.153,0.131,0.197,0.197,0.197,0.142,0.142,0.122,0.142,0.142,0.129,0.157,0.157,0.157,0.130,0.130,0.119,0.130,0.130,0.125,0.322,0.185,0.322,0.185,0.309,0.161,0.303,0.161,0.303,0.161,0.296,0.149,0.286,0.139,0.286,0.139,0.283,0.133
GBR,826,2013,GBR2013,0.148,0.148,0.145,0.444,0.444,0.423,0.374,0.374,0.363,0.131,0.131,0.131,0.423,0.423,0.411,0.357,0.357,0.351,0.119,0.119,0.119,0.403,0.403,0.397,0.340,0.340,0.338,0.244,0.244,0.229,0.145,0.145,0.116,0.145,0.145,0.124,0.195,0.195,0.195,0.134,0.134,0.114,0.134,0.134,0.122,0.155,0.155,0.155,0.121,0.121,0.111,0.121,0.121,0.117,0.322,0.178,0.322,0.178,0.310,0.156,0.304,0.154,0.304,0.154,0.298,0.144,0.287,0.132,0.287,0.132,0.285,0.127
GBR,826,2014,GBR2014,0.148,0.148,0.145,0.445,0.445,0.425,0.375,0.375,0.364,0.131,0.131,0.131,0.424,0.424,0.412,0.358,0.358,0.352,0.119,0.119,0.119,0.404,0.404,0.399,0.341,0.341,0.339,0.242,0.242,0.228,0.144,0.144,0.115,0.144,0.144,0.123,0.194,0.194,0.194,0.132,0.132,0.114,0.132,0.132,0.121,0.154,0.154,0.154,0.120,0.120,0.110,0.120,0.120,0.116,0.323,0.176,0.323,0.176,0.311,0.156,0.305,0.153,0.305,0.153,0.299,0.143,0.288,0.132,0.288,0.132,0.286,0.127
GBR,826,2015,GBR2015,0.146,0.146,0.143,0.438,0.438,0.420,0.371,0.371,0.360,0.129,0.129,0.129,0.418,0.418,0.408,0.354,0.354,0.349,0.117,0.117,0.117,0.398,0.398,0.393,0.337,0.337,0.335,0.242,0.242,0.229,0.143,0.143,0.117,0.145,0.145,0.125,0.193,0.193,0.193,0.132,0.132,0.115,0.134,0.134,0.123,0.154,0.154,0.154,0.119,0.119,0.110,0.121,0.121,0.117,0.318,0.177,0.318,0.177,0.308,0.157,0.300,0.153,0.300,0.153,0.295,0.144,0.284,0.131,0.284,0.131,0.282,0.127
GBR,826,2016,GBR2016,0.142,0.142,0.140,0.430,0.430,0.416,0.364,0.364,0.356,0.126,0.126,0.126,0.409,0.409,0.402,0.347,0.347,0.343,0.114,0.114,0.114,0.389,0.389,0.387,0.329,0.329,0.329,0.242,0.242,0.231,0.147,0.147,0.125,0.149,0.149,0.134,0.193,0.193,0.193,0.135,0.135,0.122,0.137,0.137,0.130,0.153,0.153,0.153,0.121,0.121,0.116,0.123,0.123,0.122,0.312,0.179,0.312,0.179,0.304,0.163,0.294,0.155,0.294,0.155,0.290,0.148,0.278,0.133,0.278,0.133,0.277,0.131
GBR,826,2017,GBR2017,0.137,0.137,0.135,0.406,0.406,0.390,0.342,0.342,0.332,0.121,0.121,0.121,0.385,0.385,0.376,0.324,0.324,0.319,0.110,0.110,0.110,0.364,0.364,0.361,0.306,0.306,0.305,0.243,0.243,0.234,0.157,0.157,0.131,0.159,0.159,0.140,0.193,0.193,0.193,0.144,0.144,0.128,0.146,0.146,0.136,0.154,0.154,0.154,0.127,0.127,0.121,0.130,0.130,0.126,0.295,0.186,0.295,0.186,0.286,0.169,0.277,0.161,0.277,0.161,0.272,0.152,0.260,0.137,0.260,0.137,0.258,0.134
GBR,826,2018,GBR2018,0.133,0.133,0.132,0.398,0.398,0.382,0.335,0.335,0.325,0.118,0.118,0.118,0.377,0.377,0.368,0.317,0.317,0.312,0.107,0.107,0.107,0.355,0.355,0.352,0.299,0.299,0.297,0.243,0.243,0.236,0.161,0.161,0.135,0.163,0.163,0.143,0.193,0.193,0.193,0.146,0.146,0.131,0.149,0.149,0.138,0.154,0.154,0.154,0.129,0.129,0.123,0.131,0.131,0.128,0.289,0.189,0.289,0.189,0.280,0.171,0.270,0.163,0.270,0.163,0.266,0.154,0.254,0.138,0.254,0.138,0.252,0.135
GBR,826,2019,GBR2019,0.129,0.129,0.126,0.403,0.403,0.361,0.352,0.352,0.317,0.114,0.114,0.114,0.381,0.381,0.349,0.329,0.329,0.305,0.103,0.103,0.103,0.358,0.358,0.338,0.305,0.305,0.293,0.244,0.244,0.231,0.164,0.164,0.108,0.184,0.184,0.126,0.194,0.194,0.194,0.150,0.150,0.100,0.165,0.165,0.118,0.155,0.155,0.155,0.132,0.132,0.093,0.139,0.139,0.109,0.294,0.198,0.294,0.198,0.268,0.155,0.274,0.170,0.274,0.170,0.256,0.137,0.256,0.142,0.256,0.142,0.244,0.119
GBR,826,2020,GBR2020,0.162,0.162,0.155,0.423,0.423,0.379,0.375,0.375,0.337,0.143,0.143,0.142,0.402,0.402,0.368,0.352,0.352,0.325,0.130,0.130,0.130,0.381,0.381,0.356,0.329,0.329,0.313,0.243,0.243,0.215,0.155,0.155,0.100,0.176,0.176,0.118,0.193,0.193,0.189,0.143,0.143,0.093,0.159,0.159,0.110,0.154,0.154,0.154,0.128,0.128,0.086,0.137,0.137,0.102,0.320,0.191,0.320,0.191,0.290,0.144,0.299,0.165,0.299,0.165,0.278,0.131,0.280,0.140,0.280,0.140,0.266,0.114
GBR,826,2021,GBR2021,0.156,0.156,0.150,0.413,0.413,0.370,0.365,0.365,0.328,0.138,0.138,0.137,0.391,0.391,0.358,0.342,0.342,0.316,0.125,0.125,0.125,0.369,0.369,0.347,0.318,0.318,0.304,0.244,0.244,0.220,0.161,0.161,0.104,0.181,0.181,0.122,0.193,0.193,0.191,0.148,0.148,0.097,0.163,0.163,0.113,0.153,0.153,0.153,0.131,0.131,0.090,0.138,0.138,0.105,0.311,0.195,0.311,0.195,0.283,0.148,0.290,0.168,0.290,0.168,0.270,0.134,0.271,0.141,0.271,0.141,0.258,0.116
GBR,826,2022,GBR2022,0.123,0.123,0.119,0.383,0.383,0.338,0.335,0.335,0.297,0.109,0.109,0.108,0.363,0.363,0.327,0.314,0.314,0.286,0.099,0.099,0.099,0.343,0.343,0.317,0.293,0.293,0.276,0.242,0.242,0.218,0.157,0.157,0.098,0.178,0.178,0.115,0.191,0.191,0.189,0.142,0.142,0.088,0.159,0.159,0.104,0.152,0.152,0.152,0.126,0.126,0.080,0.136,0.136,0.095,0.280,0.192,0.280,0.192,0.251,0.144,0.262,0.164,0.262,0.164,0.240,0.127,0.245,0.138,0.245,0.138,0.230,0.109
GRC,300,2001,GRC2001,0.277,0.277,0.265,0.370,0.370,0.351,0.343,0.343,0.326,0.243,0.243,0.240,0.326,0.326,0.320,0.302,0.302,0.297,0.220,0.220,0.220,0.295,0.295,0.295,0.274,0.274,0.274,0.251,0.251,0.224,0.246,0.246,0.213,0.246,0.246,0.213,0.197,0.197,0.186,0.192,0.192,0.179,0.192,0.192,0.179,0.156,0.156,0.156,0.151,0.151,0.151,0.151,0.151,0.151,0.330,0.248,0.330,0.248,0.314,0.217,0.290,0.194,0.290,0.194,0.285,0.182,0.263,0.152,0.263,0.152,0.263,0.152
GRC,300,2002,GRC2002,0.266,0.266,0.257,0.355,0.355,0.339,0.330,0.330,0.314,0.234,0.234,0.232,0.313,0.313,0.309,0.290,0.290,0.287,0.212,0.212,0.212,0.284,0.284,0.284,0.263,0.263,0.263,0.251,0.251,0.226,0.246,0.246,0.215,0.246,0.246,0.215,0.196,0.196,0.190,0.192,0.192,0.183,0.192,0.192,0.183,0.156,0.156,0.156,0.151,0.151,0.151,0.151,0.151,0.151,0.317,0.247,0.317,0.247,0.303,0.218,0.279,0.193,0.279,0.193,0.276,0.185,0.253,0.153,0.253,0.153,0.253,0.153
GRC,300,2003,GRC2003,0.258,0.258,0.247,0.343,0.343,0.325,0.318,0.318,0.302,0.226,0.226,0.225,0.302,0.302,0.300,0.280,0.280,0.278,0.205,0.205,0.205,0.273,0.273,0.273,0.254,0.254,0.254,0.247,0.247,0.218,0.244,0.244,0.208,0.244,0.244,0.208,0.191,0.191,0.188,0.189,0.189,0.184,0.189,0.189,0.184,0.151,0.151,0.151,0.146,0.146,0.146,0.146,0.146,0.146,0.306,0.245,0.306,0.245,0.291,0.211,0.269,0.189,0.269,0.189,0.268,0.185,0.244,0.148,0.244,0.148,0.244,0.148
GRC,300,2004,GRC2004,0.220,0.220,0.213,0.298,0.298,0.287,0.277,0.277,0.267,0.193,0.193,0.193,0.262,0.262,0.262,0.243,0.243,0.243,0.175,0.175,0.175,0.238,0.238,0.238,0.221,0.221,0.221,0.247,0.247,0.227,0.243,0.243,0.217,0.243,0.243,0.217,0.191,0.191,0.191,0.186,0.186,0.186,0.186,0.186,0.186,0.152,0.152,0.152,0.147,0.147,0.147,0.147,0.147,0.147,0.265,0.244,0.265,0.244,0.256,0.220,0.232,0.188,0.232,0.188,0.232,0.188,0.212,0.148,0.212,0.148,0.212,0.148
GRC,300,2005,GRC2005,0.251,0.251,0.240,0.336,0.336,0.311,0.312,0.312,0.289,0.221,0.221,0.218,0.297,0.297,0.285,0.275,0.275,0.264,0.201,0.201,0.201,0.270,0.270,0.264,0.251,0.251,0.245,0.243,0.243,0.214,0.239,0.239,0.195,0.239,0.239,0.195,0.188,0.188,0.179,0.185,0.185,0.159,0.185,0.185,0.159,0.150,0.150,0.150,0.145,0.145,0.130,0.145,0.145,0.130,0.300,0.241,0.300,0.241,0.280,0.201,0.264,0.186,0.264,0.186,0.256,0.166,0.241,0.147,0.241,0.147,0.237,0.137
GRC,300,2006,GRC2006,0.235,0.235,0.225,0.314,0.314,0.288,0.291,0.291,0.267,0.207,0.207,0.205,0.277,0.277,0.265,0.256,0.256,0.245,0.189,0.189,0.189,0.252,0.252,0.248,0.234,0.234,0.230,0.242,0.242,0.212,0.239,0.239,0.189,0.239,0.239,0.189,0.188,0.188,0.180,0.184,0.184,0.155,0.184,0.184,0.155,0.151,0.151,0.151,0.147,0.147,0.132,0.147,0.147,0.132,0.280,0.240,0.280,0.240,0.260,0.197,0.247,0.185,0.247,0.185,0.238,0.164,0.225,0.148,0.225,0.148,0.222,0.139
GRC,300,2007,GRC2007,0.261,0.261,0.248,0.342,0.342,0.313,0.317,0.317,0.290,0.227,0.227,0.225,0.299,0.299,0.285,0.277,0.277,0.265,0.207,0.207,0.207,0.271,0.271,0.266,0.251,0.251,0.246,0.253,0.253,0.220,0.251,0.251,0.200,0.251,0.251,0.200,0.194,0.194,0.184,0.191,0.191,0.162,0.191,0.191,0.162,0.158,0.158,0.158,0.152,0.152,0.137,0.152,0.152,0.137,0.307,0.252,0.307,0.252,0.284,0.206,0.268,0.192,0.268,0.192,0.258,0.170,0.243,0.154,0.243,0.154,0.240,0.144
GRC,300,2008,GRC2008,0.321,0.321,0.305,0.419,0.419,0.382,0.388,0.388,0.354,0.280,0.280,0.276,0.365,0.365,0.348,0.338,0.338,0.322,0.255,0.255,0.255,0.331,0.331,0.323,0.307,0.307,0.299,0.256,0.256,0.222,0.254,0.254,0.202,0.254,0.254,0.202,0.197,0.197,0.185,0.194,0.194,0.164,0.194,0.194,0.164,0.160,0.160,0.160,0.154,0.154,0.137,0.154,0.154,0.137,0.376,0.255,0.376,0.255,0.347,0.208,0.328,0.195,0.328,0.195,0.315,0.171,0.297,0.156,0.297,0.156,0.292,0.144
GRC,300,2009,GRC2009,0.319,0.319,0.304,0.414,0.414,0.380,0.384,0.384,0.352,0.278,0.278,0.274,0.361,0.361,0.345,0.334,0.334,0.320,0.252,0.252,0.252,0.327,0.327,0.320,0.303,0.303,0.297,0.259,0.259,0.227,0.256,0.256,0.207,0.256,0.256,0.207,0.200,0.200,0.190,0.197,0.197,0.168,0.197,0.197,0.168,0.163,0.163,0.163,0.157,0.157,0.142,0.157,0.157,0.142,0.373,0.257,0.373,0.257,0.345,0.213,0.324,0.198,0.324,0.198,0.313,0.175,0.294,0.159,0.294,0.159,0.290,0.149
GRC,300,2010,GRC2010,0.314,0.314,0.314,0.409,0.409,0.409,0.379,0.379,0.379,0.272,0.272,0.272,0.356,0.356,0.356,0.329,0.329,0.329,0.247,0.247,0.247,0.321,0.321,0.321,0.298,0.298,0.298,0.259,0.259,0.259,0.257,0.257,0.257,0.257,0.257,0.257,0.198,0.198,0.198,0.196,0.196,0.196,0.196,0.196,0.196,0.159,0.159,0.159,0.154,0.154,0.154,0.154,0.154,0.154,0.367,0.258,0.367,0.258,0.367,0.258,0.319,0.197,0.319,0.197,0.319,0.197,0.289,0.155,0.289,0.155,0.289,0.155
GRC,300,2011,GRC2011,0.337,0.337,0.337,0.435,0.435,0.435,0.403,0.403,0.403,0.294,0.294,0.294,0.382,0.382,0.382,0.353,0.353,0.353,0.266,0.266,0.266,0.347,0.347,0.347,0.321,0.321,0.321,0.259,0.259,0.259,0.249,0.249,0.249,0.249,0.249,0.249,0.200,0.200,0.200,0.193,0.193,0.193,0.193,0.193,0.193,0.160,0.160,0.160,0.155,0.155,0.155,0.155,0.155,0.155,0.392,0.252,0.392,0.252,0.392,0.252,0.343,0.195,0.343,0.195,0.343,0.195,0.311,0.157,0.311,0.157,0.311,0.157
GRC,300,2012,GRC2012,0.272,0.272,0.272,0.355,0.355,0.355,0.329,0.329,0.329,0.237,0.237,0.237,0.311,0.311,0.311,0.288,0.288,0.288,0.215,0.215,0.215,0.283,0.283,0.283,0.263,0.263,0.263,0.257,0.257,0.257,0.247,0.247,0.247,0.247,0.247,0.247,0.199,0.199,0.199,0.192,0.192,0.192,0.192,0.192,0.192,0.160,0.160,0.160,0.154,0.154,0.154,0.154,0.154,0.154,0.318,0.251,0.318,0.251,0.318,0.251,0.279,0.194,0.279,0.194,0.279,0.194,0.254,0.156,0.254,0.156,0.254,0.156
GRC,300,2013,GRC2013,0.296,0.296,0.296,0.455,0.455,0.455,0.498,0.498,0.498,0.260,0.260,0.260,0.408,0.408,0.408,0.447,0.447,0.447,0.237,0.237,0.237,0.377,0.377,0.377,0.413,0.413,0.413,0.241,0.241,0.241,0.212,0.212,0.212,0.213,0.213,0.213,0.181,0.181,0.181,0.164,0.164,0.164,0.165,0.165,0.165,0.143,0.143,0.143,0.131,0.131,0.131,0.131,0.131,0.131,0.417,0.222,0.417,0.222,0.417,0.222,0.372,0.170,0.372,0.170,0.372,0.170,0.342,0.135,0.342,0.135,0.342,0.135
GRC,300,2014,GRC2014,0.291,0.291,0.291,0.443,0.443,0.443,0.486,0.486,0.486,0.255,0.255,0.255,0.397,0.397,0.397,0.436,0.436,0.436,0.233,0.233,0.233,0.366,0.366,0.366,0.402,0.402,0.402,0.240,0.240,0.240,0.214,0.214,0.214,0.215,0.215,0.215,0.181,0.181,0.181,0.165,0.165,0.165,0.166,0.166,0.166,0.143,0.143,0.143,0.132,0.132,0.132,0.132,0.132,0.132,0.407,0.223,0.407,0.223,0.407,0.223,0.363,0.171,0.363,0.171,0.363,0.171,0.334,0.136,0.334,0.136,0.334,0.136
GRC,300,2015,GRC2015,0.300,0.300,0.300,0.451,0.451,0.451,0.495,0.495,0.495,0.262,0.262,0.262,0.402,0.402,0.402,0.443,0.443,0.443,0.239,0.239,0.239,0.371,0.371,0.371,0.407,0.407,0.407,0.243,0.243,0.243,0.219,0.219,0.219,0.219,0.219,0.219,0.183,0.183,0.183,0.168,0.168,0.168,0.169,0.169,0.169,0.144,0.144,0.144,0.134,0.134,0.134,0.133,0.133,0.133,0.415,0.227,0.415,0.227,0.415,0.227,0.369,0.173,0.369,0.173,0.369,0.173,0.339,0.137,0.339,0.137,0.339,0.137
GRC,300,2016,GRC2016,0.309,0.309,0.309,0.462,0.462,0.462,0.508,0.508,0.508,0.271,0.271,0.271,0.412,0.412,0.412,0.454,0.454,0.454,0.247,0.247,0.247,0.379,0.379,0.379,0.417,0.417,0.417,0.245,0.245,0.245,0.221,0.221,0.221,0.221,0.221,0.221,0.187,0.187,0.187,0.170,0.170,0.170,0.172,0.172,0.172,0.148,0.148,0.148,0.137,0.137,0.137,0.137,0.137,0.137,0.426,0.229,0.426,0.229,0.426,0.229,0.379,0.176,0.379,0.176,0.379,0.176,0.348,0.141,0.348,0.141,0.348,0.141
GRC,300,2017,GRC2017,0.311,0.311,0.311,0.464,0.464,0.464,0.438,0.438,0.438,0.272,0.272,0.272,0.414,0.414,0.414,0.392,0.392,0.392,0.248,0.248,0.248,0.381,0.381,0.381,0.360,0.360,0.360,0.245,0.245,0.245,0.221,0.221,0.221,0.221,0.221,0.221,0.187,0.187,0.187,0.171,0.171,0.171,0.172,0.172,0.172,0.149,0.149,0.149,0.137,0.137,0.137,0.137,0.137,0.137,0.404,0.229,0.404,0.229,0.404,0.229,0.359,0.177,0.359,0.177,0.359,0.177,0.330,0.141,0.330,0.141,0.330,0.141
GRC,300,2018,GRC2018,0.311,0.311,0.311,0.471,0.471,0.471,0.446,0.446,0.446,0.272,0.272,0.272,0.425,0.425,0.425,0.404,0.404,0.404,0.248,0.248,0.248,0.395,0.395,0.395,0.375,0.375,0.375,0.245,0.245,0.245,0.204,0.204,0.204,0.203,0.203,0.203,0.187,0.187,0.187,0.158,0.158,0.158,0.158,0.158,0.158,0.149,0.149,0.149,0.130,0.130,0.130,0.131,0.131,0.131,0.409,0.217,0.409,0.217,0.409,0.217,0.367,0.168,0.367,0.168,0.367,0.168,0.340,0.136,0.340,0.136,0.340,0.136
GRC,300,2019,GRC2019,0.307,0.307,0.307,0.465,0.465,0.465,0.441,0.441,0.441,0.269,0.269,0.269,0.420,0.420,0.420,0.399,0.399,0.399,0.245,0.245,0.245,0.391,0.391,0.391,0.371,0.371,0.371,0.245,0.245,0.245,0.204,0.204,0.204,0.203,0.203,0.203,0.187,0.187,0.187,0.158,0.158,0.158,0.159,0.159,0.159,0.148,0.148,0.148,0.130,0.130,0.130,0.130,0.130,0.130,0.404,0.217,0.404,0.217,0.404,0.217,0.363,0.168,0.363,0.168,0.363,0.168,0.336,0.136,0.336,0.136,0.336,0.136
GRC,300,2020,GRC2020,0.359,0.359,0.359,0.527,0.527,0.527,0.499,0.499,0.499,0.314,0.314,0.314,0.474,0.474,0.474,0.450,0.450,0.450,0.285,0.285,0.285,0.441,0.441,0.441,0.419,0.419,0.419,0.247,0.247,0.247,0.205,0.205,0.205,0.203,0.203,0.203,0.186,0.186,0.186,0.157,0.157,0.157,0.156,0.156,0.156,0.146,0.146,0.146,0.127,0.127,0.127,0.128,0.128,0.128,0.462,0.218,0.462,0.218,0.462,0.218,0.413,0.166,0.413,0.166,0.413,0.166,0.382,0.134,0.382,0.134,0.382,0.134
GRC,300,2021,GRC2021,0.338,0.338,0.338,0.501,0.501,0.501,0.474,0.474,0.474,0.295,0.295,0.295,0.450,0.450,0.450,0.427,0.427,0.427,0.269,0.269,0.269,0.418,0.418,0.418,0.397,0.397,0.397,0.250,0.250,0.250,0.209,0.209,0.209,0.208,0.208,0.208,0.190,0.190,0.190,0.162,0.162,0.162,0.162,0.162,0.162,0.152,0.152,0.152,0.133,0.133,0.133,0.134,0.134,0.134,0.438,0.222,0.438,0.222,0.438,0.222,0.391,0.171,0.391,0.171,0.391,0.171,0.361,0.140,0.361,0.140,0.361,0.140
HRV,191,2013,HRV2013,0.637,0.637,0.637,0.629,0.633,0.633,0.649,0.650,0.650,0.629,0.629,0.629,0.613,0.613,0.613,0.633,0.633,0.633,0.616,0.616,0.616,0.595,0.595,0.595,0.618,0.618,0.618,0.094,0.094,0.094,0.106,0.111,0.111,0.103,0.104,0.104,0.104,0.104,0.104,0.104,0.104,0.104,0.103,0.103,0.103,0.111,0.111,0.111,0.103,0.103,0.103,0.106,0.106,0.106,0.638,0.101,0.640,0.103,0.640,0.103,0.625,0.104,0.625,0.104,0.625,0.104,0.610,0.107,0.610,0.107,0.610,0.107
HRV,191,2014,HRV2014,0.638,0.638,0.638,0.630,0.634,0.634,0.650,0.651,0.651,0.630,0.630,0.630,0.614,0.614,0.614,0.635,0.635,0.635,0.617,0.617,0.617,0.596,0.596,0.596,0.620,0.620,0.620,0.094,0.094,0.094,0.105,0.110,0.110,0.102,0.104,0.104,0.104,0.104,0.104,0.104,0.104,0.104,0.103,0.103,0.103,0.111,0.111,0.111,0.103,0.103,0.103,0.106,0.106,0.106,0.639,0.100,0.641,0.102,0.641,0.102,0.626,0.103,0.626,0.103,0.626,0.103,0.611,0.106,0.611,0.106,0.611,0.106
HRV,191,2015,HRV2015,0.622,0.622,0.622,0.618,0.621,0.621,0.635,0.636,0.636,0.613,0.613,0.613,0.600,0.600,0.600,0.619,0.619,0.619,0.600,0.600,0.600,0.582,0.582,0.582,0.601,0.601,0.601,0.098,0.098,0.098,0.115,0.119,0.119,0.112,0.113,0.113,0.107,0.107,0.107,0.114,0.114,0.114,0.112,0.112,0.112,0.113,0.113,0.113,0.113,0.113,0.113,0.114,0.114,0.114,0.625,0.108,0.626,0.110,0.626,0.110,0.611,0.111,0.611,0.111,0.611,0.111,0.594,0.113,0.594,0.113,0.594,0.113
HRV,191,2016,HRV2016,0.627,0.627,0.627,0.622,0.624,0.624,0.638,0.642,0.642,0.619,0.619,0.619,0.604,0.604,0.604,0.623,0.623,0.623,0.606,0.606,0.606,0.586,0.586,0.586,0.606,0.606,0.606,0.095,0.095,0.095,0.113,0.116,0.116,0.109,0.114,0.114,0.105,0.105,0.105,0.111,0.111,0.111,0.110,0.110,0.110,0.111,0.111,0.111,0.111,0.111,0.111,0.113,0.113,0.113,0.629,0.106,0.631,0.108,0.631,0.108,0.615,0.109,0.615,0.109,0.615,0.109,0.599,0.112,0.599,0.112,0.599,0.112
HRV,191,2017,HRV2017,0.625,0.625,0.625,0.615,0.615,0.615,0.628,0.629,0.629,0.611,0.611,0.611,0.592,0.592,0.592,0.608,0.608,0.608,0.593,0.593,0.593,0.569,0.569,0.569,0.584,0.584,0.584,0.119,0.119,0.119,0.142,0.143,0.143,0.137,0.139,0.139,0.126,0.126,0.126,0.140,0.140,0.140,0.139,0.139,0.139,0.130,0.130,0.130,0.138,0.138,0.138,0.136,0.136,0.136,0.622,0.133,0.623,0.134,0.623,0.134,0.604,0.135,0.604,0.135,0.604,0.135,0.582,0.135,0.582,0.135,0.582,0.135
HRV,191,2018,HRV2018,0.629,0.629,0.629,0.616,0.616,0.616,0.628,0.629,0.629,0.615,0.615,0.615,0.594,0.594,0.594,0.609,0.609,0.609,0.598,0.598,0.598,0.570,0.570,0.570,0.585,0.585,0.585,0.119,0.119,0.119,0.141,0.141,0.141,0.136,0.136,0.136,0.126,0.126,0.126,0.139,0.139,0.139,0.138,0.138,0.138,0.132,0.132,0.132,0.137,0.137,0.137,0.135,0.135,0.135,0.624,0.132,0.625,0.132,0.625,0.132,0.606,0.134,0.606,0.134,0.606,0.134,0.584,0.135,0.584,0.135,0.584,0.135
HRV,191,2019,HRV2019,0.635,0.635,0.635,0.612,0.612,0.612,0.622,0.622,0.622,0.622,0.622,0.622,0.589,0.589,0.589,0.602,0.602,0.602,0.605,0.605,0.605,0.566,0.566,0.566,0.577,0.577,0.577,0.117,0.117,0.117,0.140,0.140,0.140,0.130,0.130,0.130,0.125,0.125,0.125,0.138,0.138,0.138,0.129,0.129,0.129,0.131,0.131,0.131,0.134,0.134,0.134,0.122,0.122,0.122,0.623,0.129,0.623,0.129,0.623,0.129,0.605,0.131,0.605,0.131,0.605,0.131,0.583,0.129,0.583,0.129,0.583,0.129
HRV,191,2020,HRV2020,0.632,0.632,0.632,0.603,0.603,0.603,0.621,0.621,0.621,0.619,0.619,0.619,0.580,0.580,0.580,0.601,0.601,0.601,0.602,0.602,0.602,0.555,0.555,0.555,0.576,0.576,0.576,0.118,0.118,0.118,0.145,0.145,0.145,0.130,0.130,0.130,0.126,0.126,0.126,0.142,0.142,0.142,0.130,0.130,0.130,0.132,0.132,0.132,0.137,0.137,0.137,0.123,0.123,0.123,0.619,0.131,0.619,0.131,0.619,0.131,0.600,0.133,0.600,0.133,0.600,0.133,0.578,0.131,0.578,0.131,0.578,0.131
HRV,191,2021,HRV2021,0.625,0.625,0.625,0.605,0.605,0.605,0.621,0.621,0.621,0.611,0.611,0.611,0.583,0.583,0.583,0.602,0.602,0.602,0.592,0.592,0.592,0.558,0.558,0.558,0.578,0.578,0.578,0.124,0.124,0.124,0.143,0.143,0.143,0.131,0.131,0.131,0.132,0.132,0.132,0.141,0.141,0.141,0.131,0.131,0.131,0.137,0.137,0.137,0.136,0.136,0.136,0.126,0.126,0.126,0.617,0.133,0.617,0.133,0.617,0.133,0.598,0.135,0.598,0.135,0.598,0.135,0.576,0.133,0.576,0.133,0.576,0.133
HRV,191,2022,HRV2022,0.636,0.636,0.636,0.613,0.613,0.613,0.631,0.631,0.631,0.623,0.623,0.623,0.592,0.592,0.592,0.612,0.612,0.612,0.605,0.605,0.605,0.568,0.568,0.568,0.589,0.589,0.589,0.119,0.119,0.119,0.137,0.137,0.137,0.126,0.126,0.126,0.127,0.127,0.127,0.135,0.135,0.135,0.126,0.126,0.126,0.134,0.134,0.134,0.131,0.131,0.131,0.123,0.123,0.123,0.627,0.127,0.627,0.127,0.627,0.127,0.609,0.130,0.609,0.130,0.609,0.130,0.588,0.129,0.588,0.129,0.588,0.129
HUN,348,2001,HUN2001,0.420,0.420,0.416,0.473,0.610,0.587,0.482,0.482,0.470,0.386,0.386,0.386,0.443,0.586,0.570,0.451,0.451,0.447,0.354,0.354,0.354,0.415,0.549,0.542,0.423,0.423,0.423,0.205,0.205,0.200,0.167,0.147,0.124,0.164,0.164,0.148,0.180,0.180,0.180,0.143,0.143,0.125,0.141,0.141,0.135,0.144,0.144,0.144,0.117,0.117,0.108,0.116,0.116,0.116,0.458,0.179,0.504,0.172,0.491,0.157,0.427,0.155,0.474,0.155,0.468,0.147,0.397,0.126,0.442,0.126,0.440,0.123
HUN,348,2002,HUN2002,0.410,0.410,0.408,0.456,0.590,0.574,0.463,0.463,0.456,0.377,0.377,0.377,0.424,0.564,0.555,0.432,0.432,0.431,0.347,0.347,0.347,0.397,0.528,0.528,0.405,0.405,0.405,0.201,0.201,0.197,0.170,0.149,0.131,0.167,0.167,0.155,0.173,0.173,0.173,0.142,0.142,0.130,0.140,0.140,0.139,0.139,0.139,0.139,0.116,0.116,0.115,0.114,0.114,0.114,0.443,0.179,0.488,0.172,0.479,0.161,0.411,0.152,0.458,0.152,0.454,0.147,0.383,0.123,0.427,0.123,0.427,0.123
HUN,348,2003,HUN2003,0.418,0.418,0.418,0.456,0.587,0.578,0.465,0.465,0.461,0.388,0.388,0.388,0.423,0.558,0.555,0.433,0.433,0.433,0.359,0.359,0.359,0.397,0.524,0.524,0.407,0.407,0.407,0.184,0.184,0.182,0.164,0.145,0.134,0.161,0.161,0.153,0.158,0.158,0.158,0.132,0.132,0.128,0.130,0.130,0.130,0.125,0.125,0.125,0.104,0.104,0.104,0.102,0.102,0.102,0.447,0.169,0.490,0.163,0.485,0.156,0.415,0.140,0.460,0.140,0.459,0.139,0.388,0.110,0.430,0.110,0.430,0.110
HUN,348,2004,HUN2004,0.414,0.414,0.414,0.520,0.659,0.642,0.540,0.540,0.531,0.383,0.383,0.383,0.490,0.629,0.618,0.512,0.512,0.508,0.354,0.354,0.354,0.468,0.601,0.596,0.481,0.481,0.481,0.188,0.188,0.188,0.139,0.129,0.113,0.148,0.148,0.137,0.160,0.160,0.160,0.115,0.115,0.103,0.132,0.132,0.127,0.127,0.127,0.127,0.099,0.099,0.093,0.105,0.105,0.105,0.491,0.158,0.538,0.155,0.529,0.146,0.462,0.136,0.508,0.136,0.503,0.130,0.435,0.111,0.479,0.111,0.477,0.108
HUN,348,2005,HUN2005,0.405,0.405,0.405,0.515,0.647,0.623,0.533,0.533,0.523,0.372,0.372,0.372,0.485,0.614,0.596,0.502,0.502,0.496,0.344,0.344,0.344,0.463,0.586,0.572,0.471,0.471,0.469,0.191,0.191,0.191,0.146,0.140,0.123,0.155,0.155,0.142,0.160,0.160,0.160,0.122,0.122,0.108,0.134,0.134,0.126,0.127,0.127,0.127,0.108,0.108,0.096,0.106,0.106,0.103,0.484,0.164,0.528,0.162,0.517,0.152,0.453,0.139,0.496,0.139,0.488,0.131,0.426,0.114,0.467,0.114,0.462,0.109
HUN,348,2006,HUN2006,0.624,0.624,0.624,0.686,0.686,0.677,0.683,0.683,0.679,0.608,0.608,0.608,0.671,0.671,0.665,0.665,0.665,0.664,0.588,0.588,0.588,0.651,0.651,0.650,0.646,0.646,0.646,0.111,0.111,0.111,0.097,0.097,0.088,0.099,0.099,0.096,0.111,0.111,0.111,0.097,0.097,0.091,0.096,0.096,0.096,0.108,0.108,0.108,0.093,0.093,0.091,0.092,0.092,0.092,0.664,0.103,0.664,0.103,0.660,0.098,0.648,0.101,0.648,0.101,0.646,0.099,0.628,0.098,0.628,0.098,0.628,0.097
HUN,348,2007,HUN2007,0.561,0.561,0.561,0.643,0.633,0.617,0.651,0.651,0.643,0.546,0.546,0.546,0.626,0.626,0.613,0.635,0.635,0.631,0.524,0.524,0.524,0.605,0.605,0.596,0.613,0.613,0.612,0.131,0.131,0.131,0.112,0.099,0.085,0.112,0.112,0.103,0.136,0.136,0.136,0.113,0.113,0.101,0.113,0.113,0.109,0.131,0.131,0.131,0.108,0.108,0.099,0.109,0.109,0.108,0.618,0.119,0.615,0.114,0.607,0.107,0.602,0.121,0.602,0.121,0.597,0.115,0.580,0.116,0.580,0.116,0.577,0.113
HUN,348,2008,HUN2008,0.544,0.544,0.544,0.628,0.619,0.606,0.638,0.638,0.631,0.528,0.528,0.528,0.610,0.610,0.600,0.620,0.620,0.618,0.504,0.504,0.504,0.587,0.587,0.582,0.597,0.597,0.597,0.136,0.136,0.136,0.116,0.104,0.092,0.116,0.116,0.108,0.139,0.139,0.139,0.115,0.115,0.105,0.115,0.115,0.112,0.131,0.131,0.131,0.108,0.108,0.101,0.109,0.109,0.109,0.603,0.123,0.600,0.119,0.594,0.112,0.586,0.123,0.586,0.123,0.582,0.119,0.563,0.116,0.563,0.116,0.561,0.114
HUN,348,2009,HUN2009,0.537,0.537,0.537,0.619,0.611,0.600,0.628,0.628,0.623,0.520,0.520,0.520,0.600,0.600,0.592,0.610,0.610,0.608,0.494,0.494,0.494,0.576,0.576,0.572,0.586,0.586,0.586,0.141,0.141,0.141,0.121,0.110,0.099,0.120,0.120,0.114,0.143,0.143,0.143,0.119,0.119,0.110,0.119,0.119,0.117,0.133,0.133,0.133,0.110,0.110,0.106,0.111,0.111,0.111,0.595,0.128,0.592,0.124,0.587,0.118,0.576,0.127,0.576,0.127,0.573,0.123,0.552,0.118,0.552,0.118,0.551,0.117
HUN,348,2010,HUN2010,0.510,0.510,0.510,0.590,0.584,0.572,0.599,0.599,0.593,0.490,0.490,0.490,0.568,0.568,0.560,0.577,0.577,0.575,0.460,0.460,0.460,0.540,0.540,0.536,0.549,0.549,0.549,0.158,0.158,0.158,0.137,0.129,0.116,0.136,0.136,0.128,0.158,0.158,0.158,0.133,0.133,0.124,0.133,0.133,0.129,0.141,0.141,0.141,0.119,0.119,0.114,0.119,0.119,0.119,0.566,0.144,0.564,0.141,0.558,0.134,0.545,0.141,0.545,0.141,0.542,0.137,0.516,0.126,0.516,0.126,0.515,0.124
HUN,348,2011,HUN2011,0.503,0.503,0.503,0.512,0.512,0.507,0.513,0.513,0.511,0.479,0.479,0.479,0.489,0.489,0.488,0.490,0.490,0.490,0.449,0.449,0.449,0.464,0.464,0.464,0.463,0.463,0.463,0.176,0.176,0.176,0.144,0.144,0.137,0.147,0.147,0.144,0.173,0.173,0.173,0.135,0.135,0.133,0.136,0.136,0.136,0.159,0.159,0.159,0.120,0.120,0.120,0.119,0.119,0.119,0.509,0.156,0.509,0.156,0.507,0.152,0.486,0.148,0.486,0.148,0.486,0.147,0.459,0.132,0.459,0.132,0.459,0.132
HUN,348,2012,HUN2012,0.439,0.439,0.436,0.488,0.488,0.482,0.489,0.489,0.486,0.408,0.408,0.408,0.462,0.462,0.458,0.462,0.462,0.460,0.374,0.374,0.374,0.434,0.434,0.432,0.432,0.432,0.432,0.214,0.214,0.210,0.159,0.159,0.151,0.162,0.162,0.157,0.201,0.201,0.201,0.144,0.144,0.139,0.145,0.145,0.142,0.175,0.175,0.175,0.121,0.121,0.118,0.120,0.120,0.119,0.472,0.179,0.472,0.179,0.468,0.173,0.444,0.163,0.444,0.163,0.442,0.161,0.413,0.139,0.413,0.139,0.413,0.138
HUN,348,2013,HUN2013,0.440,0.440,0.438,0.490,0.490,0.484,0.491,0.491,0.487,0.409,0.409,0.409,0.463,0.463,0.460,0.463,0.463,0.461,0.375,0.375,0.375,0.435,0.435,0.434,0.434,0.434,0.434,0.219,0.219,0.216,0.162,0.162,0.155,0.164,0.164,0.160,0.206,0.206,0.206,0.147,0.147,0.143,0.148,0.148,0.145,0.183,0.183,0.183,0.127,0.127,0.124,0.125,0.125,0.125,0.473,0.182,0.473,0.182,0.470,0.177,0.445,0.167,0.445,0.167,0.443,0.165,0.415,0.145,0.415,0.145,0.414,0.144
HUN,348,2014,HUN2014,0.439,0.439,0.437,0.489,0.489,0.483,0.490,0.490,0.487,0.407,0.407,0.407,0.462,0.462,0.460,0.462,0.462,0.461,0.373,0.373,0.373,0.435,0.435,0.433,0.434,0.434,0.434,0.220,0.220,0.217,0.162,0.162,0.155,0.164,0.164,0.160,0.206,0.206,0.206,0.147,0.147,0.143,0.147,0.147,0.145,0.183,0.183,0.183,0.127,0.127,0.125,0.125,0.125,0.125,0.472,0.182,0.472,0.182,0.469,0.177,0.444,0.167,0.444,0.167,0.443,0.165,0.414,0.145,0.414,0.145,0.413,0.144
HUN,348,2015,HUN2015,0.437,0.437,0.437,0.488,0.488,0.488,0.489,0.489,0.489,0.406,0.406,0.406,0.462,0.462,0.462,0.461,0.461,0.461,0.372,0.372,0.372,0.434,0.434,0.434,0.433,0.433,0.433,0.220,0.220,0.220,0.161,0.161,0.161,0.163,0.163,0.163,0.207,0.207,0.207,0.147,0.147,0.147,0.147,0.147,0.147,0.183,0.183,0.183,0.127,0.127,0.127,0.126,0.126,0.126,0.471,0.182,0.471,0.182,0.471,0.182,0.443,0.167,0.443,0.167,0.443,0.167,0.413,0.145,0.413,0.145,0.413,0.145
HUN,348,2016,HUN2016,0.438,0.438,0.438,0.548,0.548,0.548,0.547,0.547,0.547,0.406,0.406,0.406,0.522,0.522,0.522,0.520,0.520,0.520,0.372,0.372,0.372,0.489,0.489,0.489,0.487,0.487,0.487,0.220,0.220,0.220,0.169,0.169,0.169,0.171,0.171,0.171,0.206,0.206,0.206,0.164,0.164,0.164,0.164,0.164,0.164,0.183,0.183,0.183,0.147,0.147,0.147,0.145,0.145,0.145,0.511,0.187,0.511,0.187,0.511,0.187,0.483,0.178,0.483,0.178,0.483,0.178,0.450,0.158,0.450,0.158,0.450,0.158
HUN,348,2017,HUN2017,0.447,0.447,0.447,0.546,0.546,0.546,0.550,0.550,0.550,0.416,0.416,0.416,0.521,0.521,0.521,0.524,0.524,0.524,0.383,0.383,0.383,0.489,0.489,0.489,0.494,0.494,0.494,0.216,0.216,0.216,0.167,0.167,0.167,0.166,0.166,0.166,0.202,0.202,0.202,0.163,0.163,0.163,0.160,0.160,0.160,0.182,0.182,0.182,0.147,0.147,0.147,0.146,0.146,0.146,0.515,0.183,0.515,0.183,0.515,0.183,0.487,0.175,0.487,0.175,0.487,0.175,0.455,0.158,0.455,0.158,0.455,0.158
HUN,348,2018,HUN2018,0.441,0.441,0.441,0.536,0.536,0.536,0.540,0.540,0.540,0.409,0.409,0.409,0.512,0.512,0.512,0.515,0.515,0.515,0.376,0.376,0.376,0.481,0.481,0.481,0.485,0.485,0.485,0.219,0.219,0.219,0.167,0.167,0.167,0.166,0.166,0.166,0.205,0.205,0.205,0.163,0.163,0.163,0.161,0.161,0.161,0.182,0.182,0.182,0.148,0.148,0.148,0.147,0.147,0.147,0.506,0.184,0.506,0.184,0.506,0.184,0.479,0.176,0.479,0.176,0.479,0.176,0.447,0.159,0.447,0.159,0.447,0.159
HUN,348,2019,HUN2019,0.430,0.430,0.430,0.519,0.519,0.519,0.522,0.522,0.522,0.399,0.399,0.399,0.495,0.495,0.495,0.498,0.498,0.498,0.364,0.364,0.364,0.463,0.463,0.463,0.467,0.467,0.467,0.223,0.223,0.223,0.171,0.171,0.171,0.169,0.169,0.169,0.209,0.209,0.209,0.167,0.167,0.167,0.165,0.165,0.165,0.183,0.183,0.183,0.149,0.149,0.149,0.148,0.148,0.148,0.490,0.188,0.490,0.188,0.490,0.188,0.464,0.180,0.464,0.180,0.464,0.180,0.431,0.160,0.431,0.160,0.431,0.160
HUN,348,2020,HUN2020,0.425,0.425,0.425,0.516,0.516,0.516,0.519,0.519,0.519,0.394,0.394,0.394,0.490,0.490,0.490,0.494,0.494,0.494,0.358,0.358,0.358,0.457,0.457,0.457,0.461,0.461,0.461,0.225,0.225,0.225,0.177,0.177,0.177,0.174,0.174,0.174,0.211,0.211,0.211,0.171,0.171,0.171,0.170,0.170,0.170,0.183,0.183,0.183,0.151,0.151,0.151,0.150,0.150,0.150,0.486,0.192,0.486,0.192,0.486,0.192,0.459,0.184,0.459,0.184,0.459,0.184,0.425,0.161,0.425,0.161,0.425,0.161
HUN,348,2021,HUN2021,0.401,0.401,0.401,0.493,0.493,0.493,0.496,0.496,0.496,0.370,0.370,0.370,0.466,0.466,0.466,0.469,0.469,0.469,0.332,0.332,0.332,0.430,0.430,0.430,0.434,0.434,0.434,0.235,0.235,0.235,0.188,0.188,0.188,0.185,0.185,0.185,0.219,0.219,0.219,0.180,0.180,0.180,0.178,0.178,0.178,0.183,0.183,0.183,0.153,0.153,0.153,0.152,0.152,0.152,0.464,0.202,0.464,0.202,0.464,0.202,0.435,0.192,0.435,0.192,0.435,0.192,0.399,0.163,0.399,0.163,0.399,0.163
HUN,348,2022,HUN2022,0.436,0.436,0.436,0.516,0.516,0.516,0.519,0.519,0.519,0.405,0.405,0.405,0.487,0.487,0.487,0.491,0.491,0.491,0.370,0.370,0.370,0.453,0.453,0.453,0.456,0.456,0.456,0.221,0.221,0.221,0.185,0.185,0.185,0.183,0.183,0.183,0.207,0.207,0.207,0.177,0.177,0.177,0.175,0.175,0.175,0.183,0.183,0.183,0.156,0.156,0.156,0.155,0.155,0.155,0.490,0.196,0.490,0.196,0.490,0.196,0.461,0.186,0.461,0.186,0.461,0.186,0.427,0.164,0.427,0.164,0.427,0.164
IRL,372,2001,IRL2001,0.239,0.239,0.239,0.433,0.433,0.433,0.419,0.419,0.419,0.213,0.213,0.213,0.401,0.401,0.401,0.397,0.397,0.397,0.194,0.194,0.194,0.371,0.371,0.371,0.375,0.375,0.375,0.228,0.228,0.228,0.189,0.189,0.189,0.157,0.157,0.157,0.177,0.177,0.177,0.163,0.163,0.163,0.143,0.143,0.143,0.139,0.139,0.139,0.131,0.131,0.131,0.125,0.125,0.125,0.364,0.191,0.364,0.191,0.364,0.191,0.337,0.161,0.337,0.161,0.337,0.161,0.314,0.132,0.314,0.132,0.314,0.132
IRL,372,2002,IRL2002,0.248,0.248,0.248,0.447,0.447,0.447,0.423,0.423,0.423,0.220,0.220,0.220,0.416,0.416,0.416,0.402,0.402,0.402,0.201,0.201,0.201,0.386,0.386,0.386,0.379,0.379,0.379,0.228,0.228,0.228,0.183,0.183,0.183,0.155,0.155,0.155,0.177,0.177,0.177,0.159,0.159,0.159,0.143,0.143,0.143,0.139,0.139,0.139,0.129,0.129,0.129,0.125,0.125,0.125,0.372,0.189,0.372,0.189,0.372,0.189,0.346,0.160,0.346,0.160,0.346,0.160,0.322,0.131,0.322,0.131,0.322,0.131
IRL,372,2003,IRL2003,0.247,0.247,0.247,0.458,0.458,0.458,0.436,0.436,0.436,0.220,0.220,0.220,0.427,0.427,0.427,0.414,0.414,0.414,0.202,0.202,0.202,0.398,0.398,0.398,0.392,0.392,0.392,0.227,0.227,0.227,0.177,0.177,0.177,0.152,0.152,0.152,0.176,0.176,0.176,0.153,0.153,0.153,0.140,0.140,0.140,0.138,0.138,0.138,0.124,0.124,0.124,0.123,0.123,0.123,0.380,0.185,0.380,0.185,0.380,0.185,0.354,0.156,0.354,0.156,0.354,0.156,0.330,0.128,0.330,0.128,0.330,0.128
IRL,372,2004,IRL2004,0.254,0.254,0.254,0.464,0.464,0.464,0.441,0.441,0.441,0.226,0.226,0.226,0.433,0.433,0.433,0.420,0.420,0.420,0.208,0.208,0.208,0.405,0.405,0.405,0.398,0.398,0.398,0.224,0.224,0.224,0.173,0.173,0.173,0.149,0.149,0.149,0.174,0.174,0.174,0.150,0.150,0.150,0.138,0.138,0.138,0.138,0.138,0.138,0.123,0.123,0.123,0.122,0.122,0.122,0.386,0.182,0.386,0.182,0.386,0.182,0.360,0.154,0.360,0.154,0.360,0.154,0.337,0.127,0.337,0.127,0.337,0.127
IRL,372,2005,IRL2005,0.269,0.269,0.269,0.480,0.480,0.480,0.455,0.455,0.455,0.239,0.239,0.239,0.450,0.450,0.450,0.434,0.434,0.434,0.220,0.220,0.220,0.422,0.422,0.422,0.413,0.413,0.413,0.224,0.224,0.224,0.167,0.167,0.167,0.144,0.144,0.144,0.173,0.173,0.173,0.146,0.146,0.146,0.134,0.134,0.134,0.137,0.137,0.137,0.122,0.122,0.122,0.119,0.119,0.119,0.401,0.178,0.401,0.178,0.401,0.178,0.375,0.151,0.375,0.151,0.375,0.151,0.351,0.126,0.351,0.126,0.351,0.126
IRL,372,2006,IRL2006,0.287,0.287,0.287,0.511,0.511,0.511,0.483,0.483,0.483,0.255,0.255,0.255,0.482,0.482,0.482,0.463,0.463,0.463,0.234,0.234,0.234,0.453,0.453,0.453,0.442,0.442,0.442,0.225,0.225,0.225,0.159,0.159,0.159,0.136,0.136,0.136,0.174,0.174,0.174,0.141,0.141,0.141,0.128,0.128,0.128,0.136,0.136,0.136,0.118,0.118,0.118,0.115,0.115,0.115,0.427,0.174,0.427,0.174,0.427,0.174,0.400,0.147,0.400,0.147,0.400,0.147,0.376,0.123,0.376,0.123,0.376,0.123
IRL,372,2007,IRL2007,0.303,0.303,0.303,0.543,0.543,0.543,0.504,0.504,0.504,0.270,0.270,0.270,0.512,0.512,0.512,0.484,0.484,0.484,0.247,0.247,0.247,0.483,0.483,0.483,0.462,0.462,0.462,0.226,0.226,0.226,0.157,0.157,0.157,0.133,0.133,0.133,0.174,0.174,0.174,0.140,0.140,0.140,0.125,0.125,0.125,0.137,0.137,0.137,0.118,0.118,0.118,0.114,0.114,0.114,0.450,0.172,0.450,0.172,0.450,0.172,0.422,0.146,0.422,0.146,0.422,0.146,0.397,0.123,0.397,0.123,0.397,0.123
IRL,372,2008,IRL2008,0.308,0.308,0.308,0.554,0.554,0.554,0.514,0.514,0.514,0.274,0.274,0.274,0.523,0.523,0.523,0.494,0.494,0.494,0.251,0.251,0.251,0.492,0.492,0.492,0.472,0.472,0.472,0.226,0.226,0.226,0.158,0.158,0.158,0.133,0.133,0.133,0.174,0.174,0.174,0.140,0.140,0.140,0.126,0.126,0.126,0.137,0.137,0.137,0.118,0.118,0.118,0.115,0.115,0.115,0.459,0.172,0.459,0.172,0.459,0.172,0.430,0.147,0.430,0.147,0.430,0.147,0.405,0.123,0.405,0.123,0.405,0.123
IRL,372,2009,IRL2009,0.331,0.331,0.331,0.579,0.579,0.579,0.534,0.534,0.534,0.294,0.294,0.294,0.550,0.550,0.550,0.517,0.517,0.517,0.270,0.270,0.270,0.521,0.521,0.521,0.497,0.497,0.497,0.223,0.223,0.223,0.147,0.147,0.147,0.119,0.119,0.119,0.171,0.171,0.171,0.132,0.132,0.132,0.115,0.115,0.115,0.133,0.133,0.133,0.113,0.113,0.113,0.106,0.106,0.106,0.481,0.163,0.481,0.163,0.481,0.163,0.454,0.139,0.454,0.139,0.454,0.139,0.429,0.117,0.429,0.117,0.429,0.117
IRL,372,2010,IRL2010,0.318,0.318,0.318,0.559,0.559,0.559,0.516,0.516,0.516,0.283,0.283,0.283,0.530,0.530,0.530,0.500,0.500,0.500,0.260,0.260,0.260,0.502,0.502,0.502,0.481,0.481,0.481,0.222,0.222,0.222,0.148,0.148,0.148,0.120,0.120,0.120,0.170,0.170,0.170,0.133,0.133,0.133,0.117,0.117,0.117,0.133,0.133,0.133,0.115,0.115,0.115,0.109,0.109,0.109,0.464,0.164,0.464,0.164,0.464,0.164,0.438,0.140,0.438,0.140,0.438,0.140,0.414,0.119,0.414,0.119,0.414,0.119
IRL,372,2011,IRL2011,0.322,0.322,0.322,0.567,0.567,0.567,0.526,0.526,0.526,0.289,0.289,0.289,0.541,0.541,0.541,0.513,0.513,0.513,0.267,0.267,0.267,0.517,0.517,0.517,0.494,0.494,0.494,0.210,0.210,0.210,0.132,0.132,0.132,0.108,0.108,0.108,0.161,0.161,0.161,0.118,0.118,0.118,0.108,0.108,0.108,0.126,0.126,0.126,0.104,0.104,0.104,0.100,0.100,0.100,0.472,0.150,0.472,0.150,0.472,0.150,0.448,0.129,0.448,0.129,0.448,0.129,0.426,0.110,0.426,0.110,0.426,0.110
IRL,372,2012,IRL2012,0.318,0.318,0.318,0.562,0.562,0.562,0.405,0.405,0.405,0.285,0.285,0.285,0.536,0.536,0.536,0.393,0.393,0.393,0.263,0.263,0.263,0.512,0.512,0.512,0.378,0.378,0.378,0.210,0.210,0.210,0.134,0.134,0.134,0.113,0.113,0.113,0.161,0.161,0.161,0.120,0.120,0.120,0.111,0.111,0.111,0.127,0.127,0.127,0.105,0.105,0.105,0.102,0.102,0.102,0.428,0.152,0.428,0.152,0.428,0.152,0.405,0.131,0.405,0.131,0.405,0.131,0.384,0.111,0.384,0.111,0.384,0.111
IRL,372,2013,IRL2013,0.317,0.317,0.317,0.559,0.559,0.559,0.401,0.401,0.401,0.285,0.285,0.285,0.533,0.533,0.533,0.389,0.389,0.389,0.263,0.263,0.263,0.508,0.508,0.508,0.374,0.374,0.374,0.210,0.210,0.210,0.135,0.135,0.135,0.115,0.115,0.115,0.163,0.163,0.163,0.121,0.121,0.121,0.113,0.113,0.113,0.128,0.128,0.128,0.106,0.106,0.106,0.103,0.103,0.103,0.426,0.154,0.426,0.154,0.426,0.154,0.403,0.132,0.403,0.132,0.403,0.132,0.382,0.112,0.382,0.112,0.382,0.112
IRL,372,2014,IRL2014,0.315,0.315,0.315,0.557,0.557,0.557,0.400,0.400,0.400,0.284,0.284,0.284,0.531,0.531,0.531,0.388,0.388,0.388,0.262,0.262,0.262,0.506,0.506,0.506,0.373,0.373,0.373,0.210,0.210,0.210,0.136,0.136,0.136,0.117,0.117,0.117,0.163,0.163,0.163,0.121,0.121,0.121,0.113,0.113,0.113,0.128,0.128,0.128,0.106,0.106,0.106,0.104,0.104,0.104,0.424,0.154,0.424,0.154,0.424,0.154,0.401,0.133,0.401,0.133,0.401,0.133,0.380,0.113,0.380,0.113,0.380,0.113
IRL,372,2015,IRL2015,0.310,0.310,0.310,0.552,0.552,0.552,0.397,0.397,0.397,0.278,0.278,0.278,0.526,0.526,0.526,0.384,0.384,0.384,0.256,0.256,0.256,0.501,0.501,0.501,0.369,0.369,0.369,0.212,0.212,0.212,0.139,0.139,0.139,0.120,0.120,0.120,0.164,0.164,0.164,0.124,0.124,0.124,0.117,0.117,0.117,0.129,0.129,0.129,0.108,0.108,0.108,0.106,0.106,0.106,0.420,0.157,0.420,0.157,0.420,0.157,0.396,0.135,0.396,0.135,0.396,0.135,0.375,0.114,0.375,0.114,0.375,0.114
IRL,372,2016,IRL2016,0.300,0.300,0.300,0.538,0.538,0.538,0.389,0.389,0.389,0.270,0.270,0.270,0.512,0.512,0.512,0.376,0.376,0.376,0.248,0.248,0.248,0.487,0.487,0.487,0.360,0.360,0.360,0.213,0.213,0.213,0.141,0.141,0.141,0.124,0.124,0.124,0.166,0.166,0.166,0.126,0.126,0.126,0.119,0.119,0.119,0.130,0.130,0.130,0.110,0.110,0.110,0.108,0.108,0.108,0.409,0.159,0.409,0.159,0.409,0.159,0.386,0.137,0.386,0.137,0.386,0.137,0.365,0.116,0.365,0.116,0.365,0.116
IRL,372,2017,IRL2017,0.301,0.301,0.270,0.541,0.541,0.503,0.391,0.391,0.366,0.270,0.270,0.252,0.513,0.513,0.486,0.377,0.377,0.357,0.249,0.249,0.238,0.487,0.487,0.470,0.360,0.360,0.347,0.213,0.213,0.156,0.144,0.144,0.105,0.126,0.126,0.092,0.166,0.166,0.126,0.128,0.128,0.096,0.122,0.122,0.091,0.130,0.130,0.103,0.111,0.111,0.086,0.109,0.109,0.084,0.411,0.161,0.411,0.161,0.380,0.118,0.387,0.139,0.387,0.139,0.365,0.104,0.365,0.117,0.365,0.117,0.352,0.091
IRL,372,2018,IRL2018,0.291,0.291,0.263,0.528,0.528,0.491,0.382,0.382,0.358,0.261,0.261,0.245,0.500,0.500,0.474,0.369,0.369,0.349,0.240,0.240,0.232,0.473,0.473,0.458,0.351,0.351,0.338,0.214,0.214,0.159,0.149,0.149,0.109,0.132,0.132,0.096,0.166,0.166,0.129,0.132,0.132,0.099,0.127,0.127,0.095,0.131,0.131,0.107,0.113,0.113,0.089,0.112,0.112,0.087,0.400,0.165,0.400,0.165,0.371,0.121,0.376,0.142,0.376,0.142,0.356,0.107,0.355,0.118,0.355,0.118,0.343,0.094
IRL,372,2019,IRL2019,0.288,0.288,0.262,0.527,0.527,0.492,0.384,0.384,0.360,0.259,0.259,0.244,0.499,0.499,0.474,0.370,0.370,0.351,0.238,0.238,0.231,0.471,0.471,0.458,0.351,0.351,0.340,0.214,0.214,0.162,0.151,0.151,0.111,0.134,0.134,0.098,0.167,0.167,0.132,0.133,0.133,0.101,0.129,0.129,0.097,0.131,0.131,0.109,0.113,0.113,0.091,0.113,0.113,0.090,0.400,0.166,0.400,0.166,0.371,0.124,0.376,0.143,0.376,0.143,0.357,0.110,0.354,0.119,0.354,0.119,0.343,0.097
IRL,372,2020,IRL2020,0.290,0.290,0.265,0.538,0.538,0.503,0.394,0.394,0.370,0.260,0.260,0.246,0.509,0.509,0.485,0.379,0.379,0.361,0.239,0.239,0.232,0.481,0.481,0.468,0.361,0.361,0.350,0.214,0.214,0.163,0.151,0.151,0.111,0.133,0.133,0.097,0.166,0.166,0.133,0.133,0.133,0.102,0.129,0.129,0.097,0.131,0.131,0.111,0.113,0.113,0.092,0.113,0.113,0.091,0.407,0.166,0.407,0.166,0.379,0.124,0.383,0.143,0.383,0.143,0.364,0.110,0.360,0.119,0.360,0.119,0.350,0.098
IRL,372,2021,IRL2021,0.386,0.386,0.355,0.531,0.531,0.496,0.478,0.478,0.447,0.352,0.352,0.335,0.502,0.502,0.479,0.446,0.446,0.425,0.324,0.324,0.316,0.474,0.474,0.462,0.424,0.424,0.412,0.202,0.202,0.155,0.152,0.152,0.112,0.159,0.159,0.121,0.166,0.166,0.135,0.134,0.134,0.103,0.130,0.130,0.099,0.132,0.132,0.114,0.113,0.113,0.094,0.114,0.114,0.093,0.465,0.171,0.465,0.171,0.433,0.129,0.433,0.143,0.433,0.143,0.413,0.112,0.407,0.120,0.407,0.120,0.397,0.100
IRL,372,2022,IRL2022,0.374,0.374,0.346,0.532,0.532,0.497,0.478,0.478,0.448,0.339,0.339,0.325,0.501,0.501,0.478,0.442,0.442,0.422,0.313,0.313,0.307,0.472,0.472,0.461,0.412,0.412,0.402,0.205,0.205,0.160,0.157,0.157,0.115,0.177,0.177,0.140,0.166,0.166,0.138,0.137,0.137,0.106,0.147,0.147,0.116,0.131,0.131,0.117,0.114,0.114,0.097,0.116,0.116,0.097,0.461,0.180,0.461,0.180,0.430,0.138,0.427,0.150,0.427,0.150,0.409,0.120,0.399,0.120,0.399,0.120,0.390,0.104
ISL,352,2001,ISL2001,0.383,0.383,0.360,0.456,0.619,0.567,0.539,0.539,0.490,0.340,0.340,0.326,0.417,0.577,0.536,0.500,0.500,0.462,0.310,0.310,0.301,0.392,0.541,0.510,0.468,0.468,0.439,0.238,0.238,0.209,0.181,0.167,0.133,0.175,0.175,0.137,0.191,0.191,0.168,0.139,0.139,0.109,0.145,0.145,0.112,0.154,0.154,0.136,0.114,0.113,0.087,0.119,0.119,0.091,0.459,0.198,0.514,0.193,0.472,0.160,0.419,0.158,0.472,0.158,0.441,0.130,0.390,0.129,0.440,0.129,0.417,0.105
ISL,352,2002,ISL2002,0.399,0.399,0.378,0.466,0.631,0.583,0.542,0.542,0.497,0.355,0.355,0.342,0.426,0.589,0.553,0.502,0.502,0.469,0.323,0.323,0.316,0.401,0.554,0.528,0.470,0.470,0.447,0.238,0.238,0.210,0.179,0.163,0.129,0.176,0.176,0.137,0.191,0.191,0.170,0.138,0.137,0.107,0.146,0.146,0.113,0.153,0.153,0.140,0.113,0.113,0.088,0.120,0.120,0.094,0.469,0.198,0.524,0.192,0.486,0.159,0.428,0.158,0.482,0.158,0.455,0.130,0.398,0.129,0.449,0.129,0.430,0.107
ISL,352,2003,ISL2003,0.394,0.394,0.375,0.463,0.619,0.577,0.533,0.533,0.494,0.350,0.350,0.340,0.424,0.576,0.547,0.493,0.493,0.466,0.318,0.318,0.314,0.399,0.542,0.523,0.461,0.461,0.443,0.239,0.239,0.213,0.179,0.166,0.132,0.179,0.179,0.142,0.192,0.192,0.174,0.139,0.139,0.111,0.148,0.148,0.118,0.155,0.155,0.145,0.115,0.115,0.094,0.122,0.122,0.100,0.463,0.199,0.515,0.195,0.482,0.162,0.422,0.160,0.473,0.160,0.451,0.134,0.393,0.131,0.440,0.131,0.427,0.113
ISL,352,2004,ISL2004,0.408,0.408,0.391,0.489,0.595,0.558,0.542,0.542,0.506,0.362,0.362,0.354,0.449,0.552,0.527,0.500,0.500,0.476,0.330,0.330,0.326,0.422,0.519,0.503,0.467,0.467,0.453,0.240,0.240,0.216,0.179,0.171,0.138,0.181,0.181,0.146,0.193,0.193,0.177,0.141,0.141,0.115,0.150,0.150,0.122,0.155,0.155,0.148,0.116,0.116,0.098,0.123,0.123,0.104,0.480,0.200,0.515,0.197,0.485,0.167,0.437,0.161,0.472,0.161,0.452,0.138,0.406,0.132,0.438,0.132,0.428,0.117
ISL,352,2005,ISL2005,0.370,0.370,0.358,0.449,0.574,0.545,0.501,0.501,0.473,0.327,0.327,0.322,0.412,0.531,0.513,0.460,0.460,0.444,0.297,0.297,0.296,0.385,0.496,0.487,0.428,0.428,0.420,0.247,0.247,0.227,0.187,0.181,0.153,0.192,0.192,0.161,0.198,0.198,0.188,0.151,0.151,0.130,0.159,0.159,0.137,0.160,0.160,0.158,0.126,0.126,0.113,0.131,0.131,0.118,0.440,0.209,0.482,0.207,0.459,0.180,0.400,0.169,0.439,0.169,0.426,0.152,0.370,0.139,0.407,0.139,0.401,0.130
ISL,352,2006,ISL2006,0.519,0.519,0.507,0.630,0.638,0.614,0.620,0.620,0.595,0.486,0.486,0.481,0.605,0.605,0.591,0.588,0.588,0.573,0.452,0.452,0.451,0.575,0.575,0.568,0.555,0.555,0.548,0.196,0.196,0.181,0.146,0.155,0.132,0.162,0.162,0.137,0.182,0.182,0.176,0.141,0.141,0.126,0.150,0.150,0.134,0.164,0.164,0.163,0.129,0.129,0.121,0.135,0.135,0.126,0.590,0.168,0.592,0.171,0.572,0.150,0.559,0.158,0.559,0.158,0.549,0.146,0.527,0.143,0.527,0.143,0.523,0.137
ISL,352,2007,ISL2007,0.498,0.498,0.489,0.606,0.616,0.597,0.595,0.595,0.576,0.465,0.465,0.462,0.582,0.582,0.572,0.562,0.562,0.552,0.428,0.428,0.428,0.550,0.550,0.546,0.527,0.527,0.524,0.203,0.203,0.192,0.150,0.162,0.142,0.170,0.170,0.150,0.190,0.190,0.186,0.146,0.146,0.135,0.158,0.158,0.146,0.165,0.165,0.165,0.131,0.131,0.126,0.138,0.138,0.133,0.566,0.174,0.569,0.178,0.554,0.161,0.536,0.164,0.536,0.164,0.529,0.155,0.502,0.145,0.502,0.145,0.499,0.141
ISL,352,2008,ISL2008,0.475,0.475,0.463,0.580,0.589,0.558,0.572,0.572,0.540,0.440,0.440,0.437,0.554,0.554,0.535,0.538,0.538,0.519,0.402,0.402,0.402,0.520,0.520,0.510,0.501,0.501,0.491,0.213,0.213,0.197,0.158,0.170,0.139,0.179,0.179,0.146,0.197,0.197,0.191,0.152,0.152,0.131,0.164,0.164,0.142,0.166,0.166,0.165,0.132,0.132,0.120,0.140,0.140,0.127,0.542,0.183,0.545,0.187,0.520,0.161,0.511,0.171,0.511,0.171,0.497,0.155,0.474,0.146,0.474,0.146,0.468,0.137
ISL,352,2009,ISL2009,0.587,0.587,0.572,0.683,0.688,0.653,0.677,0.677,0.638,0.550,0.550,0.544,0.651,0.655,0.632,0.643,0.643,0.618,0.522,0.522,0.521,0.633,0.633,0.619,0.615,0.615,0.600,0.176,0.176,0.159,0.129,0.133,0.103,0.147,0.147,0.114,0.155,0.155,0.148,0.111,0.116,0.095,0.131,0.131,0.108,0.148,0.148,0.147,0.113,0.113,0.098,0.124,0.124,0.108,0.649,0.151,0.651,0.152,0.621,0.125,0.614,0.133,0.616,0.134,0.598,0.117,0.590,0.128,0.590,0.128,0.580,0.118
ISL,352,2010,ISL2010,0.585,0.585,0.572,0.680,0.691,0.658,0.675,0.675,0.639,0.550,0.550,0.545,0.650,0.657,0.636,0.642,0.642,0.620,0.522,0.522,0.521,0.632,0.632,0.620,0.615,0.615,0.602,0.173,0.173,0.156,0.125,0.136,0.108,0.144,0.144,0.112,0.154,0.154,0.148,0.110,0.119,0.099,0.130,0.130,0.108,0.146,0.146,0.145,0.112,0.112,0.099,0.121,0.121,0.107,0.647,0.147,0.651,0.151,0.623,0.125,0.614,0.131,0.616,0.134,0.600,0.118,0.590,0.126,0.590,0.126,0.581,0.117
ISL,352,2011,ISL2011,0.577,0.577,0.566,0.683,0.697,0.668,0.667,0.667,0.634,0.540,0.540,0.537,0.653,0.663,0.644,0.633,0.633,0.613,0.512,0.512,0.512,0.634,0.634,0.624,0.603,0.603,0.592,0.178,0.178,0.164,0.129,0.141,0.117,0.152,0.152,0.122,0.158,0.158,0.154,0.114,0.126,0.108,0.138,0.138,0.118,0.149,0.149,0.148,0.115,0.115,0.105,0.128,0.128,0.116,0.642,0.153,0.647,0.157,0.623,0.134,0.609,0.137,0.612,0.141,0.598,0.127,0.583,0.131,0.583,0.131,0.576,0.123
ISL,352,2012,ISL2012,0.560,0.560,0.549,0.665,0.681,0.655,0.647,0.647,0.617,0.525,0.525,0.522,0.638,0.646,0.629,0.613,0.613,0.596,0.494,0.494,0.494,0.616,0.616,0.608,0.581,0.581,0.573,0.182,0.182,0.169,0.133,0.148,0.125,0.158,0.158,0.129,0.164,0.164,0.160,0.122,0.132,0.116,0.144,0.144,0.126,0.152,0.152,0.151,0.121,0.121,0.112,0.131,0.131,0.120,0.624,0.158,0.629,0.163,0.607,0.141,0.592,0.143,0.594,0.147,0.582,0.134,0.564,0.134,0.564,0.134,0.558,0.128
ISL,352,2013,ISL2013,0.541,0.541,0.528,0.649,0.665,0.637,0.646,0.646,0.616,0.507,0.507,0.503,0.623,0.628,0.611,0.614,0.614,0.596,0.475,0.475,0.474,0.598,0.598,0.590,0.582,0.582,0.573,0.187,0.187,0.171,0.133,0.150,0.124,0.155,0.155,0.126,0.171,0.171,0.164,0.124,0.130,0.113,0.143,0.143,0.124,0.154,0.154,0.153,0.117,0.117,0.107,0.129,0.129,0.118,0.612,0.158,0.618,0.164,0.594,0.140,0.582,0.146,0.583,0.148,0.570,0.134,0.552,0.134,0.552,0.134,0.546,0.126
ISL,352,2014,ISL2014,0.526,0.526,0.513,0.634,0.650,0.619,0.629,0.629,0.596,0.492,0.492,0.487,0.609,0.612,0.592,0.596,0.596,0.574,0.459,0.459,0.457,0.582,0.582,0.570,0.563,0.563,0.549,0.191,0.191,0.175,0.138,0.155,0.130,0.161,0.161,0.132,0.175,0.175,0.167,0.130,0.134,0.116,0.148,0.148,0.128,0.155,0.155,0.153,0.121,0.121,0.108,0.132,0.132,0.118,0.596,0.163,0.601,0.169,0.576,0.146,0.566,0.151,0.567,0.153,0.551,0.137,0.534,0.136,0.534,0.136,0.525,0.126
ISL,352,2015,ISL2015,0.512,0.512,0.501,0.629,0.644,0.618,0.622,0.622,0.594,0.478,0.478,0.474,0.605,0.607,0.590,0.589,0.589,0.571,0.443,0.443,0.442,0.576,0.576,0.566,0.554,0.554,0.544,0.196,0.196,0.182,0.140,0.157,0.134,0.164,0.164,0.138,0.180,0.180,0.174,0.134,0.137,0.120,0.151,0.151,0.133,0.156,0.156,0.155,0.123,0.123,0.112,0.133,0.133,0.120,0.588,0.166,0.593,0.172,0.571,0.151,0.558,0.155,0.558,0.156,0.545,0.142,0.525,0.137,0.525,0.137,0.517,0.129
ISL,352,2016,ISL2016,0.511,0.511,0.502,0.628,0.639,0.616,0.615,0.615,0.591,0.477,0.477,0.474,0.602,0.603,0.589,0.581,0.581,0.566,0.442,0.442,0.442,0.572,0.572,0.565,0.546,0.546,0.538,0.196,0.196,0.184,0.146,0.159,0.138,0.167,0.167,0.144,0.179,0.179,0.175,0.139,0.141,0.127,0.153,0.153,0.138,0.156,0.156,0.156,0.128,0.128,0.119,0.134,0.134,0.124,0.585,0.169,0.589,0.174,0.570,0.155,0.554,0.157,0.554,0.158,0.543,0.146,0.520,0.139,0.520,0.139,0.515,0.133
ISL,352,2017,ISL2017,0.524,0.524,0.508,0.635,0.644,0.605,0.628,0.628,0.591,0.489,0.489,0.482,0.608,0.608,0.580,0.594,0.594,0.568,0.456,0.456,0.454,0.579,0.579,0.559,0.560,0.560,0.543,0.192,0.192,0.172,0.147,0.157,0.128,0.163,0.163,0.133,0.174,0.174,0.164,0.138,0.139,0.115,0.149,0.149,0.125,0.155,0.155,0.151,0.128,0.128,0.109,0.132,0.132,0.115,0.596,0.167,0.599,0.171,0.568,0.144,0.564,0.154,0.564,0.154,0.543,0.135,0.532,0.138,0.532,0.138,0.519,0.125
ISL,352,2018,ISL2018,0.530,0.530,0.510,0.642,0.650,0.607,0.637,0.637,0.596,0.494,0.494,0.485,0.614,0.614,0.582,0.603,0.603,0.573,0.462,0.462,0.458,0.585,0.585,0.561,0.570,0.570,0.549,0.191,0.191,0.169,0.145,0.153,0.124,0.161,0.161,0.130,0.173,0.173,0.160,0.136,0.136,0.112,0.147,0.147,0.121,0.156,0.156,0.150,0.126,0.126,0.105,0.132,0.132,0.111,0.603,0.166,0.605,0.168,0.571,0.141,0.570,0.152,0.571,0.152,0.547,0.131,0.539,0.138,0.539,0.138,0.523,0.122
ISL,352,2019,ISL2019,0.589,0.589,0.569,0.695,0.694,0.652,0.693,0.693,0.652,0.548,0.548,0.539,0.659,0.661,0.628,0.657,0.657,0.627,0.522,0.522,0.518,0.635,0.635,0.610,0.629,0.629,0.608,0.176,0.176,0.154,0.139,0.136,0.109,0.146,0.146,0.117,0.150,0.150,0.138,0.119,0.121,0.097,0.129,0.129,0.105,0.142,0.142,0.137,0.113,0.113,0.093,0.121,0.121,0.102,0.659,0.153,0.659,0.153,0.624,0.126,0.622,0.133,0.622,0.133,0.598,0.113,0.595,0.125,0.595,0.125,0.579,0.111
ISL,352,2020,ISL2020,0.585,0.585,0.568,0.688,0.685,0.648,0.687,0.687,0.651,0.545,0.545,0.538,0.652,0.652,0.624,0.652,0.652,0.627,0.518,0.518,0.517,0.627,0.627,0.607,0.625,0.625,0.608,0.175,0.175,0.156,0.140,0.136,0.108,0.147,0.147,0.118,0.151,0.151,0.142,0.120,0.121,0.098,0.130,0.130,0.108,0.143,0.143,0.140,0.113,0.113,0.095,0.123,0.123,0.106,0.653,0.154,0.652,0.153,0.622,0.128,0.616,0.134,0.617,0.134,0.596,0.116,0.590,0.126,0.590,0.126,0.577,0.114
ISL,352,2021,ISL2021,0.574,0.574,0.558,0.675,0.670,0.635,0.677,0.677,0.643,0.535,0.535,0.529,0.636,0.636,0.610,0.640,0.640,0.616,0.507,0.507,0.506,0.609,0.609,0.591,0.610,0.610,0.595,0.179,0.179,0.161,0.148,0.143,0.117,0.154,0.154,0.128,0.155,0.155,0.147,0.127,0.127,0.104,0.136,0.136,0.115,0.146,0.146,0.144,0.117,0.117,0.099,0.126,0.126,0.110,0.642,0.161,0.640,0.159,0.612,0.135,0.604,0.139,0.604,0.139,0.585,0.122,0.576,0.130,0.576,0.130,0.564,0.118
ISL,352,2022,ISL2022,0.563,0.563,0.549,0.663,0.660,0.628,0.668,0.668,0.636,0.527,0.527,0.522,0.627,0.627,0.603,0.633,0.633,0.610,0.498,0.498,0.497,0.600,0.600,0.583,0.603,0.603,0.589,0.178,0.178,0.162,0.148,0.144,0.119,0.153,0.153,0.128,0.158,0.158,0.151,0.129,0.129,0.108,0.138,0.138,0.117,0.147,0.147,0.146,0.119,0.119,0.102,0.128,0.128,0.112,0.631,0.160,0.630,0.159,0.604,0.136,0.596,0.141,0.596,0.141,0.578,0.125,0.567,0.131,0.567,0.131,0.556,0.120
ISR,376,2008,ISR2008,0.654,0.654,0.654,0.660,0.654,0.638,0.653,0.638,0.623,0.638,0.638,0.638,0.649,0.649,0.642,0.640,0.639,0.630,0.621,0.621,0.621,0.633,0.633,0.633,0.626,0.626,0.626,0.073,0.073,0.073,0.065,0.057,0.038,0.056,0.036,0.017,0.064,0.064,0.064,0.063,0.063,0.054,0.049,0.046,0.035,0.054,0.054,0.054,0.053,0.053,0.053,0.037,0.037,0.037,0.655,0.065,0.649,0.055,0.638,0.043,0.642,0.059,0.642,0.058,0.637,0.051,0.627,0.048,0.627,0.048,0.627,0.048
ISR,376,2009,ISR2009,0.658,0.658,0.658,0.665,0.657,0.640,0.656,0.641,0.623,0.642,0.642,0.642,0.653,0.653,0.645,0.642,0.641,0.630,0.624,0.624,0.624,0.636,0.636,0.636,0.626,0.626,0.624,0.077,0.077,0.077,0.068,0.058,0.038,0.061,0.042,0.021,0.068,0.068,0.068,0.066,0.066,0.056,0.055,0.052,0.038,0.057,0.057,0.057,0.057,0.057,0.056,0.042,0.042,0.039,0.659,0.069,0.652,0.059,0.640,0.045,0.646,0.063,0.645,0.062,0.639,0.054,0.629,0.052,0.629,0.052,0.628,0.051
ISR,376,2010,ISR2010,0.665,0.665,0.665,0.672,0.663,0.644,0.661,0.646,0.626,0.649,0.649,0.649,0.660,0.661,0.650,0.648,0.646,0.633,0.632,0.632,0.632,0.644,0.644,0.642,0.631,0.631,0.627,0.076,0.076,0.076,0.069,0.058,0.036,0.064,0.045,0.022,0.069,0.069,0.069,0.067,0.068,0.055,0.058,0.055,0.039,0.059,0.059,0.059,0.059,0.059,0.055,0.046,0.046,0.040,0.666,0.070,0.658,0.060,0.645,0.045,0.653,0.065,0.652,0.064,0.644,0.054,0.636,0.055,0.636,0.055,0.634,0.051
ISR,376,2011,ISR2011,0.669,0.669,0.669,0.674,0.666,0.648,0.664,0.649,0.630,0.651,0.651,0.651,0.662,0.662,0.653,0.650,0.648,0.635,0.634,0.634,0.634,0.647,0.647,0.645,0.634,0.634,0.631,0.079,0.079,0.079,0.070,0.059,0.038,0.065,0.046,0.025,0.071,0.071,0.071,0.067,0.067,0.056,0.058,0.055,0.040,0.062,0.062,0.062,0.061,0.061,0.058,0.048,0.048,0.043,0.669,0.071,0.661,0.062,0.649,0.047,0.654,0.065,0.654,0.065,0.647,0.056,0.638,0.057,0.638,0.057,0.637,0.054
ISR,376,2012,ISR2012,0.672,0.672,0.672,0.676,0.669,0.639,0.659,0.647,0.611,0.654,0.654,0.654,0.666,0.666,0.647,0.647,0.645,0.618,0.637,0.637,0.637,0.651,0.651,0.646,0.631,0.631,0.616,0.080,0.080,0.080,0.066,0.057,0.023,0.064,0.049,0.012,0.070,0.070,0.070,0.066,0.066,0.042,0.060,0.058,0.028,0.061,0.061,0.061,0.060,0.060,0.053,0.050,0.050,0.031,0.669,0.070,0.663,0.062,0.641,0.038,0.655,0.065,0.655,0.065,0.640,0.047,0.639,0.057,0.639,0.057,0.633,0.048
ISR,376,2013,ISR2013,0.680,0.680,0.680,0.687,0.681,0.649,0.669,0.658,0.621,0.662,0.662,0.662,0.678,0.678,0.657,0.657,0.656,0.628,0.645,0.645,0.645,0.663,0.663,0.657,0.641,0.641,0.626,0.078,0.078,0.078,0.064,0.056,0.022,0.064,0.049,0.012,0.069,0.069,0.069,0.065,0.065,0.040,0.059,0.058,0.027,0.060,0.060,0.060,0.059,0.059,0.051,0.050,0.050,0.030,0.679,0.069,0.673,0.061,0.650,0.037,0.666,0.064,0.665,0.064,0.649,0.045,0.650,0.056,0.650,0.056,0.643,0.047
ISR,376,2014,ISR2014,0.681,0.681,0.681,0.679,0.672,0.640,0.662,0.649,0.609,0.663,0.663,0.663,0.670,0.670,0.649,0.650,0.649,0.617,0.643,0.643,0.643,0.653,0.653,0.648,0.632,0.632,0.614,0.081,0.081,0.081,0.067,0.058,0.022,0.064,0.048,0.007,0.072,0.072,0.072,0.068,0.068,0.043,0.060,0.058,0.023,0.060,0.060,0.060,0.059,0.059,0.053,0.047,0.047,0.023,0.674,0.070,0.667,0.062,0.643,0.037,0.661,0.067,0.660,0.066,0.643,0.046,0.643,0.055,0.643,0.055,0.635,0.045
ISR,376,2015,ISR2015,0.675,0.675,0.675,0.677,0.671,0.641,0.661,0.649,0.611,0.657,0.657,0.657,0.666,0.666,0.648,0.648,0.647,0.618,0.637,0.637,0.637,0.648,0.648,0.646,0.630,0.630,0.614,0.081,0.081,0.081,0.069,0.061,0.027,0.065,0.050,0.010,0.072,0.072,0.072,0.069,0.069,0.046,0.059,0.059,0.025,0.059,0.059,0.059,0.059,0.059,0.055,0.046,0.046,0.024,0.671,0.072,0.665,0.064,0.642,0.040,0.657,0.067,0.657,0.066,0.641,0.048,0.639,0.054,0.639,0.054,0.632,0.046
ISR,376,2016,ISR2016,0.670,0.670,0.670,0.673,0.668,0.639,0.650,0.640,0.606,0.651,0.651,0.651,0.662,0.662,0.645,0.637,0.637,0.612,0.632,0.632,0.632,0.643,0.643,0.642,0.624,0.624,0.611,0.082,0.082,0.082,0.071,0.065,0.032,0.058,0.044,0.007,0.072,0.072,0.072,0.070,0.070,0.049,0.050,0.049,0.020,0.059,0.059,0.059,0.059,0.059,0.058,0.041,0.041,0.024,0.665,0.070,0.660,0.064,0.639,0.040,0.650,0.064,0.650,0.064,0.636,0.047,0.633,0.053,0.633,0.053,0.628,0.047
ISR,376,2017,ISR2017,0.666,0.666,0.666,0.669,0.665,0.639,0.644,0.635,0.595,0.646,0.646,0.646,0.657,0.657,0.643,0.630,0.630,0.598,0.628,0.628,0.628,0.638,0.638,0.638,0.617,0.617,0.594,0.081,0.081,0.081,0.071,0.065,0.035,0.059,0.046,0.008,0.069,0.069,0.069,0.068,0.068,0.050,0.050,0.050,0.016,0.056,0.056,0.056,0.056,0.056,0.056,0.040,0.040,0.013,0.660,0.070,0.655,0.064,0.633,0.041,0.645,0.062,0.645,0.062,0.629,0.045,0.628,0.051,0.628,0.051,0.620,0.042
ISR,376,2018,ISR2018,0.658,0.658,0.658,0.661,0.658,0.634,0.639,0.617,0.583,0.637,0.637,0.637,0.648,0.648,0.636,0.624,0.620,0.592,0.619,0.619,0.619,0.630,0.630,0.630,0.611,0.611,0.592,0.080,0.080,0.080,0.071,0.066,0.038,0.058,0.028,-0.005,0.067,0.067,0.067,0.067,0.067,0.051,0.047,0.040,0.010,0.054,0.054,0.054,0.054,0.054,0.054,0.037,0.037,0.013,0.653,0.070,0.644,0.058,0.625,0.038,0.637,0.060,0.635,0.058,0.622,0.043,0.620,0.048,0.620,0.048,0.614,0.040
ISR,376,2019,ISR2019,0.653,0.653,0.653,0.658,0.655,0.633,0.637,0.617,0.593,0.633,0.633,0.633,0.644,0.644,0.635,0.623,0.619,0.602,0.615,0.615,0.615,0.625,0.625,0.625,0.610,0.610,0.602,0.080,0.080,0.080,0.072,0.068,0.042,0.057,0.029,0.002,0.067,0.067,0.067,0.067,0.067,0.054,0.046,0.041,0.019,0.053,0.053,0.053,0.053,0.053,0.053,0.035,0.035,0.024,0.649,0.069,0.641,0.059,0.626,0.041,0.633,0.060,0.632,0.058,0.623,0.047,0.616,0.047,0.616,0.047,0.614,0.044
ISR,376,2020,ISR2020,0.649,0.649,0.649,0.655,0.653,0.632,0.635,0.616,0.594,0.629,0.629,0.629,0.640,0.640,0.632,0.621,0.618,0.603,0.611,0.611,0.611,0.621,0.621,0.621,0.608,0.608,0.602,0.079,0.079,0.079,0.072,0.069,0.044,0.054,0.029,0.002,0.065,0.065,0.065,0.065,0.065,0.054,0.043,0.039,0.019,0.051,0.051,0.051,0.051,0.051,0.051,0.032,0.032,0.023,0.646,0.068,0.639,0.059,0.625,0.041,0.630,0.058,0.629,0.057,0.621,0.046,0.613,0.044,0.613,0.044,0.611,0.041
ISR,376,2021,ISR2021,0.640,0.640,0.640,0.647,0.645,0.627,0.628,0.611,0.591,0.620,0.620,0.620,0.631,0.631,0.625,0.614,0.612,0.598,0.601,0.601,0.601,0.612,0.612,0.612,0.600,0.600,0.596,0.080,0.080,0.080,0.075,0.073,0.050,0.056,0.033,0.008,0.067,0.067,0.067,0.067,0.067,0.059,0.045,0.042,0.023,0.052,0.052,0.052,0.052,0.052,0.052,0.032,0.032,0.026,0.638,0.070,0.632,0.062,0.619,0.046,0.621,0.059,0.621,0.058,0.614,0.050,0.604,0.045,0.604,0.045,0.603,0.043
ITA,380,2001,ITA2001,0.434,0.434,0.427,0.556,0.556,0.550,0.527,0.527,0.521,0.438,0.438,0.433,0.550,0.550,0.545,0.524,0.524,0.520,0.441,0.441,0.437,0.554,0.554,0.550,0.528,0.528,0.525,0.033,0.033,0.026,0.020,0.020,0.014,0.022,0.022,0.016,0.053,0.053,0.048,0.012,0.012,0.008,0.021,0.021,0.017,0.073,0.073,0.070,0.023,0.023,0.021,0.035,0.035,0.032,0.506,0.025,0.506,0.025,0.499,0.019,0.504,0.029,0.504,0.029,0.499,0.024,0.508,0.044,0.508,0.044,0.504,0.041
ITA,380,2002,ITA2002,0.434,0.434,0.426,0.512,0.512,0.503,0.524,0.524,0.515,0.439,0.439,0.432,0.500,0.500,0.493,0.519,0.519,0.512,0.442,0.442,0.436,0.495,0.495,0.490,0.523,0.523,0.518,0.034,0.034,0.024,0.058,0.058,0.049,0.020,0.020,0.011,0.054,0.054,0.046,0.047,0.047,0.041,0.014,0.014,0.008,0.074,0.074,0.068,0.049,0.049,0.045,0.027,0.027,0.023,0.490,0.037,0.490,0.037,0.481,0.028,0.486,0.038,0.486,0.038,0.479,0.032,0.487,0.050,0.487,0.050,0.482,0.045
ITA,380,2003,ITA2003,0.465,0.465,0.456,0.553,0.553,0.543,0.549,0.549,0.540,0.466,0.466,0.458,0.547,0.547,0.539,0.546,0.546,0.538,0.461,0.461,0.455,0.539,0.539,0.533,0.545,0.545,0.539,0.053,0.053,0.044,0.056,0.056,0.048,0.034,0.034,0.026,0.068,0.068,0.059,0.057,0.057,0.050,0.035,0.035,0.028,0.076,0.076,0.069,0.057,0.057,0.052,0.043,0.043,0.037,0.523,0.048,0.523,0.048,0.513,0.039,0.520,0.053,0.520,0.053,0.511,0.046,0.515,0.059,0.515,0.059,0.509,0.053
ITA,380,2004,ITA2004,0.465,0.465,0.456,0.550,0.550,0.542,0.548,0.548,0.540,0.465,0.465,0.458,0.544,0.544,0.537,0.545,0.545,0.538,0.460,0.460,0.455,0.537,0.537,0.532,0.543,0.543,0.539,0.056,0.056,0.047,0.056,0.056,0.049,0.035,0.035,0.028,0.070,0.070,0.063,0.057,0.057,0.051,0.037,0.037,0.031,0.078,0.078,0.073,0.059,0.059,0.055,0.044,0.044,0.041,0.521,0.049,0.521,0.049,0.513,0.041,0.518,0.055,0.518,0.055,0.511,0.048,0.513,0.060,0.513,0.060,0.509,0.056
ITA,380,2005,ITA2005,0.619,0.619,0.606,0.715,0.715,0.710,0.726,0.726,0.719,0.620,0.620,0.609,0.721,0.721,0.715,0.735,0.735,0.727,0.606,0.606,0.599,0.730,0.730,0.724,0.746,0.746,0.739,0.061,0.061,0.050,0.000,0.000,-0.001,-0.003,-0.003,-0.006,0.077,0.077,0.068,0.009,0.009,0.006,0.011,0.011,0.006,0.074,0.074,0.068,0.025,0.025,0.021,0.030,0.030,0.026,0.687,0.019,0.687,0.019,0.678,0.014,0.692,0.032,0.692,0.032,0.684,0.027,0.694,0.043,0.694,0.043,0.687,0.039
ITA,380,2006,ITA2006,0.619,0.619,0.606,0.722,0.722,0.716,0.725,0.725,0.718,0.619,0.619,0.609,0.728,0.728,0.722,0.735,0.735,0.727,0.603,0.603,0.597,0.738,0.738,0.733,0.744,0.744,0.738,0.064,0.064,0.053,-0.001,-0.001,-0.003,0.001,0.001,-0.003,0.078,0.078,0.070,0.009,0.009,0.006,0.016,0.016,0.010,0.074,0.074,0.068,0.027,0.027,0.023,0.034,0.034,0.030,0.689,0.021,0.689,0.021,0.680,0.016,0.694,0.034,0.694,0.034,0.686,0.029,0.695,0.045,0.695,0.045,0.689,0.040
ITA,380,2007,ITA2007,0.506,0.506,0.500,0.601,0.601,0.596,0.616,0.616,0.611,0.497,0.497,0.493,0.594,0.594,0.590,0.611,0.611,0.607,0.479,0.479,0.477,0.588,0.588,0.585,0.605,0.605,0.602,0.114,0.114,0.108,0.070,0.070,0.065,0.069,0.069,0.064,0.123,0.123,0.119,0.073,0.073,0.070,0.076,0.076,0.072,0.120,0.120,0.118,0.082,0.082,0.080,0.085,0.085,0.084,0.574,0.084,0.574,0.084,0.569,0.079,0.567,0.091,0.567,0.091,0.563,0.087,0.557,0.096,0.557,0.096,0.555,0.094
ITA,380,2008,ITA2008,0.525,0.525,0.519,0.612,0.612,0.607,0.626,0.626,0.621,0.505,0.505,0.501,0.597,0.597,0.593,0.613,0.613,0.609,0.477,0.477,0.474,0.579,0.579,0.577,0.596,0.596,0.593,0.147,0.147,0.142,0.098,0.098,0.094,0.097,0.097,0.093,0.147,0.147,0.143,0.097,0.097,0.094,0.098,0.098,0.096,0.130,0.130,0.127,0.093,0.093,0.091,0.096,0.096,0.094,0.588,0.114,0.588,0.114,0.582,0.110,0.572,0.114,0.572,0.114,0.568,0.111,0.551,0.106,0.551,0.106,0.548,0.104
ITA,380,2009,ITA2009,0.529,0.529,0.523,0.639,0.639,0.634,0.647,0.647,0.642,0.508,0.508,0.504,0.626,0.626,0.623,0.636,0.636,0.632,0.480,0.480,0.478,0.611,0.611,0.609,0.619,0.619,0.617,0.148,0.148,0.142,0.090,0.090,0.086,0.094,0.094,0.090,0.145,0.145,0.142,0.091,0.091,0.088,0.098,0.098,0.095,0.129,0.129,0.127,0.090,0.090,0.089,0.098,0.098,0.096,0.605,0.111,0.605,0.111,0.600,0.106,0.590,0.111,0.590,0.111,0.586,0.108,0.570,0.106,0.570,0.106,0.568,0.104
ITA,380,2010,ITA2010,0.523,0.523,0.517,0.620,0.620,0.615,0.627,0.627,0.622,0.501,0.501,0.497,0.606,0.606,0.603,0.614,0.614,0.610,0.472,0.472,0.470,0.589,0.589,0.588,0.594,0.594,0.592,0.152,0.152,0.146,0.096,0.096,0.092,0.101,0.101,0.097,0.147,0.147,0.144,0.096,0.096,0.094,0.104,0.104,0.101,0.130,0.130,0.128,0.094,0.094,0.092,0.100,0.100,0.098,0.590,0.117,0.590,0.117,0.585,0.112,0.574,0.116,0.574,0.116,0.570,0.113,0.552,0.108,0.552,0.108,0.550,0.106
ITA,380,2011,ITA2011,0.518,0.518,0.512,0.616,0.616,0.612,0.622,0.622,0.617,0.494,0.494,0.491,0.603,0.603,0.599,0.608,0.608,0.605,0.465,0.465,0.463,0.585,0.585,0.583,0.588,0.588,0.586,0.156,0.156,0.150,0.099,0.099,0.095,0.105,0.105,0.100,0.150,0.150,0.146,0.099,0.099,0.096,0.108,0.108,0.104,0.131,0.131,0.129,0.096,0.096,0.094,0.102,0.102,0.100,0.585,0.120,0.585,0.120,0.581,0.115,0.569,0.119,0.569,0.119,0.565,0.116,0.546,0.110,0.546,0.110,0.544,0.108
ITA,380,2012,ITA2012,0.525,0.525,0.520,0.627,0.627,0.623,0.628,0.628,0.623,0.502,0.502,0.499,0.615,0.615,0.612,0.615,0.615,0.612,0.474,0.474,0.472,0.598,0.598,0.597,0.595,0.595,0.593,0.154,0.154,0.148,0.096,0.096,0.092,0.104,0.104,0.100,0.148,0.148,0.145,0.098,0.098,0.095,0.109,0.109,0.106,0.132,0.132,0.130,0.097,0.097,0.095,0.104,0.104,0.102,0.593,0.118,0.593,0.118,0.589,0.113,0.577,0.118,0.577,0.118,0.574,0.115,0.556,0.111,0.556,0.111,0.554,0.109
ITA,380,2013,ITA2013,0.551,0.551,0.545,0.650,0.650,0.645,0.654,0.654,0.649,0.515,0.515,0.512,0.625,0.625,0.622,0.630,0.630,0.627,0.481,0.481,0.479,0.603,0.603,0.601,0.605,0.605,0.603,0.180,0.180,0.174,0.118,0.118,0.114,0.125,0.125,0.120,0.160,0.160,0.157,0.108,0.108,0.105,0.118,0.118,0.115,0.137,0.137,0.135,0.100,0.100,0.099,0.108,0.108,0.106,0.618,0.141,0.618,0.141,0.613,0.136,0.590,0.129,0.590,0.129,0.587,0.126,0.563,0.115,0.563,0.115,0.561,0.113
ITA,380,2014,ITA2014,0.574,0.574,0.568,0.666,0.666,0.661,0.681,0.681,0.676,0.541,0.541,0.538,0.644,0.644,0.641,0.661,0.661,0.658,0.509,0.509,0.507,0.625,0.625,0.623,0.640,0.640,0.639,0.165,0.165,0.159,0.107,0.107,0.103,0.107,0.107,0.103,0.148,0.148,0.145,0.099,0.099,0.096,0.102,0.102,0.100,0.129,0.129,0.127,0.094,0.094,0.092,0.098,0.098,0.096,0.640,0.126,0.640,0.126,0.635,0.122,0.615,0.116,0.615,0.116,0.612,0.114,0.591,0.107,0.591,0.107,0.589,0.105
ITA,380,2015,ITA2015,0.606,0.606,0.600,0.697,0.697,0.693,0.704,0.704,0.700,0.578,0.578,0.575,0.679,0.679,0.676,0.687,0.687,0.684,0.548,0.548,0.546,0.665,0.665,0.663,0.671,0.671,0.669,0.140,0.140,0.135,0.083,0.083,0.079,0.088,0.088,0.085,0.128,0.128,0.125,0.076,0.076,0.073,0.084,0.084,0.082,0.109,0.109,0.107,0.073,0.073,0.071,0.082,0.082,0.080,0.669,0.104,0.669,0.104,0.664,0.100,0.648,0.096,0.648,0.096,0.645,0.093,0.628,0.088,0.628,0.088,0.626,0.086
ITA,380,2016,ITA2016,0.607,0.607,0.601,0.699,0.699,0.695,0.706,0.706,0.702,0.578,0.578,0.575,0.681,0.681,0.679,0.689,0.689,0.686,0.549,0.549,0.547,0.666,0.666,0.665,0.672,0.672,0.671,0.138,0.138,0.133,0.083,0.083,0.080,0.088,0.088,0.085,0.125,0.125,0.122,0.076,0.076,0.074,0.085,0.085,0.082,0.106,0.106,0.104,0.074,0.074,0.072,0.083,0.083,0.081,0.670,0.103,0.670,0.103,0.666,0.099,0.649,0.095,0.649,0.095,0.647,0.093,0.629,0.088,0.629,0.088,0.627,0.086
ITA,380,2017,ITA2017,0.606,0.606,0.601,0.699,0.699,0.695,0.706,0.706,0.701,0.578,0.578,0.575,0.681,0.681,0.679,0.689,0.689,0.686,0.549,0.549,0.547,0.666,0.666,0.665,0.672,0.672,0.671,0.138,0.138,0.133,0.083,0.083,0.079,0.088,0.088,0.085,0.125,0.125,0.122,0.076,0.076,0.074,0.085,0.085,0.082,0.106,0.106,0.104,0.074,0.074,0.072,0.082,0.082,0.081,0.670,0.103,0.670,0.103,0.666,0.099,0.649,0.095,0.649,0.095,0.646,0.093,0.629,0.087,0.629,0.087,0.627,0.086
ITA,380,2018,ITA2018,0.603,0.603,0.598,0.696,0.696,0.692,0.703,0.703,0.699,0.574,0.574,0.572,0.678,0.678,0.676,0.686,0.686,0.683,0.545,0.545,0.544,0.664,0.664,0.662,0.669,0.669,0.667,0.139,0.139,0.134,0.084,0.084,0.080,0.089,0.089,0.086,0.125,0.125,0.122,0.077,0.077,0.075,0.086,0.086,0.083,0.107,0.107,0.105,0.075,0.075,0.073,0.083,0.083,0.082,0.667,0.104,0.667,0.104,0.663,0.100,0.646,0.096,0.646,0.096,0.643,0.093,0.626,0.088,0.626,0.088,0.624,0.086
ITA,380,2019,ITA2019,0.606,0.606,0.601,0.701,0.701,0.697,0.705,0.705,0.701,0.577,0.577,0.574,0.683,0.683,0.681,0.688,0.688,0.685,0.548,0.548,0.546,0.669,0.669,0.667,0.671,0.671,0.669,0.139,0.139,0.134,0.083,0.083,0.080,0.090,0.090,0.087,0.124,0.124,0.121,0.077,0.077,0.075,0.087,0.087,0.084,0.106,0.106,0.105,0.075,0.075,0.073,0.084,0.084,0.082,0.671,0.104,0.671,0.104,0.666,0.100,0.649,0.096,0.649,0.096,0.647,0.093,0.629,0.088,0.629,0.088,0.628,0.087
ITA,380,2020,ITA2020,0.600,0.600,0.595,0.696,0.696,0.691,0.700,0.700,0.696,0.569,0.569,0.567,0.678,0.678,0.675,0.682,0.682,0.679,0.541,0.541,0.540,0.663,0.663,0.661,0.664,0.664,0.662,0.142,0.142,0.138,0.087,0.087,0.081,0.094,0.094,0.091,0.126,0.126,0.123,0.079,0.079,0.077,0.090,0.090,0.088,0.109,0.109,0.107,0.078,0.078,0.076,0.087,0.087,0.086,0.665,0.108,0.665,0.108,0.661,0.103,0.643,0.099,0.643,0.099,0.640,0.096,0.623,0.091,0.623,0.091,0.621,0.090
ITA,380,2021,ITA2021,0.584,0.584,0.580,0.681,0.681,0.677,0.683,0.683,0.680,0.551,0.551,0.549,0.660,0.660,0.658,0.663,0.663,0.661,0.522,0.522,0.521,0.645,0.645,0.643,0.644,0.644,0.642,0.149,0.149,0.144,0.092,0.092,0.088,0.100,0.100,0.097,0.128,0.128,0.126,0.082,0.082,0.080,0.093,0.093,0.091,0.108,0.108,0.106,0.079,0.079,0.078,0.088,0.088,0.086,0.649,0.114,0.649,0.114,0.646,0.110,0.625,0.101,0.625,0.101,0.623,0.099,0.603,0.092,0.603,0.092,0.602,0.090
ITA,380,2022,ITA2022,0.582,0.582,0.577,0.649,0.649,0.644,0.633,0.633,0.627,0.550,0.550,0.548,0.623,0.623,0.619,0.606,0.606,0.601,0.521,0.521,0.520,0.597,0.597,0.594,0.580,0.580,0.576,0.148,0.148,0.144,0.120,0.120,0.119,0.121,0.121,0.120,0.130,0.130,0.128,0.108,0.108,0.108,0.106,0.106,0.107,0.111,0.111,0.109,0.094,0.094,0.095,0.090,0.090,0.091,0.621,0.130,0.621,0.130,0.616,0.128,0.593,0.115,0.593,0.115,0.590,0.114,0.566,0.098,0.566,0.098,0.563,0.098
JPN,392,2001,JPN2001,0.655,0.655,0.645,0.637,0.659,0.611,0.648,0.653,0.611,0.633,0.633,0.633,0.614,0.634,0.603,0.623,0.628,0.605,0.614,0.614,0.614,0.596,0.605,0.594,0.603,0.605,0.599,0.105,0.105,0.091,0.105,0.124,0.075,0.109,0.113,0.067,0.094,0.094,0.094,0.093,0.116,0.079,0.095,0.101,0.073,0.088,0.088,0.088,0.087,0.100,0.084,0.087,0.090,0.081,0.647,0.106,0.656,0.114,0.622,0.078,0.623,0.094,0.632,0.104,0.614,0.082,0.604,0.087,0.608,0.092,0.602,0.085
JPN,392,2002,JPN2002,0.682,0.682,0.668,0.663,0.680,0.627,0.674,0.675,0.628,0.659,0.659,0.659,0.639,0.657,0.621,0.648,0.653,0.624,0.639,0.639,0.639,0.620,0.631,0.614,0.627,0.630,0.619,0.105,0.105,0.087,0.106,0.118,0.066,0.109,0.108,0.059,0.095,0.095,0.095,0.094,0.112,0.072,0.095,0.101,0.067,0.089,0.089,0.089,0.087,0.101,0.079,0.087,0.091,0.077,0.673,0.107,0.679,0.110,0.641,0.071,0.649,0.095,0.656,0.103,0.634,0.078,0.629,0.088,0.633,0.093,0.624,0.082
JPN,392,2003,JPN2003,0.571,0.571,0.558,0.556,0.588,0.536,0.651,0.649,0.613,0.538,0.538,0.538,0.523,0.555,0.520,0.624,0.624,0.607,0.507,0.507,0.507,0.493,0.515,0.500,0.597,0.597,0.595,0.163,0.163,0.145,0.163,0.185,0.132,0.134,0.132,0.091,0.145,0.145,0.145,0.143,0.176,0.133,0.125,0.125,0.104,0.126,0.126,0.126,0.124,0.154,0.132,0.115,0.115,0.112,0.593,0.153,0.603,0.160,0.569,0.123,0.561,0.138,0.572,0.148,0.555,0.127,0.532,0.122,0.540,0.132,0.534,0.123
JPN,392,2004,JPN2004,0.578,0.578,0.563,0.558,0.591,0.538,0.654,0.652,0.615,0.543,0.543,0.543,0.525,0.558,0.522,0.628,0.628,0.610,0.512,0.512,0.512,0.496,0.519,0.503,0.601,0.601,0.598,0.164,0.164,0.143,0.160,0.183,0.130,0.133,0.131,0.089,0.144,0.144,0.144,0.141,0.175,0.131,0.124,0.124,0.102,0.125,0.125,0.125,0.123,0.154,0.130,0.114,0.114,0.111,0.597,0.152,0.607,0.159,0.572,0.121,0.565,0.137,0.576,0.148,0.558,0.126,0.536,0.121,0.544,0.131,0.538,0.122
JPN,392,2005,JPN2005,0.576,0.576,0.561,0.556,0.585,0.534,0.652,0.650,0.612,0.541,0.541,0.541,0.523,0.552,0.518,0.625,0.625,0.607,0.509,0.509,0.509,0.494,0.513,0.499,0.598,0.598,0.596,0.166,0.166,0.145,0.162,0.183,0.130,0.135,0.133,0.091,0.146,0.146,0.146,0.142,0.173,0.131,0.126,0.126,0.103,0.126,0.126,0.126,0.124,0.150,0.130,0.116,0.116,0.112,0.594,0.154,0.604,0.161,0.569,0.122,0.563,0.138,0.573,0.148,0.555,0.127,0.534,0.122,0.540,0.131,0.535,0.123
JPN,392,2006,JPN2006,0.572,0.572,0.556,0.549,0.580,0.528,0.646,0.645,0.606,0.536,0.536,0.536,0.516,0.546,0.512,0.619,0.619,0.600,0.504,0.504,0.504,0.486,0.506,0.492,0.592,0.592,0.589,0.170,0.170,0.149,0.167,0.189,0.135,0.138,0.136,0.094,0.150,0.150,0.150,0.146,0.179,0.136,0.129,0.129,0.105,0.130,0.130,0.130,0.128,0.156,0.135,0.119,0.119,0.115,0.589,0.158,0.599,0.165,0.564,0.126,0.557,0.142,0.567,0.153,0.549,0.131,0.527,0.125,0.534,0.135,0.528,0.126
JPN,392,2007,JPN2007,0.577,0.577,0.561,0.551,0.582,0.530,0.649,0.647,0.612,0.541,0.541,0.541,0.518,0.549,0.514,0.623,0.623,0.608,0.509,0.509,0.509,0.489,0.509,0.495,0.596,0.596,0.594,0.168,0.168,0.147,0.164,0.187,0.133,0.136,0.133,0.094,0.148,0.148,0.148,0.144,0.177,0.134,0.127,0.127,0.108,0.128,0.128,0.128,0.126,0.154,0.132,0.117,0.117,0.115,0.592,0.156,0.602,0.163,0.568,0.124,0.561,0.140,0.571,0.151,0.554,0.130,0.531,0.124,0.538,0.133,0.533,0.125
JPN,392,2008,JPN2008,0.578,0.578,0.562,0.552,0.580,0.529,0.661,0.658,0.621,0.543,0.543,0.542,0.519,0.546,0.513,0.633,0.633,0.618,0.510,0.510,0.510,0.490,0.507,0.494,0.604,0.604,0.603,0.168,0.168,0.147,0.164,0.184,0.131,0.142,0.138,0.098,0.148,0.148,0.148,0.144,0.174,0.132,0.134,0.134,0.115,0.128,0.128,0.128,0.126,0.150,0.130,0.124,0.124,0.122,0.597,0.158,0.605,0.163,0.571,0.125,0.565,0.142,0.574,0.152,0.558,0.132,0.535,0.126,0.540,0.134,0.536,0.127
JPN,392,2009,JPN2009,0.583,0.583,0.565,0.557,0.587,0.533,0.666,0.663,0.628,0.548,0.548,0.547,0.524,0.554,0.518,0.639,0.639,0.625,0.515,0.515,0.515,0.494,0.515,0.499,0.611,0.611,0.610,0.166,0.166,0.142,0.162,0.183,0.128,0.138,0.135,0.095,0.147,0.147,0.146,0.143,0.174,0.130,0.131,0.131,0.114,0.127,0.127,0.127,0.124,0.153,0.129,0.121,0.121,0.120,0.602,0.156,0.611,0.161,0.575,0.122,0.570,0.140,0.580,0.151,0.563,0.130,0.540,0.124,0.547,0.134,0.541,0.125
JPN,392,2010,JPN2010,0.592,0.592,0.572,0.570,0.609,0.551,0.678,0.674,0.623,0.557,0.557,0.556,0.537,0.578,0.535,0.651,0.650,0.616,0.524,0.524,0.524,0.507,0.541,0.517,0.623,0.623,0.609,0.165,0.165,0.138,0.161,0.181,0.127,0.136,0.131,0.082,0.146,0.146,0.145,0.141,0.176,0.129,0.129,0.127,0.090,0.126,0.126,0.126,0.124,0.161,0.130,0.120,0.120,0.102,0.614,0.154,0.625,0.159,0.582,0.116,0.582,0.139,0.595,0.150,0.569,0.121,0.552,0.123,0.563,0.136,0.550,0.119
JPN,392,2011,JPN2011,0.581,0.581,0.562,0.568,0.613,0.554,0.679,0.673,0.621,0.545,0.545,0.545,0.534,0.582,0.539,0.652,0.650,0.614,0.512,0.512,0.512,0.504,0.546,0.521,0.623,0.623,0.607,0.170,0.170,0.144,0.163,0.178,0.124,0.139,0.132,0.082,0.150,0.150,0.149,0.144,0.173,0.126,0.131,0.129,0.090,0.130,0.130,0.130,0.126,0.159,0.127,0.122,0.122,0.102,0.610,0.157,0.622,0.160,0.579,0.117,0.577,0.142,0.592,0.151,0.566,0.122,0.546,0.126,0.560,0.137,0.547,0.120
JPN,392,2012,JPN2012,0.590,0.590,0.571,0.582,0.619,0.560,0.697,0.687,0.632,0.552,0.552,0.552,0.548,0.590,0.545,0.668,0.665,0.627,0.521,0.521,0.521,0.519,0.554,0.528,0.640,0.640,0.621,0.161,0.161,0.135,0.153,0.174,0.119,0.132,0.122,0.071,0.136,0.136,0.136,0.132,0.170,0.122,0.124,0.119,0.079,0.115,0.115,0.115,0.113,0.157,0.123,0.113,0.113,0.091,0.623,0.149,0.632,0.152,0.587,0.108,0.589,0.130,0.602,0.142,0.575,0.112,0.560,0.114,0.572,0.128,0.557,0.110
JPN,392,2013,JPN2013,0.604,0.604,0.584,0.595,0.624,0.563,0.710,0.697,0.640,0.567,0.567,0.566,0.561,0.595,0.549,0.683,0.677,0.636,0.533,0.533,0.533,0.530,0.560,0.532,0.652,0.652,0.631,0.166,0.166,0.140,0.159,0.172,0.117,0.136,0.123,0.071,0.145,0.145,0.144,0.140,0.168,0.119,0.129,0.122,0.081,0.124,0.124,0.124,0.122,0.156,0.120,0.118,0.118,0.094,0.637,0.153,0.642,0.154,0.596,0.109,0.604,0.138,0.613,0.145,0.584,0.115,0.572,0.121,0.582,0.133,0.565,0.113
JPN,392,2014,JPN2014,0.593,0.593,0.574,0.585,0.606,0.545,0.698,0.684,0.625,0.555,0.555,0.555,0.550,0.576,0.530,0.670,0.663,0.620,0.521,0.521,0.521,0.519,0.541,0.513,0.638,0.638,0.614,0.171,0.171,0.146,0.163,0.173,0.117,0.141,0.127,0.074,0.149,0.149,0.148,0.144,0.167,0.117,0.134,0.127,0.083,0.127,0.127,0.127,0.125,0.153,0.116,0.123,0.123,0.095,0.626,0.158,0.628,0.157,0.582,0.112,0.592,0.143,0.598,0.147,0.568,0.116,0.559,0.125,0.567,0.134,0.549,0.113
JPN,392,2015,JPN2015,0.586,0.586,0.569,0.578,0.594,0.537,0.693,0.680,0.624,0.547,0.547,0.547,0.543,0.563,0.522,0.663,0.659,0.620,0.513,0.513,0.513,0.511,0.527,0.505,0.631,0.631,0.612,0.174,0.174,0.152,0.166,0.175,0.119,0.145,0.131,0.080,0.152,0.152,0.151,0.147,0.166,0.119,0.137,0.132,0.091,0.130,0.130,0.130,0.127,0.149,0.118,0.126,0.126,0.103,0.619,0.162,0.620,0.160,0.577,0.117,0.584,0.145,0.590,0.150,0.563,0.121,0.552,0.128,0.557,0.135,0.543,0.117
JPN,392,2016,JPN2016,0.583,0.583,0.567,0.575,0.587,0.532,0.691,0.679,0.626,0.544,0.544,0.544,0.540,0.556,0.518,0.661,0.658,0.623,0.510,0.510,0.510,0.508,0.520,0.501,0.629,0.629,0.613,0.175,0.175,0.154,0.168,0.174,0.118,0.147,0.134,0.084,0.153,0.153,0.153,0.148,0.165,0.118,0.139,0.136,0.098,0.131,0.131,0.131,0.129,0.145,0.118,0.127,0.127,0.109,0.616,0.163,0.616,0.161,0.575,0.119,0.582,0.147,0.586,0.151,0.561,0.123,0.549,0.129,0.553,0.135,0.541,0.119
JPN,392,2017,JPN2017,0.581,0.581,0.565,0.573,0.585,0.531,0.700,0.689,0.636,0.542,0.542,0.542,0.538,0.554,0.516,0.670,0.668,0.633,0.508,0.508,0.508,0.506,0.518,0.499,0.638,0.638,0.623,0.176,0.176,0.155,0.169,0.175,0.120,0.146,0.134,0.084,0.153,0.153,0.153,0.149,0.166,0.120,0.139,0.137,0.100,0.132,0.132,0.132,0.129,0.146,0.119,0.128,0.128,0.110,0.618,0.163,0.618,0.162,0.577,0.120,0.583,0.147,0.588,0.152,0.563,0.124,0.551,0.130,0.555,0.135,0.543,0.120
JPN,392,2018,JPN2018,0.598,0.598,0.583,0.589,0.595,0.542,0.716,0.704,0.651,0.559,0.559,0.559,0.555,0.565,0.528,0.686,0.685,0.649,0.525,0.525,0.525,0.522,0.531,0.513,0.654,0.654,0.639,0.171,0.171,0.151,0.163,0.165,0.110,0.142,0.130,0.081,0.149,0.149,0.149,0.144,0.155,0.110,0.136,0.134,0.097,0.127,0.127,0.127,0.124,0.136,0.111,0.125,0.125,0.107,0.634,0.159,0.632,0.155,0.592,0.114,0.600,0.143,0.603,0.146,0.579,0.119,0.567,0.125,0.570,0.129,0.559,0.115
JPN,392,2019,JPN2019,0.599,0.599,0.585,0.591,0.594,0.542,0.713,0.704,0.652,0.560,0.560,0.560,0.556,0.564,0.528,0.686,0.685,0.651,0.526,0.526,0.526,0.523,0.530,0.513,0.655,0.655,0.640,0.171,0.171,0.152,0.163,0.163,0.108,0.138,0.129,0.080,0.148,0.148,0.148,0.144,0.153,0.109,0.134,0.132,0.097,0.126,0.126,0.126,0.124,0.133,0.109,0.124,0.124,0.107,0.634,0.157,0.632,0.154,0.593,0.113,0.601,0.142,0.603,0.144,0.580,0.118,0.568,0.125,0.570,0.128,0.560,0.114
JPN,392,2020,JPN2020,0.613,0.613,0.597,0.599,0.603,0.552,0.728,0.718,0.662,0.575,0.575,0.575,0.564,0.574,0.539,0.702,0.701,0.662,0.541,0.541,0.541,0.534,0.540,0.526,0.676,0.676,0.654,0.164,0.164,0.144,0.153,0.153,0.099,0.129,0.119,0.069,0.143,0.143,0.143,0.132,0.142,0.099,0.124,0.123,0.084,0.121,0.121,0.121,0.112,0.121,0.100,0.119,0.119,0.096,0.647,0.149,0.645,0.145,0.604,0.104,0.614,0.133,0.617,0.136,0.592,0.109,0.584,0.118,0.586,0.121,0.574,0.106
JPN,392,2021,JPN2021,0.614,0.614,0.599,0.600,0.603,0.552,0.782,0.756,0.693,0.577,0.577,0.577,0.565,0.574,0.540,0.752,0.742,0.695,0.543,0.543,0.543,0.535,0.540,0.527,0.710,0.710,0.686,0.163,0.163,0.144,0.152,0.152,0.097,0.146,0.122,0.070,0.143,0.143,0.143,0.131,0.140,0.098,0.144,0.133,0.089,0.121,0.121,0.121,0.111,0.119,0.099,0.126,0.126,0.100,0.665,0.154,0.658,0.146,0.615,0.104,0.631,0.139,0.631,0.139,0.604,0.110,0.596,0.119,0.598,0.122,0.585,0.107
JPN,392,2022,JPN2022,0.630,0.630,0.616,0.629,0.624,0.583,0.777,0.768,0.714,0.589,0.589,0.589,0.596,0.597,0.573,0.749,0.748,0.713,0.553,0.553,0.553,0.568,0.568,0.563,0.714,0.714,0.701,0.171,0.171,0.153,0.139,0.133,0.087,0.136,0.126,0.080,0.148,0.148,0.148,0.121,0.121,0.091,0.132,0.132,0.098,0.125,0.125,0.125,0.104,0.104,0.096,0.121,0.121,0.106,0.679,0.149,0.674,0.143,0.638,0.107,0.645,0.134,0.645,0.134,0.625,0.112,0.612,0.117,0.612,0.117,0.606,0.109
KOR,410,2001,KOR2001,0.506,0.506,0.506,0.501,0.486,0.483,0.511,0.508,0.505,0.491,0.491,0.491,0.486,0.485,0.483,0.496,0.496,0.496,0.485,0.485,0.485,0.480,0.480,0.480,0.489,0.489,0.489,0.082,0.082,0.082,0.084,0.059,0.054,0.084,0.079,0.074,0.070,0.070,0.070,0.072,0.070,0.067,0.072,0.072,0.072,0.076,0.076,0.076,0.077,0.077,0.077,0.078,0.078,0.078,0.506,0.083,0.500,0.073,0.498,0.070,0.491,0.071,0.491,0.071,0.490,0.070,0.485,0.077,0.485,0.077,0.485,0.077
KOR,410,2002,KOR2002,0.484,0.484,0.484,0.480,0.469,0.466,0.489,0.488,0.486,0.466,0.466,0.466,0.461,0.461,0.460,0.471,0.471,0.471,0.456,0.456,0.456,0.452,0.452,0.452,0.461,0.461,0.461,0.109,0.109,0.109,0.111,0.092,0.087,0.110,0.108,0.104,0.095,0.095,0.095,0.096,0.096,0.094,0.097,0.097,0.097,0.100,0.100,0.100,0.101,0.101,0.101,0.102,0.102,0.102,0.484,0.110,0.480,0.103,0.478,0.100,0.466,0.096,0.466,0.096,0.465,0.095,0.456,0.101,0.456,0.101,0.456,0.101
KOR,410,2003,KOR2003,0.466,0.466,0.466,0.462,0.455,0.453,0.472,0.472,0.471,0.446,0.446,0.446,0.442,0.442,0.442,0.452,0.452,0.452,0.434,0.434,0.434,0.430,0.430,0.430,0.439,0.439,0.439,0.128,0.128,0.128,0.129,0.117,0.113,0.129,0.129,0.127,0.114,0.114,0.114,0.115,0.115,0.115,0.116,0.116,0.116,0.118,0.118,0.118,0.119,0.119,0.119,0.119,0.119,0.119,0.466,0.129,0.464,0.124,0.463,0.123,0.446,0.115,0.446,0.115,0.446,0.115,0.434,0.119,0.434,0.119,0.434,0.119
KOR,410,2004,KOR2004,0.455,0.455,0.455,0.449,0.442,0.440,0.458,0.458,0.457,0.431,0.431,0.431,0.424,0.424,0.424,0.434,0.434,0.434,0.417,0.417,0.417,0.410,0.410,0.410,0.419,0.419,0.419,0.146,0.146,0.146,0.149,0.138,0.134,0.149,0.149,0.148,0.127,0.127,0.127,0.130,0.130,0.130,0.131,0.131,0.131,0.129,0.129,0.129,0.131,0.131,0.131,0.132,0.132,0.132,0.454,0.148,0.452,0.144,0.451,0.142,0.430,0.129,0.430,0.129,0.430,0.129,0.415,0.131,0.415,0.131,0.415,0.131
KOR,410,2005,KOR2005,0.442,0.442,0.442,0.437,0.431,0.429,0.446,0.446,0.445,0.413,0.413,0.413,0.407,0.407,0.407,0.416,0.416,0.416,0.396,0.396,0.396,0.390,0.390,0.390,0.398,0.398,0.398,0.169,0.169,0.169,0.172,0.162,0.158,0.171,0.171,0.170,0.143,0.143,0.143,0.145,0.145,0.145,0.146,0.146,0.146,0.141,0.141,0.141,0.143,0.143,0.143,0.143,0.143,0.143,0.442,0.171,0.440,0.167,0.439,0.166,0.412,0.145,0.412,0.145,0.412,0.145,0.395,0.143,0.395,0.143,0.395,0.143
KOR,410,2006,KOR2006,0.466,0.466,0.466,0.460,0.455,0.453,0.464,0.464,0.464,0.437,0.437,0.437,0.430,0.430,0.430,0.434,0.434,0.434,0.422,0.422,0.422,0.415,0.415,0.415,0.418,0.418,0.418,0.154,0.154,0.154,0.157,0.148,0.145,0.160,0.160,0.160,0.127,0.127,0.127,0.129,0.129,0.129,0.133,0.133,0.133,0.128,0.128,0.128,0.129,0.129,0.129,0.133,0.133,0.133,0.464,0.157,0.462,0.154,0.461,0.153,0.434,0.130,0.434,0.130,0.434,0.130,0.419,0.130,0.419,0.130,0.419,0.130
KOR,410,2007,KOR2007,0.462,0.462,0.462,0.453,0.448,0.447,0.457,0.457,0.457,0.426,0.426,0.426,0.417,0.417,0.417,0.421,0.421,0.421,0.409,0.409,0.409,0.399,0.399,0.399,0.402,0.402,0.402,0.175,0.175,0.175,0.179,0.172,0.169,0.182,0.182,0.182,0.142,0.142,0.142,0.144,0.144,0.144,0.148,0.148,0.148,0.139,0.139,0.139,0.139,0.139,0.139,0.142,0.142,0.142,0.457,0.179,0.455,0.176,0.455,0.175,0.421,0.145,0.421,0.145,0.421,0.145,0.403,0.140,0.403,0.140,0.403,0.140
KOR,410,2008,KOR2008,0.457,0.457,0.457,0.449,0.449,0.442,0.467,0.467,0.462,0.418,0.418,0.418,0.409,0.409,0.409,0.428,0.428,0.428,0.397,0.397,0.397,0.388,0.388,0.388,0.406,0.406,0.406,0.192,0.192,0.192,0.196,0.196,0.184,0.192,0.192,0.184,0.153,0.153,0.153,0.155,0.155,0.155,0.156,0.156,0.156,0.145,0.145,0.145,0.146,0.146,0.146,0.147,0.147,0.147,0.458,0.193,0.458,0.193,0.454,0.187,0.418,0.155,0.418,0.155,0.418,0.155,0.397,0.146,0.397,0.146,0.397,0.146
KOR,410,2009,KOR2009,0.454,0.454,0.454,0.447,0.447,0.439,0.464,0.464,0.459,0.411,0.411,0.411,0.403,0.403,0.403,0.422,0.422,0.422,0.388,0.388,0.388,0.380,0.380,0.380,0.397,0.397,0.397,0.206,0.206,0.206,0.209,0.209,0.196,0.205,0.205,0.197,0.162,0.162,0.162,0.164,0.164,0.164,0.165,0.165,0.165,0.149,0.149,0.149,0.150,0.150,0.150,0.151,0.151,0.151,0.455,0.207,0.455,0.206,0.451,0.199,0.412,0.164,0.412,0.164,0.412,0.164,0.388,0.150,0.388,0.150,0.388,0.150
KOR,410,2010,KOR2010,0.433,0.433,0.433,0.425,0.425,0.419,0.441,0.441,0.438,0.391,0.391,0.391,0.382,0.382,0.382,0.400,0.400,0.400,0.367,0.367,0.367,0.358,0.358,0.358,0.374,0.374,0.374,0.215,0.215,0.215,0.219,0.219,0.209,0.214,0.214,0.208,0.173,0.173,0.173,0.175,0.175,0.175,0.176,0.176,0.176,0.159,0.159,0.159,0.160,0.160,0.160,0.160,0.160,0.160,0.433,0.216,0.433,0.216,0.430,0.211,0.391,0.174,0.391,0.174,0.391,0.174,0.367,0.160,0.367,0.160,0.367,0.160
KOR,410,2011,KOR2011,0.463,0.463,0.463,0.455,0.453,0.443,0.471,0.471,0.466,0.414,0.414,0.414,0.405,0.405,0.405,0.423,0.423,0.423,0.386,0.386,0.386,0.376,0.376,0.376,0.394,0.394,0.394,0.222,0.222,0.222,0.226,0.224,0.208,0.221,0.221,0.213,0.172,0.172,0.172,0.175,0.175,0.175,0.174,0.174,0.174,0.152,0.152,0.152,0.153,0.153,0.153,0.153,0.153,0.153,0.463,0.223,0.463,0.222,0.458,0.214,0.414,0.174,0.414,0.174,0.414,0.174,0.385,0.153,0.385,0.153,0.385,0.153
KOR,410,2012,KOR2012,0.454,0.454,0.454,0.446,0.445,0.439,0.462,0.462,0.458,0.403,0.403,0.403,0.393,0.393,0.393,0.411,0.411,0.411,0.372,0.372,0.372,0.363,0.363,0.363,0.379,0.379,0.379,0.234,0.234,0.234,0.239,0.239,0.228,0.233,0.233,0.227,0.182,0.182,0.182,0.185,0.185,0.185,0.186,0.186,0.186,0.157,0.157,0.157,0.159,0.159,0.159,0.159,0.159,0.159,0.454,0.236,0.454,0.236,0.450,0.230,0.402,0.184,0.402,0.184,0.402,0.184,0.372,0.158,0.372,0.158,0.372,0.158
KOR,410,2013,KOR2013,0.451,0.451,0.451,0.434,0.434,0.428,0.477,0.477,0.477,0.397,0.397,0.397,0.387,0.387,0.387,0.425,0.425,0.425,0.363,0.363,0.363,0.354,0.354,0.354,0.390,0.390,0.390,0.247,0.247,0.247,0.239,0.238,0.228,0.238,0.238,0.237,0.192,0.192,0.192,0.193,0.193,0.193,0.192,0.192,0.192,0.161,0.161,0.161,0.162,0.162,0.162,0.163,0.163,0.163,0.454,0.241,0.454,0.241,0.452,0.237,0.403,0.192,0.403,0.192,0.403,0.192,0.369,0.162,0.369,0.162,0.369,0.162
KOR,410,2014,KOR2014,0.454,0.454,0.454,0.426,0.426,0.419,0.466,0.466,0.466,0.394,0.394,0.394,0.379,0.379,0.379,0.416,0.416,0.416,0.357,0.357,0.357,0.345,0.345,0.345,0.380,0.380,0.380,0.261,0.261,0.261,0.240,0.239,0.228,0.236,0.236,0.236,0.202,0.202,0.202,0.193,0.193,0.193,0.190,0.190,0.190,0.164,0.164,0.164,0.157,0.157,0.157,0.157,0.157,0.157,0.449,0.245,0.449,0.245,0.446,0.241,0.396,0.195,0.396,0.195,0.396,0.195,0.361,0.159,0.361,0.159,0.361,0.159
KOR,410,2015,KOR2015,0.474,0.474,0.474,0.446,0.444,0.421,0.493,0.493,0.477,0.412,0.412,0.412,0.396,0.396,0.388,0.441,0.441,0.440,0.374,0.374,0.374,0.361,0.361,0.361,0.404,0.404,0.404,0.259,0.259,0.259,0.239,0.236,0.202,0.232,0.232,0.210,0.200,0.200,0.200,0.192,0.192,0.176,0.187,0.187,0.186,0.162,0.162,0.162,0.155,0.155,0.155,0.155,0.155,0.155,0.471,0.243,0.470,0.242,0.457,0.224,0.416,0.193,0.416,0.193,0.413,0.187,0.379,0.157,0.379,0.157,0.379,0.157
KOR,410,2016,KOR2016,0.477,0.477,0.477,0.451,0.447,0.426,0.500,0.500,0.485,0.412,0.412,0.412,0.396,0.396,0.390,0.445,0.445,0.445,0.370,0.370,0.370,0.358,0.358,0.358,0.404,0.404,0.404,0.271,0.271,0.271,0.253,0.248,0.216,0.241,0.241,0.221,0.210,0.210,0.210,0.202,0.202,0.189,0.196,0.196,0.196,0.167,0.167,0.167,0.160,0.160,0.160,0.160,0.160,0.160,0.476,0.255,0.475,0.253,0.463,0.236,0.418,0.202,0.418,0.202,0.415,0.198,0.377,0.162,0.377,0.162,0.377,0.162
KOR,410,2017,KOR2017,0.514,0.514,0.514,0.487,0.482,0.461,0.534,0.534,0.521,0.448,0.448,0.448,0.431,0.431,0.426,0.479,0.479,0.479,0.406,0.406,0.406,0.393,0.393,0.393,0.439,0.439,0.439,0.256,0.256,0.256,0.239,0.232,0.203,0.229,0.229,0.211,0.197,0.197,0.197,0.189,0.189,0.179,0.185,0.185,0.185,0.158,0.158,0.158,0.152,0.152,0.152,0.153,0.153,0.153,0.512,0.241,0.510,0.239,0.499,0.223,0.453,0.190,0.453,0.190,0.451,0.187,0.413,0.154,0.413,0.154,0.413,0.154
KOR,410,2018,KOR2018,0.576,0.576,0.576,0.547,0.544,0.521,0.588,0.588,0.575,0.503,0.503,0.503,0.486,0.486,0.481,0.532,0.532,0.532,0.458,0.458,0.458,0.444,0.444,0.444,0.488,0.488,0.488,0.248,0.248,0.248,0.232,0.227,0.198,0.217,0.217,0.202,0.188,0.188,0.188,0.181,0.181,0.173,0.179,0.179,0.179,0.149,0.149,0.149,0.144,0.144,0.144,0.145,0.145,0.145,0.570,0.232,0.569,0.231,0.557,0.216,0.507,0.183,0.507,0.183,0.505,0.180,0.463,0.146,0.463,0.146,0.463,0.146
KOR,410,2019,KOR2019,0.618,0.618,0.618,0.583,0.581,0.559,0.609,0.609,0.598,0.543,0.543,0.543,0.530,0.530,0.524,0.559,0.559,0.559,0.494,0.494,0.494,0.490,0.490,0.490,0.513,0.513,0.513,0.243,0.243,0.243,0.205,0.202,0.176,0.216,0.216,0.203,0.185,0.185,0.185,0.166,0.166,0.158,0.191,0.191,0.191,0.146,0.146,0.146,0.135,0.135,0.135,0.162,0.162,0.162,0.603,0.221,0.603,0.220,0.592,0.207,0.544,0.181,0.544,0.181,0.542,0.178,0.499,0.148,0.499,0.148,0.499,0.148
KOR,410,2020,KOR2020,0.621,0.621,0.621,0.601,0.581,0.546,0.656,0.655,0.626,0.546,0.546,0.546,0.548,0.547,0.523,0.610,0.610,0.595,0.499,0.499,0.499,0.509,0.509,0.497,0.568,0.568,0.567,0.244,0.244,0.244,0.204,0.179,0.144,0.188,0.187,0.159,0.189,0.189,0.189,0.167,0.165,0.136,0.165,0.165,0.147,0.153,0.153,0.153,0.141,0.141,0.124,0.142,0.142,0.140,0.626,0.212,0.619,0.203,0.598,0.182,0.568,0.174,0.568,0.173,0.555,0.157,0.525,0.145,0.525,0.145,0.521,0.139
KOR,410,2021,KOR2021,0.618,0.618,0.618,0.599,0.577,0.537,0.642,0.641,0.610,0.544,0.544,0.544,0.546,0.544,0.516,0.594,0.594,0.579,0.497,0.497,0.497,0.507,0.507,0.493,0.559,0.559,0.557,0.244,0.244,0.244,0.204,0.178,0.137,0.181,0.179,0.147,0.189,0.189,0.189,0.168,0.165,0.131,0.151,0.151,0.132,0.154,0.154,0.154,0.141,0.141,0.121,0.133,0.133,0.130,0.620,0.210,0.612,0.200,0.588,0.176,0.561,0.169,0.561,0.168,0.546,0.151,0.521,0.143,0.521,0.143,0.516,0.135
LTU,440,2005,LTU2005,0.654,0.654,0.654,0.671,0.689,0.689,0.662,0.662,0.662,0.637,0.637,0.637,0.655,0.659,0.659,0.647,0.647,0.647,0.621,0.621,0.621,0.640,0.640,0.640,0.633,0.633,0.633,0.095,0.095,0.095,0.088,0.108,0.108,0.085,0.085,0.085,0.091,0.091,0.091,0.084,0.089,0.089,0.082,0.082,0.082,0.089,0.089,0.089,0.083,0.083,0.083,0.081,0.081,0.081,0.662,0.089,0.668,0.096,0.668,0.096,0.646,0.086,0.647,0.087,0.647,0.087,0.631,0.084,0.631,0.084,0.631,0.084
LTU,440,2006,LTU2006,0.617,0.617,0.617,0.636,0.658,0.658,0.630,0.631,0.631,0.595,0.595,0.595,0.615,0.623,0.623,0.610,0.610,0.610,0.575,0.575,0.575,0.595,0.596,0.596,0.591,0.591,0.591,0.121,0.121,0.121,0.113,0.138,0.138,0.111,0.113,0.113,0.113,0.113,0.113,0.106,0.116,0.116,0.105,0.105,0.105,0.109,0.109,0.109,0.102,0.102,0.102,0.101,0.101,0.101,0.628,0.115,0.636,0.124,0.636,0.124,0.606,0.108,0.609,0.111,0.609,0.111,0.587,0.104,0.587,0.104,0.587,0.104
LTU,440,2007,LTU2007,0.599,0.599,0.599,0.616,0.641,0.641,0.610,0.613,0.613,0.573,0.573,0.573,0.591,0.602,0.602,0.586,0.586,0.586,0.548,0.548,0.548,0.567,0.568,0.568,0.563,0.563,0.563,0.146,0.146,0.146,0.137,0.163,0.163,0.134,0.139,0.139,0.137,0.137,0.137,0.129,0.143,0.143,0.127,0.127,0.127,0.131,0.131,0.131,0.123,0.124,0.124,0.122,0.122,0.122,0.608,0.139,0.618,0.149,0.618,0.149,0.583,0.131,0.587,0.136,0.587,0.136,0.560,0.125,0.560,0.126,0.560,0.126
LTU,440,2008,LTU2008,0.568,0.568,0.568,0.584,0.635,0.635,0.644,0.645,0.645,0.531,0.531,0.531,0.549,0.595,0.595,0.613,0.614,0.614,0.497,0.497,0.497,0.516,0.547,0.547,0.583,0.583,0.583,0.194,0.194,0.194,0.181,0.200,0.200,0.152,0.153,0.153,0.178,0.178,0.178,0.168,0.189,0.189,0.141,0.142,0.142,0.163,0.163,0.163,0.154,0.162,0.162,0.130,0.130,0.130,0.599,0.176,0.616,0.182,0.616,0.182,0.565,0.162,0.580,0.170,0.580,0.170,0.532,0.149,0.542,0.152,0.542,0.152
LTU,440,2009,LTU2009,0.628,0.628,0.628,0.626,0.769,0.769,0.688,0.692,0.692,0.586,0.586,0.586,0.590,0.744,0.744,0.657,0.662,0.662,0.550,0.550,0.550,0.558,0.713,0.713,0.628,0.633,0.633,0.190,0.190,0.190,0.173,0.141,0.141,0.140,0.138,0.138,0.172,0.172,0.172,0.158,0.142,0.142,0.128,0.127,0.127,0.158,0.158,0.158,0.146,0.139,0.139,0.117,0.117,0.117,0.647,0.167,0.696,0.156,0.696,0.156,0.611,0.153,0.664,0.147,0.664,0.147,0.579,0.140,0.632,0.138,0.632,0.138
LTU,440,2010,LTU2010,0.458,0.458,0.458,0.476,0.772,0.772,0.574,0.583,0.583,0.400,0.400,0.400,0.425,0.747,0.747,0.532,0.541,0.541,0.359,0.359,0.359,0.387,0.717,0.717,0.499,0.508,0.508,0.267,0.267,0.267,0.233,0.132,0.132,0.183,0.180,0.180,0.215,0.215,0.215,0.187,0.132,0.132,0.155,0.154,0.154,0.173,0.173,0.173,0.150,0.128,0.128,0.134,0.133,0.133,0.503,0.228,0.604,0.193,0.604,0.193,0.452,0.186,0.562,0.167,0.562,0.167,0.415,0.153,0.528,0.145,0.528,0.145
LTU,440,2011,LTU2011,0.445,0.445,0.445,0.464,0.759,0.759,0.563,0.571,0.571,0.388,0.388,0.388,0.414,0.733,0.733,0.521,0.530,0.530,0.348,0.348,0.348,0.377,0.702,0.702,0.488,0.497,0.497,0.269,0.269,0.269,0.234,0.139,0.139,0.186,0.183,0.183,0.216,0.216,0.216,0.188,0.137,0.137,0.158,0.156,0.156,0.174,0.174,0.174,0.151,0.132,0.132,0.136,0.136,0.136,0.491,0.230,0.592,0.197,0.592,0.197,0.441,0.187,0.550,0.170,0.550,0.170,0.404,0.154,0.516,0.147,0.516,0.147
LTU,440,2012,LTU2012,0.428,0.428,0.428,0.448,0.683,0.683,0.546,0.551,0.551,0.372,0.372,0.372,0.398,0.649,0.649,0.504,0.510,0.510,0.333,0.333,0.333,0.363,0.612,0.612,0.472,0.477,0.477,0.271,0.271,0.271,0.236,0.167,0.167,0.190,0.188,0.188,0.216,0.216,0.216,0.189,0.160,0.160,0.161,0.160,0.160,0.174,0.174,0.174,0.152,0.146,0.146,0.140,0.140,0.140,0.474,0.232,0.554,0.209,0.554,0.209,0.425,0.189,0.510,0.179,0.510,0.179,0.389,0.156,0.474,0.153,0.474,0.153
LTU,440,2013,LTU2013,0.405,0.405,0.405,0.427,0.660,0.660,0.526,0.530,0.530,0.352,0.352,0.352,0.379,0.624,0.624,0.484,0.489,0.489,0.315,0.315,0.315,0.345,0.584,0.584,0.452,0.457,0.457,0.273,0.273,0.273,0.239,0.177,0.177,0.195,0.193,0.193,0.217,0.217,0.217,0.191,0.168,0.168,0.165,0.165,0.165,0.175,0.175,0.175,0.154,0.151,0.151,0.144,0.144,0.144,0.453,0.236,0.532,0.215,0.532,0.215,0.405,0.191,0.488,0.183,0.488,0.183,0.371,0.158,0.452,0.157,0.452,0.157
LTU,440,2014,LTU2014,0.383,0.383,0.383,0.403,0.634,0.634,0.502,0.506,0.506,0.333,0.333,0.333,0.358,0.596,0.596,0.462,0.467,0.467,0.299,0.299,0.299,0.327,0.555,0.555,0.430,0.435,0.435,0.270,0.270,0.270,0.237,0.186,0.186,0.197,0.195,0.195,0.215,0.215,0.215,0.189,0.174,0.174,0.167,0.166,0.166,0.174,0.174,0.174,0.153,0.152,0.152,0.143,0.143,0.143,0.429,0.234,0.508,0.217,0.508,0.217,0.384,0.190,0.465,0.185,0.465,0.185,0.352,0.157,0.429,0.156,0.429,0.156
LTU,440,2015,LTU2015,0.534,0.534,0.521,0.543,0.643,0.556,0.618,0.623,0.580,0.493,0.493,0.493,0.508,0.605,0.538,0.587,0.592,0.571,0.454,0.454,0.454,0.473,0.561,0.517,0.553,0.557,0.557,0.216,0.216,0.198,0.191,0.188,0.116,0.168,0.167,0.120,0.197,0.197,0.197,0.174,0.177,0.112,0.159,0.159,0.132,0.174,0.174,0.174,0.155,0.154,0.101,0.145,0.145,0.145,0.565,0.192,0.600,0.190,0.552,0.145,0.529,0.177,0.564,0.178,0.534,0.147,0.493,0.158,0.524,0.158,0.510,0.140
LTU,440,2016,LTU2016,0.506,0.506,0.500,0.506,0.597,0.525,0.581,0.587,0.558,0.468,0.468,0.468,0.471,0.555,0.506,0.549,0.555,0.549,0.429,0.429,0.429,0.439,0.512,0.486,0.514,0.519,0.519,0.218,0.218,0.209,0.194,0.200,0.128,0.175,0.174,0.138,0.199,0.199,0.199,0.174,0.182,0.123,0.164,0.164,0.155,0.175,0.175,0.175,0.154,0.153,0.115,0.144,0.144,0.144,0.531,0.196,0.563,0.197,0.528,0.158,0.496,0.179,0.526,0.182,0.507,0.159,0.461,0.158,0.487,0.157,0.478,0.145
LTU,440,2017,LTU2017,0.739,0.739,0.726,0.703,0.714,0.622,0.731,0.731,0.681,0.717,0.717,0.717,0.677,0.684,0.614,0.705,0.705,0.679,0.697,0.697,0.697,0.659,0.661,0.612,0.685,0.685,0.681,0.110,0.110,0.094,0.113,0.123,0.049,0.104,0.104,0.053,0.105,0.105,0.105,0.102,0.109,0.047,0.093,0.093,0.062,0.104,0.104,0.104,0.102,0.103,0.055,0.086,0.086,0.081,0.724,0.109,0.728,0.112,0.676,0.065,0.700,0.100,0.702,0.102,0.670,0.071,0.680,0.098,0.681,0.098,0.663,0.080
LTU,440,2018,LTU2018,0.727,0.727,0.711,0.763,0.760,0.661,0.779,0.777,0.713,0.706,0.706,0.706,0.744,0.744,0.657,0.760,0.760,0.713,0.687,0.687,0.687,0.727,0.728,0.655,0.739,0.738,0.712,0.108,0.108,0.089,0.095,0.089,0.030,0.096,0.094,0.039,0.103,0.103,0.103,0.092,0.088,0.031,0.094,0.093,0.050,0.103,0.103,0.103,0.092,0.089,0.036,0.089,0.089,0.061,0.757,0.099,0.755,0.097,0.695,0.053,0.737,0.096,0.737,0.095,0.692,0.061,0.718,0.095,0.718,0.094,0.685,0.067
LTU,440,2019,LTU2019,0.691,0.691,0.681,0.745,0.746,0.646,0.755,0.755,0.695,0.669,0.669,0.669,0.726,0.728,0.645,0.734,0.734,0.696,0.649,0.649,0.649,0.708,0.711,0.647,0.711,0.711,0.697,0.114,0.114,0.102,0.098,0.094,0.021,0.102,0.102,0.046,0.109,0.109,0.109,0.095,0.093,0.026,0.097,0.097,0.058,0.107,0.107,0.107,0.095,0.093,0.034,0.091,0.091,0.074,0.730,0.105,0.731,0.103,0.674,0.056,0.709,0.100,0.710,0.100,0.670,0.064,0.689,0.098,0.690,0.097,0.664,0.072
LTU,440,2020,LTU2020,0.683,0.683,0.654,0.752,0.752,0.613,0.759,0.759,0.649,0.664,0.664,0.649,0.735,0.736,0.608,0.741,0.740,0.646,0.645,0.645,0.643,0.719,0.720,0.604,0.721,0.721,0.642,0.108,0.108,0.077,0.085,0.084,0.034,0.102,0.102,0.037,0.105,0.105,0.087,0.082,0.082,0.034,0.102,0.102,0.041,0.104,0.104,0.101,0.081,0.081,0.035,0.102,0.102,0.044,0.731,0.098,0.731,0.098,0.639,0.049,0.713,0.096,0.713,0.096,0.634,0.054,0.695,0.096,0.695,0.096,0.630,0.060
LTU,440,2021,LTU2021,0.686,0.686,0.640,0.756,0.787,0.647,0.758,0.763,0.659,0.666,0.666,0.645,0.739,0.766,0.640,0.740,0.743,0.656,0.647,0.647,0.647,0.724,0.742,0.630,0.719,0.722,0.652,0.107,0.107,0.056,0.085,0.103,0.047,0.101,0.102,0.033,0.103,0.103,0.078,0.082,0.101,0.045,0.100,0.099,0.036,0.103,0.103,0.103,0.082,0.096,0.042,0.097,0.096,0.039,0.733,0.098,0.745,0.104,0.649,0.045,0.715,0.095,0.725,0.101,0.647,0.053,0.697,0.094,0.704,0.098,0.643,0.061
LTU,440,2022,LTU2022,0.683,0.683,0.651,0.755,0.781,0.648,0.753,0.757,0.661,0.666,0.666,0.657,0.740,0.760,0.642,0.736,0.739,0.661,0.649,0.649,0.649,0.726,0.736,0.635,0.710,0.714,0.656,0.105,0.105,0.067,0.086,0.103,0.037,0.101,0.101,0.031,0.105,0.105,0.093,0.085,0.100,0.037,0.102,0.101,0.038,0.106,0.106,0.106,0.088,0.095,0.034,0.093,0.093,0.039,0.730,0.097,0.740,0.103,0.653,0.045,0.714,0.097,0.722,0.102,0.653,0.056,0.695,0.096,0.700,0.098,0.646,0.060
LUX,442,2001,LUX2001,0.779,0.787,0.784,0.809,0.832,0.816,0.832,0.841,0.831,0.775,0.775,0.775,0.800,0.812,0.803,0.826,0.826,0.822,0.768,0.768,0.768,0.790,0.790,0.787,0.819,0.819,0.818,0.049,0.059,0.055,0.058,0.079,0.065,0.046,0.055,0.046,0.055,0.055,0.055,0.061,0.073,0.065,0.048,0.048,0.045,0.060,0.060,0.060,0.063,0.064,0.061,0.053,0.053,0.052,0.807,0.051,0.820,0.064,0.810,0.055,0.800,0.055,0.804,0.059,0.800,0.055,0.792,0.059,0.792,0.059,0.791,0.058
LUX,442,2002,LUX2002,0.780,0.794,0.790,0.811,0.839,0.822,0.835,0.847,0.836,0.776,0.776,0.776,0.802,0.820,0.810,0.828,0.829,0.826,0.771,0.771,0.771,0.792,0.796,0.793,0.822,0.822,0.821,0.044,0.060,0.055,0.058,0.081,0.067,0.044,0.056,0.046,0.050,0.050,0.050,0.060,0.077,0.067,0.047,0.048,0.045,0.056,0.056,0.056,0.062,0.067,0.064,0.050,0.050,0.049,0.809,0.049,0.827,0.066,0.816,0.056,0.802,0.052,0.809,0.058,0.804,0.054,0.795,0.056,0.796,0.057,0.795,0.056
LUX,442,2003,LUX2003,0.781,0.795,0.790,0.815,0.843,0.826,0.836,0.848,0.837,0.778,0.778,0.778,0.806,0.824,0.814,0.829,0.830,0.827,0.772,0.772,0.772,0.796,0.801,0.798,0.822,0.822,0.821,0.044,0.060,0.055,0.055,0.079,0.065,0.044,0.057,0.047,0.050,0.050,0.050,0.057,0.075,0.065,0.047,0.048,0.045,0.056,0.056,0.056,0.060,0.065,0.062,0.051,0.051,0.049,0.810,0.048,0.828,0.065,0.818,0.056,0.804,0.051,0.811,0.058,0.806,0.053,0.797,0.055,0.798,0.057,0.797,0.055
LUX,442,2004,LUX2004,0.781,0.795,0.790,0.816,0.844,0.828,0.835,0.848,0.837,0.777,0.777,0.777,0.807,0.825,0.815,0.829,0.830,0.827,0.772,0.772,0.772,0.798,0.802,0.799,0.822,0.822,0.821,0.045,0.060,0.055,0.055,0.078,0.065,0.045,0.057,0.048,0.051,0.051,0.051,0.056,0.074,0.065,0.048,0.049,0.046,0.056,0.056,0.056,0.059,0.064,0.061,0.052,0.052,0.050,0.811,0.048,0.829,0.065,0.818,0.056,0.805,0.052,0.811,0.058,0.807,0.054,0.797,0.056,0.799,0.057,0.797,0.056
LUX,442,2005,LUX2005,0.782,0.797,0.791,0.819,0.847,0.828,0.837,0.849,0.837,0.779,0.779,0.779,0.811,0.830,0.817,0.831,0.832,0.827,0.773,0.773,0.773,0.802,0.807,0.802,0.824,0.824,0.822,0.044,0.060,0.054,0.053,0.076,0.061,0.045,0.057,0.046,0.050,0.050,0.050,0.054,0.072,0.061,0.048,0.049,0.044,0.056,0.056,0.056,0.057,0.063,0.058,0.052,0.052,0.050,0.813,0.047,0.831,0.065,0.819,0.054,0.807,0.051,0.813,0.057,0.808,0.052,0.800,0.055,0.801,0.057,0.799,0.055
LUX,442,2006,LUX2006,0.780,0.794,0.789,0.818,0.846,0.827,0.835,0.847,0.835,0.776,0.776,0.776,0.809,0.828,0.816,0.828,0.829,0.825,0.770,0.770,0.770,0.800,0.805,0.800,0.822,0.822,0.820,0.047,0.062,0.057,0.054,0.077,0.063,0.047,0.059,0.048,0.053,0.053,0.053,0.056,0.073,0.062,0.050,0.051,0.047,0.059,0.059,0.059,0.058,0.063,0.059,0.055,0.055,0.053,0.811,0.049,0.829,0.066,0.817,0.056,0.805,0.053,0.811,0.059,0.805,0.054,0.797,0.057,0.799,0.059,0.797,0.057
LUX,442,2007,LUX2007,0.781,0.795,0.790,0.820,0.848,0.831,0.835,0.848,0.836,0.777,0.777,0.777,0.812,0.830,0.819,0.829,0.830,0.825,0.771,0.771,0.771,0.803,0.808,0.804,0.822,0.822,0.821,0.047,0.063,0.057,0.052,0.076,0.062,0.047,0.060,0.049,0.053,0.053,0.053,0.054,0.072,0.062,0.051,0.052,0.048,0.059,0.059,0.059,0.057,0.062,0.058,0.056,0.056,0.054,0.812,0.049,0.830,0.066,0.819,0.056,0.806,0.053,0.813,0.059,0.807,0.054,0.799,0.057,0.800,0.059,0.798,0.057
LUX,442,2008,LUX2008,0.778,0.791,0.787,0.820,0.846,0.830,0.837,0.848,0.837,0.774,0.774,0.774,0.812,0.828,0.817,0.830,0.831,0.826,0.767,0.767,0.767,0.802,0.805,0.801,0.822,0.822,0.821,0.049,0.064,0.060,0.058,0.080,0.067,0.052,0.064,0.054,0.055,0.055,0.055,0.061,0.076,0.067,0.056,0.057,0.053,0.061,0.061,0.061,0.064,0.068,0.064,0.062,0.062,0.060,0.812,0.053,0.828,0.069,0.818,0.060,0.805,0.057,0.811,0.063,0.806,0.058,0.797,0.062,0.798,0.063,0.797,0.062
LUX,442,2009,LUX2009,0.777,0.796,0.794,0.819,0.850,0.844,0.838,0.854,0.850,0.774,0.776,0.776,0.811,0.834,0.830,0.832,0.838,0.838,0.769,0.769,0.769,0.802,0.812,0.812,0.825,0.827,0.827,0.043,0.063,0.061,0.055,0.079,0.073,0.049,0.063,0.060,0.049,0.052,0.052,0.058,0.077,0.074,0.053,0.058,0.058,0.055,0.055,0.055,0.061,0.071,0.071,0.059,0.061,0.061,0.812,0.049,0.833,0.068,0.829,0.065,0.806,0.053,0.816,0.062,0.815,0.061,0.799,0.058,0.803,0.062,0.803,0.062
LUX,442,2010,LUX2010,0.777,0.796,0.794,0.819,0.851,0.844,0.838,0.853,0.850,0.774,0.776,0.776,0.812,0.834,0.830,0.832,0.837,0.837,0.769,0.769,0.769,0.803,0.813,0.813,0.824,0.827,0.827,0.044,0.063,0.061,0.054,0.079,0.073,0.050,0.064,0.060,0.050,0.052,0.052,0.057,0.077,0.073,0.054,0.059,0.059,0.056,0.056,0.056,0.061,0.071,0.071,0.059,0.062,0.062,0.811,0.049,0.833,0.069,0.829,0.065,0.806,0.054,0.816,0.063,0.815,0.062,0.799,0.059,0.803,0.063,0.803,0.063
LUX,442,2011,LUX2011,0.787,0.805,0.802,0.825,0.856,0.850,0.845,0.861,0.857,0.784,0.786,0.786,0.818,0.840,0.836,0.839,0.845,0.845,0.779,0.779,0.779,0.809,0.819,0.819,0.832,0.835,0.835,0.044,0.063,0.060,0.054,0.078,0.073,0.049,0.063,0.059,0.050,0.052,0.052,0.057,0.076,0.073,0.054,0.059,0.059,0.056,0.056,0.056,0.061,0.070,0.070,0.059,0.062,0.062,0.819,0.049,0.841,0.068,0.836,0.064,0.814,0.054,0.824,0.062,0.823,0.061,0.807,0.059,0.811,0.063,0.811,0.063
LUX,442,2012,LUX2012,0.778,0.796,0.793,0.819,0.850,0.844,0.837,0.852,0.849,0.775,0.777,0.777,0.811,0.833,0.830,0.831,0.836,0.836,0.769,0.769,0.769,0.802,0.812,0.812,0.823,0.826,0.826,0.045,0.064,0.061,0.054,0.079,0.073,0.051,0.065,0.061,0.051,0.054,0.054,0.057,0.077,0.073,0.055,0.060,0.060,0.057,0.057,0.057,0.061,0.070,0.070,0.061,0.064,0.064,0.811,0.050,0.833,0.069,0.829,0.065,0.806,0.055,0.815,0.064,0.814,0.062,0.798,0.060,0.802,0.064,0.802,0.064
LUX,442,2013,LUX2013,0.781,0.798,0.796,0.823,0.853,0.847,0.789,0.805,0.801,0.778,0.780,0.780,0.816,0.837,0.834,0.778,0.784,0.784,0.772,0.772,0.772,0.807,0.816,0.816,0.764,0.767,0.767,0.044,0.063,0.060,0.052,0.076,0.071,0.080,0.094,0.090,0.051,0.053,0.053,0.055,0.074,0.071,0.084,0.089,0.089,0.057,0.057,0.057,0.058,0.067,0.067,0.087,0.091,0.091,0.798,0.059,0.819,0.077,0.815,0.074,0.791,0.063,0.800,0.072,0.799,0.071,0.781,0.067,0.785,0.071,0.785,0.071
LUX,442,2014,LUX2014,0.781,0.798,0.796,0.823,0.854,0.848,0.789,0.805,0.801,0.778,0.780,0.780,0.816,0.838,0.835,0.778,0.783,0.783,0.772,0.772,0.772,0.808,0.817,0.817,0.763,0.767,0.767,0.045,0.063,0.060,0.051,0.075,0.070,0.080,0.094,0.090,0.051,0.054,0.054,0.054,0.073,0.070,0.084,0.089,0.089,0.057,0.057,0.057,0.058,0.066,0.066,0.087,0.090,0.090,0.798,0.059,0.819,0.077,0.815,0.074,0.791,0.063,0.800,0.072,0.799,0.071,0.781,0.067,0.785,0.071,0.785,0.071
LUX,442,2015,LUX2015,0.786,0.802,0.800,0.826,0.855,0.850,0.790,0.804,0.801,0.781,0.783,0.783,0.818,0.838,0.835,0.778,0.782,0.782,0.775,0.775,0.775,0.808,0.817,0.817,0.762,0.765,0.765,0.050,0.067,0.064,0.054,0.077,0.073,0.084,0.097,0.094,0.055,0.057,0.057,0.057,0.075,0.072,0.088,0.092,0.092,0.061,0.061,0.061,0.060,0.068,0.068,0.090,0.094,0.094,0.800,0.063,0.820,0.080,0.817,0.077,0.792,0.067,0.801,0.075,0.800,0.074,0.781,0.070,0.785,0.074,0.785,0.074
LUX,442,2016,LUX2016,0.783,0.799,0.792,0.823,0.852,0.840,0.786,0.801,0.787,0.778,0.780,0.780,0.815,0.835,0.826,0.774,0.778,0.769,0.771,0.771,0.771,0.805,0.813,0.810,0.757,0.760,0.756,0.052,0.068,0.061,0.056,0.079,0.069,0.086,0.099,0.088,0.057,0.059,0.059,0.059,0.076,0.069,0.090,0.094,0.086,0.063,0.063,0.063,0.062,0.069,0.066,0.092,0.095,0.091,0.798,0.065,0.817,0.082,0.806,0.073,0.789,0.069,0.798,0.077,0.792,0.071,0.778,0.072,0.782,0.076,0.779,0.073
LUX,442,2017,LUX2017,0.788,0.803,0.797,0.822,0.851,0.840,0.845,0.859,0.846,0.784,0.785,0.785,0.814,0.834,0.827,0.838,0.843,0.835,0.778,0.778,0.778,0.804,0.812,0.810,0.830,0.833,0.830,0.048,0.064,0.058,0.057,0.079,0.071,0.053,0.066,0.055,0.053,0.055,0.055,0.059,0.077,0.070,0.058,0.061,0.054,0.060,0.060,0.060,0.062,0.070,0.068,0.062,0.065,0.063,0.818,0.052,0.838,0.070,0.828,0.061,0.812,0.057,0.821,0.065,0.816,0.060,0.804,0.061,0.808,0.065,0.806,0.063
LUX,442,2018,LUX2018,0.782,0.796,0.786,0.816,0.844,0.824,0.838,0.852,0.826,0.777,0.778,0.773,0.807,0.826,0.809,0.832,0.836,0.813,0.770,0.770,0.770,0.796,0.804,0.790,0.822,0.826,0.806,0.053,0.068,0.058,0.061,0.082,0.071,0.057,0.069,0.058,0.059,0.060,0.055,0.063,0.080,0.069,0.062,0.065,0.055,0.065,0.065,0.065,0.066,0.072,0.063,0.066,0.070,0.060,0.812,0.057,0.831,0.073,0.812,0.062,0.805,0.061,0.814,0.068,0.798,0.059,0.796,0.066,0.800,0.069,0.789,0.063
LUX,442,2019,LUX2019,0.789,0.802,0.792,0.824,0.854,0.834,0.844,0.863,0.837,0.785,0.787,0.782,0.816,0.839,0.822,0.838,0.849,0.826,0.777,0.777,0.777,0.805,0.819,0.806,0.828,0.832,0.813,0.050,0.064,0.055,0.057,0.078,0.067,0.055,0.070,0.060,0.058,0.059,0.055,0.060,0.078,0.068,0.061,0.070,0.060,0.062,0.062,0.062,0.062,0.074,0.065,0.064,0.068,0.058,0.819,0.054,0.839,0.071,0.821,0.061,0.813,0.060,0.825,0.069,0.810,0.061,0.803,0.063,0.809,0.068,0.798,0.062
LUX,442,2020,LUX2020,0.781,0.793,0.784,0.815,0.844,0.826,0.833,0.851,0.828,0.776,0.777,0.774,0.806,0.828,0.813,0.826,0.836,0.815,0.766,0.766,0.766,0.794,0.807,0.795,0.814,0.818,0.801,0.058,0.071,0.062,0.062,0.083,0.072,0.062,0.077,0.066,0.065,0.066,0.062,0.065,0.083,0.073,0.068,0.076,0.066,0.069,0.069,0.069,0.067,0.078,0.069,0.071,0.074,0.064,0.810,0.060,0.829,0.077,0.813,0.067,0.803,0.066,0.814,0.075,0.800,0.067,0.791,0.069,0.797,0.074,0.787,0.067
LUX,442,2021,LUX2021,0.783,0.796,0.786,0.818,0.848,0.827,0.835,0.854,0.826,0.779,0.780,0.776,0.810,0.832,0.814,0.828,0.839,0.814,0.769,0.769,0.769,0.798,0.812,0.797,0.816,0.821,0.799,0.057,0.070,0.061,0.060,0.081,0.070,0.061,0.076,0.066,0.064,0.065,0.060,0.063,0.081,0.070,0.067,0.076,0.065,0.068,0.068,0.068,0.065,0.077,0.067,0.070,0.074,0.064,0.812,0.059,0.833,0.076,0.813,0.066,0.805,0.064,0.817,0.074,0.801,0.065,0.795,0.067,0.801,0.073,0.788,0.066
LUX,442,2022,LUX2022,0.776,0.788,0.779,0.812,0.841,0.822,0.827,0.845,0.820,0.770,0.771,0.767,0.803,0.825,0.808,0.819,0.829,0.806,0.759,0.759,0.759,0.791,0.803,0.790,0.806,0.811,0.791,0.064,0.076,0.068,0.064,0.085,0.074,0.067,0.082,0.071,0.070,0.071,0.067,0.067,0.084,0.074,0.072,0.081,0.070,0.074,0.074,0.074,0.069,0.080,0.071,0.075,0.080,0.069,0.805,0.065,0.825,0.081,0.807,0.071,0.797,0.070,0.808,0.079,0.794,0.071,0.785,0.073,0.791,0.078,0.780,0.071
LVA,428,2005,LVA2005,0.841,0.841,0.838,0.791,0.833,0.783,0.847,0.848,0.836,0.846,0.846,0.846,0.800,0.815,0.792,0.849,0.849,0.849,0.849,0.849,0.849,0.807,0.807,0.804,0.851,0.851,0.851,-0.013,-0.013,-0.016,-0.025,0.019,-0.033,-0.007,-0.005,-0.018,-0.009,-0.009,-0.009,-0.019,-0.002,-0.027,-0.006,-0.006,-0.006,-0.006,-0.006,-0.006,-0.014,-0.013,-0.017,-0.004,-0.004,-0.004,0.826,-0.015,0.841,0.000,0.819,-0.022,0.832,-0.011,0.837,-0.005,0.829,-0.014,0.836,-0.008,0.836,-0.008,0.835,-0.009
LVA,428,2006,LVA2006,0.841,0.841,0.839,0.789,0.839,0.782,0.843,0.850,0.829,0.846,0.846,0.846,0.798,0.821,0.790,0.846,0.846,0.842,0.850,0.850,0.850,0.805,0.807,0.801,0.848,0.848,0.848,-0.013,-0.013,-0.015,-0.026,0.024,-0.032,-0.008,-0.000,-0.023,-0.009,-0.009,-0.009,-0.019,0.006,-0.027,-0.006,-0.006,-0.010,-0.006,-0.006,-0.006,-0.014,-0.012,-0.020,-0.005,-0.005,-0.005,0.824,-0.016,0.843,0.004,0.817,-0.023,0.830,-0.011,0.837,-0.003,0.826,-0.015,0.834,-0.008,0.835,-0.008,0.833,-0.010
LVA,428,2007,LVA2007,0.834,0.834,0.834,0.774,0.795,0.766,0.831,0.831,0.829,0.840,0.840,0.840,0.782,0.783,0.779,0.835,0.835,0.835,0.844,0.844,0.844,0.790,0.790,0.790,0.838,0.838,0.838,-0.015,-0.015,-0.015,-0.028,-0.003,-0.038,-0.011,-0.011,-0.014,-0.010,-0.010,-0.010,-0.023,-0.022,-0.027,-0.008,-0.008,-0.008,-0.007,-0.007,-0.007,-0.017,-0.017,-0.017,-0.007,-0.007,-0.007,0.813,-0.018,0.820,-0.010,0.809,-0.022,0.819,-0.014,0.819,-0.013,0.818,-0.015,0.824,-0.010,0.824,-0.010,0.824,-0.010
LVA,428,2008,LVA2008,0.820,0.820,0.820,0.747,0.756,0.739,0.813,0.813,0.813,0.828,0.828,0.828,0.753,0.753,0.753,0.816,0.816,0.816,0.833,0.833,0.833,0.762,0.762,0.762,0.820,0.820,0.820,-0.019,-0.019,-0.019,-0.030,-0.019,-0.041,-0.013,-0.013,-0.013,-0.013,-0.013,-0.013,-0.028,-0.028,-0.029,-0.012,-0.012,-0.012,-0.010,-0.010,-0.010,-0.023,-0.023,-0.023,-0.009,-0.009,-0.009,0.794,-0.021,0.796,-0.017,0.791,-0.024,0.799,-0.018,0.799,-0.018,0.799,-0.018,0.805,-0.014,0.805,-0.014,0.805,-0.014
LVA,428,2009,LVA2009,0.832,0.832,0.830,0.747,0.766,0.739,0.820,0.820,0.820,0.836,0.836,0.836,0.753,0.753,0.751,0.822,0.822,0.822,0.838,0.838,0.838,0.761,0.761,0.761,0.825,0.825,0.825,-0.008,-0.008,-0.011,-0.028,-0.004,-0.037,-0.008,-0.008,-0.008,-0.005,-0.005,-0.005,-0.025,-0.024,-0.027,-0.006,-0.006,-0.006,-0.004,-0.004,-0.004,-0.019,-0.019,-0.019,-0.005,-0.005,-0.005,0.800,-0.015,0.806,-0.007,0.796,-0.018,0.804,-0.012,0.804,-0.012,0.803,-0.013,0.808,-0.009,0.808,-0.009,0.808,-0.009
LVA,428,2010,LVA2010,0.832,0.832,0.827,0.730,0.822,0.751,0.796,0.819,0.785,0.832,0.832,0.832,0.735,0.802,0.750,0.798,0.802,0.792,0.831,0.831,0.831,0.741,0.777,0.748,0.799,0.799,0.799,0.016,0.016,0.011,-0.007,0.071,0.012,0.006,0.031,-0.004,0.021,0.021,0.021,-0.002,0.062,0.013,0.011,0.016,0.004,0.025,0.025,0.025,0.006,0.045,0.015,0.015,0.015,0.015,0.786,0.005,0.824,0.039,0.788,0.006,0.788,0.010,0.812,0.033,0.791,0.013,0.790,0.016,0.802,0.029,0.793,0.018
LVA,428,2011,LVA2011,0.827,0.827,0.824,0.727,0.810,0.742,0.790,0.810,0.779,0.828,0.828,0.828,0.730,0.788,0.741,0.791,0.794,0.786,0.826,0.826,0.826,0.734,0.762,0.740,0.792,0.792,0.792,0.019,0.019,0.015,-0.001,0.072,0.013,0.010,0.031,-0.002,0.025,0.025,0.025,0.002,0.061,0.014,0.013,0.016,0.007,0.029,0.029,0.029,0.010,0.041,0.016,0.018,0.018,0.018,0.782,0.009,0.816,0.041,0.782,0.009,0.783,0.013,0.803,0.034,0.785,0.015,0.784,0.019,0.794,0.029,0.786,0.021
LVA,428,2012,LVA2012,0.823,0.823,0.820,0.725,0.803,0.737,0.787,0.805,0.776,0.823,0.823,0.823,0.728,0.781,0.736,0.788,0.790,0.783,0.821,0.821,0.821,0.732,0.754,0.735,0.789,0.789,0.789,0.023,0.023,0.019,0.002,0.072,0.014,0.012,0.032,0.001,0.028,0.028,0.028,0.006,0.061,0.015,0.017,0.019,0.011,0.033,0.033,0.033,0.014,0.039,0.018,0.022,0.022,0.022,0.779,0.012,0.811,0.043,0.778,0.011,0.780,0.017,0.798,0.036,0.781,0.018,0.780,0.023,0.788,0.031,0.782,0.024
LVA,428,2013,LVA2013,0.808,0.808,0.806,0.710,0.782,0.721,0.777,0.788,0.766,0.807,0.807,0.807,0.711,0.757,0.719,0.776,0.776,0.773,0.803,0.803,0.803,0.713,0.729,0.717,0.775,0.775,0.775,0.029,0.029,0.025,0.008,0.076,0.019,0.018,0.031,0.007,0.034,0.034,0.034,0.011,0.061,0.020,0.021,0.021,0.018,0.038,0.038,0.038,0.018,0.037,0.023,0.026,0.026,0.026,0.765,0.018,0.793,0.045,0.764,0.017,0.765,0.022,0.780,0.039,0.767,0.024,0.764,0.027,0.769,0.034,0.765,0.029
LVA,428,2014,LVA2014,0.790,0.790,0.789,0.675,0.738,0.684,0.757,0.758,0.750,0.788,0.788,0.788,0.673,0.709,0.679,0.752,0.752,0.752,0.782,0.782,0.782,0.671,0.679,0.674,0.750,0.750,0.750,0.035,0.035,0.034,0.020,0.085,0.028,0.026,0.027,0.017,0.040,0.040,0.040,0.020,0.063,0.028,0.025,0.025,0.025,0.044,0.044,0.044,0.022,0.033,0.027,0.029,0.029,0.029,0.741,0.027,0.762,0.049,0.741,0.027,0.738,0.029,0.750,0.043,0.740,0.031,0.734,0.032,0.737,0.035,0.735,0.033
LVA,428,2015,LVA2015,0.842,0.842,0.842,0.734,0.741,0.724,0.814,0.814,0.814,0.846,0.846,0.846,0.737,0.737,0.737,0.814,0.814,0.814,0.849,0.849,0.849,0.742,0.742,0.742,0.817,0.817,0.817,-0.010,-0.010,-0.010,-0.024,-0.015,-0.037,-0.008,-0.008,-0.008,-0.006,-0.006,-0.006,-0.025,-0.025,-0.025,-0.010,-0.010,-0.010,-0.005,-0.005,-0.005,-0.023,-0.023,-0.023,-0.008,-0.008,-0.008,0.797,-0.014,0.799,-0.011,0.793,-0.018,0.799,-0.014,0.799,-0.014,0.799,-0.014,0.803,-0.012,0.803,-0.012,0.803,-0.012
LVA,428,2016,LVA2016,0.839,0.839,0.839,0.760,0.764,0.750,0.812,0.812,0.812,0.845,0.845,0.845,0.766,0.766,0.766,0.812,0.812,0.812,0.848,0.848,0.848,0.774,0.774,0.774,0.815,0.815,0.815,-0.013,-0.013,-0.013,-0.028,-0.022,-0.040,-0.009,-0.009,-0.009,-0.008,-0.008,-0.008,-0.026,-0.026,-0.026,-0.011,-0.011,-0.011,-0.006,-0.006,-0.006,-0.020,-0.020,-0.020,-0.009,-0.009,-0.009,0.804,-0.017,0.805,-0.015,0.800,-0.021,0.808,-0.015,0.808,-0.015,0.807,-0.015,0.813,-0.011,0.813,-0.011,0.813,-0.011
LVA,428,2017,LVA2017,0.842,0.842,0.842,0.766,0.774,0.756,0.815,0.815,0.815,0.848,0.848,0.848,0.773,0.773,0.773,0.817,0.817,0.817,0.852,0.852,0.852,0.782,0.782,0.782,0.821,0.821,0.821,-0.014,-0.014,-0.014,-0.029,-0.019,-0.042,-0.011,-0.011,-0.011,-0.009,-0.009,-0.009,-0.026,-0.026,-0.026,-0.012,-0.012,-0.012,-0.006,-0.006,-0.006,-0.019,-0.019,-0.019,-0.009,-0.009,-0.009,0.808,-0.018,0.810,-0.015,0.805,-0.022,0.813,-0.016,0.813,-0.016,0.812,-0.016,0.818,-0.011,0.818,-0.011,0.818,-0.011
LVA,428,2018,LVA2018,0.823,0.823,0.823,0.761,0.765,0.751,0.810,0.810,0.810,0.832,0.832,0.832,0.767,0.767,0.767,0.810,0.810,0.810,0.838,0.838,0.838,0.776,0.776,0.776,0.814,0.814,0.814,-0.020,-0.020,-0.020,-0.028,-0.022,-0.040,-0.009,-0.009,-0.009,-0.011,-0.011,-0.011,-0.024,-0.024,-0.025,-0.011,-0.011,-0.011,-0.006,-0.006,-0.006,-0.018,-0.018,-0.018,-0.008,-0.008,-0.008,0.798,-0.019,0.799,-0.017,0.794,-0.023,0.803,-0.015,0.803,-0.015,0.803,-0.016,0.810,-0.010,0.810,-0.010,0.810,-0.010
LVA,428,2019,LVA2019,0.822,0.822,0.822,0.760,0.762,0.750,0.807,0.807,0.807,0.832,0.832,0.832,0.765,0.765,0.765,0.807,0.807,0.807,0.839,0.839,0.839,0.774,0.774,0.774,0.811,0.811,0.811,-0.021,-0.021,-0.021,-0.027,-0.024,-0.039,-0.009,-0.009,-0.009,-0.012,-0.012,-0.012,-0.025,-0.025,-0.025,-0.011,-0.011,-0.011,-0.007,-0.007,-0.007,-0.019,-0.019,-0.019,-0.009,-0.009,-0.009,0.796,-0.019,0.797,-0.018,0.793,-0.023,0.802,-0.016,0.802,-0.016,0.802,-0.016,0.808,-0.012,0.808,-0.012,0.808,-0.012
LVA,428,2020,LVA2020,0.817,0.817,0.817,0.757,0.763,0.747,0.804,0.804,0.804,0.829,0.829,0.829,0.763,0.763,0.763,0.804,0.804,0.804,0.837,0.837,0.837,0.771,0.771,0.771,0.808,0.808,0.808,-0.026,-0.026,-0.026,-0.028,-0.021,-0.041,-0.011,-0.011,-0.011,-0.016,-0.016,-0.016,-0.027,-0.027,-0.027,-0.013,-0.013,-0.013,-0.009,-0.009,-0.009,-0.021,-0.021,-0.021,-0.011,-0.011,-0.011,0.793,-0.022,0.795,-0.019,0.789,-0.026,0.799,-0.018,0.799,-0.018,0.799,-0.019,0.806,-0.014,0.806,-0.014,0.806,-0.014
LVA,428,2021,LVA2021,0.812,0.812,0.812,0.755,0.764,0.746,0.805,0.805,0.805,0.822,0.822,0.822,0.762,0.762,0.761,0.805,0.805,0.805,0.829,0.829,0.829,0.771,0.771,0.771,0.809,0.809,0.809,-0.026,-0.026,-0.026,-0.031,-0.021,-0.043,-0.012,-0.012,-0.012,-0.018,-0.018,-0.018,-0.029,-0.029,-0.030,-0.014,-0.014,-0.014,-0.013,-0.013,-0.013,-0.024,-0.024,-0.024,-0.013,-0.013,-0.013,0.791,-0.023,0.793,-0.020,0.787,-0.027,0.796,-0.021,0.796,-0.021,0.796,-0.021,0.803,-0.016,0.803,-0.016,0.803,-0.016
LVA,428,2022,LVA2022,0.813,0.813,0.813,0.773,0.777,0.763,0.814,0.814,0.809,0.824,0.824,0.824,0.778,0.778,0.778,0.814,0.814,0.814,0.832,0.832,0.832,0.786,0.786,0.786,0.818,0.818,0.818,-0.027,-0.027,-0.027,-0.027,-0.022,-0.038,-0.012,-0.012,-0.017,-0.019,-0.019,-0.019,-0.025,-0.025,-0.025,-0.014,-0.014,-0.014,-0.013,-0.013,-0.013,-0.020,-0.020,-0.020,-0.011,-0.011,-0.011,0.800,-0.022,0.801,-0.020,0.795,-0.028,0.805,-0.019,0.805,-0.019,0.805,-0.019,0.812,-0.015,0.812,-0.015,0.812,-0.015
MLT,470,2005,MLT2005,0.289,0.303,0.289,0.496,0.554,0.529,0.496,0.496,0.472,0.252,0.265,0.259,0.444,0.501,0.487,0.444,0.444,0.431,0.230,0.242,0.240,0.409,0.462,0.456,0.409,0.409,0.404,0.251,0.245,0.220,0.216,0.209,0.183,0.216,0.216,0.189,0.190,0.188,0.173,0.167,0.167,0.149,0.167,0.167,0.149,0.152,0.152,0.145,0.134,0.134,0.124,0.134,0.134,0.123,0.427,0.228,0.451,0.224,0.430,0.197,0.380,0.175,0.403,0.174,0.393,0.157,0.349,0.140,0.371,0.140,0.366,0.131
MLT,470,2006,MLT2006,0.292,0.305,0.291,0.497,0.555,0.524,0.497,0.497,0.469,0.255,0.268,0.261,0.445,0.502,0.482,0.445,0.445,0.428,0.232,0.244,0.241,0.411,0.463,0.450,0.411,0.411,0.400,0.250,0.245,0.219,0.216,0.209,0.181,0.216,0.216,0.188,0.190,0.189,0.173,0.167,0.168,0.146,0.167,0.167,0.145,0.153,0.153,0.144,0.135,0.135,0.117,0.135,0.135,0.117,0.429,0.228,0.452,0.223,0.428,0.196,0.382,0.175,0.405,0.175,0.390,0.155,0.351,0.141,0.373,0.141,0.364,0.126
MLT,470,2007,MLT2007,0.289,0.305,0.291,0.494,0.550,0.520,0.494,0.494,0.467,0.253,0.268,0.262,0.443,0.497,0.477,0.443,0.443,0.426,0.230,0.244,0.241,0.407,0.457,0.445,0.407,0.407,0.397,0.250,0.244,0.220,0.220,0.215,0.188,0.220,0.220,0.193,0.192,0.190,0.175,0.174,0.174,0.153,0.174,0.174,0.152,0.153,0.153,0.144,0.141,0.141,0.125,0.141,0.141,0.124,0.426,0.230,0.449,0.227,0.426,0.200,0.379,0.180,0.402,0.179,0.388,0.160,0.348,0.145,0.369,0.145,0.361,0.131
MLT,470,2008,MLT2008,0.284,0.298,0.286,0.508,0.554,0.529,0.508,0.508,0.484,0.247,0.262,0.256,0.459,0.504,0.488,0.459,0.459,0.444,0.224,0.237,0.235,0.423,0.467,0.457,0.423,0.423,0.414,0.254,0.249,0.227,0.216,0.207,0.184,0.216,0.215,0.191,0.196,0.195,0.182,0.174,0.171,0.152,0.174,0.174,0.155,0.156,0.156,0.150,0.143,0.143,0.129,0.143,0.143,0.130,0.433,0.228,0.453,0.224,0.433,0.200,0.388,0.181,0.408,0.180,0.396,0.163,0.357,0.148,0.376,0.148,0.369,0.136
MLT,470,2009,MLT2009,0.285,0.299,0.288,0.508,0.551,0.527,0.508,0.507,0.484,0.249,0.262,0.257,0.458,0.501,0.486,0.458,0.458,0.443,0.225,0.238,0.236,0.422,0.464,0.454,0.422,0.422,0.413,0.255,0.250,0.228,0.218,0.209,0.186,0.218,0.217,0.193,0.196,0.195,0.182,0.176,0.173,0.155,0.176,0.176,0.157,0.156,0.156,0.150,0.145,0.145,0.131,0.145,0.145,0.131,0.434,0.230,0.452,0.225,0.433,0.203,0.388,0.183,0.407,0.181,0.395,0.165,0.356,0.148,0.374,0.148,0.368,0.137
MLT,470,2010,MLT2010,0.284,0.298,0.287,0.503,0.546,0.523,0.503,0.503,0.481,0.248,0.262,0.257,0.453,0.496,0.482,0.453,0.453,0.440,0.225,0.237,0.236,0.417,0.459,0.450,0.417,0.417,0.410,0.254,0.249,0.228,0.219,0.211,0.189,0.219,0.219,0.196,0.196,0.195,0.183,0.177,0.174,0.157,0.177,0.177,0.159,0.156,0.156,0.151,0.146,0.146,0.134,0.146,0.146,0.134,0.430,0.231,0.449,0.226,0.430,0.204,0.385,0.183,0.404,0.182,0.393,0.166,0.353,0.149,0.371,0.149,0.365,0.139
MLT,470,2011,MLT2011,0.265,0.279,0.271,0.472,0.517,0.497,0.472,0.472,0.454,0.232,0.246,0.242,0.425,0.468,0.456,0.425,0.425,0.414,0.210,0.223,0.222,0.391,0.432,0.426,0.391,0.391,0.386,0.251,0.247,0.229,0.221,0.215,0.194,0.221,0.221,0.200,0.195,0.195,0.185,0.178,0.176,0.161,0.178,0.178,0.163,0.155,0.155,0.153,0.148,0.148,0.138,0.148,0.148,0.138,0.403,0.231,0.423,0.228,0.407,0.208,0.361,0.184,0.380,0.183,0.371,0.170,0.331,0.150,0.349,0.150,0.345,0.143
MLT,470,2012,MLT2012,0.264,0.279,0.270,0.469,0.511,0.492,0.469,0.469,0.450,0.232,0.246,0.243,0.422,0.463,0.451,0.422,0.422,0.411,0.211,0.223,0.223,0.388,0.427,0.421,0.388,0.388,0.383,0.249,0.246,0.228,0.222,0.216,0.195,0.222,0.222,0.200,0.194,0.194,0.185,0.180,0.178,0.162,0.180,0.180,0.164,0.155,0.155,0.153,0.149,0.149,0.138,0.149,0.149,0.138,0.401,0.231,0.420,0.228,0.404,0.208,0.359,0.184,0.377,0.184,0.368,0.170,0.329,0.151,0.346,0.151,0.342,0.143
MLT,470,2013,MLT2013,0.264,0.278,0.270,0.466,0.506,0.488,0.466,0.466,0.448,0.231,0.245,0.242,0.419,0.458,0.447,0.419,0.419,0.408,0.210,0.222,0.222,0.385,0.422,0.416,0.385,0.385,0.380,0.252,0.248,0.231,0.224,0.219,0.198,0.224,0.224,0.203,0.197,0.197,0.189,0.182,0.180,0.165,0.182,0.182,0.167,0.159,0.159,0.157,0.151,0.151,0.142,0.151,0.151,0.142,0.399,0.234,0.417,0.230,0.402,0.211,0.356,0.187,0.374,0.187,0.366,0.174,0.327,0.154,0.343,0.154,0.339,0.147
MLT,470,2014,MLT2014,0.275,0.288,0.279,0.483,0.522,0.502,0.483,0.482,0.463,0.240,0.254,0.251,0.434,0.473,0.461,0.434,0.434,0.423,0.218,0.230,0.229,0.399,0.437,0.430,0.399,0.399,0.393,0.255,0.251,0.233,0.224,0.217,0.196,0.224,0.223,0.202,0.201,0.201,0.191,0.182,0.180,0.164,0.182,0.182,0.166,0.162,0.162,0.159,0.152,0.152,0.141,0.152,0.152,0.141,0.413,0.234,0.431,0.230,0.415,0.210,0.370,0.188,0.387,0.187,0.378,0.174,0.339,0.155,0.355,0.155,0.351,0.147
MLT,470,2015,MLT2015,0.273,0.287,0.278,0.481,0.496,0.478,0.461,0.460,0.445,0.239,0.252,0.249,0.432,0.449,0.438,0.421,0.421,0.412,0.216,0.228,0.227,0.397,0.414,0.408,0.395,0.395,0.390,0.260,0.256,0.239,0.226,0.220,0.200,0.201,0.201,0.182,0.206,0.206,0.198,0.185,0.182,0.167,0.167,0.167,0.153,0.168,0.168,0.166,0.154,0.154,0.144,0.150,0.150,0.141,0.405,0.229,0.414,0.226,0.400,0.207,0.364,0.186,0.374,0.185,0.366,0.173,0.336,0.158,0.346,0.158,0.342,0.150
MLT,470,2016,MLT2016,0.268,0.281,0.273,0.464,0.480,0.463,0.447,0.447,0.433,0.234,0.247,0.244,0.418,0.435,0.425,0.411,0.411,0.402,0.212,0.224,0.223,0.385,0.401,0.397,0.384,0.384,0.380,0.259,0.256,0.239,0.223,0.218,0.199,0.201,0.201,0.183,0.206,0.206,0.198,0.183,0.181,0.167,0.170,0.170,0.157,0.169,0.169,0.167,0.154,0.154,0.145,0.151,0.151,0.143,0.393,0.228,0.403,0.225,0.390,0.207,0.354,0.186,0.364,0.186,0.357,0.174,0.327,0.158,0.336,0.158,0.333,0.152
MLT,470,2017,MLT2017,0.264,0.277,0.264,0.454,0.470,0.435,0.441,0.441,0.410,0.232,0.244,0.239,0.411,0.427,0.404,0.406,0.406,0.384,0.210,0.221,0.220,0.379,0.395,0.380,0.379,0.379,0.364,0.259,0.256,0.226,0.218,0.214,0.177,0.200,0.200,0.165,0.206,0.206,0.192,0.180,0.179,0.149,0.171,0.171,0.142,0.169,0.169,0.168,0.153,0.153,0.129,0.152,0.152,0.128,0.386,0.226,0.396,0.223,0.370,0.189,0.349,0.186,0.359,0.185,0.342,0.161,0.323,0.158,0.332,0.158,0.321,0.141
MLT,470,2018,MLT2018,0.258,0.271,0.257,0.442,0.466,0.433,0.432,0.441,0.411,0.226,0.238,0.233,0.401,0.426,0.403,0.398,0.407,0.386,0.205,0.216,0.215,0.371,0.395,0.380,0.371,0.380,0.365,0.259,0.256,0.224,0.216,0.210,0.175,0.200,0.200,0.167,0.207,0.207,0.190,0.180,0.179,0.149,0.174,0.174,0.146,0.170,0.170,0.169,0.154,0.154,0.130,0.154,0.154,0.130,0.377,0.225,0.393,0.222,0.367,0.189,0.342,0.187,0.357,0.187,0.341,0.162,0.316,0.160,0.330,0.160,0.320,0.143
MLT,470,2019,MLT2019,0.245,0.257,0.244,0.428,0.428,0.409,0.419,0.419,0.405,0.215,0.226,0.223,0.389,0.389,0.382,0.387,0.387,0.381,0.195,0.205,0.205,0.360,0.360,0.359,0.360,0.360,0.359,0.261,0.259,0.223,0.215,0.215,0.187,0.202,0.202,0.179,0.209,0.209,0.199,0.181,0.181,0.169,0.177,0.177,0.166,0.173,0.173,0.173,0.156,0.156,0.153,0.156,0.156,0.153,0.364,0.226,0.368,0.225,0.352,0.196,0.330,0.189,0.334,0.189,0.329,0.178,0.305,0.162,0.308,0.162,0.307,0.160
MLT,470,2020,MLT2020,0.243,0.255,0.241,0.424,0.424,0.405,0.415,0.415,0.401,0.213,0.224,0.220,0.386,0.386,0.379,0.384,0.384,0.378,0.193,0.203,0.202,0.356,0.356,0.355,0.356,0.356,0.355,0.261,0.259,0.223,0.216,0.216,0.188,0.203,0.203,0.180,0.210,0.210,0.197,0.182,0.182,0.170,0.179,0.179,0.168,0.174,0.174,0.172,0.157,0.157,0.154,0.157,0.157,0.154,0.361,0.227,0.365,0.226,0.349,0.197,0.327,0.190,0.331,0.190,0.325,0.178,0.302,0.163,0.305,0.163,0.304,0.160
MLT,470,2021,MLT2021,0.267,0.284,0.265,0.455,0.455,0.437,0.446,0.446,0.432,0.234,0.251,0.244,0.415,0.415,0.409,0.413,0.413,0.408,0.212,0.227,0.226,0.386,0.386,0.385,0.387,0.387,0.386,0.259,0.254,0.213,0.206,0.206,0.179,0.193,0.193,0.172,0.206,0.206,0.189,0.172,0.172,0.161,0.167,0.167,0.158,0.170,0.170,0.166,0.148,0.148,0.146,0.149,0.149,0.146,0.389,0.219,0.395,0.217,0.378,0.188,0.354,0.182,0.360,0.182,0.354,0.169,0.328,0.156,0.333,0.156,0.332,0.153
MLT,470,2022,MLT2022,0.260,0.290,0.273,0.441,0.441,0.424,0.433,0.433,0.420,0.228,0.257,0.251,0.403,0.403,0.397,0.401,0.401,0.396,0.207,0.233,0.232,0.374,0.374,0.373,0.374,0.374,0.373,0.259,0.252,0.215,0.206,0.206,0.181,0.195,0.195,0.174,0.207,0.207,0.192,0.173,0.173,0.163,0.170,0.170,0.161,0.171,0.171,0.169,0.149,0.149,0.147,0.150,0.150,0.147,0.378,0.220,0.388,0.218,0.372,0.190,0.344,0.183,0.354,0.183,0.348,0.172,0.318,0.157,0.327,0.157,0.326,0.154
NLD,528,2001,NLD2001,0.621,0.627,0.616,0.676,0.679,0.662,0.643,0.645,0.629,0.604,0.604,0.604,0.647,0.647,0.643,0.617,0.617,0.613,0.592,0.592,0.592,0.626,0.626,0.626,0.601,0.601,0.601,0.093,0.100,0.086,0.111,0.115,0.095,0.102,0.105,0.084,0.086,0.086,0.086,0.094,0.094,0.088,0.083,0.083,0.078,0.087,0.087,0.087,0.084,0.084,0.084,0.079,0.079,0.079,0.647,0.102,0.651,0.107,0.635,0.088,0.623,0.088,0.623,0.088,0.620,0.084,0.606,0.084,0.606,0.084,0.606,0.084
NLD,528,2002,NLD2002,0.621,0.627,0.616,0.686,0.681,0.663,0.650,0.649,0.631,0.604,0.604,0.604,0.648,0.648,0.644,0.618,0.618,0.614,0.591,0.591,0.591,0.627,0.627,0.627,0.602,0.602,0.602,0.094,0.101,0.086,0.124,0.117,0.097,0.111,0.109,0.088,0.087,0.087,0.087,0.096,0.096,0.090,0.085,0.085,0.080,0.088,0.088,0.088,0.086,0.086,0.086,0.082,0.082,0.082,0.652,0.110,0.652,0.109,0.637,0.091,0.623,0.089,0.623,0.089,0.621,0.086,0.607,0.085,0.607,0.085,0.607,0.085
NLD,528,2003,NLD2003,0.612,0.620,0.606,0.676,0.670,0.649,0.642,0.641,0.621,0.595,0.595,0.595,0.637,0.637,0.631,0.610,0.610,0.605,0.582,0.582,0.582,0.616,0.616,0.616,0.595,0.595,0.595,0.096,0.105,0.087,0.127,0.120,0.097,0.113,0.111,0.088,0.089,0.089,0.089,0.099,0.099,0.091,0.088,0.088,0.081,0.090,0.090,0.090,0.090,0.090,0.090,0.084,0.084,0.084,0.643,0.112,0.643,0.112,0.626,0.090,0.614,0.092,0.614,0.092,0.611,0.087,0.598,0.088,0.598,0.088,0.598,0.088
NLD,528,2004,NLD2004,0.603,0.611,0.599,0.665,0.661,0.641,0.628,0.627,0.608,0.588,0.588,0.588,0.628,0.629,0.623,0.597,0.597,0.593,0.573,0.573,0.573,0.607,0.607,0.607,0.582,0.582,0.582,0.100,0.111,0.093,0.129,0.124,0.102,0.115,0.113,0.091,0.096,0.097,0.097,0.103,0.104,0.097,0.091,0.091,0.085,0.097,0.097,0.097,0.096,0.096,0.096,0.090,0.090,0.090,0.632,0.115,0.633,0.116,0.616,0.095,0.604,0.097,0.604,0.097,0.601,0.093,0.588,0.094,0.588,0.094,0.588,0.094
NLD,528,2005,NLD2005,0.593,0.601,0.589,0.657,0.652,0.633,0.618,0.617,0.600,0.578,0.578,0.578,0.620,0.620,0.615,0.587,0.587,0.583,0.562,0.562,0.562,0.599,0.599,0.599,0.572,0.572,0.572,0.103,0.114,0.097,0.132,0.127,0.105,0.118,0.117,0.095,0.100,0.100,0.100,0.106,0.106,0.100,0.095,0.095,0.089,0.100,0.100,0.100,0.100,0.100,0.100,0.093,0.093,0.093,0.623,0.118,0.623,0.119,0.607,0.099,0.595,0.100,0.595,0.100,0.592,0.096,0.578,0.098,0.578,0.098,0.578,0.098
NLD,528,2006,NLD2006,0.619,0.630,0.615,0.703,0.700,0.679,0.648,0.647,0.628,0.608,0.608,0.608,0.673,0.673,0.666,0.622,0.622,0.616,0.596,0.596,0.596,0.657,0.657,0.657,0.610,0.610,0.610,0.089,0.105,0.085,0.111,0.107,0.083,0.100,0.099,0.076,0.093,0.093,0.093,0.092,0.092,0.083,0.082,0.082,0.074,0.098,0.098,0.098,0.092,0.092,0.092,0.083,0.083,0.083,0.657,0.100,0.659,0.104,0.641,0.081,0.634,0.089,0.634,0.089,0.630,0.083,0.621,0.091,0.621,0.091,0.621,0.091
NLD,528,2007,NLD2007,0.647,0.655,0.641,0.720,0.717,0.697,0.666,0.665,0.646,0.637,0.637,0.637,0.691,0.691,0.685,0.642,0.642,0.636,0.625,0.625,0.625,0.676,0.676,0.676,0.630,0.630,0.630,0.087,0.098,0.080,0.107,0.103,0.081,0.096,0.095,0.073,0.092,0.092,0.092,0.090,0.090,0.083,0.081,0.081,0.074,0.097,0.097,0.097,0.092,0.092,0.092,0.083,0.083,0.083,0.678,0.097,0.679,0.099,0.662,0.078,0.657,0.088,0.657,0.088,0.653,0.083,0.644,0.091,0.644,0.091,0.644,0.091
NLD,528,2008,NLD2008,0.645,0.655,0.641,0.720,0.722,0.690,0.661,0.664,0.636,0.636,0.636,0.636,0.694,0.696,0.677,0.641,0.641,0.625,0.623,0.623,0.623,0.680,0.680,0.672,0.629,0.629,0.622,0.087,0.099,0.081,0.102,0.104,0.074,0.092,0.095,0.065,0.092,0.092,0.092,0.089,0.091,0.071,0.081,0.082,0.063,0.096,0.096,0.096,0.091,0.091,0.082,0.084,0.084,0.075,0.675,0.094,0.680,0.099,0.655,0.073,0.657,0.088,0.658,0.088,0.646,0.075,0.644,0.090,0.644,0.090,0.639,0.084
NLD,528,2009,NLD2009,0.642,0.651,0.638,0.721,0.724,0.692,0.641,0.646,0.620,0.632,0.632,0.632,0.695,0.697,0.678,0.623,0.623,0.608,0.620,0.620,0.620,0.680,0.680,0.673,0.612,0.612,0.606,0.087,0.099,0.081,0.103,0.106,0.076,0.089,0.095,0.066,0.091,0.091,0.091,0.090,0.092,0.072,0.079,0.080,0.062,0.096,0.096,0.096,0.092,0.092,0.083,0.082,0.082,0.074,0.668,0.093,0.674,0.100,0.650,0.074,0.650,0.087,0.651,0.088,0.640,0.075,0.637,0.090,0.637,0.090,0.633,0.084
NLD,528,2010,NLD2010,0.650,0.659,0.645,0.724,0.728,0.696,0.644,0.648,0.622,0.640,0.640,0.640,0.699,0.701,0.682,0.626,0.626,0.611,0.629,0.629,0.629,0.684,0.684,0.676,0.615,0.615,0.608,0.084,0.096,0.077,0.103,0.106,0.076,0.089,0.094,0.066,0.089,0.089,0.089,0.090,0.093,0.072,0.080,0.080,0.062,0.094,0.094,0.094,0.092,0.092,0.083,0.083,0.083,0.074,0.673,0.092,0.678,0.099,0.654,0.073,0.655,0.086,0.656,0.087,0.644,0.074,0.642,0.090,0.642,0.090,0.638,0.084
NLD,528,2011,NLD2011,0.646,0.655,0.642,0.719,0.724,0.693,0.640,0.644,0.619,0.637,0.637,0.637,0.694,0.697,0.678,0.622,0.622,0.608,0.625,0.625,0.625,0.679,0.679,0.673,0.610,0.610,0.605,0.084,0.096,0.079,0.103,0.108,0.078,0.090,0.096,0.068,0.090,0.090,0.090,0.091,0.094,0.074,0.082,0.082,0.065,0.095,0.095,0.095,0.094,0.094,0.085,0.085,0.085,0.077,0.668,0.093,0.674,0.100,0.651,0.075,0.651,0.087,0.652,0.089,0.641,0.076,0.638,0.091,0.638,0.091,0.634,0.086
NLD,528,2012,NLD2012,0.651,0.660,0.648,0.725,0.730,0.700,0.645,0.649,0.625,0.642,0.642,0.642,0.700,0.703,0.685,0.627,0.627,0.614,0.631,0.631,0.631,0.686,0.686,0.679,0.617,0.617,0.612,0.082,0.094,0.078,0.102,0.107,0.079,0.087,0.092,0.066,0.088,0.088,0.088,0.090,0.094,0.075,0.078,0.079,0.062,0.093,0.093,0.093,0.093,0.093,0.085,0.083,0.083,0.076,0.673,0.090,0.680,0.098,0.657,0.074,0.656,0.085,0.657,0.087,0.647,0.075,0.645,0.090,0.645,0.090,0.641,0.085
NLD,528,2013,NLD2013,0.649,0.657,0.645,0.720,0.724,0.693,0.644,0.648,0.623,0.642,0.642,0.642,0.696,0.698,0.679,0.629,0.629,0.614,0.632,0.632,0.632,0.682,0.682,0.674,0.619,0.619,0.613,0.075,0.087,0.071,0.101,0.105,0.076,0.082,0.086,0.060,0.082,0.082,0.082,0.090,0.092,0.072,0.075,0.075,0.058,0.088,0.088,0.088,0.093,0.093,0.084,0.079,0.079,0.071,0.671,0.086,0.676,0.092,0.654,0.069,0.655,0.082,0.656,0.083,0.645,0.071,0.644,0.087,0.644,0.087,0.640,0.081
NLD,528,2014,NLD2014,0.646,0.654,0.642,0.710,0.715,0.684,0.643,0.646,0.621,0.640,0.640,0.640,0.686,0.688,0.669,0.626,0.626,0.612,0.631,0.631,0.631,0.671,0.671,0.663,0.617,0.617,0.610,0.072,0.081,0.066,0.101,0.106,0.076,0.080,0.084,0.057,0.079,0.079,0.079,0.089,0.092,0.071,0.072,0.072,0.054,0.085,0.085,0.085,0.091,0.091,0.081,0.075,0.075,0.067,0.666,0.084,0.672,0.091,0.649,0.066,0.651,0.080,0.652,0.081,0.640,0.068,0.640,0.084,0.640,0.084,0.635,0.078
NLD,528,2015,NLD2015,0.633,0.639,0.629,0.690,0.697,0.667,0.674,0.675,0.652,0.628,0.628,0.628,0.672,0.674,0.656,0.667,0.667,0.653,0.620,0.620,0.620,0.656,0.656,0.649,0.657,0.657,0.652,0.064,0.073,0.060,0.092,0.099,0.070,0.058,0.059,0.035,0.073,0.073,0.073,0.087,0.090,0.069,0.061,0.061,0.044,0.079,0.079,0.079,0.085,0.085,0.077,0.061,0.061,0.054,0.665,0.071,0.670,0.077,0.650,0.055,0.656,0.073,0.656,0.074,0.646,0.062,0.644,0.075,0.644,0.075,0.640,0.070
NLD,528,2016,NLD2016,0.618,0.625,0.617,0.676,0.684,0.657,0.653,0.655,0.634,0.616,0.616,0.616,0.659,0.663,0.646,0.648,0.648,0.635,0.610,0.610,0.610,0.645,0.645,0.639,0.639,0.639,0.635,0.060,0.069,0.057,0.089,0.099,0.071,0.055,0.057,0.033,0.069,0.069,0.069,0.085,0.089,0.070,0.058,0.058,0.043,0.078,0.078,0.078,0.085,0.085,0.077,0.059,0.059,0.053,0.649,0.068,0.655,0.075,0.636,0.054,0.641,0.071,0.642,0.072,0.632,0.061,0.631,0.074,0.631,0.074,0.628,0.070
NLD,528,2017,NLD2017,0.615,0.621,0.613,0.676,0.686,0.658,0.653,0.655,0.634,0.612,0.612,0.612,0.660,0.664,0.647,0.647,0.647,0.635,0.606,0.606,0.606,0.646,0.646,0.640,0.638,0.638,0.634,0.061,0.070,0.059,0.090,0.100,0.072,0.056,0.058,0.034,0.071,0.071,0.071,0.086,0.091,0.071,0.059,0.059,0.044,0.080,0.080,0.080,0.086,0.086,0.079,0.061,0.061,0.055,0.648,0.069,0.654,0.076,0.635,0.055,0.640,0.072,0.641,0.074,0.631,0.062,0.630,0.075,0.630,0.075,0.627,0.071
NLD,528,2018,NLD2018,0.615,0.621,0.613,0.674,0.684,0.656,0.653,0.654,0.634,0.613,0.613,0.613,0.658,0.662,0.645,0.647,0.647,0.635,0.606,0.606,0.606,0.643,0.643,0.638,0.638,0.638,0.634,0.061,0.070,0.058,0.090,0.101,0.073,0.056,0.058,0.035,0.071,0.071,0.071,0.087,0.092,0.073,0.060,0.060,0.044,0.079,0.079,0.079,0.087,0.087,0.080,0.061,0.061,0.055,0.647,0.069,0.653,0.076,0.634,0.055,0.639,0.073,0.640,0.074,0.631,0.063,0.629,0.076,0.629,0.076,0.626,0.072
NLD,528,2019,NLD2019,0.618,0.625,0.618,0.677,0.688,0.661,0.657,0.659,0.639,0.617,0.617,0.617,0.662,0.666,0.650,0.652,0.652,0.640,0.612,0.612,0.612,0.649,0.649,0.645,0.644,0.644,0.640,0.056,0.065,0.054,0.085,0.097,0.070,0.052,0.054,0.032,0.066,0.066,0.066,0.083,0.088,0.069,0.056,0.056,0.041,0.076,0.076,0.076,0.084,0.084,0.078,0.058,0.058,0.053,0.651,0.064,0.657,0.072,0.639,0.052,0.644,0.068,0.645,0.070,0.636,0.059,0.635,0.073,0.635,0.073,0.632,0.069
NLD,528,2020,NLD2020,0.614,0.620,0.609,0.682,0.693,0.665,0.654,0.655,0.634,0.611,0.611,0.610,0.668,0.672,0.655,0.648,0.648,0.635,0.606,0.606,0.606,0.658,0.658,0.651,0.640,0.640,0.635,0.058,0.067,0.052,0.076,0.089,0.061,0.054,0.055,0.032,0.068,0.068,0.066,0.072,0.077,0.058,0.056,0.056,0.041,0.077,0.077,0.077,0.075,0.075,0.067,0.058,0.058,0.052,0.650,0.063,0.656,0.070,0.636,0.048,0.642,0.065,0.643,0.067,0.633,0.055,0.635,0.070,0.635,0.070,0.631,0.065
NLD,528,2021,NLD2021,0.616,0.622,0.612,0.682,0.682,0.656,0.656,0.657,0.636,0.615,0.615,0.613,0.668,0.668,0.652,0.650,0.650,0.637,0.610,0.610,0.610,0.659,0.659,0.652,0.643,0.643,0.638,0.054,0.062,0.048,0.074,0.074,0.047,0.051,0.052,0.029,0.063,0.063,0.062,0.069,0.069,0.051,0.054,0.054,0.038,0.073,0.073,0.073,0.073,0.073,0.065,0.056,0.056,0.050,0.651,0.060,0.654,0.063,0.635,0.041,0.644,0.062,0.644,0.062,0.634,0.050,0.637,0.068,0.637,0.068,0.634,0.063
NOR,578,2001,NOR2001,0.553,0.553,0.547,0.621,0.627,0.582,0.667,0.667,0.660,0.538,0.538,0.538,0.601,0.601,0.585,0.647,0.647,0.647,0.522,0.522,0.522,0.581,0.581,0.580,0.627,0.627,0.627,0.112,0.112,0.103,0.115,0.124,0.069,0.106,0.106,0.097,0.111,0.111,0.111,0.111,0.111,0.090,0.101,0.101,0.101,0.112,0.112,0.112,0.107,0.107,0.105,0.096,0.096,0.096,0.613,0.111,0.616,0.114,0.596,0.090,0.595,0.108,0.595,0.108,0.590,0.101,0.577,0.105,0.577,0.105,0.576,0.104
NOR,578,2002,NOR2002,0.551,0.551,0.545,0.620,0.631,0.582,0.665,0.665,0.659,0.536,0.536,0.536,0.601,0.601,0.584,0.646,0.646,0.646,0.521,0.521,0.521,0.582,0.582,0.580,0.627,0.627,0.627,0.112,0.112,0.104,0.113,0.127,0.067,0.104,0.104,0.096,0.111,0.111,0.111,0.109,0.109,0.086,0.099,0.099,0.099,0.113,0.113,0.113,0.106,0.106,0.103,0.096,0.096,0.096,0.612,0.110,0.616,0.114,0.595,0.089,0.594,0.107,0.594,0.107,0.589,0.099,0.577,0.105,0.577,0.105,0.576,0.104
NOR,578,2003,NOR2003,0.555,0.555,0.550,0.623,0.631,0.596,0.668,0.668,0.660,0.541,0.541,0.541,0.605,0.605,0.596,0.649,0.649,0.649,0.527,0.527,0.527,0.586,0.586,0.586,0.631,0.631,0.631,0.108,0.108,0.100,0.110,0.121,0.076,0.102,0.102,0.092,0.108,0.108,0.108,0.106,0.106,0.094,0.097,0.097,0.097,0.110,0.110,0.110,0.104,0.104,0.104,0.094,0.094,0.094,0.615,0.106,0.618,0.110,0.602,0.089,0.598,0.104,0.598,0.104,0.595,0.100,0.581,0.103,0.581,0.103,0.581,0.103
NOR,578,2004,NOR2004,0.554,0.554,0.547,0.620,0.630,0.587,0.683,0.683,0.675,0.540,0.540,0.540,0.602,0.602,0.588,0.663,0.663,0.663,0.526,0.526,0.526,0.584,0.584,0.583,0.648,0.648,0.648,0.108,0.108,0.098,0.110,0.122,0.069,0.097,0.097,0.087,0.108,0.108,0.108,0.107,0.107,0.088,0.090,0.090,0.090,0.110,0.110,0.110,0.105,0.105,0.103,0.091,0.091,0.091,0.619,0.105,0.622,0.109,0.603,0.085,0.602,0.102,0.602,0.102,0.597,0.095,0.586,0.102,0.586,0.102,0.586,0.101
NOR,578,2005,NOR2005,0.552,0.552,0.546,0.618,0.625,0.589,0.679,0.679,0.672,0.539,0.539,0.539,0.601,0.601,0.591,0.660,0.660,0.660,0.525,0.525,0.525,0.583,0.583,0.583,0.645,0.645,0.645,0.108,0.108,0.099,0.110,0.120,0.074,0.098,0.098,0.089,0.111,0.111,0.111,0.109,0.109,0.095,0.093,0.093,0.093,0.113,0.113,0.113,0.107,0.107,0.107,0.094,0.094,0.094,0.616,0.105,0.619,0.109,0.602,0.088,0.600,0.104,0.600,0.104,0.597,0.100,0.584,0.105,0.584,0.105,0.584,0.105
NOR,578,2006,NOR2006,0.546,0.546,0.537,0.611,0.617,0.584,0.671,0.671,0.661,0.533,0.533,0.533,0.594,0.594,0.585,0.653,0.653,0.652,0.517,0.517,0.517,0.574,0.574,0.574,0.636,0.636,0.636,0.115,0.115,0.102,0.116,0.125,0.082,0.104,0.104,0.091,0.119,0.119,0.119,0.115,0.115,0.103,0.100,0.100,0.100,0.121,0.121,0.121,0.113,0.113,0.113,0.101,0.101,0.101,0.609,0.111,0.611,0.114,0.594,0.092,0.593,0.112,0.593,0.112,0.590,0.108,0.576,0.112,0.576,0.112,0.576,0.112
NOR,578,2007,NOR2007,0.549,0.549,0.542,0.611,0.620,0.587,0.670,0.670,0.660,0.537,0.537,0.537,0.595,0.595,0.587,0.652,0.652,0.652,0.520,0.520,0.520,0.575,0.575,0.575,0.635,0.635,0.635,0.113,0.113,0.102,0.114,0.126,0.084,0.103,0.103,0.091,0.118,0.118,0.118,0.114,0.114,0.103,0.100,0.100,0.100,0.119,0.119,0.119,0.111,0.111,0.111,0.101,0.101,0.101,0.610,0.110,0.613,0.114,0.596,0.092,0.594,0.111,0.594,0.111,0.592,0.107,0.577,0.110,0.577,0.110,0.577,0.110
NOR,578,2008,NOR2008,0.548,0.548,0.542,0.608,0.616,0.586,0.667,0.667,0.658,0.536,0.536,0.536,0.592,0.592,0.585,0.649,0.649,0.649,0.520,0.520,0.520,0.572,0.572,0.572,0.632,0.632,0.632,0.113,0.113,0.104,0.114,0.125,0.086,0.104,0.104,0.093,0.118,0.118,0.118,0.115,0.115,0.105,0.101,0.101,0.101,0.119,0.119,0.119,0.112,0.112,0.112,0.101,0.101,0.101,0.608,0.110,0.610,0.114,0.595,0.094,0.592,0.111,0.592,0.111,0.590,0.108,0.575,0.111,0.575,0.111,0.575,0.111
NOR,578,2009,NOR2009,0.550,0.550,0.544,0.609,0.621,0.586,0.666,0.666,0.652,0.538,0.538,0.538,0.593,0.593,0.584,0.649,0.649,0.646,0.522,0.522,0.522,0.574,0.574,0.574,0.632,0.632,0.632,0.112,0.112,0.102,0.112,0.128,0.084,0.102,0.102,0.085,0.117,0.117,0.117,0.113,0.113,0.101,0.100,0.100,0.097,0.118,0.118,0.118,0.111,0.111,0.111,0.100,0.100,0.100,0.608,0.109,0.612,0.114,0.594,0.090,0.593,0.110,0.593,0.110,0.590,0.105,0.576,0.110,0.576,0.110,0.576,0.110
NOR,578,2010,NOR2010,0.551,0.551,0.545,0.608,0.619,0.587,0.664,0.664,0.655,0.539,0.539,0.539,0.593,0.593,0.585,0.647,0.647,0.647,0.523,0.523,0.523,0.574,0.574,0.574,0.630,0.630,0.630,0.111,0.111,0.101,0.112,0.127,0.086,0.102,0.102,0.090,0.116,0.116,0.116,0.113,0.113,0.103,0.100,0.100,0.100,0.118,0.118,0.118,0.111,0.111,0.111,0.100,0.100,0.100,0.608,0.108,0.612,0.113,0.596,0.093,0.593,0.110,0.593,0.110,0.591,0.106,0.576,0.109,0.576,0.109,0.576,0.109
NOR,578,2011,NOR2011,0.553,0.553,0.547,0.608,0.618,0.585,0.666,0.666,0.656,0.541,0.541,0.541,0.593,0.593,0.585,0.650,0.650,0.650,0.525,0.525,0.525,0.574,0.574,0.574,0.631,0.631,0.631,0.110,0.110,0.101,0.111,0.124,0.082,0.102,0.102,0.090,0.115,0.115,0.115,0.112,0.112,0.101,0.102,0.102,0.102,0.116,0.116,0.116,0.110,0.110,0.110,0.099,0.099,0.099,0.609,0.107,0.612,0.112,0.596,0.091,0.595,0.110,0.595,0.110,0.592,0.106,0.577,0.109,0.577,0.109,0.577,0.109
NOR,578,2012,NOR2012,0.555,0.555,0.550,0.609,0.619,0.587,0.667,0.667,0.657,0.544,0.544,0.544,0.595,0.595,0.587,0.652,0.652,0.652,0.528,0.528,0.528,0.576,0.576,0.576,0.633,0.633,0.633,0.109,0.109,0.100,0.109,0.122,0.082,0.101,0.101,0.089,0.114,0.114,0.114,0.111,0.111,0.101,0.103,0.103,0.103,0.115,0.115,0.115,0.109,0.109,0.109,0.100,0.100,0.100,0.610,0.106,0.614,0.111,0.598,0.090,0.597,0.109,0.597,0.109,0.594,0.106,0.579,0.108,0.579,0.108,0.579,0.108
NOR,578,2013,NOR2013,0.555,0.555,0.549,0.607,0.616,0.587,0.664,0.664,0.651,0.544,0.544,0.544,0.593,0.593,0.586,0.649,0.649,0.648,0.527,0.527,0.527,0.574,0.574,0.574,0.630,0.630,0.630,0.110,0.110,0.100,0.110,0.122,0.083,0.102,0.102,0.086,0.115,0.115,0.115,0.112,0.112,0.102,0.104,0.104,0.102,0.116,0.116,0.116,0.109,0.109,0.109,0.101,0.101,0.101,0.609,0.107,0.612,0.111,0.595,0.090,0.595,0.110,0.595,0.110,0.592,0.106,0.577,0.109,0.577,0.109,0.577,0.109
NOR,578,2014,NOR2014,0.557,0.557,0.551,0.603,0.613,0.580,0.663,0.663,0.650,0.546,0.546,0.546,0.587,0.587,0.579,0.649,0.649,0.647,0.529,0.529,0.529,0.569,0.569,0.569,0.629,0.629,0.629,0.109,0.109,0.100,0.112,0.126,0.083,0.101,0.101,0.085,0.114,0.114,0.114,0.112,0.112,0.101,0.103,0.103,0.101,0.114,0.114,0.114,0.110,0.110,0.110,0.100,0.100,0.100,0.608,0.107,0.611,0.112,0.594,0.089,0.594,0.110,0.594,0.110,0.591,0.105,0.576,0.108,0.576,0.108,0.576,0.108
NOR,578,2015,NOR2015,0.555,0.555,0.549,0.600,0.610,0.577,0.659,0.659,0.646,0.543,0.543,0.543,0.584,0.584,0.576,0.644,0.644,0.643,0.526,0.526,0.526,0.565,0.565,0.565,0.625,0.625,0.625,0.111,0.111,0.103,0.113,0.127,0.085,0.103,0.103,0.087,0.116,0.116,0.116,0.114,0.114,0.103,0.105,0.105,0.103,0.116,0.116,0.116,0.111,0.111,0.111,0.102,0.102,0.102,0.604,0.109,0.608,0.114,0.591,0.092,0.590,0.112,0.590,0.112,0.587,0.108,0.572,0.110,0.572,0.110,0.572,0.110
NOR,578,2016,NOR2016,0.558,0.558,0.552,0.601,0.612,0.579,0.660,0.660,0.647,0.546,0.546,0.546,0.586,0.586,0.578,0.647,0.647,0.646,0.530,0.530,0.530,0.567,0.567,0.567,0.628,0.628,0.628,0.108,0.108,0.100,0.111,0.126,0.084,0.101,0.101,0.084,0.114,0.114,0.114,0.112,0.112,0.101,0.104,0.104,0.102,0.114,0.114,0.114,0.110,0.110,0.110,0.101,0.101,0.101,0.606,0.107,0.610,0.112,0.593,0.089,0.593,0.110,0.593,0.110,0.590,0.106,0.575,0.109,0.575,0.109,0.575,0.109
NOR,578,2017,NOR2017,0.556,0.556,0.552,0.599,0.610,0.579,0.658,0.658,0.647,0.545,0.545,0.545,0.584,0.584,0.577,0.644,0.644,0.644,0.529,0.529,0.529,0.565,0.565,0.565,0.625,0.625,0.625,0.109,0.109,0.103,0.112,0.127,0.087,0.101,0.101,0.088,0.115,0.115,0.115,0.113,0.113,0.104,0.105,0.105,0.104,0.115,0.115,0.115,0.111,0.111,0.111,0.102,0.102,0.102,0.604,0.108,0.608,0.113,0.593,0.093,0.591,0.111,0.591,0.111,0.589,0.108,0.573,0.110,0.573,0.110,0.573,0.110
NOR,578,2018,NOR2018,0.549,0.549,0.546,0.585,0.598,0.566,0.648,0.648,0.638,0.536,0.536,0.536,0.569,0.569,0.563,0.633,0.633,0.633,0.519,0.519,0.519,0.550,0.550,0.550,0.613,0.613,0.613,0.116,0.116,0.111,0.119,0.136,0.094,0.107,0.107,0.095,0.121,0.121,0.121,0.120,0.120,0.110,0.110,0.110,0.110,0.120,0.120,0.120,0.117,0.117,0.117,0.107,0.107,0.107,0.594,0.114,0.598,0.120,0.583,0.100,0.580,0.117,0.580,0.117,0.577,0.114,0.560,0.115,0.560,0.115,0.560,0.115
NOR,578,2019,NOR2019,0.548,0.548,0.546,0.584,0.595,0.566,0.645,0.645,0.636,0.536,0.536,0.536,0.568,0.568,0.562,0.630,0.630,0.630,0.518,0.518,0.518,0.548,0.548,0.548,0.610,0.610,0.610,0.116,0.116,0.112,0.119,0.135,0.096,0.108,0.108,0.096,0.121,0.121,0.121,0.120,0.120,0.112,0.111,0.111,0.111,0.121,0.121,0.121,0.117,0.117,0.117,0.108,0.108,0.108,0.592,0.115,0.596,0.120,0.582,0.101,0.578,0.118,0.578,0.118,0.576,0.115,0.559,0.115,0.559,0.115,0.559,0.115
NOR,578,2020,NOR2020,0.548,0.548,0.545,0.584,0.595,0.567,0.646,0.646,0.635,0.536,0.536,0.536,0.569,0.569,0.564,0.631,0.631,0.630,0.518,0.518,0.518,0.549,0.549,0.549,0.611,0.611,0.611,0.115,0.115,0.111,0.118,0.133,0.096,0.108,0.108,0.093,0.121,0.121,0.121,0.119,0.119,0.112,0.111,0.111,0.110,0.120,0.120,0.120,0.117,0.117,0.117,0.107,0.107,0.107,0.593,0.114,0.597,0.119,0.582,0.100,0.579,0.117,0.579,0.117,0.577,0.114,0.559,0.115,0.559,0.115,0.559,0.115
NOR,578,2021,NOR2021,0.548,0.548,0.545,0.584,0.598,0.566,0.645,0.645,0.633,0.536,0.536,0.536,0.568,0.568,0.562,0.630,0.630,0.630,0.518,0.518,0.518,0.548,0.548,0.548,0.610,0.610,0.610,0.116,0.116,0.111,0.118,0.137,0.096,0.108,0.108,0.093,0.121,0.121,0.121,0.120,0.120,0.111,0.111,0.111,0.110,0.120,0.120,0.120,0.117,0.117,0.117,0.108,0.108,0.108,0.592,0.114,0.597,0.120,0.582,0.100,0.578,0.117,0.578,0.117,0.576,0.114,0.559,0.115,0.559,0.115,0.559,0.115
NOR,578,2022,NOR2022,0.637,0.637,0.626,0.666,0.668,0.624,0.717,0.717,0.689,0.615,0.615,0.615,0.642,0.642,0.622,0.697,0.697,0.685,0.591,0.591,0.591,0.617,0.617,0.611,0.674,0.674,0.673,0.131,0.131,0.116,0.129,0.131,0.083,0.113,0.113,0.084,0.127,0.127,0.127,0.123,0.123,0.100,0.111,0.111,0.098,0.120,0.120,0.120,0.116,0.116,0.110,0.106,0.106,0.105,0.673,0.124,0.674,0.125,0.647,0.095,0.651,0.120,0.651,0.120,0.641,0.108,0.627,0.114,0.627,0.114,0.625,0.112
NZL,554,2001,NZL2001,0.320,0.320,0.297,0.597,0.597,0.596,0.542,0.542,0.538,0.275,0.275,0.268,0.564,0.564,0.564,0.513,0.513,0.511,0.247,0.247,0.245,0.529,0.529,0.529,0.480,0.480,0.480,0.273,0.273,0.229,0.164,0.164,0.163,0.164,0.164,0.158,0.211,0.211,0.193,0.149,0.149,0.149,0.149,0.149,0.147,0.165,0.165,0.161,0.126,0.126,0.126,0.126,0.126,0.126,0.486,0.200,0.486,0.200,0.477,0.183,0.451,0.170,0.451,0.170,0.448,0.163,0.418,0.139,0.418,0.139,0.418,0.138
NZL,554,2002,NZL2002,0.316,0.316,0.296,0.595,0.595,0.594,0.540,0.540,0.536,0.272,0.272,0.267,0.560,0.560,0.560,0.509,0.509,0.507,0.244,0.244,0.243,0.524,0.524,0.524,0.476,0.476,0.476,0.272,0.272,0.232,0.168,0.168,0.168,0.168,0.168,0.162,0.210,0.210,0.196,0.152,0.152,0.152,0.152,0.152,0.150,0.164,0.164,0.162,0.128,0.128,0.128,0.128,0.128,0.128,0.483,0.203,0.483,0.203,0.475,0.187,0.447,0.171,0.447,0.171,0.445,0.166,0.415,0.140,0.415,0.140,0.415,0.140
NZL,554,2003,NZL2003,0.316,0.316,0.297,0.598,0.598,0.597,0.543,0.543,0.538,0.273,0.273,0.268,0.561,0.561,0.561,0.510,0.510,0.508,0.244,0.244,0.244,0.525,0.525,0.525,0.477,0.477,0.477,0.271,0.271,0.232,0.172,0.172,0.171,0.172,0.172,0.165,0.209,0.209,0.196,0.154,0.154,0.154,0.154,0.154,0.152,0.163,0.163,0.161,0.130,0.130,0.130,0.130,0.130,0.130,0.486,0.205,0.486,0.205,0.477,0.190,0.448,0.172,0.448,0.172,0.446,0.167,0.415,0.141,0.415,0.141,0.415,0.141
NZL,554,2004,NZL2004,0.309,0.309,0.292,0.590,0.590,0.590,0.535,0.535,0.530,0.266,0.266,0.262,0.552,0.552,0.552,0.501,0.501,0.499,0.239,0.239,0.239,0.515,0.515,0.515,0.468,0.468,0.468,0.270,0.270,0.234,0.177,0.177,0.177,0.177,0.177,0.170,0.207,0.207,0.196,0.157,0.157,0.157,0.157,0.157,0.154,0.161,0.161,0.161,0.133,0.133,0.133,0.133,0.133,0.133,0.478,0.208,0.478,0.208,0.470,0.193,0.440,0.174,0.440,0.174,0.438,0.169,0.407,0.143,0.407,0.143,0.407,0.142
NZL,554,2005,NZL2005,0.310,0.310,0.286,0.599,0.599,0.593,0.540,0.540,0.533,0.268,0.268,0.259,0.563,0.563,0.560,0.507,0.507,0.504,0.240,0.240,0.238,0.530,0.530,0.530,0.478,0.478,0.478,0.269,0.269,0.221,0.160,0.160,0.154,0.160,0.160,0.152,0.207,0.207,0.185,0.139,0.139,0.135,0.139,0.139,0.134,0.161,0.161,0.155,0.117,0.117,0.117,0.117,0.117,0.117,0.483,0.196,0.483,0.196,0.471,0.175,0.446,0.161,0.446,0.161,0.441,0.151,0.416,0.132,0.416,0.132,0.415,0.130
NZL,554,2006,NZL2006,0.311,0.311,0.287,0.537,0.537,0.522,0.484,0.484,0.470,0.268,0.268,0.260,0.509,0.509,0.499,0.458,0.458,0.450,0.241,0.241,0.239,0.477,0.477,0.474,0.430,0.430,0.428,0.268,0.268,0.220,0.145,0.145,0.127,0.145,0.145,0.126,0.206,0.206,0.184,0.127,0.127,0.114,0.127,0.127,0.114,0.160,0.160,0.154,0.098,0.098,0.092,0.098,0.098,0.094,0.444,0.186,0.444,0.186,0.426,0.158,0.412,0.153,0.412,0.153,0.403,0.137,0.383,0.118,0.383,0.118,0.380,0.113
NZL,554,2007,NZL2007,0.305,0.305,0.281,0.544,0.544,0.529,0.492,0.492,0.478,0.263,0.263,0.255,0.515,0.515,0.506,0.466,0.466,0.458,0.236,0.236,0.235,0.485,0.485,0.482,0.438,0.438,0.436,0.266,0.266,0.219,0.142,0.142,0.125,0.142,0.142,0.124,0.204,0.204,0.183,0.123,0.123,0.110,0.123,0.123,0.111,0.158,0.158,0.153,0.094,0.094,0.090,0.094,0.094,0.091,0.447,0.184,0.447,0.184,0.430,0.156,0.415,0.150,0.415,0.150,0.406,0.135,0.386,0.116,0.386,0.116,0.384,0.111
NZL,554,2008,NZL2008,0.305,0.305,0.282,0.546,0.546,0.531,0.493,0.493,0.479,0.263,0.263,0.256,0.516,0.516,0.507,0.466,0.466,0.459,0.237,0.237,0.235,0.486,0.486,0.483,0.439,0.439,0.437,0.265,0.265,0.218,0.143,0.143,0.125,0.143,0.143,0.124,0.203,0.203,0.183,0.123,0.123,0.110,0.123,0.123,0.110,0.158,0.158,0.153,0.094,0.094,0.090,0.094,0.094,0.091,0.448,0.184,0.448,0.184,0.430,0.155,0.415,0.149,0.415,0.149,0.407,0.134,0.387,0.115,0.387,0.115,0.385,0.111
NZL,554,2009,NZL2009,0.290,0.290,0.269,0.529,0.529,0.515,0.478,0.478,0.465,0.251,0.251,0.244,0.501,0.501,0.493,0.453,0.453,0.446,0.226,0.226,0.225,0.471,0.471,0.469,0.426,0.426,0.425,0.264,0.264,0.219,0.144,0.144,0.126,0.144,0.144,0.126,0.201,0.201,0.182,0.126,0.126,0.113,0.126,0.126,0.114,0.156,0.156,0.152,0.098,0.098,0.093,0.098,0.098,0.095,0.433,0.184,0.433,0.184,0.417,0.157,0.402,0.151,0.402,0.151,0.394,0.137,0.374,0.117,0.374,0.117,0.373,0.113
NZL,554,2010,NZL2010,0.288,0.288,0.267,0.527,0.527,0.512,0.476,0.476,0.463,0.248,0.248,0.242,0.497,0.497,0.489,0.450,0.450,0.443,0.224,0.224,0.222,0.467,0.467,0.465,0.422,0.422,0.421,0.265,0.265,0.220,0.148,0.148,0.131,0.148,0.148,0.130,0.201,0.201,0.183,0.128,0.128,0.116,0.128,0.128,0.117,0.157,0.157,0.153,0.099,0.099,0.095,0.099,0.099,0.097,0.430,0.187,0.430,0.187,0.414,0.160,0.398,0.153,0.398,0.153,0.391,0.139,0.371,0.119,0.371,0.119,0.369,0.115
NZL,554,2011,NZL2011,0.281,0.281,0.261,0.518,0.518,0.504,0.467,0.467,0.454,0.243,0.243,0.236,0.489,0.489,0.481,0.442,0.442,0.435,0.218,0.218,0.217,0.460,0.460,0.457,0.415,0.415,0.414,0.265,0.265,0.221,0.149,0.149,0.131,0.149,0.149,0.130,0.201,0.201,0.183,0.130,0.130,0.117,0.130,0.130,0.118,0.157,0.157,0.154,0.102,0.102,0.098,0.102,0.102,0.099,0.422,0.188,0.422,0.188,0.406,0.161,0.391,0.154,0.391,0.154,0.384,0.140,0.364,0.120,0.364,0.120,0.363,0.117
NZL,554,2012,NZL2012,0.275,0.275,0.256,0.517,0.517,0.503,0.467,0.467,0.455,0.237,0.237,0.232,0.489,0.489,0.480,0.441,0.441,0.435,0.214,0.214,0.213,0.459,0.459,0.457,0.415,0.415,0.414,0.264,0.264,0.222,0.148,0.148,0.130,0.148,0.148,0.130,0.201,0.201,0.185,0.129,0.129,0.116,0.129,0.129,0.118,0.157,0.157,0.154,0.101,0.101,0.098,0.101,0.101,0.099,0.420,0.187,0.420,0.187,0.405,0.161,0.389,0.153,0.389,0.153,0.382,0.140,0.363,0.120,0.363,0.120,0.361,0.117
NZL,554,2013,NZL2013,0.267,0.267,0.251,0.510,0.510,0.495,0.461,0.461,0.448,0.231,0.231,0.227,0.480,0.480,0.472,0.434,0.434,0.427,0.208,0.208,0.208,0.451,0.451,0.449,0.408,0.408,0.407,0.263,0.263,0.224,0.152,0.152,0.133,0.152,0.152,0.132,0.200,0.200,0.186,0.130,0.130,0.118,0.130,0.130,0.119,0.157,0.157,0.155,0.103,0.103,0.100,0.103,0.103,0.101,0.413,0.189,0.413,0.189,0.398,0.163,0.382,0.153,0.382,0.153,0.375,0.141,0.356,0.121,0.356,0.121,0.355,0.119
NZL,554,2014,NZL2014,0.264,0.264,0.249,0.507,0.507,0.492,0.458,0.458,0.444,0.229,0.229,0.225,0.476,0.476,0.468,0.430,0.430,0.424,0.206,0.206,0.206,0.448,0.448,0.446,0.404,0.404,0.403,0.263,0.263,0.225,0.154,0.154,0.135,0.154,0.154,0.134,0.200,0.200,0.187,0.131,0.131,0.119,0.131,0.131,0.120,0.157,0.157,0.155,0.105,0.105,0.102,0.105,0.105,0.103,0.409,0.190,0.409,0.190,0.395,0.165,0.378,0.154,0.378,0.154,0.372,0.142,0.353,0.122,0.353,0.122,0.352,0.120
NZL,554,2015,NZL2015,0.260,0.260,0.245,0.501,0.501,0.486,0.453,0.453,0.439,0.225,0.225,0.221,0.471,0.471,0.463,0.425,0.425,0.419,0.203,0.203,0.203,0.443,0.443,0.441,0.400,0.400,0.399,0.262,0.262,0.226,0.155,0.155,0.136,0.155,0.155,0.136,0.199,0.199,0.188,0.132,0.132,0.120,0.132,0.132,0.122,0.157,0.157,0.156,0.106,0.106,0.103,0.106,0.106,0.104,0.405,0.191,0.405,0.191,0.390,0.166,0.373,0.155,0.373,0.155,0.368,0.143,0.348,0.123,0.348,0.123,0.348,0.121
NZL,554,2016,NZL2016,0.252,0.252,0.239,0.510,0.510,0.495,0.463,0.463,0.449,0.218,0.218,0.215,0.479,0.479,0.471,0.435,0.435,0.429,0.197,0.197,0.197,0.452,0.452,0.450,0.410,0.410,0.409,0.262,0.262,0.228,0.153,0.153,0.134,0.153,0.153,0.133,0.199,0.199,0.190,0.131,0.131,0.118,0.131,0.131,0.120,0.157,0.157,0.156,0.106,0.106,0.103,0.106,0.106,0.104,0.408,0.189,0.408,0.189,0.394,0.165,0.377,0.154,0.377,0.154,0.372,0.143,0.353,0.123,0.353,0.123,0.352,0.121
NZL,554,2017,NZL2017,0.249,0.249,0.237,0.507,0.507,0.492,0.460,0.460,0.446,0.216,0.216,0.213,0.476,0.476,0.468,0.431,0.431,0.425,0.195,0.195,0.195,0.448,0.448,0.447,0.407,0.407,0.406,0.261,0.261,0.229,0.156,0.156,0.136,0.156,0.156,0.135,0.199,0.199,0.190,0.132,0.132,0.120,0.132,0.132,0.121,0.157,0.157,0.156,0.108,0.108,0.105,0.108,0.108,0.106,0.405,0.191,0.405,0.191,0.391,0.167,0.374,0.154,0.374,0.154,0.369,0.144,0.350,0.124,0.350,0.124,0.349,0.123
NZL,554,2018,NZL2018,0.246,0.246,0.234,0.499,0.499,0.484,0.453,0.453,0.440,0.213,0.213,0.211,0.471,0.471,0.464,0.428,0.428,0.422,0.192,0.192,0.192,0.444,0.444,0.443,0.403,0.403,0.402,0.260,0.260,0.228,0.152,0.152,0.133,0.152,0.152,0.132,0.199,0.199,0.190,0.134,0.134,0.121,0.134,0.134,0.123,0.157,0.157,0.156,0.111,0.111,0.108,0.111,0.111,0.109,0.399,0.188,0.399,0.188,0.386,0.164,0.371,0.155,0.371,0.155,0.365,0.145,0.347,0.126,0.347,0.126,0.346,0.124
NZL,554,2019,NZL2019,0.243,0.243,0.232,0.515,0.515,0.501,0.470,0.470,0.458,0.211,0.211,0.209,0.487,0.487,0.480,0.445,0.445,0.440,0.191,0.191,0.191,0.461,0.461,0.459,0.421,0.421,0.420,0.260,0.260,0.230,0.141,0.141,0.123,0.141,0.141,0.123,0.198,0.198,0.191,0.121,0.121,0.111,0.121,0.121,0.112,0.157,0.157,0.157,0.098,0.098,0.095,0.098,0.098,0.096,0.409,0.181,0.409,0.181,0.397,0.159,0.381,0.147,0.381,0.147,0.376,0.138,0.357,0.117,0.357,0.117,0.357,0.116
NZL,554,2020,NZL2020,0.530,0.530,0.504,0.585,0.585,0.570,0.585,0.585,0.570,0.461,0.461,0.455,0.558,0.558,0.549,0.558,0.558,0.550,0.417,0.417,0.416,0.528,0.528,0.526,0.528,0.528,0.527,0.259,0.259,0.227,0.136,0.136,0.119,0.136,0.136,0.119,0.198,0.198,0.189,0.122,0.122,0.110,0.122,0.122,0.112,0.157,0.157,0.157,0.100,0.100,0.097,0.100,0.100,0.098,0.567,0.177,0.567,0.177,0.548,0.155,0.525,0.147,0.525,0.147,0.518,0.137,0.491,0.119,0.491,0.119,0.490,0.117
NZL,554,2021,NZL2021,0.276,0.276,0.260,0.537,0.537,0.522,0.492,0.492,0.478,0.240,0.240,0.235,0.513,0.513,0.503,0.470,0.470,0.461,0.217,0.217,0.216,0.487,0.487,0.483,0.446,0.446,0.443,0.259,0.259,0.222,0.135,0.135,0.116,0.135,0.135,0.116,0.198,0.198,0.185,0.122,0.122,0.108,0.122,0.122,0.109,0.157,0.157,0.155,0.102,0.102,0.096,0.102,0.102,0.097,0.435,0.176,0.435,0.176,0.420,0.151,0.408,0.148,0.408,0.148,0.400,0.134,0.383,0.120,0.383,0.120,0.381,0.116
POL,616,2001,POL2001,0.343,0.366,0.357,0.378,0.680,0.664,0.380,0.545,0.519,0.321,0.321,0.321,0.353,0.645,0.627,0.355,0.495,0.476,0.287,0.287,0.287,0.319,0.600,0.583,0.322,0.448,0.443,0.220,0.268,0.250,0.210,0.187,0.180,0.205,0.229,0.202,0.219,0.219,0.219,0.203,0.182,0.169,0.197,0.197,0.171,0.176,0.176,0.176,0.164,0.164,0.145,0.158,0.158,0.150,0.367,0.212,0.531,0.228,0.513,0.211,0.343,0.206,0.487,0.199,0.474,0.186,0.309,0.166,0.445,0.166,0.438,0.157
POL,616,2002,POL2002,0.348,0.371,0.352,0.391,0.693,0.666,0.394,0.554,0.516,0.325,0.325,0.325,0.366,0.659,0.629,0.369,0.505,0.475,0.291,0.291,0.291,0.333,0.616,0.587,0.336,0.460,0.445,0.220,0.267,0.231,0.200,0.177,0.169,0.201,0.224,0.191,0.219,0.219,0.219,0.193,0.173,0.155,0.194,0.194,0.158,0.175,0.175,0.175,0.156,0.156,0.130,0.159,0.159,0.137,0.378,0.207,0.539,0.223,0.511,0.197,0.353,0.202,0.496,0.195,0.476,0.177,0.320,0.164,0.455,0.163,0.441,0.148
POL,616,2003,POL2003,0.348,0.370,0.348,0.391,0.675,0.644,0.393,0.538,0.495,0.325,0.325,0.324,0.366,0.639,0.605,0.369,0.486,0.455,0.290,0.290,0.290,0.333,0.593,0.564,0.336,0.443,0.426,0.220,0.265,0.225,0.201,0.185,0.175,0.201,0.229,0.191,0.218,0.218,0.216,0.194,0.178,0.157,0.196,0.196,0.158,0.175,0.175,0.175,0.157,0.157,0.131,0.161,0.161,0.136,0.377,0.207,0.528,0.226,0.496,0.197,0.353,0.203,0.483,0.198,0.461,0.177,0.320,0.165,0.442,0.165,0.427,0.148
POL,616,2004,POL2004,0.345,0.366,0.345,0.385,0.693,0.676,0.520,0.534,0.509,0.322,0.322,0.321,0.360,0.667,0.648,0.496,0.496,0.483,0.288,0.288,0.288,0.326,0.635,0.613,0.468,0.468,0.463,0.220,0.264,0.225,0.203,0.153,0.149,0.142,0.164,0.134,0.218,0.218,0.216,0.195,0.153,0.145,0.132,0.132,0.113,0.175,0.175,0.175,0.156,0.146,0.130,0.109,0.109,0.101,0.416,0.188,0.531,0.193,0.510,0.169,0.392,0.182,0.495,0.168,0.484,0.158,0.361,0.147,0.464,0.143,0.455,0.135
POL,616,2005,POL2005,0.345,0.366,0.343,0.385,0.682,0.662,0.519,0.533,0.503,0.322,0.322,0.319,0.360,0.655,0.632,0.495,0.495,0.476,0.288,0.288,0.288,0.327,0.621,0.596,0.467,0.467,0.456,0.220,0.263,0.220,0.203,0.158,0.155,0.144,0.166,0.134,0.218,0.218,0.210,0.196,0.158,0.149,0.135,0.135,0.112,0.174,0.174,0.174,0.157,0.149,0.131,0.113,0.113,0.099,0.416,0.189,0.527,0.196,0.502,0.170,0.393,0.183,0.491,0.170,0.476,0.157,0.361,0.148,0.459,0.146,0.447,0.135
POL,616,2006,POL2006,0.336,0.357,0.334,0.376,0.665,0.642,0.509,0.524,0.491,0.314,0.314,0.311,0.352,0.636,0.611,0.486,0.486,0.465,0.281,0.281,0.281,0.319,0.600,0.572,0.459,0.459,0.445,0.220,0.263,0.219,0.203,0.167,0.162,0.148,0.170,0.136,0.218,0.218,0.209,0.197,0.165,0.153,0.140,0.140,0.116,0.174,0.174,0.174,0.158,0.154,0.131,0.120,0.120,0.103,0.407,0.190,0.515,0.200,0.489,0.172,0.384,0.185,0.479,0.174,0.462,0.159,0.353,0.150,0.446,0.149,0.433,0.136
POL,616,2007,POL2007,0.309,0.320,0.303,0.339,0.631,0.609,0.463,0.480,0.450,0.280,0.280,0.280,0.308,0.598,0.574,0.433,0.441,0.423,0.250,0.250,0.250,0.277,0.556,0.533,0.407,0.415,0.403,0.243,0.269,0.233,0.230,0.184,0.177,0.179,0.194,0.160,0.218,0.218,0.218,0.201,0.178,0.163,0.162,0.162,0.138,0.175,0.175,0.175,0.159,0.158,0.135,0.145,0.145,0.127,0.370,0.217,0.477,0.215,0.454,0.190,0.340,0.194,0.440,0.186,0.425,0.173,0.311,0.159,0.407,0.159,0.395,0.146
POL,616,2008,POL2008,0.271,0.300,0.288,0.304,0.605,0.582,0.430,0.456,0.426,0.269,0.269,0.269,0.296,0.569,0.543,0.418,0.418,0.400,0.240,0.240,0.240,0.267,0.524,0.502,0.393,0.393,0.381,0.177,0.252,0.222,0.178,0.195,0.186,0.156,0.201,0.166,0.218,0.218,0.218,0.201,0.186,0.167,0.169,0.169,0.144,0.174,0.174,0.174,0.160,0.160,0.137,0.154,0.154,0.135,0.335,0.170,0.454,0.216,0.432,0.191,0.327,0.196,0.419,0.191,0.404,0.176,0.300,0.163,0.386,0.163,0.374,0.149
POL,616,2009,POL2009,0.259,0.296,0.283,0.294,0.591,0.566,0.420,0.453,0.422,0.269,0.269,0.269,0.296,0.553,0.525,0.416,0.416,0.397,0.240,0.240,0.240,0.267,0.507,0.485,0.390,0.390,0.378,0.149,0.245,0.214,0.154,0.202,0.191,0.146,0.203,0.167,0.221,0.221,0.221,0.203,0.191,0.169,0.174,0.174,0.148,0.178,0.178,0.178,0.162,0.162,0.139,0.160,0.160,0.139,0.324,0.150,0.446,0.217,0.423,0.191,0.327,0.199,0.413,0.195,0.397,0.179,0.299,0.166,0.379,0.166,0.368,0.152
POL,616,2010,POL2010,0.315,0.350,0.338,0.365,0.570,0.542,0.487,0.515,0.483,0.326,0.326,0.326,0.368,0.530,0.500,0.486,0.486,0.464,0.291,0.291,0.291,0.334,0.484,0.464,0.459,0.459,0.443,0.149,0.227,0.203,0.149,0.207,0.192,0.142,0.185,0.151,0.222,0.222,0.222,0.197,0.191,0.164,0.176,0.176,0.150,0.178,0.178,0.178,0.158,0.158,0.136,0.168,0.168,0.146,0.389,0.147,0.478,0.206,0.454,0.182,0.394,0.198,0.448,0.196,0.430,0.179,0.361,0.168,0.411,0.168,0.399,0.153
POL,616,2011,POL2011,0.309,0.342,0.330,0.358,0.548,0.517,0.475,0.501,0.467,0.315,0.315,0.315,0.357,0.505,0.474,0.471,0.471,0.448,0.281,0.281,0.281,0.324,0.460,0.440,0.443,0.443,0.427,0.160,0.236,0.210,0.157,0.216,0.197,0.151,0.190,0.155,0.222,0.222,0.222,0.198,0.196,0.165,0.182,0.182,0.154,0.178,0.178,0.178,0.160,0.160,0.137,0.172,0.172,0.148,0.381,0.156,0.464,0.214,0.438,0.187,0.381,0.201,0.431,0.200,0.413,0.180,0.349,0.170,0.395,0.170,0.383,0.154
POL,616,2012,POL2012,0.301,0.339,0.325,0.351,0.534,0.501,0.469,0.497,0.462,0.316,0.316,0.316,0.358,0.490,0.458,0.472,0.472,0.446,0.282,0.282,0.282,0.325,0.445,0.426,0.439,0.439,0.422,0.140,0.226,0.197,0.141,0.221,0.200,0.145,0.190,0.153,0.222,0.222,0.222,0.199,0.198,0.165,0.187,0.187,0.157,0.178,0.178,0.178,0.161,0.161,0.138,0.171,0.171,0.147,0.374,0.142,0.457,0.212,0.429,0.183,0.382,0.203,0.426,0.202,0.407,0.182,0.349,0.170,0.389,0.170,0.377,0.154
POL,616,2013,POL2013,0.293,0.340,0.326,0.349,0.634,0.610,0.463,0.510,0.473,0.316,0.316,0.316,0.364,0.600,0.573,0.472,0.472,0.447,0.282,0.282,0.282,0.330,0.557,0.533,0.442,0.442,0.425,0.120,0.230,0.200,0.125,0.186,0.178,0.133,0.204,0.168,0.223,0.223,0.223,0.195,0.179,0.162,0.183,0.183,0.154,0.178,0.178,0.178,0.158,0.158,0.136,0.171,0.171,0.146,0.368,0.126,0.495,0.207,0.470,0.182,0.384,0.200,0.463,0.195,0.445,0.179,0.352,0.169,0.427,0.169,0.413,0.153
POL,616,2014,POL2014,0.281,0.314,0.304,0.335,0.609,0.582,0.446,0.489,0.452,0.299,0.299,0.299,0.346,0.571,0.541,0.451,0.451,0.427,0.267,0.267,0.267,0.314,0.526,0.503,0.417,0.417,0.402,0.130,0.213,0.190,0.134,0.198,0.186,0.143,0.211,0.172,0.223,0.223,0.223,0.197,0.188,0.164,0.190,0.190,0.159,0.179,0.179,0.179,0.161,0.161,0.138,0.170,0.170,0.146,0.354,0.136,0.470,0.207,0.446,0.183,0.365,0.203,0.441,0.200,0.422,0.182,0.333,0.170,0.403,0.170,0.391,0.154
POL,616,2015,POL2015,0.271,0.303,0.295,0.343,0.590,0.560,0.454,0.491,0.458,0.289,0.289,0.289,0.357,0.550,0.520,0.464,0.464,0.441,0.258,0.258,0.258,0.328,0.506,0.488,0.430,0.430,0.417,0.130,0.214,0.193,0.120,0.200,0.181,0.133,0.192,0.157,0.223,0.223,0.223,0.188,0.186,0.156,0.186,0.186,0.157,0.179,0.179,0.179,0.158,0.158,0.135,0.166,0.166,0.146,0.356,0.128,0.461,0.202,0.438,0.177,0.370,0.199,0.434,0.198,0.417,0.179,0.338,0.168,0.398,0.168,0.387,0.153
POL,616,2016,POL2016,0.259,0.292,0.284,0.511,0.731,0.713,0.601,0.630,0.608,0.280,0.280,0.280,0.511,0.705,0.684,0.605,0.605,0.591,0.249,0.249,0.249,0.486,0.673,0.659,0.587,0.587,0.579,0.120,0.210,0.191,0.096,0.122,0.112,0.087,0.125,0.104,0.223,0.223,0.223,0.120,0.116,0.099,0.114,0.114,0.100,0.179,0.179,0.179,0.100,0.100,0.086,0.114,0.114,0.106,0.457,0.101,0.551,0.152,0.535,0.136,0.465,0.153,0.530,0.151,0.519,0.141,0.441,0.131,0.503,0.131,0.496,0.123
POL,616,2017,POL2017,0.239,0.271,0.264,0.491,0.708,0.684,0.582,0.611,0.586,0.262,0.262,0.262,0.493,0.679,0.655,0.588,0.588,0.571,0.233,0.233,0.233,0.468,0.646,0.630,0.570,0.570,0.559,0.111,0.206,0.185,0.097,0.133,0.119,0.093,0.131,0.108,0.224,0.224,0.224,0.126,0.124,0.104,0.124,0.124,0.106,0.179,0.179,0.179,0.107,0.107,0.091,0.127,0.127,0.113,0.437,0.100,0.530,0.157,0.511,0.137,0.448,0.158,0.509,0.157,0.496,0.145,0.424,0.138,0.483,0.138,0.474,0.128
POL,616,2018,POL2018,0.234,0.261,0.254,0.473,0.682,0.655,0.562,0.587,0.562,0.249,0.249,0.249,0.472,0.650,0.625,0.564,0.564,0.547,0.222,0.222,0.222,0.448,0.617,0.602,0.546,0.546,0.535,0.131,0.213,0.195,0.109,0.144,0.125,0.107,0.141,0.116,0.224,0.224,0.224,0.132,0.132,0.110,0.135,0.135,0.117,0.179,0.179,0.179,0.115,0.115,0.100,0.139,0.139,0.126,0.423,0.116,0.510,0.166,0.490,0.146,0.428,0.164,0.488,0.164,0.474,0.150,0.405,0.145,0.461,0.145,0.453,0.135
POL,616,2019,POL2019,0.219,0.246,0.241,0.456,0.668,0.639,0.543,0.570,0.544,0.237,0.237,0.237,0.456,0.635,0.610,0.546,0.546,0.528,0.211,0.211,0.211,0.432,0.602,0.586,0.526,0.526,0.515,0.120,0.207,0.191,0.112,0.152,0.131,0.114,0.152,0.125,0.223,0.223,0.223,0.140,0.140,0.116,0.147,0.147,0.126,0.178,0.178,0.178,0.124,0.124,0.107,0.150,0.150,0.135,0.406,0.116,0.495,0.170,0.475,0.149,0.413,0.170,0.473,0.170,0.458,0.155,0.390,0.150,0.446,0.150,0.437,0.140
POL,616,2020,POL2020,0.197,0.227,0.222,0.408,0.605,0.579,0.476,0.508,0.484,0.219,0.222,0.222,0.408,0.570,0.546,0.476,0.479,0.464,0.201,0.201,0.201,0.386,0.533,0.518,0.454,0.454,0.445,0.078,0.187,0.170,0.120,0.173,0.153,0.117,0.166,0.138,0.199,0.209,0.209,0.149,0.157,0.133,0.145,0.151,0.130,0.176,0.176,0.176,0.135,0.135,0.117,0.138,0.138,0.125,0.360,0.105,0.447,0.175,0.428,0.154,0.368,0.164,0.424,0.172,0.411,0.158,0.347,0.149,0.396,0.149,0.388,0.139
POL,616,2021,POL2021,0.252,0.282,0.278,0.455,0.588,0.559,0.522,0.555,0.530,0.280,0.285,0.285,0.462,0.551,0.527,0.529,0.534,0.517,0.261,0.261,0.261,0.439,0.514,0.500,0.505,0.505,0.496,0.068,0.156,0.144,0.107,0.179,0.156,0.108,0.154,0.127,0.187,0.199,0.199,0.146,0.161,0.136,0.145,0.153,0.132,0.175,0.175,0.175,0.138,0.138,0.120,0.141,0.141,0.128,0.410,0.094,0.475,0.163,0.456,0.142,0.424,0.159,0.456,0.171,0.443,0.156,0.402,0.151,0.427,0.151,0.419,0.141
PRT,620,2001,PRT2001,0.840,0.840,0.840,0.798,0.790,0.790,0.818,0.816,0.816,0.824,0.824,0.824,0.777,0.782,0.782,0.800,0.800,0.800,0.830,0.830,0.830,0.778,0.778,0.778,0.804,0.804,0.804,0.011,0.011,0.011,0.027,0.017,0.017,0.014,0.011,0.011,-0.009,-0.009,-0.009,0.003,0.008,0.008,-0.008,-0.008,-0.008,-0.003,-0.003,-0.003,0.006,0.006,0.006,-0.005,-0.005,-0.005,0.819,0.017,0.815,0.013,0.815,0.013,0.800,-0.005,0.802,-0.003,0.802,-0.003,0.804,-0.001,0.804,-0.001,0.804,-0.001
PRT,620,2002,PRT2002,0.821,0.821,0.821,0.777,0.775,0.775,0.801,0.800,0.800,0.812,0.812,0.812,0.763,0.766,0.766,0.790,0.790,0.790,0.817,0.817,0.817,0.763,0.763,0.763,0.793,0.793,0.793,0.017,0.017,0.017,0.033,0.029,0.029,0.020,0.019,0.019,0.008,0.008,0.008,0.020,0.023,0.023,0.007,0.007,0.007,0.018,0.018,0.018,0.025,0.025,0.025,0.014,0.014,0.014,0.800,0.023,0.799,0.021,0.799,0.021,0.788,0.012,0.789,0.013,0.789,0.013,0.791,0.019,0.791,0.019,0.791,0.019
PRT,620,2003,PRT2003,0.826,0.826,0.826,0.812,0.807,0.807,0.846,0.844,0.844,0.816,0.816,0.816,0.786,0.790,0.790,0.824,0.824,0.824,0.821,0.821,0.821,0.778,0.778,0.778,0.821,0.821,0.821,0.015,0.015,0.015,0.056,0.049,0.049,0.041,0.039,0.039,0.004,0.004,0.004,0.034,0.039,0.039,0.022,0.022,0.022,0.013,0.013,0.013,0.032,0.032,0.032,0.023,0.023,0.023,0.828,0.037,0.825,0.034,0.825,0.034,0.809,0.020,0.810,0.021,0.810,0.021,0.807,0.022,0.807,0.022,0.807,0.022
PRT,620,2004,PRT2004,0.826,0.826,0.826,0.816,0.813,0.813,0.851,0.847,0.847,0.816,0.816,0.816,0.790,0.796,0.796,0.828,0.828,0.828,0.822,0.822,0.822,0.781,0.781,0.781,0.824,0.824,0.824,0.015,0.015,0.015,0.058,0.053,0.053,0.043,0.039,0.039,0.004,0.004,0.004,0.035,0.043,0.043,0.023,0.023,0.023,0.013,0.013,0.013,0.033,0.033,0.033,0.024,0.024,0.024,0.831,0.038,0.829,0.035,0.829,0.035,0.811,0.021,0.814,0.023,0.814,0.023,0.809,0.023,0.809,0.023,0.809,0.023
PRT,620,2005,PRT2005,0.819,0.819,0.819,0.809,0.807,0.807,0.845,0.841,0.841,0.809,0.809,0.809,0.782,0.789,0.789,0.822,0.822,0.822,0.815,0.815,0.815,0.772,0.772,0.772,0.817,0.817,0.817,0.015,0.015,0.015,0.060,0.055,0.055,0.044,0.039,0.039,0.003,0.003,0.003,0.036,0.044,0.044,0.023,0.023,0.023,0.012,0.012,0.012,0.033,0.033,0.033,0.023,0.023,0.023,0.825,0.039,0.822,0.036,0.822,0.036,0.804,0.021,0.807,0.024,0.807,0.024,0.801,0.023,0.801,0.023,0.801,0.023
PRT,620,2006,PRT2006,0.805,0.805,0.805,0.789,0.791,0.791,0.827,0.825,0.825,0.799,0.799,0.799,0.766,0.771,0.771,0.809,0.809,0.809,0.803,0.803,0.803,0.755,0.755,0.755,0.803,0.803,0.803,0.022,0.022,0.022,0.063,0.063,0.063,0.048,0.045,0.045,0.018,0.018,0.018,0.047,0.052,0.052,0.034,0.034,0.034,0.028,0.028,0.028,0.043,0.043,0.043,0.034,0.034,0.034,0.807,0.044,0.807,0.043,0.807,0.043,0.791,0.033,0.793,0.035,0.793,0.035,0.787,0.035,0.787,0.035,0.787,0.035
PRT,620,2007,PRT2007,0.812,0.812,0.812,0.767,0.770,0.770,0.805,0.803,0.803,0.804,0.804,0.804,0.753,0.759,0.759,0.796,0.796,0.796,0.809,0.809,0.809,0.751,0.751,0.751,0.799,0.799,0.799,0.018,0.018,0.018,0.036,0.038,0.038,0.020,0.017,0.017,0.012,0.012,0.012,0.024,0.031,0.031,0.011,0.011,0.011,0.021,0.021,0.021,0.028,0.028,0.028,0.019,0.019,0.019,0.795,0.025,0.795,0.024,0.795,0.024,0.784,0.015,0.786,0.018,0.786,0.018,0.787,0.023,0.787,0.023,0.787,0.023
PRT,620,2008,PRT2008,0.815,0.815,0.815,0.777,0.781,0.781,0.820,0.816,0.816,0.806,0.806,0.806,0.763,0.770,0.770,0.809,0.809,0.809,0.811,0.811,0.811,0.761,0.761,0.761,0.813,0.813,0.813,0.016,0.016,0.016,0.033,0.035,0.035,0.018,0.014,0.014,0.007,0.007,0.007,0.020,0.028,0.028,0.007,0.007,0.007,0.016,0.016,0.016,0.023,0.023,0.023,0.014,0.014,0.014,0.804,0.022,0.804,0.022,0.804,0.022,0.792,0.011,0.795,0.014,0.795,0.014,0.795,0.018,0.795,0.018,0.795,0.018
PRT,620,2009,PRT2009,0.818,0.818,0.818,0.782,0.784,0.784,0.823,0.819,0.819,0.807,0.807,0.807,0.766,0.774,0.774,0.811,0.811,0.811,0.814,0.814,0.814,0.765,0.765,0.765,0.814,0.814,0.814,0.014,0.014,0.014,0.032,0.032,0.032,0.016,0.011,0.011,0.001,0.001,0.001,0.015,0.024,0.024,0.002,0.002,0.002,0.010,0.010,0.010,0.018,0.018,0.018,0.008,0.008,0.008,0.808,0.020,0.807,0.019,0.807,0.019,0.794,0.006,0.797,0.009,0.797,0.009,0.798,0.012,0.798,0.012,0.798,0.012
PRT,620,2010,PRT2010,0.755,0.755,0.755,0.760,0.764,0.764,0.780,0.778,0.778,0.743,0.743,0.743,0.745,0.752,0.752,0.768,0.768,0.768,0.742,0.742,0.742,0.742,0.742,0.742,0.766,0.766,0.766,0.022,0.022,0.022,0.038,0.042,0.042,0.025,0.022,0.022,0.008,0.008,0.008,0.026,0.034,0.034,0.013,0.013,0.013,0.009,0.009,0.009,0.028,0.028,0.028,0.014,0.014,0.014,0.765,0.029,0.766,0.029,0.766,0.029,0.752,0.016,0.754,0.018,0.754,0.018,0.750,0.017,0.750,0.017,0.750,0.017
PRT,620,2011,PRT2011,0.761,0.761,0.761,0.767,0.766,0.766,0.785,0.781,0.781,0.747,0.747,0.747,0.752,0.755,0.755,0.772,0.772,0.772,0.748,0.748,0.748,0.750,0.750,0.750,0.771,0.771,0.771,0.018,0.018,0.018,0.029,0.027,0.027,0.017,0.013,0.013,0.002,0.002,0.002,0.014,0.018,0.018,0.002,0.002,0.002,0.003,0.003,0.003,0.015,0.015,0.015,0.002,0.002,0.002,0.771,0.022,0.769,0.019,0.769,0.019,0.757,0.006,0.758,0.007,0.758,0.007,0.757,0.007,0.757,0.007,0.757,0.007
PRT,620,2012,PRT2012,0.715,0.715,0.715,0.706,0.703,0.703,0.734,0.734,0.734,0.700,0.700,0.700,0.689,0.689,0.689,0.720,0.720,0.720,0.695,0.695,0.695,0.679,0.679,0.679,0.713,0.713,0.713,0.057,0.057,0.057,0.076,0.072,0.072,0.057,0.057,0.057,0.048,0.048,0.048,0.067,0.067,0.067,0.049,0.049,0.049,0.052,0.052,0.052,0.070,0.070,0.070,0.051,0.051,0.051,0.719,0.064,0.718,0.062,0.718,0.062,0.703,0.055,0.703,0.055,0.703,0.055,0.695,0.058,0.695,0.058,0.695,0.058
PRT,620,2013,PRT2013,0.723,0.723,0.723,0.711,0.710,0.710,0.740,0.740,0.740,0.711,0.711,0.711,0.696,0.696,0.696,0.728,0.728,0.728,0.707,0.707,0.707,0.686,0.686,0.686,0.721,0.721,0.721,0.045,0.045,0.045,0.071,0.069,0.069,0.051,0.051,0.051,0.039,0.039,0.039,0.065,0.065,0.065,0.044,0.044,0.044,0.042,0.042,0.042,0.067,0.067,0.067,0.046,0.046,0.046,0.724,0.056,0.724,0.055,0.724,0.055,0.712,0.049,0.712,0.049,0.712,0.049,0.705,0.052,0.705,0.052,0.705,0.052
PRT,620,2014,PRT2014,0.727,0.727,0.727,0.716,0.714,0.714,0.744,0.744,0.744,0.715,0.715,0.715,0.700,0.700,0.700,0.731,0.731,0.731,0.711,0.711,0.711,0.691,0.691,0.691,0.725,0.725,0.725,0.044,0.044,0.044,0.069,0.067,0.067,0.049,0.049,0.049,0.035,0.035,0.035,0.061,0.061,0.061,0.041,0.041,0.041,0.039,0.039,0.039,0.064,0.064,0.064,0.043,0.043,0.043,0.729,0.054,0.728,0.053,0.728,0.053,0.715,0.046,0.715,0.046,0.715,0.046,0.709,0.049,0.709,0.049,0.709,0.049
PRT,620,2015,PRT2015,0.728,0.728,0.728,0.711,0.709,0.709,0.734,0.734,0.734,0.717,0.717,0.717,0.695,0.695,0.695,0.721,0.721,0.721,0.713,0.713,0.713,0.684,0.684,0.684,0.713,0.713,0.713,0.042,0.042,0.042,0.074,0.073,0.073,0.057,0.057,0.057,0.033,0.033,0.033,0.068,0.068,0.068,0.050,0.050,0.050,0.037,0.037,0.037,0.070,0.070,0.070,0.051,0.051,0.051,0.724,0.058,0.724,0.057,0.724,0.057,0.711,0.050,0.711,0.050,0.711,0.050,0.703,0.053,0.703,0.053,0.703,0.053
PRT,620,2016,PRT2016,0.720,0.720,0.720,0.704,0.704,0.704,0.732,0.732,0.732,0.709,0.709,0.709,0.689,0.689,0.689,0.719,0.719,0.719,0.704,0.704,0.704,0.679,0.679,0.679,0.711,0.711,0.711,0.048,0.048,0.048,0.074,0.073,0.073,0.057,0.056,0.056,0.041,0.041,0.041,0.067,0.068,0.068,0.050,0.050,0.050,0.044,0.044,0.044,0.070,0.070,0.070,0.052,0.052,0.052,0.719,0.060,0.719,0.059,0.719,0.059,0.705,0.053,0.706,0.053,0.706,0.053,0.698,0.055,0.698,0.055,0.698,0.055
PRT,620,2017,PRT2017,0.714,0.714,0.714,0.700,0.700,0.700,0.728,0.728,0.728,0.703,0.703,0.703,0.684,0.685,0.685,0.715,0.715,0.715,0.697,0.697,0.697,0.674,0.674,0.674,0.707,0.707,0.707,0.052,0.052,0.052,0.076,0.076,0.076,0.059,0.058,0.058,0.046,0.046,0.046,0.070,0.071,0.071,0.053,0.053,0.053,0.050,0.050,0.050,0.073,0.073,0.073,0.055,0.055,0.055,0.714,0.062,0.714,0.062,0.714,0.062,0.701,0.056,0.701,0.057,0.701,0.057,0.693,0.059,0.693,0.059,0.693,0.059
PRT,620,2018,PRT2018,0.706,0.706,0.706,0.690,0.691,0.691,0.721,0.720,0.720,0.695,0.695,0.695,0.675,0.675,0.675,0.708,0.708,0.708,0.688,0.688,0.688,0.663,0.663,0.663,0.699,0.699,0.699,0.056,0.056,0.056,0.082,0.083,0.083,0.063,0.062,0.062,0.053,0.053,0.053,0.077,0.077,0.077,0.059,0.059,0.059,0.057,0.057,0.057,0.080,0.080,0.080,0.060,0.060,0.060,0.705,0.067,0.706,0.067,0.706,0.067,0.692,0.063,0.692,0.063,0.692,0.063,0.683,0.066,0.683,0.066,0.683,0.066
PRT,620,2019,PRT2019,0.699,0.699,0.699,0.682,0.684,0.684,0.714,0.714,0.714,0.689,0.689,0.689,0.667,0.667,0.667,0.701,0.701,0.701,0.681,0.681,0.681,0.655,0.655,0.655,0.692,0.692,0.692,0.060,0.060,0.060,0.085,0.087,0.087,0.066,0.066,0.066,0.058,0.058,0.058,0.082,0.082,0.082,0.063,0.063,0.063,0.062,0.062,0.062,0.085,0.085,0.085,0.065,0.065,0.065,0.698,0.070,0.699,0.071,0.699,0.071,0.686,0.068,0.686,0.068,0.686,0.068,0.676,0.071,0.676,0.071,0.676,0.071
PRT,620,2020,PRT2020,0.696,0.696,0.696,0.681,0.683,0.683,0.714,0.714,0.714,0.686,0.686,0.686,0.667,0.667,0.667,0.702,0.702,0.702,0.678,0.678,0.678,0.653,0.653,0.653,0.691,0.691,0.691,0.061,0.061,0.061,0.088,0.090,0.090,0.069,0.069,0.069,0.060,0.060,0.060,0.086,0.086,0.086,0.067,0.067,0.067,0.065,0.065,0.065,0.088,0.088,0.088,0.068,0.068,0.068,0.697,0.072,0.697,0.073,0.697,0.073,0.685,0.071,0.685,0.071,0.685,0.071,0.674,0.074,0.674,0.074,0.674,0.074
PRT,620,2021,PRT2021,0.686,0.686,0.686,0.671,0.673,0.673,0.859,0.859,0.859,0.677,0.677,0.677,0.656,0.656,0.656,0.847,0.847,0.847,0.668,0.668,0.668,0.642,0.642,0.642,0.835,0.835,0.835,0.067,0.067,0.067,0.092,0.095,0.095,0.067,0.067,0.067,0.068,0.068,0.068,0.092,0.092,0.092,0.068,0.068,0.068,0.072,0.072,0.072,0.094,0.094,0.094,0.072,0.072,0.072,0.739,0.075,0.739,0.076,0.739,0.076,0.727,0.076,0.727,0.076,0.727,0.076,0.715,0.079,0.715,0.079,0.715,0.079
ROU,642,2008,ROU2008,0.449,0.449,0.449,0.487,0.487,0.487,0.484,0.484,0.484,0.405,0.405,0.405,0.450,0.450,0.450,0.438,0.438,0.438,0.375,0.375,0.375,0.421,0.421,0.421,0.402,0.402,0.402,0.201,0.201,0.201,0.173,0.173,0.173,0.206,0.206,0.206,0.152,0.152,0.152,0.140,0.140,0.140,0.163,0.163,0.163,0.118,0.118,0.118,0.111,0.111,0.111,0.124,0.124,0.124,0.474,0.193,0.474,0.193,0.474,0.193,0.431,0.151,0.431,0.151,0.431,0.151,0.400,0.117,0.400,0.117,0.400,0.117
ROU,642,2009,ROU2009,0.502,0.502,0.502,0.532,0.532,0.532,0.549,0.549,0.549,0.450,0.450,0.450,0.490,0.490,0.490,0.507,0.507,0.507,0.416,0.416,0.416,0.460,0.460,0.460,0.477,0.477,0.477,0.208,0.208,0.208,0.170,0.170,0.170,0.167,0.167,0.167,0.158,0.158,0.158,0.131,0.131,0.131,0.130,0.130,0.130,0.123,0.123,0.123,0.103,0.103,0.103,0.104,0.104,0.104,0.528,0.182,0.528,0.182,0.528,0.182,0.482,0.140,0.482,0.140,0.482,0.140,0.451,0.110,0.451,0.110,0.451,0.110
ROU,642,2010,ROU2010,0.475,0.475,0.475,0.510,0.510,0.510,0.526,0.526,0.526,0.427,0.427,0.427,0.470,0.470,0.470,0.485,0.485,0.485,0.395,0.395,0.395,0.441,0.441,0.441,0.457,0.457,0.457,0.205,0.205,0.205,0.169,0.169,0.169,0.168,0.168,0.168,0.156,0.156,0.156,0.131,0.131,0.131,0.131,0.131,0.131,0.121,0.121,0.121,0.103,0.103,0.103,0.105,0.105,0.105,0.504,0.181,0.504,0.181,0.504,0.181,0.461,0.139,0.461,0.139,0.461,0.139,0.431,0.110,0.431,0.110,0.431,0.110
ROU,642,2011,ROU2011,0.399,0.399,0.399,0.447,0.447,0.447,0.470,0.470,0.470,0.361,0.361,0.361,0.414,0.414,0.414,0.436,0.436,0.436,0.336,0.336,0.336,0.390,0.390,0.390,0.412,0.412,0.412,0.192,0.192,0.192,0.163,0.163,0.163,0.167,0.167,0.167,0.145,0.145,0.145,0.128,0.128,0.128,0.134,0.134,0.134,0.112,0.112,0.112,0.103,0.103,0.103,0.114,0.114,0.114,0.439,0.174,0.439,0.174,0.439,0.174,0.404,0.136,0.404,0.136,0.404,0.136,0.380,0.109,0.380,0.109,0.380,0.109
ROU,642,2012,ROU2012,0.391,0.391,0.391,0.439,0.439,0.439,0.462,0.462,0.462,0.354,0.354,0.354,0.406,0.406,0.406,0.428,0.428,0.428,0.330,0.330,0.330,0.383,0.383,0.383,0.405,0.405,0.405,0.191,0.191,0.191,0.163,0.163,0.163,0.168,0.168,0.168,0.143,0.143,0.143,0.129,0.129,0.129,0.136,0.136,0.136,0.111,0.111,0.111,0.104,0.104,0.104,0.115,0.115,0.115,0.431,0.174,0.431,0.174,0.431,0.174,0.396,0.136,0.396,0.136,0.396,0.136,0.373,0.110,0.373,0.110,0.373,0.110
ROU,642,2013,ROU2013,0.384,0.384,0.384,0.437,0.437,0.437,0.460,0.460,0.460,0.348,0.348,0.348,0.405,0.405,0.405,0.427,0.427,0.427,0.324,0.324,0.324,0.381,0.381,0.381,0.403,0.403,0.403,0.189,0.189,0.189,0.162,0.162,0.162,0.159,0.159,0.159,0.142,0.142,0.142,0.127,0.127,0.127,0.124,0.124,0.124,0.110,0.110,0.110,0.101,0.101,0.101,0.099,0.099,0.099,0.427,0.170,0.427,0.170,0.427,0.170,0.393,0.131,0.393,0.131,0.393,0.131,0.369,0.103,0.369,0.103,0.369,0.103
ROU,642,2014,ROU2014,0.368,0.368,0.368,0.420,0.420,0.420,0.442,0.442,0.442,0.334,0.334,0.334,0.389,0.389,0.389,0.410,0.410,0.410,0.311,0.311,0.311,0.366,0.366,0.366,0.387,0.387,0.387,0.186,0.186,0.186,0.163,0.164,0.164,0.160,0.160,0.160,0.140,0.140,0.140,0.128,0.128,0.128,0.125,0.125,0.125,0.108,0.108,0.108,0.102,0.102,0.102,0.101,0.101,0.101,0.410,0.170,0.410,0.170,0.410,0.170,0.378,0.131,0.378,0.131,0.378,0.131,0.355,0.103,0.355,0.103,0.355,0.103
ROU,642,2015,ROU2015,0.346,0.346,0.346,0.448,0.448,0.448,0.472,0.472,0.472,0.315,0.315,0.315,0.418,0.418,0.418,0.443,0.443,0.443,0.294,0.294,0.294,0.395,0.395,0.395,0.423,0.423,0.423,0.181,0.181,0.181,0.151,0.151,0.151,0.146,0.146,0.146,0.136,0.136,0.136,0.120,0.120,0.120,0.120,0.120,0.120,0.105,0.105,0.105,0.096,0.096,0.096,0.104,0.104,0.104,0.422,0.159,0.422,0.159,0.422,0.159,0.392,0.125,0.392,0.125,0.392,0.125,0.371,0.102,0.371,0.102,0.371,0.102
ROU,642,2016,ROU2016,0.326,0.326,0.326,0.425,0.425,0.425,0.449,0.449,0.449,0.298,0.298,0.298,0.397,0.397,0.397,0.422,0.422,0.422,0.280,0.280,0.280,0.377,0.377,0.377,0.403,0.403,0.403,0.174,0.174,0.174,0.149,0.149,0.149,0.147,0.147,0.147,0.130,0.130,0.130,0.118,0.118,0.118,0.121,0.121,0.121,0.100,0.100,0.100,0.097,0.097,0.097,0.109,0.109,0.109,0.400,0.157,0.400,0.157,0.400,0.157,0.372,0.123,0.372,0.123,0.372,0.123,0.353,0.102,0.353,0.102,0.353,0.102
ROU,642,2017,ROU2017,0.305,0.305,0.305,0.400,0.400,0.400,0.423,0.423,0.423,0.280,0.280,0.280,0.374,0.374,0.374,0.398,0.398,0.398,0.264,0.264,0.264,0.354,0.354,0.354,0.379,0.379,0.379,0.168,0.168,0.168,0.151,0.151,0.151,0.151,0.151,0.151,0.125,0.125,0.125,0.121,0.121,0.121,0.128,0.128,0.128,0.097,0.097,0.097,0.100,0.100,0.100,0.113,0.113,0.113,0.376,0.157,0.376,0.157,0.376,0.157,0.350,0.124,0.350,0.124,0.350,0.124,0.332,0.103,0.332,0.103,0.332,0.103
ROU,642,2018,ROU2018,0.312,0.312,0.312,0.399,0.399,0.399,0.421,0.421,0.421,0.290,0.290,0.290,0.374,0.374,0.374,0.398,0.398,0.398,0.274,0.274,0.274,0.357,0.357,0.357,0.378,0.378,0.378,0.149,0.149,0.149,0.140,0.140,0.140,0.143,0.143,0.143,0.110,0.110,0.110,0.110,0.110,0.110,0.121,0.121,0.121,0.085,0.085,0.085,0.091,0.091,0.091,0.102,0.102,0.102,0.378,0.144,0.378,0.144,0.378,0.144,0.354,0.114,0.354,0.114,0.354,0.114,0.336,0.093,0.336,0.093,0.336,0.093
ROU,642,2019,ROU2019,0.297,0.297,0.297,0.380,0.380,0.380,0.401,0.401,0.401,0.276,0.276,0.276,0.357,0.357,0.357,0.379,0.379,0.379,0.262,0.262,0.262,0.340,0.340,0.340,0.358,0.358,0.358,0.143,0.143,0.143,0.140,0.140,0.140,0.146,0.146,0.146,0.106,0.106,0.106,0.111,0.111,0.111,0.125,0.125,0.125,0.081,0.081,0.081,0.093,0.093,0.093,0.101,0.101,0.101,0.359,0.143,0.359,0.143,0.359,0.143,0.337,0.114,0.337,0.114,0.337,0.114,0.320,0.092,0.320,0.092,0.320,0.092
ROU,642,2020,ROU2020,0.287,0.287,0.287,0.391,0.391,0.391,0.413,0.413,0.413,0.267,0.267,0.267,0.369,0.369,0.369,0.388,0.388,0.388,0.254,0.254,0.254,0.352,0.352,0.352,0.366,0.366,0.366,0.139,0.139,0.139,0.138,0.138,0.138,0.149,0.149,0.149,0.103,0.103,0.103,0.114,0.114,0.114,0.125,0.125,0.125,0.078,0.078,0.078,0.097,0.097,0.097,0.100,0.100,0.100,0.364,0.142,0.364,0.142,0.364,0.142,0.341,0.114,0.341,0.114,0.341,0.114,0.324,0.092,0.324,0.092,0.324,0.092
ROU,642,2021,ROU2021,0.271,0.271,0.271,0.391,0.391,0.391,0.405,0.405,0.405,0.254,0.254,0.254,0.369,0.369,0.369,0.377,0.377,0.377,0.242,0.242,0.242,0.350,0.350,0.350,0.354,0.354,0.354,0.132,0.132,0.132,0.141,0.141,0.141,0.168,0.168,0.168,0.097,0.097,0.097,0.118,0.118,0.118,0.139,0.139,0.139,0.073,0.073,0.073,0.096,0.096,0.096,0.116,0.116,0.116,0.356,0.147,0.356,0.147,0.356,0.147,0.333,0.118,0.333,0.118,0.333,0.118,0.315,0.095,0.315,0.095,0.315,0.095
ROU,642,2022,ROU2022,0.261,0.261,0.261,0.385,0.385,0.385,0.397,0.397,0.397,0.244,0.244,0.244,0.363,0.363,0.363,0.368,0.368,0.368,0.233,0.233,0.233,0.343,0.343,0.343,0.346,0.346,0.346,0.126,0.126,0.126,0.141,0.141,0.141,0.173,0.173,0.173,0.092,0.092,0.092,0.119,0.119,0.119,0.142,0.142,0.142,0.069,0.069,0.069,0.094,0.094,0.094,0.118,0.118,0.118,0.347,0.147,0.347,0.147,0.347,0.147,0.325,0.118,0.325,0.118,0.325,0.118,0.307,0.094,0.307,0.094,0.307,0.094
RUS,810,2018,RUS2018,0.201,0.201,0.191,0.369,0.380,0.338,0.459,0.468,0.432,0.171,0.171,0.168,0.336,0.346,0.317,0.430,0.440,0.412,0.152,0.152,0.151,0.311,0.321,0.301,0.408,0.419,0.398,0.292,0.292,0.263,0.197,0.193,0.145,0.146,0.141,0.111,0.229,0.229,0.216,0.156,0.153,0.117,0.117,0.113,0.091,0.183,0.183,0.177,0.122,0.120,0.093,0.097,0.093,0.078,0.343,0.212,0.350,0.209,0.320,0.173,0.312,0.167,0.319,0.165,0.299,0.141,0.290,0.134,0.297,0.132,0.283,0.116
SVK,703,2001,SVK2001,0.467,0.492,0.485,0.514,0.730,0.715,0.531,0.594,0.584,0.452,0.454,0.454,0.496,0.700,0.694,0.515,0.549,0.547,0.432,0.432,0.432,0.476,0.662,0.662,0.496,0.506,0.506,0.146,0.185,0.175,0.136,0.154,0.140,0.124,0.192,0.180,0.151,0.154,0.153,0.133,0.151,0.145,0.123,0.165,0.162,0.148,0.148,0.148,0.128,0.138,0.137,0.119,0.131,0.131,0.504,0.135,0.605,0.177,0.595,0.165,0.488,0.136,0.567,0.157,0.565,0.154,0.468,0.131,0.533,0.139,0.533,0.138
SVK,703,2002,SVK2002,0.462,0.486,0.481,0.506,0.723,0.710,0.514,0.579,0.571,0.447,0.449,0.449,0.487,0.692,0.688,0.496,0.532,0.531,0.427,0.427,0.427,0.466,0.653,0.653,0.476,0.488,0.488,0.146,0.185,0.177,0.139,0.158,0.145,0.138,0.206,0.196,0.150,0.153,0.153,0.136,0.154,0.150,0.137,0.179,0.177,0.147,0.147,0.147,0.130,0.140,0.140,0.133,0.145,0.145,0.494,0.141,0.596,0.183,0.587,0.173,0.477,0.141,0.558,0.162,0.556,0.160,0.456,0.137,0.523,0.144,0.523,0.144
SVK,703,2003,SVK2003,0.467,0.469,0.466,0.510,0.640,0.628,0.525,0.551,0.544,0.452,0.452,0.452,0.492,0.599,0.596,0.508,0.512,0.512,0.432,0.432,0.432,0.473,0.553,0.553,0.490,0.490,0.490,0.144,0.148,0.143,0.134,0.186,0.173,0.132,0.168,0.159,0.148,0.148,0.148,0.131,0.171,0.167,0.133,0.139,0.139,0.145,0.145,0.145,0.127,0.139,0.139,0.132,0.132,0.132,0.500,0.137,0.553,0.167,0.546,0.158,0.484,0.137,0.521,0.153,0.520,0.151,0.465,0.134,0.492,0.139,0.492,0.139
SVK,703,2004,SVK2004,0.528,0.528,0.528,0.496,0.502,0.494,0.524,0.524,0.523,0.523,0.523,0.523,0.488,0.488,0.488,0.519,0.519,0.519,0.513,0.513,0.513,0.478,0.478,0.478,0.510,0.510,0.510,0.092,0.092,0.092,0.089,0.099,0.086,0.084,0.084,0.082,0.103,0.103,0.103,0.093,0.093,0.093,0.094,0.094,0.094,0.112,0.112,0.112,0.097,0.097,0.097,0.102,0.102,0.102,0.516,0.088,0.518,0.091,0.515,0.087,0.510,0.097,0.510,0.097,0.510,0.097,0.500,0.104,0.500,0.104,0.500,0.104
SVK,703,2005,SVK2005,0.638,0.638,0.638,0.591,0.595,0.590,0.653,0.653,0.653,0.644,0.644,0.644,0.594,0.594,0.594,0.656,0.656,0.656,0.650,0.650,0.650,0.597,0.597,0.597,0.659,0.659,0.659,-0.023,-0.023,-0.023,-0.018,-0.012,-0.020,-0.010,-0.010,-0.010,-0.016,-0.016,-0.016,-0.017,-0.017,-0.017,-0.008,-0.008,-0.008,-0.010,-0.010,-0.010,-0.016,-0.016,-0.016,-0.005,-0.005,-0.005,0.627,-0.017,0.629,-0.015,0.627,-0.018,0.631,-0.014,0.631,-0.014,0.631,-0.014,0.635,-0.010,0.635,-0.010,0.635,-0.010
SVK,703,2006,SVK2006,0.642,0.642,0.642,0.592,0.595,0.589,0.654,0.654,0.654,0.649,0.649,0.649,0.596,0.596,0.596,0.658,0.658,0.658,0.655,0.655,0.655,0.600,0.600,0.600,0.662,0.662,0.662,-0.025,-0.025,-0.025,-0.025,-0.021,-0.030,-0.016,-0.016,-0.016,-0.019,-0.019,-0.019,-0.023,-0.023,-0.023,-0.013,-0.013,-0.013,-0.013,-0.013,-0.013,-0.022,-0.022,-0.022,-0.010,-0.010,-0.010,0.629,-0.022,0.630,-0.021,0.628,-0.024,0.634,-0.018,0.634,-0.018,0.634,-0.018,0.639,-0.015,0.639,-0.015,0.639,-0.015
SVK,703,2007,SVK2007,0.643,0.643,0.643,0.593,0.596,0.590,0.655,0.655,0.655,0.650,0.650,0.650,0.597,0.597,0.597,0.659,0.659,0.659,0.656,0.656,0.656,0.601,0.601,0.601,0.663,0.663,0.663,-0.025,-0.025,-0.025,-0.025,-0.021,-0.031,-0.016,-0.016,-0.016,-0.019,-0.019,-0.019,-0.024,-0.024,-0.024,-0.013,-0.013,-0.013,-0.013,-0.013,-0.013,-0.022,-0.022,-0.022,-0.010,-0.010,-0.010,0.630,-0.022,0.631,-0.021,0.629,-0.024,0.635,-0.018,0.635,-0.018,0.635,-0.018,0.640,-0.015,0.640,-0.015,0.640,-0.015
SVK,703,2008,SVK2008,0.646,0.646,0.646,0.595,0.596,0.592,0.669,0.669,0.669,0.653,0.653,0.653,0.600,0.600,0.600,0.675,0.675,0.675,0.659,0.659,0.659,0.604,0.604,0.604,0.681,0.681,0.681,-0.025,-0.025,-0.025,-0.027,-0.025,-0.031,-0.024,-0.024,-0.024,-0.018,-0.018,-0.018,-0.025,-0.025,-0.025,-0.019,-0.019,-0.019,-0.012,-0.012,-0.012,-0.022,-0.022,-0.022,-0.015,-0.015,-0.015,0.637,-0.025,0.637,-0.025,0.636,-0.027,0.643,-0.021,0.643,-0.021,0.643,-0.021,0.648,-0.016,0.648,-0.016,0.648,-0.016
SVK,703,2009,SVK2009,0.634,0.634,0.634,0.587,0.592,0.584,0.663,0.663,0.663,0.643,0.643,0.643,0.592,0.592,0.592,0.669,0.669,0.669,0.649,0.649,0.649,0.596,0.596,0.596,0.676,0.676,0.676,-0.030,-0.030,-0.030,-0.024,-0.018,-0.030,-0.027,-0.027,-0.027,-0.021,-0.021,-0.021,-0.021,-0.021,-0.021,-0.022,-0.022,-0.022,-0.015,-0.015,-0.015,-0.020,-0.020,-0.020,-0.017,-0.017,-0.017,0.628,-0.027,0.629,-0.025,0.627,-0.029,0.635,-0.021,0.635,-0.021,0.635,-0.021,0.640,-0.017,0.640,-0.017,0.640,-0.017
SVK,703,2010,SVK2010,0.636,0.636,0.636,0.591,0.597,0.588,0.664,0.664,0.664,0.645,0.645,0.645,0.595,0.595,0.595,0.671,0.671,0.671,0.651,0.651,0.651,0.599,0.599,0.599,0.677,0.677,0.677,-0.030,-0.030,-0.030,-0.024,-0.014,-0.029,-0.025,-0.025,-0.025,-0.021,-0.021,-0.021,-0.021,-0.021,-0.022,-0.019,-0.019,-0.019,-0.015,-0.015,-0.015,-0.020,-0.020,-0.020,-0.014,-0.014,-0.014,0.630,-0.026,0.632,-0.023,0.629,-0.028,0.637,-0.020,0.637,-0.020,0.637,-0.021,0.642,-0.016,0.642,-0.016,0.642,-0.016
SVK,703,2011,SVK2011,0.646,0.646,0.646,0.599,0.604,0.596,0.671,0.671,0.671,0.654,0.654,0.654,0.603,0.603,0.603,0.677,0.677,0.677,0.659,0.659,0.659,0.607,0.607,0.607,0.682,0.682,0.682,-0.025,-0.025,-0.025,-0.026,-0.017,-0.030,-0.022,-0.022,-0.022,-0.018,-0.018,-0.018,-0.024,-0.024,-0.024,-0.016,-0.016,-0.016,-0.013,-0.013,-0.013,-0.022,-0.022,-0.022,-0.012,-0.012,-0.012,0.638,-0.024,0.640,-0.021,0.637,-0.026,0.644,-0.019,0.644,-0.019,0.644,-0.019,0.650,-0.015,0.650,-0.015,0.650,-0.015
SVK,703,2012,SVK2012,0.646,0.646,0.646,0.598,0.603,0.596,0.671,0.671,0.671,0.653,0.653,0.653,0.603,0.603,0.603,0.677,0.677,0.677,0.659,0.659,0.659,0.607,0.607,0.607,0.683,0.683,0.683,-0.025,-0.025,-0.025,-0.026,-0.018,-0.030,-0.022,-0.022,-0.022,-0.018,-0.018,-0.018,-0.024,-0.024,-0.024,-0.017,-0.017,-0.017,-0.013,-0.013,-0.013,-0.022,-0.022,-0.022,-0.012,-0.012,-0.012,0.638,-0.024,0.640,-0.022,0.637,-0.026,0.644,-0.020,0.644,-0.020,0.644,-0.020,0.650,-0.015,0.650,-0.015,0.650,-0.015
SVK,703,2013,SVK2013,0.643,0.643,0.643,0.596,0.601,0.594,0.673,0.673,0.673,0.650,0.650,0.650,0.600,0.600,0.600,0.679,0.679,0.679,0.656,0.656,0.656,0.604,0.604,0.604,0.685,0.685,0.685,-0.022,-0.022,-0.022,-0.022,-0.015,-0.026,-0.024,-0.024,-0.024,-0.014,-0.014,-0.014,-0.020,-0.020,-0.020,-0.019,-0.019,-0.019,-0.008,-0.008,-0.008,-0.017,-0.017,-0.017,-0.014,-0.014,-0.014,0.637,-0.023,0.639,-0.020,0.636,-0.024,0.643,-0.018,0.643,-0.018,0.643,-0.018,0.648,-0.013,0.648,-0.013,0.648,-0.013
SVK,703,2014,SVK2014,0.643,0.643,0.643,0.597,0.599,0.590,0.667,0.667,0.667,0.650,0.650,0.650,0.601,0.601,0.599,0.673,0.673,0.673,0.655,0.655,0.655,0.605,0.605,0.605,0.678,0.678,0.678,-0.020,-0.020,-0.020,-0.020,-0.017,-0.032,-0.014,-0.014,-0.014,-0.012,-0.012,-0.012,-0.018,-0.018,-0.021,-0.009,-0.009,-0.009,-0.006,-0.006,-0.006,-0.015,-0.015,-0.015,-0.003,-0.003,-0.003,0.636,-0.018,0.637,-0.017,0.633,-0.022,0.641,-0.013,0.641,-0.013,0.641,-0.014,0.646,-0.008,0.646,-0.008,0.646,-0.008
SVK,703,2015,SVK2015,0.642,0.642,0.642,0.596,0.598,0.592,0.666,0.666,0.666,0.651,0.651,0.651,0.602,0.602,0.601,0.672,0.672,0.672,0.656,0.656,0.656,0.606,0.606,0.606,0.677,0.677,0.677,-0.023,-0.023,-0.023,-0.024,-0.021,-0.030,-0.015,-0.015,-0.015,-0.012,-0.012,-0.012,-0.019,-0.019,-0.020,-0.008,-0.008,-0.008,-0.006,-0.006,-0.006,-0.015,-0.015,-0.015,-0.001,-0.001,-0.001,0.634,-0.021,0.635,-0.020,0.633,-0.023,0.642,-0.013,0.642,-0.013,0.641,-0.013,0.647,-0.007,0.647,-0.007,0.647,-0.007
SVK,703,2016,SVK2016,0.644,0.644,0.644,0.599,0.600,0.595,0.667,0.667,0.667,0.653,0.653,0.653,0.604,0.604,0.604,0.673,0.673,0.673,0.659,0.659,0.659,0.609,0.609,0.609,0.678,0.678,0.678,-0.023,-0.023,-0.023,-0.025,-0.023,-0.030,-0.015,-0.015,-0.015,-0.013,-0.013,-0.013,-0.020,-0.020,-0.021,-0.007,-0.007,-0.007,-0.007,-0.007,-0.007,-0.017,-0.017,-0.017,-0.000,-0.000,-0.000,0.637,-0.021,0.637,-0.020,0.635,-0.023,0.644,-0.013,0.644,-0.013,0.644,-0.014,0.649,-0.008,0.649,-0.008,0.649,-0.008
SVK,703,2017,SVK2017,0.646,0.646,0.646,0.600,0.601,0.599,0.667,0.667,0.667,0.655,0.655,0.655,0.606,0.606,0.606,0.673,0.673,0.673,0.660,0.660,0.660,0.611,0.611,0.611,0.678,0.678,0.678,-0.021,-0.021,-0.021,-0.025,-0.023,-0.027,-0.012,-0.012,-0.012,-0.011,-0.011,-0.011,-0.020,-0.020,-0.020,-0.004,-0.004,-0.004,-0.005,-0.005,-0.005,-0.015,-0.015,-0.015,0.003,0.003,0.003,0.638,-0.019,0.638,-0.019,0.637,-0.020,0.645,-0.012,0.645,-0.012,0.645,-0.012,0.650,-0.006,0.650,-0.006,0.650,-0.006
SVK,703,2018,SVK2018,0.647,0.647,0.647,0.602,0.602,0.601,0.666,0.666,0.666,0.655,0.655,0.655,0.607,0.607,0.607,0.672,0.672,0.672,0.659,0.659,0.659,0.612,0.612,0.612,0.676,0.676,0.676,-0.017,-0.017,-0.017,-0.022,-0.021,-0.023,-0.007,-0.007,-0.007,-0.007,-0.007,-0.007,-0.017,-0.017,-0.017,0.001,0.001,0.001,-0.001,-0.001,-0.001,-0.012,-0.012,-0.012,0.009,0.009,0.009,0.638,-0.015,0.638,-0.015,0.638,-0.016,0.645,-0.007,0.645,-0.007,0.645,-0.007,0.649,-0.001,0.649,-0.001,0.649,-0.001
SVK,703,2019,SVK2019,0.638,0.638,0.638,0.595,0.595,0.595,0.657,0.657,0.657,0.646,0.646,0.646,0.600,0.600,0.600,0.663,0.663,0.663,0.649,0.649,0.649,0.605,0.605,0.605,0.666,0.666,0.666,-0.015,-0.015,-0.015,-0.021,-0.021,-0.021,-0.004,-0.004,-0.004,-0.005,-0.005,-0.005,-0.015,-0.015,-0.015,0.005,0.005,0.005,0.000,0.000,0.000,-0.010,-0.010,-0.010,0.012,0.012,0.012,0.630,-0.013,0.630,-0.013,0.630,-0.013,0.636,-0.005,0.636,-0.005,0.636,-0.005,0.640,0.001,0.640,0.001,0.640,0.001
SVK,703,2020,SVK2020,0.647,0.647,0.647,0.594,0.594,0.593,0.654,0.654,0.654,0.655,0.655,0.655,0.600,0.600,0.599,0.661,0.661,0.661,0.660,0.660,0.660,0.606,0.606,0.606,0.666,0.666,0.666,-0.022,-0.022,-0.022,-0.028,-0.028,-0.030,-0.025,-0.025,-0.025,-0.012,-0.012,-0.012,-0.023,-0.023,-0.024,-0.019,-0.019,-0.019,-0.007,-0.007,-0.007,-0.018,-0.018,-0.018,-0.015,-0.015,-0.015,0.632,-0.025,0.632,-0.025,0.631,-0.026,0.639,-0.018,0.639,-0.018,0.639,-0.018,0.644,-0.013,0.644,-0.013,0.644,-0.013
SVK,703,2021,SVK2021,0.643,0.643,0.643,0.591,0.592,0.591,0.651,0.651,0.651,0.650,0.650,0.650,0.597,0.597,0.597,0.657,0.657,0.657,0.654,0.654,0.654,0.602,0.602,0.602,0.662,0.662,0.662,-0.012,-0.012,-0.012,-0.020,-0.020,-0.021,-0.017,-0.017,-0.017,-0.002,-0.002,-0.002,-0.014,-0.014,-0.014,-0.010,-0.010,-0.010,0.004,0.004,0.004,-0.008,-0.008,-0.008,-0.005,-0.005,-0.005,0.629,-0.016,0.629,-0.016,0.628,-0.016,0.635,-0.009,0.635,-0.009,0.635,-0.009,0.639,-0.003,0.639,-0.003,0.639,-0.003
SVK,703,2022,SVK2022,0.651,0.651,0.651,0.595,0.595,0.594,0.644,0.644,0.644,0.658,0.658,0.658,0.601,0.601,0.601,0.650,0.650,0.650,0.663,0.663,0.663,0.607,0.607,0.607,0.654,0.654,0.654,-0.017,-0.017,-0.017,-0.028,-0.028,-0.028,-0.016,-0.016,-0.016,-0.009,-0.009,-0.009,-0.022,-0.022,-0.022,-0.009,-0.009,-0.009,-0.004,-0.004,-0.004,-0.016,-0.016,-0.016,-0.005,-0.005,-0.005,0.630,-0.020,0.630,-0.020,0.630,-0.021,0.636,-0.013,0.636,-0.013,0.636,-0.013,0.641,-0.008,0.641,-0.008,0.641,-0.008
SVN,705,2005,SVN2005,0.610,0.611,0.599,0.673,0.679,0.646,0.709,0.709,0.691,0.596,0.596,0.596,0.658,0.658,0.640,0.698,0.698,0.692,0.580,0.580,0.580,0.642,0.642,0.636,0.684,0.684,0.683,0.110,0.111,0.096,0.091,0.098,0.063,0.079,0.079,0.059,0.114,0.114,0.113,0.089,0.089,0.068,0.081,0.081,0.074,0.117,0.117,0.117,0.088,0.088,0.081,0.082,0.082,0.081,0.664,0.093,0.666,0.096,0.645,0.073,0.651,0.095,0.651,0.095,0.642,0.085,0.635,0.096,0.635,0.096,0.633,0.093
SVN,705,2006,SVN2006,0.613,0.614,0.602,0.677,0.682,0.648,0.693,0.693,0.674,0.600,0.600,0.600,0.663,0.663,0.644,0.680,0.680,0.673,0.584,0.584,0.584,0.648,0.648,0.642,0.663,0.663,0.663,0.109,0.110,0.094,0.088,0.094,0.058,0.088,0.088,0.066,0.113,0.113,0.113,0.087,0.087,0.065,0.088,0.088,0.081,0.117,0.117,0.117,0.086,0.086,0.079,0.087,0.087,0.086,0.661,0.095,0.663,0.097,0.641,0.073,0.648,0.096,0.648,0.096,0.639,0.086,0.632,0.097,0.632,0.097,0.630,0.094
SVN,705,2007,SVN2007,0.585,0.585,0.574,0.658,0.662,0.625,0.691,0.691,0.669,0.568,0.568,0.568,0.642,0.642,0.622,0.677,0.677,0.670,0.548,0.548,0.548,0.625,0.625,0.618,0.660,0.660,0.659,0.120,0.120,0.105,0.100,0.104,0.065,0.090,0.090,0.066,0.120,0.120,0.120,0.098,0.098,0.074,0.091,0.091,0.082,0.117,0.117,0.117,0.096,0.096,0.087,0.089,0.089,0.088,0.645,0.103,0.646,0.105,0.623,0.079,0.629,0.103,0.629,0.103,0.620,0.092,0.611,0.101,0.611,0.101,0.608,0.098
SVN,705,2008,SVN2008,0.570,0.570,0.565,0.641,0.643,0.613,0.659,0.659,0.643,0.555,0.555,0.555,0.622,0.622,0.607,0.641,0.641,0.637,0.531,0.531,0.531,0.602,0.602,0.599,0.620,0.620,0.620,0.136,0.136,0.129,0.115,0.117,0.083,0.112,0.112,0.093,0.143,0.143,0.143,0.112,0.112,0.094,0.112,0.112,0.107,0.138,0.138,0.138,0.108,0.108,0.105,0.108,0.108,0.108,0.623,0.121,0.624,0.122,0.607,0.102,0.606,0.122,0.606,0.122,0.600,0.114,0.584,0.118,0.584,0.118,0.583,0.117
SVN,705,2009,SVN2009,0.576,0.576,0.571,0.644,0.646,0.617,0.662,0.662,0.647,0.562,0.562,0.562,0.625,0.625,0.611,0.645,0.645,0.642,0.538,0.538,0.538,0.605,0.605,0.603,0.624,0.624,0.624,0.132,0.132,0.125,0.113,0.115,0.082,0.110,0.110,0.091,0.139,0.139,0.139,0.110,0.110,0.093,0.109,0.109,0.106,0.136,0.136,0.136,0.107,0.107,0.104,0.107,0.107,0.107,0.627,0.118,0.628,0.119,0.611,0.100,0.610,0.120,0.610,0.120,0.605,0.113,0.589,0.117,0.589,0.117,0.588,0.116
SVN,705,2010,SVN2010,0.623,0.623,0.619,0.692,0.693,0.666,0.704,0.704,0.691,0.614,0.614,0.614,0.678,0.678,0.667,0.692,0.692,0.690,0.599,0.599,0.599,0.665,0.665,0.664,0.678,0.678,0.678,0.100,0.100,0.095,0.083,0.084,0.055,0.084,0.084,0.068,0.109,0.109,0.109,0.083,0.083,0.069,0.085,0.085,0.083,0.115,0.115,0.115,0.085,0.085,0.083,0.087,0.087,0.087,0.673,0.089,0.673,0.089,0.659,0.073,0.661,0.092,0.661,0.092,0.657,0.087,0.647,0.096,0.647,0.096,0.647,0.095
SVN,705,2011,SVN2011,0.663,0.663,0.660,0.724,0.724,0.697,0.732,0.732,0.718,0.648,0.648,0.648,0.708,0.708,0.696,0.716,0.716,0.714,0.625,0.625,0.625,0.689,0.689,0.688,0.696,0.696,0.696,0.124,0.124,0.119,0.100,0.100,0.072,0.099,0.099,0.085,0.130,0.130,0.130,0.100,0.100,0.087,0.101,0.101,0.099,0.129,0.129,0.129,0.100,0.100,0.099,0.100,0.100,0.100,0.706,0.107,0.706,0.107,0.692,0.092,0.690,0.110,0.690,0.110,0.686,0.105,0.670,0.110,0.670,0.110,0.670,0.109
SVN,705,2012,SVN2012,0.609,0.608,0.602,0.677,0.674,0.628,0.696,0.689,0.652,0.588,0.588,0.588,0.656,0.655,0.618,0.675,0.673,0.644,0.557,0.557,0.557,0.630,0.630,0.605,0.650,0.650,0.631,0.154,0.152,0.145,0.125,0.121,0.085,0.119,0.112,0.081,0.157,0.157,0.157,0.123,0.121,0.088,0.118,0.115,0.087,0.148,0.148,0.148,0.116,0.116,0.089,0.110,0.110,0.090,0.661,0.133,0.657,0.128,0.628,0.103,0.640,0.132,0.639,0.131,0.617,0.111,0.612,0.125,0.612,0.125,0.598,0.109
SVN,705,2013,SVN2013,0.620,0.619,0.614,0.673,0.670,0.625,0.692,0.685,0.648,0.600,0.600,0.600,0.652,0.651,0.615,0.671,0.668,0.639,0.571,0.571,0.571,0.625,0.625,0.600,0.645,0.645,0.626,0.151,0.149,0.142,0.127,0.123,0.087,0.121,0.114,0.083,0.155,0.155,0.155,0.124,0.123,0.090,0.120,0.117,0.090,0.150,0.150,0.150,0.117,0.117,0.091,0.112,0.112,0.092,0.662,0.133,0.658,0.129,0.629,0.104,0.641,0.133,0.640,0.132,0.618,0.112,0.614,0.127,0.614,0.127,0.599,0.111
SVN,705,2014,SVN2014,0.615,0.614,0.609,0.669,0.665,0.621,0.702,0.695,0.659,0.594,0.594,0.594,0.646,0.645,0.610,0.681,0.679,0.651,0.565,0.565,0.565,0.619,0.619,0.595,0.655,0.655,0.637,0.153,0.152,0.145,0.129,0.125,0.089,0.117,0.110,0.081,0.157,0.157,0.157,0.126,0.125,0.092,0.115,0.113,0.086,0.151,0.151,0.151,0.118,0.118,0.092,0.108,0.108,0.088,0.662,0.133,0.658,0.129,0.630,0.105,0.641,0.133,0.639,0.132,0.618,0.112,0.613,0.126,0.613,0.126,0.599,0.110
SVN,705,2015,SVN2015,0.612,0.611,0.606,0.666,0.663,0.616,0.698,0.693,0.652,0.591,0.591,0.591,0.643,0.642,0.602,0.677,0.675,0.640,0.561,0.561,0.561,0.616,0.615,0.585,0.651,0.651,0.625,0.155,0.153,0.146,0.130,0.128,0.094,0.118,0.113,0.084,0.158,0.158,0.158,0.127,0.126,0.093,0.116,0.113,0.085,0.151,0.151,0.151,0.119,0.118,0.088,0.108,0.108,0.083,0.659,0.134,0.656,0.131,0.625,0.108,0.637,0.134,0.636,0.133,0.611,0.112,0.609,0.126,0.609,0.126,0.590,0.108
SVN,705,2016,SVN2016,0.607,0.605,0.599,0.660,0.657,0.609,0.692,0.686,0.644,0.586,0.586,0.586,0.637,0.635,0.595,0.670,0.667,0.632,0.554,0.554,0.554,0.609,0.608,0.577,0.643,0.643,0.615,0.158,0.155,0.147,0.133,0.129,0.097,0.122,0.115,0.088,0.162,0.162,0.162,0.130,0.128,0.095,0.119,0.115,0.088,0.154,0.154,0.154,0.121,0.119,0.089,0.110,0.110,0.084,0.653,0.138,0.649,0.133,0.618,0.111,0.631,0.137,0.629,0.135,0.604,0.115,0.602,0.128,0.602,0.128,0.582,0.109
SVN,705,2017,SVN2017,0.597,0.595,0.590,0.651,0.648,0.602,0.682,0.677,0.637,0.575,0.575,0.575,0.627,0.625,0.587,0.660,0.657,0.623,0.542,0.542,0.542,0.598,0.597,0.567,0.632,0.632,0.605,0.164,0.161,0.154,0.137,0.133,0.101,0.126,0.119,0.092,0.167,0.167,0.167,0.133,0.131,0.099,0.122,0.119,0.092,0.157,0.157,0.157,0.122,0.121,0.091,0.112,0.112,0.087,0.644,0.142,0.640,0.138,0.610,0.116,0.620,0.141,0.619,0.139,0.595,0.119,0.591,0.130,0.590,0.130,0.572,0.112
SVN,705,2018,SVN2018,0.590,0.588,0.583,0.639,0.636,0.592,0.670,0.664,0.626,0.566,0.566,0.566,0.614,0.612,0.576,0.645,0.643,0.611,0.532,0.532,0.532,0.583,0.582,0.555,0.617,0.617,0.592,0.168,0.166,0.159,0.142,0.139,0.107,0.132,0.126,0.099,0.170,0.170,0.170,0.138,0.135,0.104,0.127,0.125,0.098,0.158,0.158,0.158,0.124,0.123,0.094,0.117,0.116,0.092,0.633,0.147,0.629,0.144,0.601,0.122,0.609,0.145,0.607,0.143,0.584,0.124,0.577,0.133,0.577,0.132,0.560,0.115
SVN,705,2019,SVN2019,0.578,0.570,0.562,0.628,0.706,0.655,0.659,0.714,0.671,0.553,0.553,0.553,0.602,0.690,0.643,0.633,0.698,0.660,0.517,0.517,0.517,0.569,0.669,0.629,0.604,0.680,0.646,0.174,0.164,0.153,0.147,0.105,0.080,0.137,0.101,0.079,0.175,0.175,0.174,0.141,0.107,0.081,0.131,0.104,0.081,0.159,0.159,0.159,0.124,0.106,0.080,0.119,0.104,0.080,0.622,0.153,0.663,0.123,0.629,0.104,0.596,0.149,0.647,0.129,0.618,0.112,0.563,0.134,0.622,0.123,0.597,0.106
SVN,705,2020,SVN2020,0.562,0.553,0.545,0.618,0.701,0.652,0.647,0.708,0.667,0.533,0.533,0.532,0.588,0.685,0.640,0.618,0.693,0.656,0.493,0.493,0.493,0.554,0.664,0.625,0.587,0.673,0.641,0.189,0.176,0.166,0.155,0.108,0.084,0.146,0.105,0.083,0.185,0.185,0.183,0.145,0.110,0.084,0.136,0.108,0.085,0.162,0.162,0.162,0.125,0.109,0.082,0.122,0.108,0.085,0.609,0.163,0.654,0.130,0.622,0.111,0.580,0.155,0.637,0.134,0.609,0.118,0.544,0.136,0.610,0.126,0.586,0.110
SVN,705,2021,SVN2021,0.542,0.536,0.529,0.600,0.682,0.637,0.629,0.688,0.651,0.512,0.512,0.511,0.570,0.663,0.624,0.598,0.670,0.637,0.469,0.469,0.469,0.533,0.640,0.606,0.565,0.648,0.620,0.197,0.188,0.179,0.160,0.118,0.093,0.152,0.116,0.094,0.191,0.191,0.191,0.150,0.119,0.093,0.141,0.118,0.095,0.162,0.162,0.162,0.126,0.115,0.089,0.124,0.116,0.093,0.590,0.170,0.635,0.141,0.606,0.122,0.560,0.161,0.615,0.143,0.591,0.126,0.523,0.137,0.585,0.131,0.565,0.115
SVN,705,2022,SVN2022,0.526,0.522,0.517,0.578,0.664,0.621,0.606,0.671,0.634,0.495,0.495,0.495,0.546,0.644,0.606,0.573,0.650,0.619,0.452,0.452,0.452,0.508,0.618,0.588,0.540,0.626,0.601,0.200,0.193,0.186,0.168,0.128,0.100,0.161,0.126,0.102,0.193,0.193,0.193,0.156,0.128,0.100,0.147,0.127,0.102,0.160,0.160,0.160,0.127,0.122,0.095,0.128,0.122,0.099,0.570,0.176,0.619,0.149,0.591,0.130,0.538,0.165,0.596,0.149,0.574,0.132,0.500,0.139,0.565,0.135,0.547,0.118
SWE,752,2001,SWE2001,0.618,0.618,0.609,0.656,0.664,0.624,0.692,0.692,0.660,0.598,0.598,0.598,0.635,0.635,0.622,0.671,0.671,0.653,0.570,0.570,0.570,0.607,0.607,0.606,0.645,0.645,0.638,0.142,0.142,0.130,0.132,0.142,0.096,0.120,0.120,0.088,0.144,0.144,0.144,0.131,0.131,0.116,0.118,0.118,0.098,0.136,0.136,0.136,0.123,0.123,0.121,0.110,0.110,0.101,0.656,0.131,0.658,0.135,0.631,0.104,0.635,0.131,0.635,0.131,0.624,0.119,0.607,0.123,0.607,0.123,0.605,0.119
SWE,752,2002,SWE2002,0.633,0.633,0.624,0.667,0.673,0.635,0.701,0.701,0.669,0.611,0.611,0.611,0.645,0.645,0.635,0.680,0.680,0.662,0.585,0.585,0.585,0.620,0.620,0.619,0.655,0.655,0.648,0.138,0.138,0.126,0.128,0.135,0.091,0.117,0.117,0.086,0.137,0.137,0.137,0.126,0.126,0.112,0.114,0.114,0.096,0.131,0.131,0.131,0.119,0.119,0.118,0.108,0.108,0.099,0.667,0.128,0.669,0.130,0.642,0.101,0.646,0.126,0.646,0.126,0.636,0.115,0.620,0.119,0.620,0.119,0.617,0.116
SWE,752,2003,SWE2003,0.626,0.626,0.616,0.660,0.667,0.627,0.694,0.694,0.663,0.604,0.604,0.604,0.638,0.638,0.626,0.672,0.672,0.655,0.576,0.576,0.576,0.611,0.611,0.611,0.647,0.647,0.640,0.142,0.142,0.129,0.131,0.139,0.094,0.120,0.120,0.089,0.140,0.140,0.140,0.129,0.129,0.114,0.117,0.117,0.099,0.133,0.133,0.133,0.121,0.121,0.120,0.110,0.110,0.102,0.660,0.131,0.662,0.134,0.635,0.104,0.638,0.129,0.638,0.129,0.628,0.118,0.611,0.121,0.611,0.121,0.609,0.118
SWE,752,2004,SWE2004,0.612,0.612,0.603,0.647,0.655,0.614,0.681,0.681,0.651,0.589,0.589,0.589,0.624,0.624,0.612,0.659,0.659,0.643,0.560,0.560,0.560,0.595,0.595,0.595,0.632,0.632,0.626,0.148,0.148,0.135,0.137,0.146,0.099,0.125,0.125,0.095,0.146,0.146,0.146,0.134,0.134,0.119,0.122,0.122,0.104,0.137,0.137,0.137,0.125,0.125,0.124,0.113,0.113,0.105,0.647,0.137,0.649,0.140,0.623,0.110,0.624,0.134,0.624,0.134,0.615,0.123,0.596,0.125,0.596,0.125,0.594,0.122
SWE,752,2005,SWE2005,0.604,0.604,0.596,0.639,0.644,0.608,0.673,0.673,0.643,0.580,0.580,0.580,0.614,0.614,0.605,0.649,0.649,0.634,0.550,0.550,0.550,0.585,0.585,0.585,0.621,0.621,0.616,0.151,0.151,0.141,0.140,0.147,0.105,0.128,0.128,0.098,0.149,0.149,0.149,0.137,0.137,0.125,0.124,0.124,0.107,0.137,0.137,0.137,0.126,0.126,0.125,0.114,0.114,0.107,0.638,0.140,0.640,0.142,0.616,0.114,0.615,0.137,0.615,0.137,0.607,0.127,0.586,0.126,0.586,0.126,0.584,0.123
SWE,752,2006,SWE2006,0.596,0.596,0.589,0.635,0.639,0.606,0.670,0.670,0.643,0.571,0.571,0.571,0.610,0.610,0.602,0.646,0.646,0.632,0.540,0.540,0.540,0.580,0.580,0.579,0.618,0.618,0.613,0.155,0.155,0.145,0.142,0.148,0.108,0.129,0.129,0.100,0.152,0.152,0.152,0.138,0.138,0.127,0.124,0.124,0.108,0.138,0.138,0.138,0.125,0.125,0.124,0.112,0.112,0.106,0.634,0.142,0.635,0.144,0.613,0.118,0.609,0.138,0.609,0.138,0.602,0.129,0.579,0.125,0.579,0.125,0.577,0.123
SWE,752,2007,SWE2007,0.534,0.534,0.530,0.576,0.580,0.553,0.616,0.616,0.589,0.507,0.507,0.507,0.549,0.549,0.543,0.589,0.589,0.576,0.472,0.472,0.472,0.516,0.516,0.515,0.557,0.557,0.553,0.170,0.170,0.164,0.156,0.161,0.126,0.142,0.142,0.112,0.162,0.162,0.162,0.147,0.147,0.138,0.133,0.133,0.117,0.138,0.138,0.138,0.126,0.126,0.125,0.113,0.113,0.107,0.575,0.156,0.577,0.157,0.557,0.134,0.548,0.147,0.548,0.147,0.542,0.139,0.515,0.126,0.515,0.126,0.514,0.124
SWE,752,2008,SWE2008,0.513,0.513,0.509,0.555,0.558,0.533,0.595,0.595,0.570,0.484,0.484,0.484,0.527,0.527,0.521,0.567,0.567,0.555,0.449,0.449,0.449,0.492,0.492,0.492,0.534,0.534,0.530,0.176,0.176,0.171,0.162,0.166,0.133,0.147,0.147,0.119,0.166,0.166,0.166,0.150,0.150,0.143,0.136,0.136,0.121,0.137,0.137,0.137,0.125,0.125,0.124,0.113,0.113,0.108,0.554,0.162,0.555,0.163,0.537,0.141,0.526,0.151,0.526,0.151,0.520,0.143,0.492,0.125,0.492,0.125,0.490,0.123
SWE,752,2009,SWE2009,0.494,0.494,0.491,0.536,0.540,0.516,0.576,0.576,0.553,0.465,0.465,0.465,0.507,0.507,0.502,0.548,0.548,0.537,0.428,0.428,0.428,0.471,0.471,0.471,0.513,0.513,0.510,0.183,0.183,0.178,0.169,0.174,0.141,0.154,0.154,0.127,0.171,0.171,0.171,0.156,0.156,0.149,0.141,0.141,0.127,0.139,0.139,0.139,0.127,0.127,0.127,0.116,0.116,0.112,0.536,0.169,0.537,0.170,0.520,0.149,0.506,0.156,0.506,0.156,0.501,0.149,0.471,0.128,0.471,0.128,0.470,0.126
SWE,752,2010,SWE2010,0.483,0.483,0.481,0.527,0.530,0.508,0.567,0.567,0.545,0.454,0.454,0.454,0.497,0.497,0.493,0.538,0.538,0.528,0.418,0.418,0.418,0.462,0.462,0.462,0.504,0.504,0.501,0.185,0.185,0.180,0.170,0.174,0.143,0.155,0.155,0.129,0.171,0.171,0.171,0.156,0.156,0.150,0.141,0.141,0.128,0.138,0.138,0.138,0.126,0.126,0.126,0.115,0.115,0.111,0.526,0.170,0.527,0.171,0.511,0.151,0.496,0.156,0.496,0.156,0.492,0.150,0.461,0.126,0.461,0.126,0.460,0.125
SWE,752,2011,SWE2011,0.476,0.476,0.474,0.519,0.522,0.501,0.559,0.559,0.539,0.446,0.446,0.446,0.489,0.489,0.485,0.529,0.529,0.521,0.409,0.409,0.409,0.453,0.453,0.453,0.495,0.495,0.493,0.188,0.188,0.184,0.173,0.178,0.147,0.158,0.158,0.133,0.173,0.173,0.173,0.158,0.158,0.152,0.144,0.144,0.131,0.138,0.138,0.138,0.127,0.127,0.127,0.116,0.116,0.113,0.518,0.173,0.519,0.175,0.504,0.155,0.488,0.158,0.488,0.158,0.484,0.152,0.452,0.127,0.452,0.127,0.452,0.126
SWE,752,2012,SWE2012,0.468,0.468,0.466,0.511,0.514,0.489,0.551,0.551,0.524,0.437,0.437,0.437,0.480,0.480,0.473,0.520,0.520,0.507,0.400,0.400,0.400,0.444,0.444,0.443,0.486,0.486,0.481,0.191,0.191,0.187,0.176,0.181,0.145,0.160,0.160,0.128,0.174,0.174,0.174,0.159,0.159,0.148,0.144,0.144,0.126,0.137,0.137,0.137,0.126,0.126,0.124,0.115,0.115,0.108,0.510,0.176,0.511,0.177,0.493,0.154,0.479,0.159,0.479,0.159,0.472,0.149,0.443,0.126,0.443,0.126,0.441,0.123
SWE,752,2013,SWE2013,0.458,0.458,0.455,0.500,0.503,0.479,0.540,0.540,0.515,0.425,0.425,0.425,0.468,0.468,0.462,0.508,0.508,0.496,0.388,0.388,0.388,0.431,0.431,0.431,0.473,0.473,0.469,0.198,0.198,0.193,0.182,0.186,0.152,0.166,0.166,0.135,0.178,0.178,0.178,0.163,0.163,0.153,0.148,0.148,0.132,0.139,0.139,0.139,0.128,0.128,0.127,0.118,0.118,0.112,0.499,0.182,0.500,0.183,0.483,0.160,0.467,0.163,0.467,0.163,0.461,0.154,0.431,0.128,0.431,0.128,0.430,0.126
SWE,752,2014,SWE2014,0.445,0.445,0.443,0.488,0.490,0.467,0.528,0.528,0.502,0.412,0.412,0.412,0.455,0.455,0.448,0.495,0.495,0.483,0.376,0.376,0.376,0.419,0.419,0.418,0.460,0.460,0.456,0.200,0.200,0.197,0.184,0.188,0.154,0.169,0.169,0.136,0.179,0.179,0.179,0.164,0.164,0.153,0.149,0.149,0.132,0.138,0.138,0.138,0.127,0.127,0.126,0.117,0.117,0.111,0.487,0.184,0.488,0.186,0.471,0.162,0.454,0.164,0.454,0.164,0.448,0.154,0.418,0.128,0.418,0.128,0.417,0.125
SWE,752,2015,SWE2015,0.440,0.440,0.438,0.483,0.485,0.462,0.523,0.523,0.498,0.407,0.407,0.407,0.449,0.449,0.443,0.490,0.490,0.478,0.370,0.370,0.370,0.413,0.413,0.413,0.455,0.455,0.451,0.203,0.203,0.199,0.186,0.190,0.156,0.171,0.171,0.139,0.180,0.180,0.180,0.165,0.165,0.155,0.150,0.150,0.133,0.138,0.138,0.138,0.128,0.128,0.127,0.118,0.118,0.112,0.482,0.187,0.483,0.188,0.466,0.165,0.449,0.165,0.449,0.165,0.443,0.156,0.413,0.128,0.413,0.128,0.411,0.126
SWE,752,2016,SWE2016,0.525,0.525,0.523,0.561,0.565,0.540,0.601,0.601,0.577,0.501,0.501,0.501,0.536,0.536,0.530,0.576,0.576,0.565,0.471,0.471,0.471,0.506,0.506,0.506,0.548,0.548,0.544,0.158,0.158,0.155,0.149,0.154,0.121,0.136,0.136,0.109,0.152,0.152,0.152,0.141,0.141,0.133,0.128,0.128,0.114,0.133,0.133,0.133,0.123,0.123,0.123,0.112,0.112,0.107,0.562,0.148,0.564,0.150,0.547,0.128,0.538,0.140,0.538,0.140,0.532,0.133,0.509,0.123,0.509,0.123,0.507,0.121
SWE,752,2017,SWE2017,0.517,0.517,0.516,0.553,0.556,0.532,0.593,0.593,0.569,0.493,0.493,0.493,0.527,0.527,0.522,0.568,0.568,0.556,0.462,0.462,0.462,0.497,0.497,0.496,0.538,0.538,0.535,0.162,0.162,0.159,0.152,0.158,0.125,0.140,0.140,0.112,0.154,0.154,0.154,0.144,0.144,0.136,0.131,0.131,0.116,0.134,0.134,0.134,0.124,0.124,0.123,0.113,0.113,0.107,0.554,0.151,0.556,0.153,0.539,0.132,0.529,0.143,0.529,0.143,0.523,0.135,0.499,0.123,0.499,0.123,0.497,0.121
SWE,752,2018,SWE2018,0.508,0.508,0.507,0.543,0.546,0.523,0.584,0.584,0.561,0.482,0.482,0.482,0.517,0.517,0.512,0.557,0.557,0.547,0.450,0.450,0.450,0.485,0.485,0.485,0.527,0.527,0.524,0.167,0.167,0.165,0.157,0.162,0.130,0.144,0.144,0.118,0.158,0.158,0.158,0.147,0.147,0.140,0.134,0.134,0.120,0.135,0.135,0.135,0.125,0.125,0.125,0.114,0.114,0.110,0.545,0.156,0.546,0.158,0.530,0.137,0.519,0.146,0.519,0.146,0.514,0.140,0.487,0.125,0.487,0.125,0.486,0.123
SWE,752,2019,SWE2019,0.495,0.495,0.493,0.536,0.539,0.516,0.575,0.575,0.552,0.468,0.468,0.468,0.508,0.508,0.503,0.548,0.548,0.537,0.435,0.435,0.435,0.476,0.476,0.476,0.517,0.517,0.514,0.173,0.173,0.170,0.161,0.167,0.134,0.148,0.148,0.120,0.163,0.163,0.163,0.150,0.150,0.143,0.137,0.137,0.122,0.138,0.138,0.138,0.126,0.126,0.126,0.115,0.115,0.110,0.535,0.160,0.536,0.162,0.520,0.141,0.508,0.150,0.508,0.150,0.503,0.143,0.476,0.126,0.476,0.126,0.475,0.125
SWE,752,2020,SWE2020,0.487,0.487,0.485,0.527,0.532,0.508,0.567,0.567,0.544,0.459,0.459,0.459,0.499,0.499,0.495,0.539,0.539,0.528,0.426,0.426,0.426,0.466,0.466,0.466,0.507,0.507,0.504,0.179,0.179,0.176,0.166,0.173,0.139,0.153,0.153,0.125,0.168,0.168,0.168,0.155,0.155,0.148,0.141,0.141,0.127,0.141,0.141,0.141,0.129,0.129,0.129,0.118,0.118,0.113,0.527,0.166,0.528,0.168,0.512,0.147,0.499,0.155,0.499,0.155,0.494,0.147,0.466,0.130,0.466,0.130,0.465,0.128
SWE,752,2021,SWE2021,0.567,0.567,0.565,0.600,0.603,0.582,0.633,0.633,0.611,0.548,0.548,0.548,0.581,0.581,0.577,0.613,0.613,0.603,0.526,0.526,0.526,0.558,0.558,0.558,0.591,0.591,0.588,0.130,0.130,0.128,0.124,0.128,0.100,0.117,0.117,0.092,0.128,0.128,0.128,0.121,0.121,0.116,0.113,0.113,0.101,0.123,0.123,0.123,0.115,0.115,0.115,0.106,0.106,0.102,0.600,0.124,0.601,0.125,0.586,0.107,0.581,0.121,0.581,0.121,0.576,0.115,0.559,0.115,0.559,0.115,0.558,0.113
SWE,752,2022,SWE2022,0.552,0.552,0.551,0.586,0.588,0.569,0.621,0.621,0.601,0.533,0.533,0.533,0.565,0.565,0.563,0.600,0.600,0.592,0.510,0.510,0.510,0.542,0.542,0.542,0.577,0.577,0.575,0.135,0.135,0.134,0.129,0.133,0.107,0.121,0.121,0.099,0.134,0.134,0.134,0.126,0.126,0.122,0.117,0.117,0.106,0.127,0.127,0.127,0.118,0.118,0.118,0.109,0.109,0.106,0.586,0.129,0.587,0.130,0.574,0.113,0.566,0.126,0.566,0.126,0.562,0.121,0.543,0.118,0.543,0.118,0.542,0.117
TUR,792,2005,TUR2005,0.353,0.353,0.353,0.353,0.394,0.394,0.353,0.394,0.394,0.336,0.336,0.336,0.336,0.371,0.371,0.336,0.371,0.371,0.315,0.315,0.315,0.315,0.347,0.347,0.315,0.347,0.347,0.181,0.181,0.181,0.181,0.191,0.191,0.181,0.191,0.191,0.177,0.177,0.177,0.177,0.181,0.181,0.177,0.181,0.181,0.166,0.166,0.166,0.166,0.167,0.167,0.166,0.167,0.167,0.353,0.181,0.380,0.188,0.380,0.188,0.336,0.177,0.359,0.179,0.359,0.179,0.315,0.166,0.336,0.166,0.336,0.166
TUR,792,2006,TUR2006,0.375,0.375,0.375,0.375,0.416,0.416,0.375,0.416,0.416,0.358,0.358,0.358,0.358,0.393,0.393,0.358,0.393,0.393,0.340,0.340,0.340,0.340,0.372,0.372,0.340,0.372,0.372,0.167,0.167,0.167,0.167,0.178,0.178,0.167,0.178,0.178,0.161,0.161,0.161,0.161,0.166,0.166,0.161,0.166,0.166,0.156,0.156,0.156,0.156,0.157,0.157,0.156,0.157,0.157,0.375,0.167,0.403,0.174,0.403,0.174,0.358,0.161,0.381,0.164,0.381,0.164,0.340,0.156,0.361,0.157,0.361,0.157
TUR,792,2007,TUR2007,0.429,0.429,0.429,0.429,0.477,0.477,0.429,0.477,0.477,0.406,0.406,0.406,0.406,0.447,0.447,0.406,0.447,0.447,0.394,0.394,0.394,0.394,0.431,0.431,0.394,0.431,0.431,0.141,0.141,0.141,0.141,0.155,0.155,0.141,0.155,0.155,0.119,0.119,0.119,0.119,0.128,0.128,0.119,0.128,0.128,0.122,0.122,0.122,0.122,0.126,0.126,0.122,0.126,0.126,0.429,0.141,0.461,0.150,0.461,0.150,0.406,0.119,0.433,0.125,0.433,0.125,0.394,0.122,0.418,0.125,0.418,0.125
TUR,792,2008,TUR2008,0.425,0.425,0.425,0.414,0.452,0.452,0.418,0.457,0.457,0.408,0.408,0.408,0.398,0.432,0.432,0.402,0.436,0.436,0.395,0.395,0.395,0.387,0.417,0.417,0.390,0.421,0.421,0.137,0.137,0.137,0.132,0.143,0.143,0.134,0.144,0.144,0.131,0.131,0.131,0.126,0.132,0.132,0.128,0.134,0.134,0.135,0.135,0.135,0.131,0.134,0.134,0.133,0.135,0.135,0.419,0.134,0.445,0.142,0.445,0.142,0.403,0.128,0.425,0.132,0.425,0.132,0.391,0.133,0.411,0.134,0.411,0.134
TUR,792,2009,TUR2009,0.457,0.457,0.457,0.445,0.485,0.485,0.449,0.490,0.490,0.437,0.437,0.437,0.427,0.462,0.462,0.431,0.466,0.466,0.427,0.427,0.427,0.418,0.450,0.450,0.422,0.454,0.454,0.124,0.124,0.124,0.119,0.131,0.131,0.121,0.132,0.132,0.109,0.109,0.109,0.104,0.112,0.112,0.106,0.114,0.114,0.116,0.116,0.116,0.112,0.116,0.116,0.114,0.117,0.117,0.450,0.121,0.477,0.129,0.477,0.129,0.431,0.106,0.455,0.111,0.455,0.111,0.422,0.114,0.444,0.116,0.444,0.116
TUR,792,2010,TUR2010,0.454,0.454,0.454,0.442,0.479,0.479,0.446,0.484,0.484,0.434,0.434,0.434,0.424,0.456,0.456,0.428,0.461,0.461,0.425,0.425,0.425,0.416,0.445,0.445,0.419,0.449,0.449,0.124,0.124,0.124,0.119,0.130,0.130,0.120,0.131,0.131,0.109,0.109,0.109,0.105,0.112,0.112,0.107,0.113,0.113,0.116,0.116,0.116,0.113,0.116,0.116,0.114,0.117,0.117,0.447,0.121,0.472,0.128,0.472,0.128,0.429,0.107,0.450,0.111,0.450,0.111,0.420,0.114,0.439,0.116,0.439,0.116
TUR,792,2011,TUR2011,0.456,0.456,0.456,0.445,0.478,0.478,0.449,0.483,0.483,0.437,0.437,0.437,0.426,0.456,0.456,0.431,0.460,0.460,0.427,0.427,0.427,0.418,0.445,0.445,0.422,0.449,0.449,0.122,0.122,0.122,0.117,0.127,0.127,0.119,0.129,0.129,0.107,0.107,0.107,0.103,0.109,0.109,0.105,0.111,0.111,0.114,0.114,0.114,0.111,0.114,0.114,0.112,0.115,0.115,0.450,0.120,0.473,0.126,0.473,0.126,0.431,0.105,0.451,0.109,0.451,0.109,0.423,0.112,0.440,0.114,0.440,0.114
TUR,792,2012,TUR2012,0.460,0.460,0.460,0.448,0.492,0.492,0.452,0.497,0.497,0.440,0.440,0.440,0.429,0.468,0.468,0.433,0.473,0.473,0.431,0.431,0.431,0.421,0.457,0.457,0.425,0.461,0.461,0.121,0.121,0.121,0.116,0.129,0.129,0.117,0.130,0.130,0.105,0.105,0.105,0.101,0.109,0.109,0.103,0.111,0.111,0.112,0.112,0.112,0.109,0.113,0.113,0.110,0.114,0.114,0.453,0.118,0.483,0.127,0.483,0.127,0.434,0.103,0.460,0.109,0.460,0.109,0.426,0.111,0.449,0.113,0.449,0.113
TUR,792,2013,TUR2013,0.451,0.451,0.451,0.440,0.479,0.479,0.444,0.484,0.484,0.433,0.433,0.433,0.423,0.457,0.457,0.427,0.462,0.462,0.423,0.423,0.423,0.414,0.445,0.445,0.417,0.449,0.449,0.124,0.124,0.124,0.119,0.131,0.131,0.121,0.132,0.132,0.112,0.112,0.112,0.107,0.115,0.115,0.109,0.116,0.116,0.118,0.118,0.118,0.115,0.118,0.118,0.116,0.120,0.120,0.445,0.121,0.472,0.129,0.472,0.129,0.427,0.110,0.451,0.114,0.451,0.114,0.418,0.117,0.439,0.119,0.439,0.119
TUR,792,2014,TUR2014,0.452,0.452,0.452,0.441,0.477,0.477,0.445,0.481,0.481,0.434,0.434,0.434,0.424,0.455,0.455,0.428,0.460,0.460,0.424,0.424,0.424,0.415,0.443,0.443,0.418,0.447,0.447,0.124,0.124,0.124,0.119,0.129,0.129,0.120,0.131,0.131,0.112,0.112,0.112,0.108,0.114,0.114,0.110,0.116,0.116,0.118,0.118,0.118,0.115,0.118,0.118,0.117,0.119,0.119,0.446,0.121,0.470,0.128,0.470,0.128,0.429,0.110,0.450,0.114,0.450,0.114,0.419,0.117,0.438,0.119,0.438,0.119
TUR,792,2015,TUR2015,0.451,0.451,0.451,0.439,0.476,0.476,0.443,0.481,0.481,0.433,0.433,0.433,0.423,0.455,0.455,0.427,0.459,0.459,0.422,0.422,0.422,0.413,0.443,0.443,0.417,0.446,0.446,0.125,0.125,0.125,0.120,0.130,0.130,0.121,0.132,0.132,0.114,0.114,0.114,0.110,0.116,0.116,0.111,0.118,0.118,0.120,0.120,0.120,0.117,0.120,0.120,0.118,0.121,0.121,0.444,0.122,0.469,0.129,0.469,0.129,0.427,0.112,0.449,0.116,0.449,0.116,0.418,0.118,0.437,0.120,0.437,0.120
TUR,792,2016,TUR2016,0.474,0.474,0.474,0.461,0.492,0.492,0.466,0.497,0.497,0.454,0.454,0.454,0.442,0.469,0.469,0.447,0.474,0.474,0.446,0.446,0.446,0.435,0.460,0.460,0.440,0.464,0.464,0.112,0.112,0.112,0.108,0.117,0.117,0.109,0.118,0.118,0.095,0.095,0.095,0.091,0.097,0.097,0.092,0.099,0.099,0.103,0.103,0.103,0.099,0.102,0.102,0.100,0.103,0.103,0.467,0.110,0.487,0.116,0.487,0.116,0.448,0.093,0.466,0.097,0.466,0.097,0.440,0.101,0.457,0.103,0.457,0.103
TUR,792,2017,TUR2017,0.469,0.469,0.469,0.456,0.484,0.484,0.461,0.489,0.489,0.450,0.450,0.450,0.438,0.463,0.463,0.443,0.468,0.468,0.441,0.441,0.441,0.431,0.453,0.453,0.435,0.458,0.458,0.115,0.115,0.115,0.110,0.118,0.118,0.111,0.119,0.119,0.101,0.101,0.101,0.096,0.101,0.101,0.098,0.103,0.103,0.108,0.108,0.108,0.105,0.107,0.107,0.106,0.109,0.109,0.462,0.112,0.480,0.117,0.480,0.117,0.444,0.098,0.460,0.102,0.460,0.102,0.436,0.106,0.451,0.108,0.451,0.108
TUR,792,2018,TUR2018,0.460,0.460,0.460,0.448,0.471,0.471,0.452,0.476,0.476,0.442,0.442,0.442,0.431,0.452,0.452,0.436,0.457,0.457,0.433,0.433,0.433,0.423,0.442,0.442,0.427,0.446,0.446,0.119,0.119,0.119,0.115,0.121,0.121,0.116,0.123,0.123,0.108,0.108,0.108,0.104,0.108,0.108,0.106,0.110,0.110,0.116,0.116,0.116,0.112,0.114,0.114,0.113,0.115,0.115,0.453,0.117,0.469,0.121,0.469,0.121,0.436,0.106,0.450,0.109,0.450,0.109,0.427,0.114,0.440,0.115,0.440,0.115
TUR,792,2019,TUR2019,0.461,0.461,0.461,0.449,0.486,0.486,0.453,0.488,0.488,0.444,0.444,0.444,0.433,0.466,0.466,0.437,0.467,0.467,0.434,0.434,0.434,0.424,0.454,0.454,0.428,0.455,0.455,0.119,0.119,0.119,0.114,0.125,0.125,0.116,0.125,0.125,0.109,0.109,0.109,0.104,0.110,0.110,0.106,0.112,0.112,0.116,0.116,0.116,0.112,0.115,0.115,0.114,0.117,0.117,0.454,0.116,0.478,0.123,0.478,0.123,0.438,0.106,0.459,0.110,0.459,0.110,0.429,0.114,0.448,0.116,0.448,0.116
TUR,792,2020,TUR2020,0.453,0.453,0.453,0.441,0.480,0.480,0.446,0.480,0.480,0.437,0.437,0.437,0.426,0.459,0.459,0.430,0.460,0.460,0.426,0.426,0.426,0.417,0.447,0.447,0.420,0.448,0.448,0.123,0.123,0.123,0.118,0.128,0.128,0.119,0.129,0.129,0.114,0.114,0.114,0.110,0.116,0.116,0.111,0.117,0.117,0.121,0.121,0.121,0.117,0.120,0.120,0.119,0.121,0.121,0.447,0.120,0.471,0.127,0.471,0.127,0.431,0.112,0.452,0.116,0.452,0.116,0.421,0.119,0.440,0.121,0.440,0.121
TUR,792,2021,TUR2021,0.461,0.461,0.461,0.449,0.486,0.486,0.453,0.487,0.487,0.444,0.444,0.444,0.433,0.465,0.465,0.437,0.466,0.466,0.434,0.434,0.434,0.424,0.454,0.454,0.428,0.455,0.455,0.120,0.120,0.120,0.115,0.125,0.125,0.116,0.125,0.125,0.110,0.110,0.110,0.105,0.112,0.112,0.107,0.113,0.113,0.117,0.117,0.117,0.114,0.117,0.117,0.115,0.118,0.118,0.454,0.117,0.478,0.123,0.478,0.123,0.438,0.107,0.459,0.111,0.459,0.111,0.429,0.116,0.448,0.117,0.448,0.117
TUR,792,2022,TUR2022,0.414,0.414,0.414,0.414,0.449,0.449,0.414,0.445,0.445,0.402,0.402,0.402,0.402,0.432,0.432,0.402,0.428,0.428,0.390,0.390,0.390,0.390,0.418,0.418,0.390,0.414,0.414,0.129,0.129,0.129,0.129,0.138,0.138,0.129,0.137,0.137,0.129,0.129,0.129,0.129,0.133,0.133,0.129,0.133,0.133,0.134,0.134,0.134,0.134,0.136,0.136,0.134,0.136,0.136,0.414,0.129,0.436,0.135,0.436,0.135,0.402,0.129,0.421,0.132,0.421,0.132,0.390,0.134,0.407,0.135,0.407,0.135
USA,840,2001,USA2001,0.484,0.485,0.485,0.438,0.488,0.486,0.444,0.463,0.461,0.470,0.470,0.470,0.434,0.471,0.471,0.441,0.450,0.450,0.451,0.451,0.451,0.423,0.455,0.455,0.431,0.433,0.433,0.136,0.137,0.137,0.105,0.137,0.133,0.101,0.130,0.126,0.138,0.138,0.138,0.122,0.135,0.134,0.118,0.132,0.132,0.135,0.135,0.135,0.131,0.136,0.136,0.128,0.132,0.132,0.456,0.114,0.479,0.135,0.477,0.132,0.448,0.126,0.464,0.135,0.463,0.135,0.435,0.131,0.446,0.134,0.446,0.134
USA,840,2002,USA2002,0.476,0.477,0.477,0.428,0.481,0.479,0.436,0.456,0.454,0.461,0.461,0.461,0.423,0.465,0.464,0.432,0.442,0.442,0.440,0.440,0.440,0.412,0.448,0.448,0.421,0.425,0.425,0.143,0.144,0.144,0.109,0.137,0.134,0.107,0.135,0.131,0.145,0.145,0.145,0.125,0.136,0.135,0.123,0.137,0.137,0.140,0.140,0.140,0.133,0.137,0.137,0.132,0.135,0.135,0.447,0.120,0.471,0.139,0.470,0.136,0.439,0.131,0.456,0.139,0.456,0.139,0.425,0.135,0.438,0.137,0.438,0.137
USA,840,2003,USA2003,0.513,0.514,0.514,0.460,0.498,0.496,0.471,0.489,0.487,0.502,0.502,0.502,0.459,0.485,0.485,0.471,0.480,0.480,0.487,0.487,0.487,0.453,0.471,0.471,0.466,0.468,0.468,0.112,0.113,0.113,0.080,0.118,0.114,0.076,0.103,0.099,0.117,0.117,0.117,0.097,0.118,0.118,0.094,0.108,0.107,0.119,0.119,0.119,0.109,0.120,0.120,0.107,0.111,0.111,0.482,0.089,0.501,0.112,0.499,0.109,0.478,0.102,0.489,0.114,0.489,0.114,0.469,0.111,0.475,0.117,0.475,0.117
USA,840,2004,USA2004,0.509,0.509,0.509,0.454,0.492,0.490,0.465,0.483,0.480,0.497,0.497,0.497,0.453,0.479,0.478,0.465,0.473,0.473,0.482,0.482,0.482,0.447,0.465,0.465,0.460,0.462,0.462,0.116,0.117,0.117,0.081,0.117,0.114,0.078,0.104,0.101,0.121,0.121,0.121,0.098,0.118,0.118,0.096,0.109,0.109,0.122,0.122,0.122,0.111,0.122,0.122,0.110,0.114,0.114,0.476,0.091,0.495,0.113,0.493,0.110,0.472,0.105,0.483,0.116,0.483,0.116,0.463,0.114,0.470,0.119,0.470,0.119
USA,840,2005,USA2005,0.503,0.504,0.503,0.446,0.490,0.488,0.459,0.478,0.476,0.490,0.490,0.490,0.445,0.477,0.477,0.458,0.468,0.468,0.474,0.474,0.474,0.439,0.464,0.464,0.452,0.455,0.455,0.121,0.122,0.122,0.084,0.118,0.114,0.082,0.110,0.107,0.125,0.125,0.125,0.100,0.119,0.118,0.100,0.116,0.115,0.126,0.126,0.126,0.114,0.123,0.123,0.114,0.119,0.119,0.470,0.096,0.491,0.117,0.489,0.114,0.465,0.109,0.479,0.120,0.479,0.120,0.455,0.118,0.465,0.123,0.465,0.123
USA,840,2006,USA2006,0.492,0.492,0.492,0.436,0.479,0.477,0.449,0.466,0.464,0.478,0.478,0.478,0.433,0.466,0.465,0.447,0.455,0.455,0.460,0.460,0.460,0.426,0.451,0.451,0.439,0.441,0.441,0.130,0.131,0.131,0.093,0.125,0.121,0.092,0.118,0.115,0.134,0.134,0.134,0.110,0.126,0.126,0.109,0.123,0.123,0.133,0.133,0.133,0.121,0.129,0.129,0.121,0.125,0.125,0.459,0.105,0.479,0.125,0.478,0.122,0.453,0.118,0.466,0.128,0.466,0.127,0.442,0.125,0.451,0.129,0.451,0.129
USA,840,2007,USA2007,0.475,0.476,0.476,0.421,0.464,0.462,0.434,0.449,0.447,0.460,0.460,0.460,0.417,0.450,0.450,0.430,0.437,0.437,0.440,0.440,0.440,0.407,0.433,0.433,0.420,0.421,0.421,0.144,0.144,0.144,0.107,0.134,0.131,0.105,0.129,0.126,0.146,0.146,0.146,0.123,0.136,0.136,0.122,0.134,0.133,0.142,0.142,0.142,0.132,0.136,0.136,0.130,0.133,0.133,0.444,0.119,0.463,0.136,0.461,0.133,0.436,0.130,0.449,0.139,0.449,0.138,0.422,0.135,0.431,0.137,0.431,0.137
USA,840,2008,USA2008,0.476,0.476,0.476,0.428,0.473,0.471,0.438,0.454,0.452,0.461,0.461,0.461,0.423,0.459,0.459,0.434,0.441,0.441,0.441,0.441,0.441,0.411,0.442,0.442,0.422,0.423,0.423,0.143,0.143,0.143,0.111,0.133,0.130,0.108,0.132,0.128,0.146,0.146,0.146,0.126,0.136,0.136,0.124,0.137,0.136,0.142,0.142,0.142,0.133,0.136,0.136,0.130,0.133,0.133,0.448,0.121,0.468,0.136,0.466,0.134,0.439,0.132,0.454,0.140,0.454,0.139,0.425,0.135,0.435,0.137,0.435,0.137
USA,840,2009,USA2009,0.457,0.458,0.458,0.390,0.464,0.462,0.410,0.451,0.450,0.441,0.441,0.441,0.389,0.455,0.455,0.409,0.443,0.443,0.420,0.420,0.420,0.380,0.442,0.442,0.399,0.426,0.426,0.150,0.152,0.152,0.097,0.116,0.113,0.100,0.123,0.121,0.152,0.152,0.152,0.118,0.125,0.125,0.123,0.136,0.136,0.145,0.145,0.145,0.127,0.130,0.130,0.131,0.134,0.134,0.419,0.116,0.458,0.131,0.457,0.129,0.413,0.131,0.446,0.138,0.446,0.138,0.400,0.135,0.429,0.137,0.429,0.137
USA,840,2010,USA2010,0.449,0.451,0.451,0.385,0.457,0.455,0.405,0.444,0.443,0.433,0.433,0.433,0.383,0.448,0.448,0.403,0.436,0.436,0.410,0.410,0.410,0.373,0.434,0.434,0.391,0.418,0.418,0.155,0.157,0.157,0.104,0.121,0.119,0.107,0.128,0.125,0.156,0.156,0.156,0.124,0.131,0.131,0.129,0.140,0.140,0.148,0.148,0.148,0.132,0.134,0.134,0.134,0.136,0.136,0.413,0.122,0.451,0.136,0.450,0.134,0.406,0.136,0.439,0.142,0.439,0.142,0.392,0.138,0.420,0.139,0.420,0.139
USA,840,2011,USA2011,0.437,0.438,0.438,0.379,0.449,0.447,0.395,0.433,0.431,0.419,0.419,0.419,0.376,0.439,0.439,0.392,0.423,0.422,0.395,0.395,0.395,0.364,0.422,0.422,0.378,0.403,0.403,0.165,0.166,0.166,0.115,0.131,0.128,0.116,0.137,0.134,0.164,0.164,0.164,0.133,0.139,0.139,0.136,0.146,0.146,0.153,0.153,0.153,0.138,0.139,0.139,0.139,0.140,0.140,0.404,0.132,0.440,0.144,0.439,0.143,0.395,0.144,0.427,0.150,0.427,0.150,0.379,0.143,0.407,0.144,0.407,0.144
USA,840,2012,USA2012,0.433,0.433,0.433,0.376,0.445,0.444,0.391,0.429,0.427,0.414,0.414,0.414,0.371,0.433,0.433,0.386,0.417,0.417,0.390,0.390,0.390,0.358,0.415,0.415,0.372,0.396,0.396,0.168,0.170,0.170,0.123,0.137,0.134,0.123,0.142,0.139,0.166,0.166,0.166,0.138,0.144,0.144,0.140,0.150,0.150,0.154,0.154,0.154,0.140,0.141,0.141,0.140,0.141,0.141,0.400,0.138,0.436,0.150,0.435,0.148,0.390,0.148,0.421,0.153,0.421,0.153,0.373,0.145,0.400,0.146,0.400,0.146
USA,840,2013,USA2013,0.438,0.439,0.439,0.378,0.447,0.446,0.394,0.431,0.430,0.419,0.419,0.419,0.373,0.435,0.435,0.389,0.420,0.419,0.393,0.393,0.393,0.359,0.417,0.417,0.374,0.398,0.398,0.171,0.172,0.172,0.124,0.137,0.134,0.124,0.142,0.139,0.169,0.169,0.169,0.140,0.144,0.144,0.141,0.150,0.150,0.155,0.155,0.155,0.140,0.141,0.141,0.140,0.140,0.140,0.404,0.139,0.439,0.151,0.438,0.148,0.394,0.150,0.425,0.154,0.424,0.154,0.375,0.145,0.403,0.145,0.403,0.145
USA,840,2014,USA2014,0.432,0.432,0.432,0.373,0.432,0.430,0.388,0.417,0.416,0.411,0.411,0.411,0.366,0.419,0.419,0.382,0.404,0.404,0.384,0.384,0.384,0.351,0.400,0.400,0.366,0.383,0.383,0.176,0.177,0.177,0.130,0.143,0.140,0.129,0.147,0.144,0.173,0.173,0.173,0.144,0.148,0.148,0.145,0.152,0.152,0.157,0.157,0.157,0.142,0.142,0.142,0.141,0.141,0.141,0.398,0.145,0.427,0.155,0.426,0.153,0.387,0.154,0.411,0.158,0.411,0.157,0.367,0.146,0.389,0.147,0.389,0.147
USA,840,2015,USA2015,0.427,0.427,0.427,0.369,0.430,0.429,0.384,0.416,0.414,0.406,0.406,0.406,0.362,0.417,0.417,0.378,0.403,0.403,0.379,0.379,0.379,0.346,0.397,0.397,0.360,0.381,0.381,0.179,0.180,0.180,0.133,0.145,0.142,0.132,0.149,0.145,0.175,0.175,0.175,0.146,0.150,0.149,0.147,0.154,0.153,0.157,0.157,0.157,0.143,0.143,0.143,0.141,0.141,0.141,0.393,0.148,0.425,0.158,0.423,0.156,0.382,0.156,0.409,0.159,0.409,0.159,0.362,0.147,0.386,0.147,0.386,0.147
USA,840,2016,USA2016,0.422,0.422,0.422,0.365,0.426,0.424,0.380,0.411,0.410,0.400,0.400,0.400,0.357,0.412,0.412,0.373,0.398,0.397,0.373,0.373,0.373,0.341,0.391,0.391,0.355,0.375,0.375,0.182,0.183,0.183,0.137,0.148,0.145,0.135,0.152,0.148,0.177,0.177,0.177,0.150,0.152,0.152,0.149,0.156,0.155,0.158,0.158,0.158,0.144,0.144,0.144,0.141,0.141,0.141,0.389,0.151,0.420,0.161,0.419,0.159,0.377,0.159,0.403,0.162,0.403,0.162,0.356,0.148,0.380,0.148,0.380,0.148
USA,840,2017,USA2017,0.415,0.415,0.415,0.360,0.419,0.417,0.375,0.405,0.404,0.393,0.393,0.393,0.351,0.405,0.405,0.367,0.391,0.391,0.364,0.364,0.364,0.333,0.383,0.383,0.347,0.367,0.367,0.187,0.187,0.187,0.142,0.153,0.150,0.141,0.156,0.152,0.181,0.181,0.181,0.154,0.156,0.156,0.153,0.158,0.158,0.158,0.158,0.158,0.145,0.145,0.145,0.142,0.142,0.142,0.383,0.157,0.413,0.165,0.412,0.163,0.370,0.163,0.396,0.165,0.396,0.165,0.348,0.148,0.371,0.148,0.371,0.148
USA,840,2018,USA2018,0.399,0.399,0.399,0.342,0.396,0.394,0.351,0.378,0.376,0.375,0.375,0.375,0.332,0.381,0.381,0.342,0.362,0.362,0.345,0.345,0.345,0.313,0.358,0.358,0.322,0.339,0.339,0.197,0.197,0.197,0.149,0.160,0.156,0.150,0.165,0.162,0.188,0.188,0.188,0.159,0.161,0.160,0.160,0.164,0.164,0.161,0.161,0.161,0.146,0.146,0.146,0.146,0.146,0.146,0.364,0.166,0.391,0.174,0.390,0.172,0.350,0.169,0.373,0.171,0.373,0.171,0.327,0.151,0.348,0.151,0.348,0.151
USA,840,2019,USA2019,0.392,0.392,0.392,0.336,0.390,0.388,0.346,0.372,0.370,0.367,0.367,0.367,0.326,0.374,0.374,0.335,0.355,0.355,0.337,0.337,0.337,0.307,0.351,0.351,0.315,0.332,0.332,0.201,0.201,0.201,0.153,0.163,0.159,0.155,0.168,0.165,0.190,0.190,0.190,0.161,0.163,0.163,0.163,0.166,0.166,0.161,0.161,0.161,0.147,0.147,0.147,0.146,0.146,0.146,0.358,0.170,0.385,0.177,0.384,0.175,0.343,0.171,0.366,0.173,0.366,0.173,0.319,0.151,0.340,0.151,0.340,0.151
USA,840,2020,USA2020,0.380,0.380,0.380,0.327,0.379,0.378,0.337,0.362,0.360,0.353,0.353,0.353,0.315,0.362,0.362,0.324,0.344,0.344,0.322,0.322,0.322,0.295,0.339,0.339,0.302,0.320,0.320,0.209,0.209,0.209,0.162,0.170,0.166,0.164,0.175,0.172,0.195,0.195,0.195,0.167,0.168,0.168,0.168,0.171,0.171,0.160,0.160,0.160,0.148,0.148,0.148,0.147,0.147,0.147,0.348,0.178,0.374,0.185,0.373,0.182,0.331,0.177,0.353,0.178,0.353,0.178,0.306,0.152,0.327,0.152,0.327,0.152
USA,840,2021,USA2021,0.390,0.418,0.418,0.320,0.521,0.521,0.330,0.504,0.504,0.359,0.378,0.378,0.308,0.511,0.511,0.317,0.490,0.490,0.325,0.344,0.344,0.288,0.486,0.486,0.295,0.459,0.459,0.220,0.225,0.225,0.162,0.131,0.131,0.164,0.145,0.145,0.199,0.189,0.189,0.166,0.143,0.143,0.166,0.152,0.152,0.160,0.151,0.151,0.145,0.134,0.134,0.142,0.129,0.129,0.347,0.182,0.481,0.167,0.481,0.167,0.328,0.177,0.459,0.161,0.459,0.161,0.303,0.149,0.429,0.138,0.429,0.138
