country,countrynr,year,pnoinsur,popu1564,pcovratp,ptakeupn,popu65ab,popuabpa,pturat65,pturatpa,prefrper,pcontper,pinceil,pmeantst,presitst,pfininsr,pfinstat,pfinempr,pfinothr,pbenmins,pbenstws,pbenfuls,pbenmaxs,pbeminco,pbestwco,pbefulco,pbemaxco,pbeaverp,gapwyear,pratmins,pratstws,pratfuls,pratmaxs,prtminco,prtstwco,prtfulco,prtmaxco,prtaverp,unoinsur,ulabforc,employes,ucovratl,ucovrate,uwaiting,uduratio,urefrper,ucontper,uinceil,umeantst,ufininsr,ufinstat,ufinempr,ufinothr,ubestw1s,ubesw26s,ubenmins,ubenfuls,ubenmaxs,ubestw1f,ubesw26f,ubenminf,ubenfulf,ubenmaxf,ugapweek,urtstw1s,urtsw26s,uratmins,uratfuls,uratmaxs,urtstw1f,urtsw26f,uratminf,uratfulf,uratmaxf,snoinsur,slabforc,spop1564,scovratl,scovratp,swaiting,sduratio,srefrper,scontper,sinceil,smeantst,sfininsr,sfinstat,sfinempr,sfinothr,sbestw1s,sbesw26s,sbenmins,sbenfuls,sbenmaxs,sbestw1f,sbesw26f,sbenminf,sbenfulf,sbenmaxf,sgapweek,srtstw1s,srtsw26s,sratmins,sratfuls,sratmaxs,srtstw1f,srtsw26f,sratminf,sratfulf,sratmaxf,anoinsur,alabforc,acovratl,awaiting,aduratio,arefrper,acontper,ainceil,ameantst,afininsr,afinstat,afinempr,afinothr,abestw1s,abesw26s,abenmins,abenfuls,abenmaxs,abestw1f,abesw26f,abenminf,abenfulf,abenmaxf,agapweek,artstw1s,artsw26s,aratmins,aratfuls,aratmaxs,artstw1f,artsw26f,aratminf,aratfulf,aratmaxf,unmsinet,unmfanet,sicsinet,sicfanet,accsinet,accfanet,netapwsi,netapwfa,netapwco,pminnesi,pstwnesi,pfulnesi,pmaxnesi,pminneco,pstwneco,pfulneco,pmaxneco,gapw26wy,n26apwsi,n26apwfa,napweksi,napwekfa,pnermisi,pnerswsi,pnerfusi,pnermxsi,pnermico,pnerswco,pnerfuco,pnermxco,u1stners,u1stnerf,s1stners,s1stnerf,a1stners,a1stnerf,uzrr26si,uzrr26fa,szrr26si,szrr26fa,azrr26si,azrr26fa,px2indst,uz4ind,sz4ind,az4ind,uz2inds,sz2inds,az2inds,uz2indf,sz2indf,az2indf
AUS,36,2000,0,12793,0.00,1738,2360,2360,0.74,0.74,0,0,0,1,1,,,,,9631.96,9631.96,9631.96,9631.96,13045.76,13045.76,13045.76,13045.76,,38470.89,0.25,0.25,0.25,0.25,0.34,0.34,0.34,0.34,,0,9498,8902,0.00,0.00,7,1820,0,0,0,1,,,,,165.80,165.80,0.00,165.80,165.80,299.10,299.10,0.00,299.10,299.10,739.82,0.22,0.22,0.00,0.22,0.22,0.40,0.40,0.00,0.40,0.40,0,9498,12793,0.00,0.00,7,1820,0,0,0,1,,,,,165.80,165.80,0.00,165.80,165.80,299.10,299.10,0.00,299.10,299.10,739.82,0.22,0.22,0.00,0.22,0.22,0.40,0.40,0.00,0.40,0.40,3007,3165,0.95,0,1820,0,0,0,0,,,,,702.83,647.35,0.00,647.35,1197.20,702.83,647.35,0.00,647.35,1197.20,739.82,0.95,0.87,0.00,0.87,1.62,0.95,0.87,0.00,0.87,1.62,19757.33,30401.48,19757.33,30401.48,28325.52,33838.64,29972.56,34764.34,29972.56,9631.96,9631.96,9631.96,9631.96,13045.76,13045.76,13045.76,13045.76,19235.44,16846.89,25008.47,576.40,668.55,0.31,0.31,0.31,0.31,0.40,0.40,0.40,0.40,0.22,0.40,0.22,0.40,0.95,0.95,0.22,0.55,0.22,0.55,0.87,0.91,0.35,0.35,0.35,0.92,0.22,0.22,0.91,0.48,0.48,0.93
AUS,36,2001,0,12993,0.00,1793,2410,2410,0.74,0.74,0,0,0,1,1,,,,,9839.96,9839.96,9839.96,9839.96,14160.12,14160.12,14160.12,14160.12,,38826.41,0.25,0.25,0.25,0.25,0.36,0.36,0.36,0.36,,0,9667,9015,0.00,0.00,7,1820,0,0,0,1,,,,,175.40,175.40,0.00,175.40,175.40,322.80,322.80,0.00,322.80,322.80,746.66,0.23,0.23,0.00,0.23,0.23,0.43,0.43,0.00,0.43,0.43,0,9667,12993,0.00,0.00,7,1820,0,0,0,1,,,,,175.40,175.40,0.00,175.40,175.40,322.80,322.80,0.00,322.80,322.80,746.66,0.23,0.23,0.00,0.23,0.23,0.43,0.43,0.00,0.43,0.43,3029,3218,0.94,0,1820,0,0,0,0,,,,,709.33,653.33,0.00,653.33,1237.80,709.33,653.33,0.00,653.33,1237.80,746.66,0.95,0.87,0.00,0.87,1.66,0.95,0.87,0.00,0.87,1.66,20401.52,23084.20,20401.52,23084.20,29099.83,29099.83,30798.49,30798.49,30798.49,9839.96,9839.96,9839.96,9839.96,14160.12,14160.12,14160.12,14160.12,19413.21,17132.96,17132.96,592.28,592.28,0.30,0.30,0.30,0.30,0.41,0.41,0.41,0.41,0.23,0.43,0.23,0.43,0.95,0.95,0.24,0.44,0.24,0.44,0.88,0.88,0.36,0.34,0.34,0.91,0.24,0.24,0.91,0.43,0.43,0.91
AUS,36,2002,0,13176,0.00,1818,2460,2460,0.74,0.74,0,0,0,1,1,,,,,10511.28,10511.28,10511.28,10511.28,15222.48,15222.48,15222.48,15222.48,,42845.13,0.25,0.25,0.25,0.25,0.36,0.36,0.36,0.36,,0,9815,9190,0.00,0.00,7,1820,0,0,0,1,,,,,184.50,184.50,0.00,184.50,184.50,332.80,332.80,0.00,332.80,332.80,823.94,0.22,0.22,0.00,0.22,0.22,0.40,0.40,0.00,0.40,0.40,0,9815,13176,0.00,0.00,7,1820,0,0,0,1,,,,,184.50,184.50,0.00,184.50,184.50,332.80,332.80,0.00,332.80,332.80,823.94,0.22,0.22,0.00,0.22,0.22,0.40,0.40,0.00,0.40,0.40,3052,3246,0.94,0,1820,0,0,0,0,,,,,782.75,720.95,0.00,720.95,1281.30,782.75,720.95,0.00,720.95,1281.30,823.94,0.95,0.87,0.00,0.87,1.56,0.95,0.87,0.00,0.87,1.56,21580.40,31597.78,21580.40,31597.78,31134.61,35458.31,32968.91,36489.28,32968.91,10511.28,10511.28,10511.28,10511.28,15222.48,15222.48,15222.48,15222.48,21422.56,18415.55,25868.99,634.02,701.72,0.30,0.30,0.30,0.30,0.42,0.42,0.42,0.42,0.22,0.40,0.22,0.40,0.95,0.95,0.22,0.54,0.22,0.54,0.87,0.90,0.36,0.35,0.35,0.92,0.22,0.22,0.91,0.47,0.47,0.93
AUS,36,2003,0,13360,0.00,1861,2512,2512,0.74,0.74,0,0,0,1,1,,,,,11121.24,11121.24,11121.24,11121.24,16138.72,16138.72,16138.72,16138.72,,45843.23,0.24,0.24,0.24,0.24,0.35,0.35,0.35,0.35,,0,9989,9397,0.00,0.00,7,1820,0,0,0,1,,,,,189.55,189.55,0.00,189.55,189.55,341.95,341.95,0.00,341.95,341.95,881.60,0.22,0.22,0.00,0.22,0.22,0.39,0.39,0.00,0.39,0.39,0,9989,13360,0.00,0.00,7,1820,0,0,0,1,,,,,189.55,189.55,0.00,189.55,189.55,341.95,341.95,0.00,341.95,341.95,881.60,0.22,0.22,0.00,0.22,0.22,0.39,0.39,0.00,0.39,0.39,3103,3286,0.94,0,1820,0,0,0,0,,,,,837.52,771.40,0.00,771.40,1321.90,837.52,771.40,0.00,771.40,1321.90,881.60,0.95,0.88,0.00,0.88,1.50,0.95,0.88,0.00,0.88,1.50,22905.19,36005.06,22905.19,36005.06,33267.95,40172.14,35230.61,41275.24,35230.61,11121.24,11121.24,11121.24,11121.24,16138.72,16138.72,16138.72,16138.72,22921.62,19711.44,30326.37,677.51,793.75,0.32,0.32,0.32,0.32,0.42,0.42,0.42,0.42,0.22,0.39,0.22,0.39,0.95,0.95,0.21,0.52,0.21,0.52,0.87,0.90,0.37,0.33,0.33,0.92,0.21,0.21,0.91,0.45,0.45,0.92
AUS,36,2004,0,13535,0.00,1876,2565,2565,0.73,0.73,0,0,0,1,1,,,,,11648.00,11648.00,11648.00,11648.00,16948.88,16948.88,16948.88,16948.88,,47416.70,0.25,0.25,0.25,0.25,0.36,0.36,0.36,0.36,,0,10103,9558,0.00,0.00,7,1820,0,0,0,1,,,,,194.60,194.60,0.00,194.60,194.60,351.10,351.10,0.00,351.10,351.10,911.86,0.21,0.21,0.00,0.21,0.21,0.39,0.39,0.00,0.39,0.39,0,10103,13535,0.00,0.00,7,1820,0,0,0,1,,,,,194.60,194.60,0.00,194.60,194.60,351.10,351.10,0.00,351.10,351.10,911.86,0.21,0.21,0.00,0.21,0.21,0.39,0.39,0.00,0.39,0.39,3138,3315,0.95,0,1820,0,0,0,0,,,,,866.27,797.88,0.00,797.88,1373.10,866.27,797.88,0.00,797.88,1373.10,911.86,0.95,0.88,0.00,0.88,1.51,0.95,0.88,0.00,0.88,1.51,23592.33,35370.08,23592.33,35370.08,34278.41,40875.38,36308.44,42312.70,36308.44,11648.00,11648.00,11648.00,11648.00,16948.88,16948.88,16948.88,16948.88,23708.35,20328.89,29675.11,698.24,813.71,0.32,0.32,0.32,0.32,0.43,0.43,0.43,0.43,0.21,0.39,0.21,0.39,0.95,0.95,0.20,0.45,0.20,0.45,0.87,0.89,0.37,0.31,0.31,0.91,0.21,0.21,0.91,0.42,0.42,0.92
AUS,36,2005,0,13729,0.00,1915,2625,2625,0.73,0.73,0,0,0,1,1,,,,,11934.00,11934.00,11934.00,11934.00,18471.44,18471.44,18471.44,18471.44,,49245.32,0.24,0.24,0.24,0.24,0.38,0.38,0.38,0.38,,0,10404,9881,0.00,0.00,7,1820,0,0,0,1,,,,,194.60,194.60,0.00,194.60,194.60,351.10,351.10,0.00,351.10,351.10,947.03,0.21,0.21,0.00,0.21,0.21,0.37,0.37,0.00,0.37,0.37,0,10404,13729,0.00,0.00,7,1820,0,0,0,1,,,,,194.60,194.60,0.00,194.60,194.60,351.10,351.10,0.00,351.10,351.10,947.03,0.21,0.21,0.00,0.21,0.21,0.37,0.37,0.00,0.37,0.37,3191,3363,0.95,0,1820,0,0,0,0,,,,,899.67,828.65,0.00,828.65,1420.50,899.67,828.65,0.00,828.65,1420.50,947.03,0.95,0.88,0.00,0.88,1.50,0.95,0.88,0.00,0.88,1.50,24160.35,35793.38,24160.35,35793.38,35452.73,41706.83,37561.04,43199.58,37561.04,11934.00,11934.00,11934.00,11934.00,18471.44,18471.44,18471.44,18471.44,24622.66,20808.62,30168.56,722.33,830.76,0.32,0.32,0.32,0.32,0.44,0.44,0.44,0.44,0.21,0.37,0.21,0.37,0.95,0.95,0.20,0.43,0.20,0.43,0.87,0.89,0.38,0.30,0.30,0.91,0.20,0.20,0.91,0.40,0.40,0.92
AUS,36,2006,0,13968,0.00,1922,2676,2676,0.72,0.72,0,0,0,1,1,,,,,12481.56,12481.56,12481.56,12481.56,19400.16,19400.16,19400.16,19400.16,,51659.52,0.24,0.24,0.24,0.24,0.38,0.38,0.38,0.38,,0,10633,10124,0.00,0.00,7,1820,0,0,0,1,,,,,194.60,194.60,0.00,194.60,194.60,351.10,351.10,0.00,351.10,351.10,993.45,0.20,0.20,0.00,0.20,0.20,0.35,0.35,0.00,0.35,0.35,0,10633,13968,0.00,0.00,7,1820,0,0,0,1,,,,,194.60,194.60,0.00,194.60,194.60,351.10,351.10,0.00,351.10,351.10,993.45,0.20,0.20,0.00,0.20,0.20,0.35,0.35,0.00,0.35,0.35,3238,3421,0.95,0,1820,0,0,0,0,,,,,943.78,869.27,0.00,869.27,1479.40,943.78,869.27,0.00,869.27,1479.40,993.45,0.95,0.88,0.00,0.88,1.49,0.95,0.88,0.00,0.88,1.49,25299.21,40397.01,25299.21,40397.01,37315.10,46893.64,39526.77,48459.57,39526.77,12481.56,12481.56,12481.56,12481.56,19400.16,19400.16,19400.16,19400.16,25829.76,21899.20,34879.14,760.13,931.91,0.31,0.31,0.31,0.31,0.49,0.49,0.49,0.49,0.20,0.35,0.20,0.35,0.95,0.95,0.19,0.41,0.19,0.41,0.87,0.88,0.40,0.29,0.29,0.91,0.19,0.19,0.91,0.38,0.38,0.92
AUS,36,2007,0,14083,0.00,1953,2704,2704,0.72,0.72,0,0,0,1,1,,,,,13733.20,13733.20,13733.20,13733.20,22507.16,22507.16,22507.16,22507.16,,53560.96,0.26,0.26,0.26,0.26,0.42,0.42,0.42,0.42,,0,10912,10434,0.00,0.00,7,1820,0,0,0,1,,,,,206.57,206.57,0.00,206.57,206.57,372.75,372.75,0.00,372.75,372.75,1030.02,0.20,0.20,0.00,0.20,0.20,0.36,0.36,0.00,0.36,0.36,0,10912,14083,0.00,0.00,7,1820,0,0,0,1,,,,,206.57,206.57,0.00,206.57,206.57,372.75,372.75,0.00,372.75,372.75,1030.02,0.20,0.20,0.00,0.20,0.20,0.36,0.36,0.00,0.36,0.36,3310,3482,0.95,0,1820,0,0,0,0,,,,,978.52,901.27,0.00,901.27,1535.90,978.52,901.27,0.00,901.27,1535.90,1030.02,0.95,0.88,0.00,0.88,1.49,0.95,0.88,0.00,0.88,1.49,26987.67,39500.51,26987.67,39500.51,39046.18,46486.20,41339.26,48109.77,41339.26,13733.20,13733.20,13733.20,13733.20,22507.16,22507.16,22507.16,22507.16,26780.48,23523.41,33407.82,794.99,925.19,0.33,0.33,0.33,0.33,0.50,0.50,0.50,0.50,0.20,0.36,0.20,0.36,0.95,0.95,0.19,0.41,0.19,0.41,0.87,0.89,0.42,0.29,0.29,0.92,0.20,0.20,0.91,0.39,0.39,0.92
AUS,36,2008,0,14382,0.00,2039,2775,2775,0.73,0.73,0,0,0,1,1,,,,,15009.80,15009.80,15009.80,15009.80,23471.76,23471.76,23471.76,23471.76,,56936.57,0.26,0.26,0.26,0.26,0.41,0.41,0.41,0.41,,0,11206,10731,0.00,0.00,7,1820,0,0,0,1,,,,,218.55,218.55,0.00,218.55,218.55,394.40,394.40,0.00,394.40,394.40,1094.93,0.20,0.20,0.00,0.20,0.20,0.36,0.36,0.00,0.36,0.36,0,11206,14382,0.00,0.00,7,1820,0,0,0,1,,,,,218.55,218.55,0.00,218.55,218.55,394.40,394.40,0.00,394.40,394.40,1094.93,0.20,0.20,0.00,0.20,0.20,0.36,0.36,0.00,0.36,0.36,3408,3589,0.95,0,1820,0,0,0,0,,,,,1040.19,958.07,0.00,958.07,1594.00,1040.19,958.07,0.00,958.07,1594.00,1094.93,0.95,0.88,0.00,0.88,1.46,0.95,0.88,0.00,0.88,1.46,29377.13,46142.70,29377.13,46142.70,41963.95,53202.85,44401.55,54928.74,44401.55,15009.80,15009.80,15009.80,15009.80,23471.76,23471.76,23471.76,23471.76,28468.28,25421.02,39498.94,853.88,1056.32,0.34,0.34,0.34,0.34,0.49,0.49,0.49,0.49,0.20,0.36,0.20,0.36,0.95,0.95,0.21,0.43,0.21,0.43,0.87,0.89,0.41,0.30,0.30,0.91,0.20,0.20,0.91,0.40,0.40,0.92
AUS,36,2009,0,14679,0.00,2118,2860,2860,0.74,0.74,0,0,0,1,1,,,,,15356.64,15356.64,15356.64,15356.64,24098.36,24098.36,24098.36,24098.36,,57507.27,0.27,0.27,0.27,0.27,0.42,0.42,0.42,0.42,,0,11442,10805,0.00,0.00,7,1820,0,0,0,1,,,,,224.65,224.65,0.00,224.65,224.65,405.40,405.40,0.00,405.40,405.40,1105.91,0.20,0.20,0.00,0.20,0.20,0.37,0.37,0.00,0.37,0.37,0,11442,14679,0.00,0.00,7,1820,0,0,0,1,,,,,224.65,224.65,0.00,224.65,224.65,405.40,405.40,0.00,405.40,405.40,1105.91,0.20,0.20,0.00,0.20,0.20,0.37,0.37,0.00,0.37,0.37,3398,3632,0.94,0,1820,0,0,0,0,,,,,1050.61,967.67,0.00,967.67,1654.40,1050.61,967.67,0.00,967.67,1654.40,1105.91,0.95,0.88,0.00,0.88,1.50,0.95,0.88,0.00,0.88,1.50,30713.48,46916.06,30713.48,46916.06,43173.93,53860.61,45492.19,55460.04,45492.19,15356.64,15356.64,15356.64,15356.64,24098.36,24098.36,24098.36,24098.36,28753.63,26109.29,39498.09,874.85,1066.54,0.34,0.34,0.34,0.34,0.50,0.50,0.50,0.50,0.20,0.37,0.20,0.37,0.95,0.95,0.24,0.46,0.24,0.46,0.88,0.90,0.42,0.32,0.32,0.92,0.22,0.22,0.92,0.42,0.42,0.92
AUS,36,2010,0,14892,0.00,2158,2947,2947,0.73,0.73,0,0,0,1,1,,,,,16203.72,16203.72,16203.72,16203.72,25833.60,25833.60,25833.60,25833.60,,59017.03,0.27,0.27,0.27,0.27,0.44,0.44,0.44,0.44,,0,11628,11022,0.00,0.00,7,1820,0,0,0,1,,,,,228.00,228.00,0.00,228.00,228.00,411.50,411.50,0.00,411.50,411.50,1134.94,0.20,0.20,0.00,0.20,0.20,0.36,0.36,0.00,0.36,0.36,0,11628,14892,0.00,0.00,7,1820,0,0,0,1,,,,,228.00,228.00,0.00,228.00,228.00,411.50,411.50,0.00,411.50,411.50,1134.94,0.20,0.20,0.00,0.20,0.20,0.36,0.36,0.00,0.36,0.36,3438,3625,0.95,0,1820,0,0,0,0,,,,,1078.20,993.08,0.00,993.08,1716.40,1078.20,993.08,0.00,993.08,1716.40,1134.94,0.95,0.88,0.00,0.88,1.51,0.95,0.88,0.00,0.88,1.51,31622.03,49034.46,31622.03,49034.46,44686.86,56279.82,46876.67,57731.91,46876.67,16203.72,16203.72,16203.72,16203.72,25833.60,25833.60,25833.60,25833.60,29508.51,26889.61,41157.89,901.47,1110.23,0.35,0.35,0.35,0.35,0.52,0.52,0.52,0.52,0.20,0.36,0.20,0.36,0.95,0.95,0.24,0.48,0.24,0.48,0.89,0.91,0.43,0.32,0.32,0.93,0.22,0.22,0.92,0.42,0.42,0.93
AUS,36,2011,0,15042,0.00,2225,3045,3045,0.73,0.73,0,0,0,1,1,,,,,16963.96,16963.96,16963.96,16963.96,27008.80,27008.80,27008.80,27008.80,,61318.69,0.28,0.28,0.28,0.28,0.44,0.44,0.44,0.44,,0,11814,11214,0.00,0.00,7,1820,0,0,0,1,,,,,234.85,234.85,0.00,234.85,234.85,424.00,424.00,0.00,424.00,424.00,1179.21,0.20,0.20,0.00,0.20,0.20,0.36,0.36,0.00,0.36,0.36,0,11814,15042,0.00,0.00,7,1820,0,0,0,1,,,,,234.85,234.85,0.00,234.85,234.85,424.00,424.00,0.00,424.00,424.00,1179.21,0.20,0.20,0.00,0.20,0.20,0.36,0.36,0.00,0.36,0.36,3502,3677,0.95,0,1820,0,0,0,0,,,,,1120.25,1031.80,0.00,1031.80,1774.50,1120.25,1031.80,0.00,1031.80,1774.50,1179.21,0.95,0.88,0.00,0.88,1.50,0.95,0.88,0.00,0.88,1.50,31599.15,49340.06,31599.15,49340.06,45828.10,57470.99,48453.30,60123.71,48453.30,16963.96,16963.96,16963.96,16963.96,27008.80,27008.80,27008.80,27008.80,30659.35,26500.55,41077.79,931.79,1156.23,0.35,0.35,0.35,0.35,0.49,0.49,0.49,0.49,0.20,0.36,0.20,0.36,0.95,0.95,0.23,0.43,0.23,0.43,0.88,0.86,0.42,0.31,0.31,0.91,0.22,0.22,0.92,0.40,0.40,0.91
AUS,36,2012,0,15250,0.00,2283,3167,3167,0.72,0.72,0,0,0,1,1,,,,,17326.40,17326.40,17326.40,17326.40,27929.20,27929.20,27929.20,27929.20,,62636.74,0.28,0.28,0.28,0.28,0.45,0.45,0.45,0.45,,0,11976,11351,0.00,0.00,7,1820,0,0,0,1,,,,,243.00,243.00,0.00,243.00,243.00,439.40,439.40,0.00,439.40,439.40,1204.55,0.20,0.20,0.00,0.20,0.20,0.36,0.36,0.00,0.36,0.36,0,11976,15250,0.00,0.00,7,1820,0,0,0,1,,,,,243.00,243.00,0.00,243.00,243.00,439.40,439.40,0.00,439.40,439.40,1204.55,0.20,0.20,0.00,0.20,0.20,0.36,0.36,0.00,0.36,0.36,3530,3720,0.95,0,1820,0,0,0,0,,,,,1144.33,1053.98,0.00,1053.98,1868.50,1144.33,1053.98,0.00,1053.98,1868.50,1204.55,0.95,0.88,0.00,0.88,1.55,0.95,0.88,0.00,0.88,1.55,32230.91,50421.91,32230.91,50421.91,46674.53,58651.69,49292.98,60199.24,49292.98,17326.40,17326.40,17326.40,17326.40,27929.20,27929.20,27929.20,27929.20,31318.37,27050.84,41971.16,947.94,1157.68,0.35,0.35,0.35,0.35,0.50,0.50,0.50,0.50,0.20,0.36,0.20,0.36,0.95,0.95,0.23,0.46,0.23,0.46,0.88,0.92,0.43,0.32,0.32,0.92,0.22,0.22,0.92,0.41,0.41,0.93
AUS,36,2013,0,15456,0.00,2359,3296,3296,0.72,0.72,0,0,0,1,1,,,,,18280.60,18280.60,18280.60,18280.60,28721.16,28721.16,28721.16,28721.16,,66541.70,0.27,0.27,0.27,0.27,0.43,0.43,0.43,0.43,,0,12144,11457,0.00,0.00,7,1820,0,0,0,1,,,,,246.30,246.30,0.00,246.30,246.30,444.70,444.70,0.00,444.70,444.70,1279.65,0.19,0.19,0.00,0.19,0.19,0.35,0.35,0.00,0.35,0.35,0,12144,15456,0.00,0.00,7,1820,0,0,0,1,,,,,246.30,246.30,0.00,246.30,246.30,444.70,444.70,0.00,444.70,444.70,1279.65,0.19,0.19,0.00,0.19,0.19,0.35,0.35,0.00,0.35,0.35,3602,3809,0.95,0,1820,0,0,0,0,,,,,1215.67,1119.69,0.00,1119.69,1903.70,1215.67,1119.69,0.00,1119.69,1903.70,1279.65,0.95,0.88,0.00,0.88,1.49,0.95,0.88,0.00,0.88,1.49,35043.15,53617.17,35043.15,53566.54,49689.93,61705.13,52372.40,63555.82,52372.40,18280.60,18280.60,18280.60,18280.60,28721.16,28721.16,28721.16,28721.16,33270.85,30353.33,45781.15,1007.16,1222.23,0.35,0.35,0.35,0.35,0.52,0.52,0.52,0.52,0.19,0.35,0.19,0.35,0.95,0.95,0.21,0.44,0.21,0.44,0.88,0.90,0.43,0.30,0.30,0.92,0.20,0.20,0.91,0.39,0.39,0.92
AUS,36,2014,0,15623,0.00,2405,3419,3419,0.70,0.70,0,0,0,1,1,,,,,19323.20,19323.20,19323.20,19323.20,30446.00,30446.00,30446.00,30446.00,,69345.01,0.28,0.28,0.28,0.28,0.44,0.44,0.44,0.44,,0,12287,11540,0.00,0.00,7,1820,0,0,0,1,,,,,246.30,246.30,0.00,246.30,246.30,444.70,444.70,0.00,444.70,444.70,1333.56,0.18,0.18,0.00,0.18,0.18,0.33,0.33,0.00,0.33,0.33,0,12287,15623,0.00,0.00,7,1820,0,0,0,1,,,,,246.30,246.30,0.00,246.30,246.30,444.70,444.70,0.00,444.70,444.70,1333.56,0.18,0.18,0.00,0.18,0.18,0.33,0.33,0.00,0.33,0.33,3615,3829,0.94,0,1820,0,0,0,0,,,,,1266.88,1166.86,0.00,1166.86,1948.80,1266.88,1166.86,0.00,1166.86,1948.80,1333.56,0.95,0.88,0.00,0.88,1.46,0.95,0.88,0.00,0.88,1.46,35947.22,54906.59,35947.22,54855.49,51385.06,63266.12,54220.71,65234.95,54220.71,19323.20,19323.20,19323.20,19323.20,30446.00,30446.00,30446.00,30446.00,34672.50,31467.64,47103.58,1042.71,1254.52,0.36,0.36,0.36,0.36,0.53,0.53,0.53,0.53,0.18,0.33,0.18,0.33,0.95,0.95,0.20,0.43,0.20,0.43,0.88,0.89,0.44,0.29,0.29,0.92,0.19,0.19,0.91,0.38,0.38,0.92
AUS,36,2015,0,15780,0.00,2515,3538,3538,0.71,0.71,0,0,0,1,1,,,,,21415.16,21415.16,21415.16,21415.16,33410.00,33410.00,33410.00,33410.00,,69935.18,0.31,0.31,0.31,0.31,0.48,0.48,0.48,0.48,,0,12524,11766,0.00,0.00,7,1820,0,0,0,1,,,,,259.60,259.60,0.00,259.60,259.60,468.80,468.80,0.00,468.80,468.80,1344.91,0.19,0.19,0.00,0.19,0.19,0.35,0.35,0.00,0.35,0.35,0,12524,15780,0.00,0.00,7,1820,0,0,0,1,,,,,259.60,259.60,0.00,259.60,259.60,468.80,468.80,0.00,468.80,468.80,1344.91,0.19,0.19,0.00,0.19,0.19,0.35,0.35,0.00,0.35,0.35,3702,4032,0.92,0,1820,0,0,0,0,,,,,1277.66,1176.79,0.00,1176.79,2016.10,1277.66,1176.79,0.00,1176.79,2016.10,1344.91,0.95,0.88,0.00,0.88,1.50,0.95,0.88,0.00,0.88,1.50,36265.00,56860.21,36265.00,56736.11,51414.11,63824.31,54260.54,68883.75,54260.54,21415.16,21415.16,21415.16,21415.16,33410.00,33410.00,33410.00,33410.00,34967.59,31527.40,47595.50,1043.47,1324.69,0.39,0.39,0.39,0.39,0.62,0.62,0.62,0.62,0.19,0.35,0.19,0.35,0.95,0.95,0.21,0.44,0.21,0.43,0.87,0.76,0.50,0.30,0.29,0.88,0.20,0.20,0.91,0.39,0.39,0.86
AUS,36,2016,0,15943,0.00,2538,3663,3663,0.69,0.69,0,0,0,1,1,,,,,21620.04,21620.04,21620.04,21620.04,33826.00,33826.00,33826.00,33826.00,,69386.49,0.31,0.31,0.31,0.31,0.49,0.49,0.49,0.49,,0,12698,11973,0.00,0.00,7,1820,0,0,0,1,,,,,263.80,263.80,0.00,263.80,263.80,477.40,477.40,0.00,477.40,477.40,1334.36,0.20,0.20,0.00,0.20,0.20,0.36,0.36,0.00,0.36,0.36,0,12698,15943,0.00,0.00,7,1820,0,0,0,1,,,,,263.80,263.80,0.00,263.80,263.80,477.40,477.40,0.00,477.40,477.40,1334.36,0.20,0.20,0.00,0.20,0.20,0.36,0.36,0.00,0.36,0.36,3812,4055,0.94,0,1820,0,0,0,0,,,,,1267.64,1167.56,0.00,1167.56,1948.80,1267.64,1167.56,0.00,1167.56,1948.80,1334.36,0.95,0.88,0.00,0.88,1.46,0.95,0.88,0.00,0.88,1.46,36175.31,57256.71,36175.31,57132.61,51084.89,64124.28,53901.15,66073.20,53901.15,21620.04,21620.04,21620.04,21620.04,33826.00,33826.00,33826.00,33826.00,34693.25,31310.66,47848.48,1036.56,1270.64,0.40,0.40,0.40,0.40,0.62,0.62,0.62,0.62,0.20,0.36,0.20,0.36,0.95,0.95,0.22,0.52,0.22,0.51,0.88,0.89,0.51,0.32,0.32,0.92,0.21,0.21,0.91,0.44,0.43,0.92
AUS,36,2017,0,16122,0.00,2499,3790,3790,0.66,0.66,0,0,0,1,1,,,,,22455.16,22455.16,22455.16,22455.16,34416.20,34416.20,34416.20,34416.20,,70878.68,0.32,0.32,0.32,0.32,0.49,0.49,0.49,0.49,,0,12977,12252,0.00,0.00,7,1820,0,0,0,1,,,,,269.40,269.40,0.00,269.40,269.40,486.50,486.50,0.00,486.50,486.50,1363.05,0.20,0.20,0.00,0.20,0.20,0.36,0.36,0.00,0.36,0.36,0,12977,16122,0.00,0.00,7,1820,0,0,0,1,,,,,269.40,269.40,0.00,269.40,269.40,486.50,486.50,0.00,486.50,486.50,1363.05,0.20,0.20,0.00,0.20,0.20,0.36,0.36,0.00,0.36,0.36,3839,4191,0.92,0,1820,0,0,0,0,,,,,1294.90,1192.67,0.00,1192.67,2042.80,1294.90,1192.67,0.00,1192.67,2042.80,1363.05,0.95,0.87,0.00,0.87,1.50,0.95,0.87,0.00,0.87,1.50,36767.99,57519.07,36767.99,57394.97,51980.21,64714.96,54878.54,66727.30,54878.54,22455.16,22455.16,22455.16,22455.16,34416.20,34416.20,34416.20,34416.20,35439.34,31900.08,48252.77,1055.36,1283.22,0.41,0.41,0.41,0.41,0.62,0.62,0.62,0.62,0.20,0.36,0.20,0.36,0.95,0.95,0.21,0.50,0.21,0.49,0.87,0.89,0.51,0.32,0.32,0.92,0.20,0.20,0.91,0.43,0.43,0.92
AUS,36,2018,0,16277,0.00,2478,3911,3911,0.63,0.63,0,0,0,1,1,,,,,22925.76,22925.76,22925.76,22925.76,35304.36,35304.36,35304.36,35304.36,,73133.35,0.31,0.31,0.31,0.31,0.48,0.48,0.48,0.48,,0,13288,12584,0.00,0.00,7,1820,0,0,0,1,,,,,275.10,275.10,0.00,275.10,275.10,496.70,496.70,0.00,496.70,496.70,1406.41,0.20,0.20,0.00,0.20,0.20,0.35,0.35,0.00,0.35,0.35,0,13288,16277,0.00,0.00,7,1820,0,0,0,1,,,,,275.10,275.10,0.00,275.10,275.10,496.70,496.70,0.00,496.70,496.70,1406.41,0.20,0.20,0.00,0.20,0.20,0.35,0.35,0.00,0.35,0.35,3963,4269,0.93,0,1820,0,0,0,0,,,,,1336.09,1230.61,0.00,1230.61,2084.90,1336.09,1230.61,0.00,1230.61,2084.90,1406.41,0.95,0.87,0.00,0.87,1.48,0.95,0.87,0.00,0.87,1.48,37606.34,56990.64,37606.34,56866.54,53361.45,64384.99,56355.34,66464.72,56355.34,22925.76,22925.76,22925.76,22925.76,35304.36,35304.36,35304.36,35304.36,36566.68,32790.67,47716.86,1083.76,1278.17,0.40,0.40,0.40,0.40,0.62,0.62,0.62,0.62,0.20,0.35,0.20,0.35,0.95,0.95,0.20,0.49,0.20,0.49,0.87,0.89,0.51,0.31,0.31,0.92,0.20,0.20,0.91,0.42,0.42,0.92
AUS,36,2019,0,16438,0.00,2533,4039,4039,0.63,0.63,0,0,0,1,1,,,,,23406.76,23406.76,23406.76,23406.76,35984.00,35984.00,35984.00,35984.00,,75706.03,0.31,0.31,0.31,0.31,0.48,0.48,0.48,0.48,,0,13575,12875,0.00,0.00,7,1820,0,0,0,1,,,,,277.85,277.85,0.00,277.85,277.85,501.70,501.70,0.00,501.70,501.70,1455.89,0.19,0.19,0.00,0.19,0.19,0.34,0.34,0.00,0.34,0.34,0,13575,16438,0.00,0.00,7,1820,0,0,0,1,,,,,277.85,277.85,0.00,277.85,277.85,501.70,501.70,0.00,501.70,501.70,1455.89,0.19,0.19,0.00,0.19,0.19,0.34,0.34,0.00,0.34,0.34,4082,4364,0.94,0,1820,0,0,0,0,,,,,1383.09,1273.90,0.00,1273.90,2128.50,1383.09,1273.90,0.00,1273.90,2128.50,1455.89,0.95,0.88,0.00,0.88,1.46,0.95,0.88,0.00,0.88,1.46,39347.14,58973.59,39347.14,58849.49,56021.23,66774.10,59120.45,68926.99,59120.45,23406.76,23406.76,23406.76,23406.76,35984.00,35984.00,35984.00,35984.00,37853.01,33997.91,48957.12,1136.93,1325.52,0.39,0.39,0.39,0.39,0.60,0.60,0.60,0.60,0.19,0.34,0.19,0.34,0.95,0.95,0.21,0.50,0.21,0.50,0.88,0.89,0.50,0.31,0.31,0.92,0.20,0.20,0.91,0.42,0.42,0.92
AUS,36,2020,0,16571,0.00,2556,4166,4166,0.61,0.61,0,0,0,1,1,,,,,24285.56,24285.56,24285.56,24285.56,36462.40,36462.40,36462.40,36462.40,,80333.95,0.30,0.30,0.30,0.30,0.45,0.45,0.45,0.45,,0,13550,12675,0.00,0.00,7,1820,0,0,0,1,,,,,392.06,392.06,0.00,392.06,392.06,620.01,620.01,0.00,620.01,620.01,1544.88,0.25,0.25,0.00,0.25,0.25,0.40,0.40,0.00,0.40,0.40,0,13550,16571,0.00,0.00,7,1820,0,0,0,1,,,,,354.66,354.66,0.00,392.06,392.06,582.61,582.61,0.00,620.01,620.01,1544.88,0.23,0.23,0.00,0.25,0.25,0.38,0.38,0.00,0.40,0.40,3898,4335,0.90,0,1820,0,0,0,0,,,,,1467.64,1351.77,0.00,1351.77,2224.00,1467.64,1351.77,0.00,1351.77,2224.00,1544.88,0.95,0.88,0.00,0.88,1.44,0.95,0.88,0.00,0.88,1.44,42625.49,62721.84,42625.49,62597.74,58863.07,69943.50,62151.74,72228.00,62151.74,24285.56,24285.56,24285.56,24285.56,36462.40,36462.40,36462.40,36462.40,40166.97,35652.39,51663.38,1195.23,1389.00,0.39,0.39,0.39,0.39,0.58,0.58,0.58,0.58,0.25,0.40,0.23,0.38,0.95,0.95,0.26,0.54,0.26,0.53,0.88,0.89,0.48,0.36,0.35,0.92,0.26,0.25,0.91,0.47,0.45,0.92
AUS,36,2021,0,16518,0.00,2593,4247,4247,0.61,0.61,0,0,0,1,1,,,,,24717.68,24717.68,24717.68,24717.68,36790.00,36790.00,36790.00,36790.00,,82501.86,0.30,0.30,0.30,0.30,0.45,0.45,0.45,0.45,,0,13761,13057,0.00,0.00,7,1820,0,0,0,1,,,,,310.40,310.40,0.00,310.40,310.40,565.40,565.40,0.00,565.40,565.40,1586.57,0.20,0.20,0.00,0.20,0.20,0.36,0.36,0.00,0.36,0.36,0,13761,16518,0.00,0.00,7,1820,0,0,0,1,,,,,310.40,310.40,0.00,310.40,310.40,565.40,565.40,0.00,565.40,565.40,1586.57,0.20,0.20,0.00,0.20,0.20,0.36,0.36,0.00,0.36,0.36,4099,4330,0.95,0,1820,0,0,0,0,,,,,1507.25,1388.25,0.00,1388.25,2254.60,1507.25,1388.25,0.00,1388.25,2254.60,1586.57,0.95,0.87,0.00,0.87,1.42,0.95,0.87,0.00,0.87,1.42,43027.41,62878.60,43027.41,62988.70,61274.30,72247.55,64651.72,74593.70,64651.72,24717.68,24717.68,24717.68,24717.68,36790.00,36790.00,36790.00,36790.00,41250.93,37132.51,53274.68,1243.30,1434.49,0.38,0.38,0.38,0.38,0.56,0.56,0.56,0.56,0.20,0.36,0.20,0.36,0.95,0.95,0.21,0.45,0.21,0.46,0.88,0.89,0.47,0.30,0.31,0.92,0.20,0.20,0.91,0.40,0.41,0.92
AUS,36,2022,0,16817,0.00,2559,4433,4433,0.58,0.58,0,0,0,1,1,,,,,26349.44,26349.44,26349.44,26349.44,38060.36,38060.36,38060.36,38060.36,,83714.91,0.31,0.31,0.31,0.31,0.45,0.45,0.45,0.45,,0,13599,13062,0.00,0.00,7,1820,0,0,0,1,,,,,314.75,314.75,0.00,314.75,314.75,573.30,573.30,0.00,573.30,573.30,1609.90,0.20,0.20,0.00,0.20,0.20,0.36,0.36,0.00,0.36,0.36,0,13599,16817,0.00,0.00,7,1820,0,0,0,1,,,,,314.75,314.75,0.00,314.75,314.75,573.30,573.30,0.00,573.30,573.30,1609.90,0.20,0.20,0.00,0.20,0.20,0.36,0.36,0.00,0.36,0.36,4210,4383,0.96,0,1820,0,0,0,0,,,,,1529.41,1408.66,0.00,1408.66,2318.10,1529.41,1408.66,0.00,1408.66,2318.10,1609.90,0.95,0.88,0.00,0.88,1.44,0.95,0.88,0.00,0.88,1.44,43360.85,63093.16,43360.85,63203.26,62439.18,72664.94,65866.26,75045.58,65866.26,26349.44,26349.44,26349.44,26349.44,38060.36,38060.36,38060.36,38060.36,41857.45,37371.82,52903.87,1266.66,1443.18,0.39,0.39,0.39,0.39,0.57,0.57,0.57,0.57,0.20,0.36,0.20,0.36,0.95,0.95,0.21,0.46,0.21,0.47,0.88,0.89,0.48,0.31,0.31,0.92,0.20,0.20,0.91,0.41,0.41,0.92
AUS,36,2023,0,16817,0.00,2559,4433,4433,0.58,0.58,0,0,0,1,1,,,,,28190.24,28190.24,28190.24,28190.24,42260.40,42260.40,42260.40,42260.40,,88029.51,0.32,0.32,0.32,0.32,0.48,0.48,0.48,0.48,,0,13599,13062,0.00,0.00,7,1820,0,0,0,1,,,,,334.20,334.20,0.00,334.20,334.20,608.70,608.70,0.00,608.70,608.70,1609.90,0.21,0.21,0.00,0.21,0.21,0.38,0.38,0.00,0.38,0.38,0,13599,16817,0.00,0.00,7,1820,0,0,0,1,,,,,334.20,334.20,0.00,334.20,334.20,608.70,608.70,0.00,608.70,608.70,1609.90,0.21,0.21,0.00,0.21,0.21,0.38,0.38,0.00,0.38,0.38,4210,4383,0.96,0,1820,0,0,0,0,,,,,1608.23,1481.27,0.00,1481.27,2341.80,1608.23,1481.27,0.00,1481.27,2341.80,1609.90,1.00,0.92,0.00,0.92,1.45,1.00,0.92,0.00,0.92,1.45,44054.09,63855.81,44054.09,63971.11,63588.62,73914.24,67192.33,76417.58,67192.33,28190.24,28190.24,28190.24,28190.24,42260.40,42260.40,42260.40,42260.40,44014.76,38603.92,54693.77,1292.16,1469.57,0.41,0.41,0.41,0.41,0.60,0.60,0.60,0.60,0.21,0.38,0.21,0.38,1.00,1.00,0.19,0.42,0.19,0.43,0.87,0.88,0.51,0.30,0.30,0.94,0.20,0.20,0.94,0.40,0.40,0.94
AUT,40,2000,3170,5410,0.59,1765,1234,1438,1.43,1.00,50,45,0,0,0,,,,,116368.00,223504.45,255433.66,427672.00,166026.00,223504.45,255433.66,427672.00,,352001.96,0.33,0.63,0.73,1.21,0.47,0.63,0.73,1.21,,2602,3918,3741,0.66,0.70,0,30,104,52,0,0,,,,,2675.25,2675.25,315.00,2675.25,3419.50,3193.05,3193.05,672.00,3193.05,3883.60,6769.27,0.40,0.40,0.05,0.40,0.51,0.47,0.47,0.10,0.47,0.57,5696,3918,5410,1.00,1.00,0,78,0,0,0,0,,,,,6769.27,4894.70,0.00,5311.27,8473.85,6769.27,4894.70,0.00,5311.27,8473.85,6769.27,1.00,0.72,0.00,0.78,1.25,1.00,0.72,0.00,0.78,1.25,5699,3918,1.00,0,104,0,0,0,0,,,,,6769.27,4894.70,0.00,5311.27,7925.54,6769.27,4894.70,0.00,5311.27,7925.54,6769.27,1.00,0.72,0.00,0.78,1.17,1.00,0.72,0.00,0.78,1.17,179881.68,248274.23,222293.59,280993.59,222293.59,280993.59,249098.24,307798.24,254098.24,116368.00,223504.45,255433.66,427672.00,166026.00,223504.45,255433.66,427672.00,176000.98,144220.23,197920.23,4790.35,5919.20,0.45,0.78,0.86,1.31,0.64,0.80,0.88,1.33,0.56,0.54,1.00,1.00,1.00,1.00,0.34,0.46,0.74,0.76,0.74,0.76,0.79,0.47,0.88,0.88,0.45,0.87,0.87,0.50,0.88,0.88
AUT,40,2001,3197,5446,0.59,1814,1238,1465,1.46,1.00,50,45,0,0,0,,,,,118118.00,228043.24,260620.84,435582.00,168518.00,228043.24,260620.84,435582.00,,367127.69,0.32,0.62,0.71,1.19,0.46,0.62,0.71,1.19,,2627,3881,3708,0.68,0.71,0,30,104,52,0,0,,,,,2716.44,2716.44,424.85,2716.44,3472.00,2955.38,2955.38,639.69,2955.38,3751.30,7060.15,0.38,0.38,0.06,0.38,0.49,0.42,0.42,0.09,0.42,0.53,5773,3881,5446,1.00,1.00,0,78,0,0,0,0,,,,,7060.15,5322.27,0.00,5756.74,9050.77,7060.15,5322.27,0.00,5756.74,9050.77,7060.15,1.00,0.75,0.00,0.82,1.28,1.00,0.75,0.00,0.82,1.28,5754,3881,1.00,0,104,0,0,0,0,,,,,7060.15,5322.27,0.00,5756.74,8255.77,7060.15,5322.27,0.00,5756.74,8255.77,7060.15,1.00,0.75,0.00,0.82,1.17,1.00,0.75,0.00,0.82,1.17,184634.61,245147.85,232714.41,291414.41,232714.41,291414.41,257532.97,316232.97,262532.97,118118.00,228043.24,260620.84,435582.00,168518.00,228043.24,260620.84,435582.00,183563.85,150417.46,204117.46,4952.56,6081.40,0.45,0.78,0.87,1.31,0.62,0.78,0.87,1.31,0.55,0.49,1.00,1.00,1.00,1.00,0.32,0.37,0.77,0.78,0.77,0.78,0.78,0.43,0.89,0.89,0.43,0.88,0.88,0.43,0.89,0.89
AUT,40,2002,3201,5489,0.58,1862,1249,1496,1.49,1.00,50,45,0,0,0,,,,,8832.88,16958.22,19380.82,32324.74,12601.82,16958.22,19380.82,32324.74,,27409.84,0.32,0.62,0.71,1.18,0.46,0.62,0.71,1.18,,2616,3948,3757,0.66,0.70,0,30,104,52,0,0,,,,,201.34,201.34,30.85,201.34,255.08,218.76,218.76,46.52,218.76,275.45,527.11,0.38,0.38,0.06,0.38,0.48,0.42,0.42,0.09,0.42,0.52,5853,3948,5489,1.00,1.00,0,78,0,0,0,0,,,,,527.11,397.36,0.00,429.80,666.58,527.11,397.36,0.00,429.80,666.58,527.11,1.00,0.75,0.00,0.82,1.26,1.00,0.75,0.00,0.82,1.26,5728,3948,1.00,0,104,0,0,0,0,,,,,527.11,397.36,0.00,429.80,628.85,527.11,397.36,0.00,429.80,628.85,527.11,1.00,0.75,0.00,0.82,1.19,1.00,0.75,0.00,0.82,1.19,13704.07,18104.27,17229.12,21497.92,17229.12,21497.92,19088.31,23357.11,19452.31,8832.88,16958.22,19380.82,32324.74,12601.82,16958.22,19380.82,32324.74,13704.92,11085.27,15135.00,367.08,449.18,0.45,0.77,0.85,1.28,0.62,0.77,0.86,1.28,0.55,0.49,1.00,1.00,1.00,1.00,0.33,0.36,0.77,0.77,0.77,0.77,0.77,0.43,0.89,0.89,0.44,0.88,0.88,0.42,0.89,0.89
AUT,40,2003,3219,5530,0.58,1911,1250,1507,1.53,1.00,50,45,0,0,0,,,,,9009.56,17401.95,19887.94,33101.60,13252.40,17401.95,19887.94,33101.60,,28188.12,0.32,0.62,0.71,1.17,0.47,0.62,0.71,1.17,,2618,3997,3790,0.66,0.69,0,30,104,52,0,0,,,,,206.17,206.17,31.45,206.17,257.88,223.59,223.59,47.12,223.59,278.25,542.08,0.38,0.38,0.06,0.38,0.48,0.41,0.41,0.09,0.41,0.51,5930,3997,5530,1.00,1.00,0,78,0,0,0,0,,,,,542.08,408.64,0.00,442.00,684.92,542.08,408.64,0.00,442.00,684.92,542.08,1.00,0.75,0.00,0.82,1.26,1.00,0.75,0.00,0.82,1.26,5698,3997,1.00,0,104,0,0,0,0,,,,,542.08,408.64,0.00,442.00,646.15,542.08,408.64,0.00,442.00,646.15,542.08,1.00,0.75,0.00,0.82,1.19,1.00,0.75,0.00,0.82,1.19,14026.27,18512.74,17623.09,21979.49,17623.09,21979.49,19545.98,23902.38,19909.98,9009.56,17401.95,19887.94,33101.60,13252.40,17401.95,19887.94,33101.60,14094.06,11289.43,15541.48,375.88,459.66,0.45,0.77,0.86,1.28,0.63,0.77,0.86,1.28,0.55,0.49,1.00,1.00,1.00,1.00,0.33,0.36,0.77,0.77,0.77,0.77,0.77,0.43,0.88,0.88,0.44,0.88,0.88,0.42,0.89,0.89
AUT,40,2004,3245,5560,0.58,1959,1261,1525,1.55,1.00,50,45,0,0,0,,,,,9144.66,16389.85,18731.26,33748.12,14210.00,16389.85,18731.26,33748.12,,28698.86,0.32,0.57,0.65,1.18,0.50,0.57,0.65,1.18,,2622,3939,3732,0.67,0.70,0,30,104,52,0,0,,,,,210.02,210.02,32.04,210.02,262.64,230.66,230.66,47.71,230.66,283.01,551.90,0.38,0.38,0.06,0.38,0.48,0.42,0.42,0.09,0.42,0.51,6016,3939,5560,1.00,1.00,0,78,0,0,0,0,,,,,551.90,416.05,0.00,450.01,703.27,551.90,416.05,0.00,450.01,703.27,551.90,1.00,0.75,0.00,0.82,1.27,1.00,0.75,0.00,0.82,1.27,5740,3939,1.00,0,104,0,0,0,0,,,,,551.90,416.05,0.00,450.01,663.46,551.90,416.05,0.00,450.01,663.46,551.90,1.00,0.75,0.00,0.82,1.20,1.00,0.75,0.00,0.82,1.20,14046.89,18803.84,17967.75,22629.15,17967.75,22629.15,19910.90,24572.30,20274.90,9144.66,16389.85,18731.26,33748.12,14210.00,16389.85,18731.26,33748.12,14349.43,11765.51,15757.91,382.90,472.54,0.45,0.72,0.80,1.27,0.66,0.73,0.80,1.26,0.55,0.49,1.00,1.00,1.00,1.00,0.28,0.35,0.76,0.78,0.76,0.78,0.73,0.42,0.89,0.89,0.41,0.88,0.88,0.42,0.89,0.89
AUT,40,2005,3289,5573,0.59,2008,1308,1563,1.53,1.00,50,45,0,0,0,,,,,9281.86,16952.17,19373.91,34720.42,14423.22,16952.17,19373.91,34720.42,,29550.09,0.31,0.57,0.66,1.17,0.49,0.57,0.66,1.17,,2647,3971,3747,0.67,0.71,0,30,104,52,0,0,,,,,217.06,217.06,32.85,217.06,269.43,237.69,237.69,48.52,237.69,289.80,568.27,0.38,0.38,0.06,0.38,0.47,0.42,0.42,0.09,0.42,0.51,6095,3971,5573,1.00,1.00,0,78,0,0,0,0,,,,,568.27,428.39,0.00,463.36,739.96,568.27,428.39,0.00,463.36,739.96,568.27,1.00,0.75,0.00,0.82,1.30,1.00,0.75,0.00,0.82,1.30,5772,3971,1.00,0,104,0,0,0,0,,,,,568.27,428.39,0.00,463.36,698.08,568.27,428.39,0.00,463.36,698.08,568.27,1.00,0.75,0.00,0.82,1.23,1.00,0.75,0.00,0.82,1.23,15562.70,20180.62,18627.44,23288.84,18627.44,23288.84,20578.26,25239.66,20942.26,9281.86,16952.17,19373.91,34720.42,14423.22,16952.17,19373.91,34720.42,14775.05,12107.09,17035.29,395.74,485.38,0.44,0.74,0.82,1.29,0.67,0.75,0.82,1.28,0.55,0.49,1.00,1.00,1.00,1.00,0.41,0.38,0.77,0.76,0.77,0.76,0.74,0.46,0.88,0.88,0.48,0.88,0.88,0.44,0.88,0.88
AUT,40,2006,3352,5586,0.60,2056,1358,1590,1.51,1.00,50,45,0,0,0,,,,,9660.00,17473.78,19970.03,33749.14,14783.86,17473.78,19970.03,33749.14,,30327.73,0.32,0.58,0.66,1.11,0.49,0.58,0.66,1.11,,2708,4038,3826,0.67,0.71,0,30,104,52,0,0,,,,,221.58,221.58,32.85,221.58,275.17,242.22,242.22,48.52,242.22,295.54,583.23,0.38,0.38,0.06,0.38,0.47,0.42,0.42,0.08,0.42,0.51,6166,4038,5586,1.00,1.00,0,78,0,0,0,0,,,,,583.23,439.66,0.00,475.55,764.42,583.23,439.66,0.00,475.55,764.42,583.23,1.00,0.75,0.00,0.82,1.31,1.00,0.75,0.00,0.82,1.31,5815,4038,1.00,0,104,0,0,0,0,,,,,583.23,439.66,0.00,475.55,721.15,583.23,439.66,0.00,475.55,721.15,583.23,1.00,0.75,0.00,0.82,1.24,1.00,0.75,0.00,0.82,1.24,15862.96,20478.22,19004.78,23666.18,19004.78,23666.18,21006.94,25668.34,21370.94,9660.00,17473.78,19970.03,33749.14,14783.86,17473.78,19970.03,33749.14,15163.86,12425.70,17360.92,403.98,493.62,0.45,0.73,0.81,1.22,0.66,0.74,0.81,1.21,0.55,0.49,1.00,1.00,1.00,1.00,0.40,0.38,0.77,0.76,0.77,0.76,0.74,0.45,0.88,0.88,0.47,0.88,0.88,0.43,0.88,0.88
AUT,40,2007,3431,5596,0.61,2105,1399,1621,1.50,1.00,50,45,0,0,0,,,,,10164.00,17937.04,20499.48,34788.88,15275.96,17937.04,20499.48,34788.88,,31356.95,0.32,0.57,0.65,1.11,0.49,0.57,0.65,1.11,,2780,4124,3924,0.67,0.71,0,30,104,52,0,0,,,,,227.56,227.56,35.38,227.56,282.87,248.20,248.20,51.05,248.20,303.24,603.02,0.38,0.38,0.06,0.38,0.47,0.41,0.41,0.08,0.41,0.50,6231,4124,5596,1.00,1.00,0,78,0,0,0,0,,,,,603.02,454.58,0.00,491.69,782.77,603.02,454.58,0.00,491.69,782.77,603.02,1.00,0.75,0.00,0.82,1.30,1.00,0.75,0.00,0.82,1.30,5918,4124,1.00,0,104,0,0,0,0,,,,,603.02,454.58,0.00,491.69,738.46,603.02,454.58,0.00,491.69,738.46,603.02,1.00,0.75,0.00,0.82,1.22,1.00,0.75,0.00,0.82,1.22,16260.74,20872.73,19504.19,24165.59,19504.19,24165.59,21574.29,26235.69,21938.29,10164.00,17937.04,20499.48,34788.88,15275.96,17937.04,20499.48,34788.88,15678.48,12847.39,17791.90,414.89,504.53,0.46,0.73,0.81,1.22,0.66,0.74,0.81,1.22,0.55,0.49,1.00,1.00,1.00,1.00,0.39,0.36,0.76,0.75,0.76,0.75,0.74,0.45,0.88,0.88,0.47,0.88,0.88,0.43,0.88,0.88
AUT,40,2008,3527,5616,0.63,2153,1424,1651,1.51,1.00,50,45,0,0,0,,,,,10458.00,18429.80,21062.63,35845.94,15680.00,18429.80,21062.63,35845.94,,32340.43,0.32,0.57,0.65,1.11,0.48,0.57,0.65,1.11,,2852,4166,3994,0.68,0.71,0,30,104,52,0,0,,,,,233.28,233.28,35.38,233.28,292.39,253.92,253.92,51.05,253.92,312.76,621.93,0.38,0.38,0.06,0.38,0.47,0.41,0.41,0.08,0.41,0.50,6330,4166,5616,1.00,1.00,0,78,0,0,0,0,,,,,621.93,468.84,0.00,507.11,801.12,621.93,468.84,0.00,507.11,801.12,621.93,1.00,0.75,0.00,0.82,1.29,1.00,0.75,0.00,0.82,1.29,5982,4166,1.00,0,104,0,0,0,0,,,,,621.93,468.84,0.00,507.11,755.77,621.93,468.84,0.00,507.11,755.77,621.93,1.00,0.75,0.00,0.82,1.22,1.00,0.75,0.00,0.82,1.22,16640.92,21250.00,19981.09,24642.49,19981.09,24642.49,22116.08,26777.48,22480.08,10458.00,18429.80,21062.63,35845.94,15680.00,18429.80,21062.63,35845.94,16170.22,13250.34,18203.72,425.31,514.95,0.46,0.73,0.80,1.22,0.66,0.73,0.81,1.21,0.55,0.49,1.00,1.00,1.00,1.00,0.38,0.36,0.76,0.75,0.76,0.75,0.73,0.44,0.88,0.88,0.47,0.88,0.88,0.42,0.88,0.88
AUT,40,2009,3497,5627,0.62,2189,1449,1680,1.51,1.00,50,45,0,0,0,,,,,10813.60,19013.35,21729.54,37044.57,16213.12,19013.35,21729.54,37044.57,,33553.19,0.32,0.57,0.65,1.10,0.48,0.57,0.65,1.10,,2830,4205,3982,0.67,0.71,0,30,104,52,0,0,,,,,246.63,246.63,37.05,246.63,307.09,268.97,268.97,52.72,268.97,327.46,645.25,0.38,0.38,0.06,0.38,0.48,0.42,0.42,0.08,0.42,0.51,6378,4205,5627,1.00,1.00,0,78,0,0,0,0,,,,,645.25,486.42,0.00,526.13,819.46,645.25,486.42,0.00,526.13,819.46,645.25,1.00,0.75,0.00,0.82,1.27,1.00,0.75,0.00,0.82,1.27,5938,4205,1.00,0,104,0,0,0,0,,,,,645.25,486.42,0.00,526.13,773.08,645.25,486.42,0.00,526.13,773.08,645.25,1.00,0.75,0.00,0.82,1.20,1.00,0.75,0.00,0.82,1.20,18110.03,23177.70,21137.38,26370.14,21137.38,26370.14,23381.69,28614.45,23745.69,10813.60,19013.35,21729.54,37044.57,16213.12,19013.35,21729.54,37044.57,16776.60,14216.84,19542.55,449.65,550.28,0.47,0.75,0.83,1.25,0.67,0.75,0.83,1.25,0.55,0.49,1.00,1.00,1.00,1.00,0.42,0.40,0.76,0.75,0.76,0.75,0.75,0.47,0.88,0.88,0.49,0.88,0.88,0.44,0.88,0.88
AUT,40,2010,3541,5644,0.63,2220,1473,1706,1.51,1.00,50,45,0,0,0,,,,,10975.86,19896.11,22738.41,38734.24,16456.30,19896.11,22738.41,38734.24,,33644.81,0.33,0.59,0.68,1.15,0.49,0.59,0.68,1.15,,2869,4220,4017,0.68,0.71,0,30,104,52,0,0,,,,,247.17,247.17,38.02,247.17,312.90,269.50,269.50,53.68,269.50,333.27,647.02,0.38,0.38,0.06,0.38,0.48,0.42,0.42,0.08,0.42,0.52,6447,4220,5644,1.00,1.00,0,78,0,0,0,0,,,,,647.02,487.75,0.00,527.57,837.81,647.02,487.75,0.00,527.57,837.81,647.02,1.00,0.75,0.00,0.82,1.29,1.00,0.75,0.00,0.82,1.29,6058,4220,1.00,0,104,0,0,0,0,,,,,647.02,487.75,0.00,527.57,790.38,647.02,487.75,0.00,527.57,790.38,647.02,1.00,0.75,0.00,0.82,1.22,1.00,0.75,0.00,0.82,1.22,18147.85,23214.78,21182.90,26414.20,21182.90,26414.20,23433.34,28664.64,23797.34,10975.86,19896.11,22738.41,38734.24,16456.30,19896.11,22738.41,38734.24,16822.40,14254.03,19580.43,450.64,551.24,0.45,0.73,0.81,1.22,0.64,0.73,0.81,1.22,0.55,0.49,1.00,1.00,1.00,1.00,0.42,0.40,0.75,0.75,0.75,0.75,0.73,0.47,0.88,0.88,0.49,0.88,0.88,0.44,0.88,0.88
AUT,40,2011,3608,5675,0.64,2249,1478,1722,1.52,1.00,50,45,0,0,0,,,,,11107.60,20431.26,23350.01,39788.21,16653.84,20431.26,23350.01,39788.21,,34856.03,0.32,0.59,0.67,1.14,0.48,0.59,0.67,1.14,,2923,4246,4052,0.69,0.72,0,30,104,52,0,0,,,,,251.69,251.69,38.02,251.69,318.71,274.02,274.02,53.68,274.02,339.08,670.31,0.38,0.38,0.06,0.38,0.48,0.41,0.41,0.08,0.41,0.51,6544,4246,5675,1.00,1.00,0,78,0,0,0,0,,,,,670.31,505.31,0.00,546.56,856.15,670.31,505.31,0.00,546.56,856.15,670.31,1.00,0.75,0.00,0.82,1.28,1.00,0.75,0.00,0.82,1.28,6122,4246,1.00,0,104,0,0,0,0,,,,,670.31,505.31,0.00,546.56,807.69,670.31,505.31,0.00,546.56,807.69,670.31,1.00,0.75,0.00,0.82,1.20,1.00,0.75,0.00,0.82,1.20,18568.73,23502.45,21561.53,26663.53,21561.53,26663.53,23861.67,28963.67,23861.67,11107.60,20431.26,23350.01,39788.21,16653.84,20431.26,23350.01,39788.21,17428.01,14551.95,19653.95,458.88,556.99,0.45,0.74,0.81,1.23,0.62,0.72,0.80,1.21,0.55,0.49,1.00,1.00,1.00,1.00,0.43,0.41,0.75,0.75,0.75,0.75,0.73,0.47,0.88,0.88,0.49,0.88,0.88,0.45,0.88,0.88
AUT,40,2012,3674,5693,0.65,2274,1496,1744,1.52,1.00,50,45,0,0,0,,,,,11407.48,20938.27,23929.45,40760.69,17103.52,20938.27,23929.45,40760.69,,35966.31,0.32,0.58,0.67,1.13,0.48,0.58,0.67,1.13,,2991,4293,4084,0.70,0.73,0,30,104,52,0,0,,,,,258.19,258.19,38.88,258.19,324.52,280.54,280.54,54.55,280.54,344.89,691.66,0.37,0.37,0.06,0.37,0.47,0.41,0.41,0.08,0.41,0.50,6620,4293,5693,1.00,1.00,0,78,0,0,0,0,,,,,691.66,521.41,0.00,563.97,862.27,691.66,521.41,0.00,563.97,862.27,691.66,1.00,0.75,0.00,0.82,1.25,1.00,0.75,0.00,0.82,1.25,6171,4293,1.00,0,104,0,0,0,0,,,,,691.66,521.41,0.00,563.97,813.46,691.66,521.41,0.00,563.97,813.46,691.66,1.00,0.75,0.00,0.82,1.18,1.00,0.75,0.00,0.82,1.18,19024.84,23956.24,22106.04,27208.04,22106.04,27208.04,24477.74,29581.45,24477.74,11407.48,20938.27,23929.45,40760.69,17103.52,20938.27,23929.45,40760.69,17983.15,14855.25,19957.25,470.73,568.87,0.45,0.74,0.81,1.23,0.64,0.74,0.81,1.23,0.55,0.49,1.00,1.00,1.00,1.00,0.43,0.42,0.75,0.75,0.75,0.75,0.74,0.47,0.88,0.88,0.49,0.88,0.88,0.45,0.88,0.88
AUT,40,2013,3716,5717,0.65,2299,1527,1772,1.51,1.00,50,45,0,0,0,,,,,11726.82,21770.38,24880.43,42238.97,17582.46,21770.38,24880.43,42238.97,,36975.65,0.32,0.59,0.67,1.14,0.48,0.59,0.67,1.14,,3030,4336,4105,0.70,0.74,0,30,104,52,0,0,,,,,263.61,263.61,38.88,263.61,330.33,286.25,286.25,54.55,286.25,350.70,711.07,0.37,0.37,0.05,0.37,0.46,0.40,0.40,0.08,0.40,0.49,6715,4336,5717,1.00,1.00,0,78,0,0,0,0,,,,,711.07,536.04,0.00,579.80,905.08,711.07,536.04,0.00,579.80,905.08,711.07,1.00,0.75,0.00,0.82,1.27,1.00,0.75,0.00,0.82,1.27,6195,4336,1.00,0,104,0,0,0,0,,,,,711.07,536.04,0.00,579.80,853.85,711.07,536.04,0.00,579.80,853.85,711.07,1.00,0.75,0.00,0.82,1.20,1.00,0.75,0.00,0.82,1.20,19425.58,24363.12,22601.04,27703.04,22601.04,27703.04,24991.86,30123.39,24991.86,11726.82,21770.38,24880.43,42238.97,17582.46,21770.38,24880.43,42238.97,18487.83,15130.98,20232.98,480.61,579.30,0.45,0.74,0.82,1.23,0.63,0.74,0.82,1.23,0.55,0.49,1.00,1.00,1.00,1.00,0.44,0.42,0.76,0.76,0.76,0.76,0.74,0.47,0.88,0.88,0.49,0.88,0.88,0.46,0.88,0.88
AUT,40,2014,3758,5750,0.65,2311,1557,1800,1.48,1.00,50,45,0,0,0,,,,,12008.22,22623.02,25854.88,43797.38,18004.00,22623.02,25854.88,43797.38,,37985.00,0.32,0.60,0.68,1.15,0.47,0.60,0.68,1.15,,3082,4358,4113,0.71,0.75,0,30,104,52,0,0,,,,,269.04,269.04,40.01,269.04,336.14,291.68,291.68,55.68,291.68,356.51,730.48,0.37,0.37,0.05,0.37,0.46,0.40,0.40,0.08,0.40,0.49,6793,4358,5750,1.00,1.00,0,78,0,0,0,0,,,,,730.48,550.67,0.00,595.62,923.42,730.48,550.67,0.00,595.62,923.42,730.48,1.00,0.75,0.00,0.82,1.26,1.00,0.75,0.00,0.82,1.26,6220,4358,1.00,0,104,0,0,0,0,,,,,730.48,550.67,0.00,595.62,871.15,730.48,550.67,0.00,595.62,871.15,730.48,1.00,0.75,0.00,0.82,1.19,1.00,0.75,0.00,0.82,1.19,19826.66,24818.81,23096.05,28255.05,23096.05,28255.05,25505.99,30694.52,25505.99,12008.22,22623.02,25854.88,43797.38,18004.00,22623.02,25854.88,43797.38,18992.50,15406.71,20565.71,490.50,590.28,0.46,0.74,0.83,1.24,0.63,0.74,0.83,1.24,0.55,0.49,1.00,1.00,1.00,1.00,0.44,0.42,0.76,0.76,0.76,0.76,0.74,0.48,0.88,0.88,0.49,0.88,0.88,0.46,0.88,0.88
AUT,40,2015,3808,5802,0.66,2305,1584,1829,1.46,1.00,50,45,0,0,0,,,,,12212.34,23399.24,26741.99,45219.92,18310.46,23399.24,26741.99,45219.92,,38758.83,0.32,0.60,0.69,1.17,0.47,0.60,0.69,1.17,,3135,4400,4148,0.71,0.76,0,30,104,52,0,0,,,,,273.19,273.19,40.01,273.19,338.10,295.83,295.83,55.68,295.83,358.47,745.36,0.37,0.37,0.05,0.37,0.45,0.40,0.40,0.07,0.40,0.48,6891,4400,5802,1.00,1.00,0,78,0,0,0,0,,,,,745.36,561.89,0.00,607.76,947.88,745.36,561.89,0.00,607.76,947.88,745.36,1.00,0.75,0.00,0.82,1.27,1.00,0.75,0.00,0.82,1.27,6264,4400,1.00,0,104,0,0,0,0,,,,,745.36,561.89,0.00,607.76,894.23,745.36,561.89,0.00,607.76,894.23,745.36,1.00,0.75,0.00,0.82,1.20,1.00,0.75,0.00,0.82,1.20,20134.34,25181.77,23472.62,28691.56,23472.62,28691.56,25900.08,31145.62,25900.08,12212.34,23399.24,26741.99,45219.92,18310.46,23399.24,26741.99,45219.92,19379.42,15618.75,20834.75,498.08,598.95,0.45,0.75,0.83,1.25,0.62,0.75,0.83,1.25,0.55,0.49,1.00,1.00,1.00,1.00,0.44,0.42,0.76,0.76,0.76,0.76,0.75,0.48,0.88,0.88,0.49,0.88,0.88,0.46,0.88,0.88
AUT,40,2016,3874,5868,0.66,2324,1605,1855,1.45,1.00,50,45,0,0,0,,,,,12358.92,24049.33,27484.95,46410.70,18530.12,24049.33,27484.95,46410.70,,39345.80,0.31,0.61,0.70,1.18,0.47,0.61,0.70,1.18,,3223,4490,4220,0.72,0.76,0,30,104,52,0,0,,,,,288.83,288.83,41.95,288.83,367.64,312.71,312.71,57.62,312.71,388.01,756.65,0.38,0.38,0.06,0.38,0.49,0.41,0.41,0.08,0.41,0.51,7013,4490,5868,1.00,1.00,0,78,0,0,0,0,,,,,756.65,570.40,0.00,616.96,990.69,756.65,570.40,0.00,616.96,990.69,756.65,1.00,0.75,0.00,0.82,1.31,1.00,0.75,0.00,0.82,1.31,6337,4490,1.00,0,104,0,0,0,0,,,,,756.65,570.40,0.00,616.96,934.62,756.65,570.40,0.00,616.96,934.62,756.65,1.00,0.75,0.00,0.82,1.24,1.00,0.75,0.00,0.82,1.24,20611.97,25676.99,24749.88,30170.88,24749.88,30170.88,27382.53,32803.53,27382.53,12358.92,24049.33,27484.95,46410.70,18530.12,24049.33,27484.95,46410.70,19672.90,16212.21,21545.21,526.59,630.84,0.47,0.79,0.87,1.32,0.64,0.79,0.87,1.32,0.55,0.50,1.00,1.00,1.00,1.00,0.39,0.37,0.76,0.77,0.76,0.77,0.79,0.45,0.88,0.88,0.47,0.88,0.88,0.43,0.88,0.88
AUT,40,2017,3959,5891,0.67,2341,1626,1887,1.44,1.00,50,45,0,0,0,,,,,12457.76,24554.86,28062.70,47458.26,18678.38,24554.86,28062.70,47458.26,,40056.88,0.31,0.61,0.70,1.18,0.47,0.61,0.70,1.18,,3329,4508,4260,0.74,0.78,0,30,104,52,0,0,,,,,293.09,293.09,43.08,293.09,373.52,316.97,316.97,58.75,316.97,393.89,770.32,0.38,0.38,0.06,0.38,0.48,0.41,0.41,0.08,0.41,0.51,7075,4508,5891,1.00,1.00,0,78,0,0,0,0,,,,,770.32,580.71,0.00,628.11,1015.15,770.32,580.71,0.00,628.11,1015.15,770.32,1.00,0.75,0.00,0.82,1.32,1.00,0.75,0.00,0.82,1.32,6426,4508,1.00,0,104,0,0,0,0,,,,,770.32,580.71,0.00,628.11,957.69,770.32,580.71,0.00,628.11,957.69,770.32,1.00,0.75,0.00,0.82,1.24,1.00,0.75,0.00,0.82,1.24,20893.37,25958.39,25105.83,30526.83,25105.83,30526.83,27786.06,33207.06,27786.06,12457.76,24554.86,28062.70,47458.26,18678.38,24554.86,28062.70,47458.26,20028.44,16446.74,21779.74,534.35,638.60,0.45,0.76,0.84,1.27,0.61,0.76,0.84,1.27,0.55,0.50,1.00,1.00,1.00,1.00,0.39,0.37,0.76,0.77,0.76,0.77,0.76,0.45,0.88,0.88,0.47,0.88,0.88,0.43,0.88,0.88
AUT,40,2018,4060,5904,0.69,2364,1647,1917,1.44,1.00,50,45,0,0,0,,,,,12731.88,24965.17,28531.63,48385.27,19089.28,24965.17,28531.63,48385.27,,41272.93,0.31,0.60,0.69,1.17,0.46,0.60,0.69,1.17,,3442,4539,4319,0.76,0.80,0,30,104,52,0,0,,,,,300.36,300.36,44.15,300.36,381.43,324.25,324.25,59.82,324.25,401.80,793.71,0.38,0.38,0.06,0.38,0.48,0.41,0.41,0.08,0.41,0.51,7133,4539,5904,1.00,1.00,0,78,0,0,0,0,,,,,793.71,598.34,0.00,647.18,1045.73,793.71,598.34,0.00,647.18,1045.73,793.71,1.00,0.75,0.00,0.82,1.32,1.00,0.75,0.00,0.82,1.32,6511,4539,1.00,0,104,0,0,0,0,,,,,793.71,598.34,0.00,647.18,986.54,793.71,598.34,0.00,647.18,986.54,793.71,1.00,0.75,0.00,0.82,1.24,1.00,0.75,0.00,0.82,1.24,21403.99,26527.81,25873.75,31353.55,25873.75,31353.55,28476.15,33955.95,28476.15,12731.88,24965.17,28531.63,48385.27,19089.28,24965.17,28531.63,48385.27,20636.47,16875.53,22267.33,547.62,653.00,0.45,0.76,0.84,1.27,0.61,0.76,0.84,1.27,0.55,0.50,1.00,1.00,1.00,1.00,0.39,0.36,0.78,0.78,0.78,0.78,0.76,0.45,0.89,0.89,0.47,0.89,0.89,0.43,0.89,0.89
AUT,40,2019,4134,5916,0.70,2396,1669,1948,1.44,1.00,50,45,0,0,0,,,,,13062.84,25574.37,29227.85,49705.29,19585.58,25574.37,29227.85,49705.29,,42276.09,0.31,0.60,0.69,1.18,0.46,0.60,0.69,1.18,,3510,4559,4355,0.77,0.81,0,30,104,52,0,0,,,,,306.37,306.37,45.18,306.37,395.22,358.65,358.65,60.85,358.65,415.59,813.00,0.38,0.38,0.06,0.38,0.49,0.44,0.44,0.07,0.44,0.51,7195,4559,5916,1.00,1.00,0,78,0,0,0,0,,,,,813.00,612.88,0.00,662.91,1064.08,813.00,612.88,0.00,662.91,1064.08,813.00,1.00,0.75,0.00,0.82,1.31,1.00,0.75,0.00,0.82,1.31,6572,4559,1.00,0,104,0,0,0,0,,,,,813.00,612.88,0.00,662.91,1003.85,813.00,612.88,0.00,662.91,1003.85,813.00,1.00,0.75,0.00,0.82,1.23,1.00,0.75,0.00,0.82,1.23,21801.70,29838.24,26542.84,34714.64,26542.84,34714.64,29045.43,37217.23,29045.43,13062.84,25574.37,29227.85,49705.29,19585.58,25574.37,29227.85,49705.29,21138.04,17207.06,25378.86,558.57,715.72,0.45,0.75,0.83,1.27,0.61,0.75,0.83,1.27,0.55,0.50,1.00,1.00,1.00,1.00,0.39,0.38,0.79,0.79,0.79,0.79,0.75,0.45,0.89,0.89,0.47,0.89,0.89,0.44,0.89,0.89
AUT,40,2020,4067,5926,0.69,2436,1694,1983,1.44,1.00,50,45,0,0,0,,,,,13533.10,26287.50,30042.86,51183.07,20608.00,26287.50,30042.86,51183.07,,43540.00,0.31,0.60,0.69,1.18,0.47,0.60,0.69,1.18,,3446,4540,4297,0.76,0.80,0,30,104,52,0,0,,,,,317.63,317.63,46.52,317.63,403.06,369.91,369.91,62.19,369.91,423.43,837.31,0.38,0.38,0.06,0.38,0.48,0.44,0.44,0.07,0.44,0.51,7224,4540,5926,1.00,1.00,0,78,0,0,0,0,,,,,837.31,631.20,0.00,682.73,1094.65,837.31,631.20,0.00,682.73,1094.65,837.31,1.00,0.75,0.00,0.82,1.31,1.00,0.75,0.00,0.82,1.31,6515,4540,1.00,0,104,0,0,0,0,,,,,837.31,631.20,0.00,682.73,1032.69,837.31,631.20,0.00,682.73,1032.69,837.31,1.00,0.75,0.00,0.82,1.23,1.00,0.75,0.00,0.82,1.23,22588.09,31418.79,27535.27,36427.07,27535.27,36427.07,30112.68,39004.48,30112.68,13533.10,26287.50,30042.86,51183.07,20608.00,26287.50,30042.86,51183.07,21770.00,18069.27,26961.07,579.09,750.09,0.46,0.76,0.85,1.28,0.64,0.76,0.85,1.28,0.55,0.49,1.00,1.00,1.00,1.00,0.38,0.37,0.79,0.79,0.79,0.79,0.76,0.45,0.89,0.89,0.46,0.89,0.89,0.43,0.89,0.89
AUT,40,2021,4181,5931,0.70,2467,1716,2016,1.44,1.00,50,45,0,0,0,,,,,14006.72,26972.96,30826.24,52537.91,22097.04,26972.96,30826.24,52537.91,,44850.00,0.31,0.60,0.69,1.17,0.49,0.60,0.69,1.17,,3550,4590,4306,0.77,0.82,0,30,104,52,0,0,,,,,324.99,324.99,47.44,324.99,416.36,377.27,377.27,63.11,377.27,436.73,862.50,0.38,0.38,0.06,0.38,0.48,0.44,0.44,0.07,0.44,0.51,7289,4590,5931,1.00,1.00,0,78,0,0,0,0,,,,,862.50,650.19,0.00,703.27,1121.15,862.50,650.19,0.00,703.27,1121.15,862.50,1.00,0.75,0.00,0.82,1.30,1.00,0.75,0.00,0.82,1.30,6620,4590,1.00,0,104,0,0,0,0,,,,,862.50,650.19,0.00,703.27,1057.69,862.50,650.19,0.00,703.27,1057.69,862.50,1.00,0.75,0.00,0.82,1.23,1.00,0.75,0.00,0.82,1.23,23095.07,31070.94,28180.13,36351.93,28180.13,36351.93,30810.93,38982.73,30810.93,14006.72,26972.96,30826.24,52537.91,22097.04,26972.96,30826.24,52537.91,22425.00,18472.91,26644.71,592.52,749.67,0.46,0.75,0.83,1.26,0.65,0.75,0.83,1.26,0.55,0.50,1.00,1.00,1.00,1.00,0.37,0.36,0.79,0.79,0.79,0.79,0.75,0.45,0.89,0.89,0.46,0.89,0.89,0.43,0.89,0.89
AUT,40,2022,4312,5980,0.72,2503,1746,2054,1.43,1.00,50,45,0,0,0,,,,,14426.86,27609.02,31553.16,53753.75,22759.94,27609.02,31553.16,53753.75,,46200.00,0.31,0.60,0.68,1.16,0.49,0.60,0.68,1.16,,3667,4664,4442,0.79,0.83,0,30,104,52,0,0,,,,,335.80,335.80,49.99,335.80,422.24,398.63,398.63,65.66,398.63,442.61,888.46,0.38,0.38,0.06,0.38,0.48,0.45,0.45,0.07,0.45,0.50,7426,4664,5980,1.00,1.00,0,78,0,0,0,0,,,,,888.46,669.76,0.00,724.44,1155.81,888.46,669.76,0.00,724.44,1155.81,888.46,1.00,0.75,0.00,0.82,1.30,1.00,0.75,0.00,0.82,1.30,6740,4664,1.00,0,104,0,0,0,0,,,,,888.46,669.76,0.00,724.44,1090.38,888.46,669.76,0.00,724.44,1090.38,888.46,1.00,0.75,0.00,0.82,1.23,1.00,0.75,0.00,0.82,1.23,24638.13,35388.72,29829.29,40511.09,29829.29,40511.09,32485.71,43167.51,33135.71,14426.86,27609.02,31553.16,53753.75,22759.94,27609.02,31553.16,53753.75,23100.00,19640.76,30322.56,624.73,830.14,0.50,0.77,0.86,1.29,0.70,0.79,0.88,1.31,0.54,0.48,1.00,1.00,1.00,1.00,0.39,0.39,0.79,0.79,0.79,0.79,0.78,0.45,0.90,0.90,0.46,0.90,0.90,0.44,0.90,0.90
AUT,40,2023,4374,6024,0.73,2548,1781,2101,1.43,1.00,50,45,0,0,0,,,,,15543.64,28328.83,32375.81,55167.82,24521.84,28328.83,32375.81,55167.82,,47590.00,0.33,0.60,0.68,1.16,0.52,0.60,0.68,1.16,,3715,4724,4483,0.79,0.83,0,30,104,52,0,0,,,,,351.20,351.20,53.86,351.20,504.07,414.02,414.02,69.53,414.02,524.44,915.19,0.38,0.38,0.06,0.38,0.55,0.45,0.45,0.08,0.45,0.57,7533,4724,6024,1.00,1.00,0,78,0,0,0,0,,,,,915.19,689.91,0.00,746.23,1192.50,915.19,689.91,0.00,746.23,1192.50,915.19,1.00,0.75,0.00,0.82,1.30,1.00,0.75,0.00,0.82,1.30,6809,4724,1.00,0,104,0,0,0,0,,,,,915.19,689.91,0.00,746.23,1125.00,915.19,689.91,0.00,746.23,1125.00,915.19,1.00,0.75,0.00,0.82,1.23,1.00,0.75,0.00,0.82,1.23,25024.36,34712.09,30320.21,39776.01,30320.21,39776.01,33295.16,42750.96,33295.16,15543.64,28328.83,32375.81,55167.82,24521.84,28328.83,32375.81,55167.82,23795.00,19577.53,29033.33,640.29,822.13,0.47,0.74,0.83,1.25,0.65,0.73,0.81,1.23,0.55,0.50,1.00,1.00,1.00,1.00,0.40,0.41,0.78,0.78,0.78,0.78,0.73,0.47,0.89,0.89,0.47,0.89,0.89,0.46,0.89,0.89
BEL,56,2000,4093,6722,0.61,1949,1729,1729,1.13,1.00,50,45,0,0,1,,,,,346762.00,360914.22,424598.71,663018.05,433328.00,451142.77,530748.38,828772.56,,975730.61,0.36,0.37,0.44,0.68,0.44,0.46,0.54,0.85,,2848,4401,3446,0.65,0.83,0,1820,78,52,0,0,,,,,8210.30,8210.30,5286.00,8210.30,8210.30,8210.30,8210.30,7206.00,8210.30,8210.30,18764.05,0.44,0.44,0.28,0.44,0.44,0.44,0.44,0.38,0.44,0.44,3850,4401,6722,0.87,0.57,1,52,26,20,0,0,,,,,18764.05,11547.11,0.00,11547.11,13927.57,18764.05,11547.11,0.00,11547.11,13927.57,18764.05,1.00,0.62,0.00,0.62,0.74,1.00,0.62,0.00,0.62,0.74,3408,4401,0.77,0,1820,0,0,0,0,,,,,18712.64,18712.64,3775.40,18712.64,18876.99,18712.64,18712.64,3775.40,18712.64,18876.99,18764.05,1.00,1.00,0.20,1.00,1.01,1.00,1.00,0.20,1.00,1.01,479204.93,691525.90,519398.45,739970.81,603302.66,836862.11,603820.46,837452.28,698433.28,346762.00,360914.22,424598.71,663018.05,433328.00,451142.77,530748.38,828772.56,487865.30,372635.92,528773.31,11611.93,16104.85,0.50,0.52,0.58,0.79,0.58,0.60,0.68,0.95,0.44,0.44,1.00,1.00,1.00,1.00,0.46,0.53,0.63,0.68,1.00,1.00,0.56,0.47,0.83,1.00,0.45,0.82,1.00,0.48,0.84,1.00
BEL,56,2001,4056,6743,0.60,1979,1750,1750,1.13,1.00,50,45,0,0,1,,,,,365947.00,375295.91,436890.40,691290.44,457281.00,469119.89,546113.00,864113.06,,1019284.39,0.36,0.37,0.43,0.68,0.45,0.46,0.54,0.85,,2877,4343,3442,0.66,0.84,0,1820,78,52,0,0,,,,,8374.43,8374.43,5520.00,8374.43,8374.43,8374.43,8374.43,7350.00,8374.43,8374.43,19601.62,0.43,0.43,0.28,0.43,0.43,0.43,0.43,0.37,0.43,0.43,3889,4343,6743,0.90,0.58,1,52,26,20,0,0,,,,,19601.62,12062.54,0.00,12062.54,14205.97,19601.62,12062.54,0.00,12062.54,14205.97,19601.62,1.00,0.62,0.00,0.62,0.72,1.00,0.62,0.00,0.62,0.72,3442,4343,0.79,0,1820,0,0,0,0,,,,,19547.92,19547.92,3775.40,19547.92,18876.99,19547.92,19547.92,3775.40,19547.92,18876.99,19601.62,1.00,1.00,0.19,1.00,0.96,1.00,1.00,0.19,1.00,0.96,495568.01,709286.85,539993.19,762175.97,624573.90,859831.59,625114.82,860448.09,723077.54,365947.00,375295.91,436890.40,691290.44,457281.00,469119.89,546113.00,864113.06,509642.19,387266.93,545223.96,12021.44,16547.08,0.51,0.52,0.57,0.79,0.59,0.60,0.68,0.95,0.43,0.43,1.00,1.00,1.00,1.00,0.46,0.52,0.64,0.69,1.00,1.00,0.56,0.46,0.83,1.00,0.44,0.82,1.00,0.47,0.84,1.00
BEL,56,2002,4070,6771,0.60,1999,1769,1769,1.13,1.00,50,45,0,0,1,,,,,9253.95,9704.11,11202.13,17837.39,11562.32,12130.14,14002.67,22296.73,,26236.63,0.35,0.37,0.43,0.68,0.44,0.46,0.53,0.85,,2936,4400,3443,0.67,0.85,0,1820,78,52,0,0,,,,,227.52,227.52,174.18,227.52,227.52,227.52,227.52,208.26,227.52,227.52,504.55,0.45,0.45,0.35,0.45,0.45,0.45,0.45,0.41,0.45,0.45,3928,4400,6771,0.89,0.58,1,52,26,20,0,0,,,,,504.55,310.49,0.00,310.49,359.19,504.55,310.49,0.00,310.49,359.19,504.55,1.00,0.62,0.00,0.62,0.71,1.00,0.62,0.00,0.62,0.71,3513,4400,0.80,0,1820,0,0,0,0,,,,,503.17,503.17,97.37,503.17,486.86,503.17,503.17,97.37,503.17,486.86,504.55,1.00,1.00,0.19,1.00,0.96,1.00,1.00,0.19,1.00,0.96,13602.49,19113.48,14973.37,20667.30,17238.94,23264.19,16046.10,22073.30,18546.14,9253.95,9704.11,11202.13,17837.39,11562.32,12130.14,14002.67,22296.73,13118.32,10003.35,14034.78,308.58,424.49,0.58,0.60,0.68,0.90,0.62,0.65,0.76,1.03,0.45,0.45,1.00,1.00,1.00,1.00,0.60,0.63,0.82,0.83,1.20,1.15,0.63,0.53,0.91,1.00,0.52,0.91,1.00,0.54,0.91,1.00
BEL,56,2003,4070,6797,0.60,2015,1785,1785,1.13,1.00,50,45,0,0,1,,,,,9438.10,9993.67,11464.50,18555.02,11793.71,12492.09,14330.62,23193.77,,26732.51,0.35,0.37,0.43,0.69,0.44,0.47,0.54,0.87,,2951,4433,3460,0.67,0.85,0,1820,78,52,0,0,,,,,227.52,227.52,174.18,227.52,227.52,227.52,227.52,208.26,227.52,227.52,514.09,0.44,0.44,0.34,0.44,0.44,0.44,0.44,0.41,0.44,0.44,3967,4433,6797,0.90,0.58,1,52,26,20,0,0,,,,,514.09,316.36,0.00,316.36,366.39,514.09,316.36,0.00,316.36,366.39,514.09,1.00,0.62,0.00,0.62,0.71,1.00,0.62,0.00,0.62,0.71,3530,4433,0.80,0,1820,0,0,0,0,,,,,512.68,512.68,99.32,512.68,496.59,512.68,512.68,99.32,512.68,496.59,514.09,1.00,1.00,0.19,1.00,0.97,1.00,1.00,0.19,1.00,0.97,14017.07,19396.97,15449.92,21159.24,17733.99,23867.68,16519.76,22655.42,19109.00,9438.10,9993.67,11464.50,18555.02,11793.71,12492.09,14330.62,23193.77,13366.25,10342.53,14254.61,317.69,435.68,0.57,0.60,0.68,0.91,0.62,0.65,0.75,1.04,0.44,0.44,1.00,1.00,1.00,1.00,0.59,0.61,0.83,0.82,1.20,1.14,0.63,0.52,0.91,1.00,0.52,0.91,1.00,0.53,0.91,1.00
BEL,56,2004,4139,6827,0.61,2019,1799,1799,1.12,1.00,50,45,0,0,1,,,,,9991.63,10297.74,11758.76,19272.69,12485.61,12872.17,14698.45,24090.86,,27476.33,0.36,0.37,0.43,0.70,0.45,0.47,0.53,0.88,,3011,4518,3521,0.67,0.86,0,1820,78,52,0,0,,,,,232.06,232.06,195.60,232.06,232.06,232.06,232.06,212.46,232.06,232.06,528.39,0.44,0.44,0.37,0.44,0.44,0.44,0.44,0.40,0.44,0.44,4008,4518,6827,0.89,0.59,1,52,26,20,0,0,,,,,528.39,325.16,0.00,325.16,373.70,528.39,325.16,0.00,325.16,373.70,528.39,1.00,0.62,0.00,0.62,0.71,1.00,0.62,0.00,0.62,0.71,3602,4518,0.80,0,1820,0,0,0,0,,,,,526.94,526.94,100.84,526.94,506.51,526.94,526.94,100.84,526.94,506.51,528.39,1.00,1.00,0.19,1.00,0.96,1.00,1.00,0.19,1.00,0.96,14379.96,19875.35,15902.72,21773.46,18236.52,24684.96,17017.82,23469.48,19858.73,9991.63,10297.74,11758.76,19272.69,12485.61,12872.17,14698.45,24090.86,13738.17,10662.99,14630.47,327.27,451.34,0.59,0.61,0.68,0.91,0.63,0.65,0.74,1.04,0.44,0.44,1.00,1.00,1.00,1.00,0.58,0.59,0.82,0.81,1.19,1.14,0.63,0.51,0.91,1.00,0.51,0.91,1.00,0.52,0.90,1.00
BEL,56,2005,4235,6870,0.62,2042,1812,1812,1.13,1.00,50,45,0,0,1,,,,,10191.95,10720.99,12201.25,20005.00,12735.93,13401.24,15251.57,25006.25,,28197.61,0.36,0.38,0.43,0.71,0.45,0.48,0.54,0.89,,3041,4626,3590,0.66,0.85,0,1820,78,52,0,0,,,,,236.72,236.72,181.26,236.72,236.72,236.72,236.72,216.72,236.72,236.72,542.26,0.44,0.44,0.33,0.44,0.44,0.44,0.44,0.40,0.44,0.44,4099,4626,6870,0.89,0.60,1,52,26,20,0,0,,,,,542.26,333.70,0.00,333.70,381.20,542.26,333.70,0.00,333.70,381.20,542.26,1.00,0.62,0.00,0.62,0.70,1.00,0.62,0.00,0.62,0.70,3639,4626,0.79,0,1820,0,0,0,0,,,,,540.78,540.78,102.37,540.78,628.05,540.78,540.78,102.37,540.78,628.05,542.26,1.00,1.00,0.19,1.00,1.16,1.00,1.00,0.19,1.00,1.16,14710.67,20371.07,16290.50,22324.16,18677.00,25295.18,17439.83,24061.32,20352.97,10191.95,10720.99,12201.25,20005.00,12735.93,13401.24,15251.57,25006.25,14098.81,10924.14,15020.70,335.38,462.72,0.58,0.61,0.68,0.92,0.63,0.66,0.75,1.05,0.44,0.44,1.00,1.00,1.00,1.00,0.58,0.59,0.82,0.81,1.19,1.14,0.64,0.51,0.91,1.00,0.51,0.91,1.00,0.51,0.90,1.00
BEL,56,2006,4264,6918,0.62,2069,1826,1826,1.13,1.00,50,45,0,0,0,,,,,10395.95,13511.53,15062.17,20737.34,12990.85,16272.49,18210.79,25921.67,,28896.35,0.36,0.47,0.52,0.72,0.45,0.56,0.63,0.90,,3057,4647,3621,0.66,0.84,0,1820,78,52,0,0,,,,,236.72,236.72,184.86,236.72,236.72,236.72,236.72,221.04,236.72,236.72,555.70,0.43,0.43,0.33,0.43,0.43,0.43,0.43,0.40,0.43,0.43,4104,4647,6918,0.88,0.59,1,52,26,20,0,0,,,,,555.70,341.97,0.00,341.97,388.82,555.70,341.97,0.00,341.97,388.82,555.70,1.00,0.62,0.00,0.62,0.70,1.00,0.62,0.00,0.62,0.70,3657,4647,0.79,0,1820,0,0,0,0,,,,,498.76,498.76,94.86,498.76,576.55,498.76,498.76,94.86,498.76,576.55,555.70,0.90,0.90,0.17,0.90,1.04,0.90,0.90,0.17,0.90,1.04,14949.80,20706.77,16740.03,22877.41,18536.57,25158.51,17910.09,24658.92,20891.30,10395.95,13511.53,15062.17,20737.34,12990.85,16272.49,18210.79,25921.67,14448.17,11076.41,15356.40,344.42,474.21,0.60,0.71,0.76,0.92,0.62,0.78,0.85,1.06,0.43,0.43,1.00,1.00,0.90,0.90,0.57,0.58,0.83,0.81,1.09,1.05,0.74,0.50,0.91,0.99,0.50,0.91,0.99,0.50,0.90,0.98
BEL,56,2007,4380,6978,0.63,2077,1838,1838,1.13,1.00,50,45,0,0,0,,,,,10603.65,13931.35,15593.71,21471.65,13250.39,16790.19,18868.14,26839.57,,29482.39,0.36,0.47,0.53,0.73,0.45,0.57,0.64,0.91,,3141,4733,3731,0.66,0.84,0,1820,78,52,0,0,,,,,246.28,246.28,188.58,246.28,246.28,246.28,246.28,225.42,246.28,246.28,566.97,0.43,0.43,0.33,0.43,0.43,0.43,0.43,0.40,0.43,0.43,4153,4733,6978,0.88,0.60,1,52,26,20,0,0,,,,,566.97,348.90,0.00,348.90,404.53,566.97,348.90,0.00,348.90,404.53,566.97,1.00,0.62,0.00,0.62,0.71,1.00,0.62,0.00,0.62,0.71,3738,4733,0.79,0,1820,0,0,0,0,,,,,508.87,508.87,96.76,508.87,593.95,508.87,508.87,96.76,508.87,593.95,566.97,0.90,0.90,0.17,0.90,1.05,0.90,0.90,0.17,0.90,1.05,15338.94,21233.32,17093.45,23345.46,18925.44,25670.41,18286.47,25160.91,21319.71,10603.65,13931.35,15593.71,21471.65,13250.39,16790.19,18868.14,26839.57,14741.19,11314.41,15667.04,351.66,483.86,0.60,0.71,0.76,0.93,0.62,0.79,0.86,1.06,0.43,0.43,1.00,1.00,0.90,0.90,0.58,0.59,0.83,0.81,1.09,1.05,0.75,0.51,0.91,0.99,0.51,0.91,0.99,0.51,0.90,0.98
BEL,56,2008,4446,7043,0.63,2113,1849,1849,1.14,1.00,50,45,0,0,0,,,,,11032.28,14591.55,16427.64,22205.72,13786.01,17602.95,19898.07,27757.15,,30519.24,0.36,0.48,0.54,0.73,0.45,0.58,0.65,0.91,,3181,4779,3814,0.67,0.83,0,1820,78,52,0,0,,,,,253.73,253.73,196.02,253.73,253.73,253.73,253.73,234.24,253.73,253.73,586.91,0.43,0.43,0.33,0.43,0.43,0.43,0.43,0.40,0.43,0.43,4228,4779,7043,0.88,0.60,1,52,26,20,0,0,,,,,586.91,361.17,0.00,361.17,416.75,586.91,361.17,0.00,361.17,416.75,586.91,1.00,0.62,0.00,0.62,0.71,1.00,0.62,0.00,0.62,0.71,3775,4779,0.79,0,1820,0,0,0,0,,,,,526.77,526.77,98.69,526.77,605.83,526.77,526.77,98.69,526.77,605.83,586.91,0.90,0.90,0.17,0.90,1.03,0.90,0.90,0.17,0.90,1.03,15836.21,22086.60,17596.48,24232.71,19508.83,26694.68,18817.16,26204.65,22094.43,11032.28,14591.55,16427.64,22205.72,13786.01,17602.95,19898.07,27757.15,15259.62,11710.64,16351.89,361.87,503.94,0.60,0.72,0.77,0.93,0.62,0.79,0.86,1.06,0.43,0.43,1.00,1.00,0.90,0.90,0.58,0.58,0.83,0.80,1.10,1.05,0.76,0.51,0.91,0.99,0.51,0.91,1.00,0.51,0.90,0.97
BEL,56,2009,4421,7106,0.62,2159,1864,1864,1.16,1.00,50,45,0,0,0,,,,,11707.19,15069.14,17066.41,22939.71,14629.39,18174.12,20670.70,28674.64,,31301.19,0.37,0.48,0.55,0.73,0.47,0.58,0.66,0.92,,3167,4800,3767,0.66,0.84,0,1820,78,52,0,0,,,,,258.77,258.77,203.94,258.77,258.77,258.77,258.77,243.72,258.77,258.77,601.95,0.43,0.43,0.34,0.43,0.43,0.43,0.43,0.40,0.43,0.43,4265,4800,7106,0.89,0.60,1,52,26,20,0,0,,,,,601.95,370.43,0.00,370.43,433.58,601.95,370.43,0.00,370.43,433.58,601.95,1.00,0.62,0.00,0.62,0.72,1.00,0.62,0.00,0.62,0.72,3761,4800,0.78,0,1820,0,0,0,0,,,,,540.27,540.27,102.68,540.27,635.35,540.27,540.27,102.68,540.27,635.35,601.95,0.90,0.90,0.17,0.90,1.06,0.90,0.90,0.17,0.90,1.06,16352.30,22613.48,18182.80,24963.20,20206.74,27593.71,19436.18,27030.93,22801.96,11707.19,15069.14,17066.41,22939.71,14629.39,18174.12,20670.70,28674.64,15650.59,12120.73,16764.86,373.77,519.83,0.64,0.72,0.78,0.93,0.64,0.80,0.87,1.07,0.43,0.43,1.00,1.00,0.90,0.90,0.58,0.57,0.83,0.80,1.11,1.05,0.76,0.50,0.91,0.99,0.50,0.91,1.00,0.50,0.90,0.98
BEL,56,2010,4489,7167,0.63,2178,1889,1889,1.15,1.00,50,45,0,0,0,,,,,12058.41,15335.48,17472.23,23673.83,15068.27,18493.87,21164.81,29592.28,,31656.62,0.38,0.48,0.55,0.75,0.48,0.58,0.67,0.93,,3226,4895,3844,0.66,0.84,0,1820,78,52,0,0,,,,,305.51,305.51,203.94,305.51,305.51,305.51,305.51,243.72,305.51,305.51,608.78,0.50,0.50,0.33,0.50,0.50,0.50,0.50,0.40,0.50,0.50,4292,4895,7167,0.88,0.60,1,52,26,20,0,0,,,,,608.78,374.63,0.00,374.63,437.05,608.78,374.63,0.00,374.63,437.05,608.78,1.00,0.62,0.00,0.62,0.72,1.00,0.62,0.00,0.62,0.72,3816,4895,0.78,0,1820,0,0,0,0,,,,,546.40,546.40,102.68,546.40,635.35,546.40,546.40,102.68,546.40,635.35,608.78,0.90,0.90,0.17,0.90,1.04,0.90,0.90,0.17,0.90,1.04,17138.81,23398.21,18288.99,24797.44,20340.08,27439.71,19593.53,26902.50,22990.69,12058.41,15335.48,17472.23,23673.83,15068.27,18493.87,21164.81,29592.28,15828.31,12210.07,16924.40,376.80,517.36,0.65,0.72,0.79,0.94,0.66,0.80,0.88,1.08,0.50,0.50,1.00,1.00,0.90,0.90,0.67,0.65,0.82,0.79,1.10,1.05,0.76,0.58,0.90,0.99,0.58,0.91,1.00,0.58,0.89,0.98
BEL,56,2011,4509,7246,0.62,2227,1924,1924,1.16,1.00,50,45,0,0,0,,,,,12299.77,15825.54,18145.23,24413.13,15369.88,19101.95,22001.56,30516.41,,32543.01,0.38,0.49,0.56,0.75,0.47,0.59,0.68,0.94,,3264,4856,3864,0.67,0.84,0,1820,78,52,0,0,,,,,305.51,305.51,208.02,305.51,305.51,305.51,305.51,248.58,305.51,305.51,625.83,0.49,0.49,0.33,0.49,0.49,0.49,0.49,0.40,0.49,0.49,4318,4856,7246,0.89,0.60,1,52,26,20,0,0,,,,,625.83,385.12,0.00,385.12,437.05,625.83,385.12,0.00,385.12,437.05,625.83,1.00,0.62,0.00,0.62,0.70,1.00,0.62,0.00,0.62,0.70,3833,4856,0.79,0,1820,0,0,0,0,,,,,561.70,561.70,104.73,561.70,648.05,561.70,561.70,104.73,561.70,648.05,625.83,0.90,0.90,0.17,0.90,1.04,0.90,0.90,0.17,0.90,1.04,17436.94,24129.36,18680.68,25660.64,20798.09,28372.08,20106.34,27893.58,23591.91,12299.77,15825.54,18145.23,24413.13,15369.88,19101.95,22001.56,30516.41,16271.50,12524.16,17356.38,386.66,536.41,0.65,0.72,0.79,0.94,0.65,0.80,0.88,1.08,0.49,0.49,1.00,1.00,0.90,0.90,0.65,0.64,0.81,0.79,1.09,1.05,0.76,0.57,0.90,0.98,0.57,0.91,0.99,0.57,0.89,0.97
BEL,56,2012,4524,7272,0.62,2294,1954,1954,1.17,1.00,50,45,0,0,0,,,,,12796.00,16385.59,18892.01,25152.27,15989.96,19783.86,22916.88,31440.34,,33556.02,0.38,0.49,0.56,0.75,0.48,0.59,0.68,0.94,,3258,4893,3875,0.67,0.84,0,1820,78,52,0,0,,,,,321.81,321.81,216.42,321.81,321.81,321.81,321.81,258.66,321.81,321.81,645.31,0.50,0.50,0.34,0.50,0.50,0.50,0.50,0.40,0.50,0.50,4346,4893,7272,0.89,0.60,1,52,26,20,0,0,,,,,645.31,397.11,0.00,397.11,457.87,645.31,397.11,0.00,397.11,457.87,645.31,1.00,0.62,0.00,0.62,0.71,1.00,0.62,0.00,0.62,0.71,3824,4893,0.78,0,1820,0,0,0,0,,,,,579.19,579.19,106.82,579.19,665.64,579.19,579.19,106.82,579.19,665.64,645.31,0.90,0.90,0.17,0.90,1.03,0.90,0.90,0.17,0.90,1.03,18012.25,24927.69,19183.52,26371.25,21387.82,29196.13,20753.57,28782.28,24350.08,12796.00,16385.59,18892.01,25152.27,15989.96,19783.86,22916.88,31440.34,16778.01,12931.71,17887.48,399.11,553.51,0.65,0.72,0.79,0.93,0.66,0.80,0.88,1.07,0.50,0.50,1.00,1.00,0.90,0.90,0.65,0.65,0.80,0.78,1.08,1.04,0.76,0.57,0.89,0.98,0.57,0.90,0.99,0.57,0.89,0.97
BEL,56,2013,4530,7282,0.62,2417,1985,1985,1.22,1.00,50,45,0,0,0,,,,,13313.61,16869.14,19550.22,25906.40,16636.77,20369.64,23720.99,32383.00,,34189.15,0.39,0.49,0.57,0.76,0.49,0.60,0.69,0.95,,3265,4947,3847,0.66,0.85,0,1820,91,52,0,0,,,,,362.73,348.78,225.18,348.78,348.78,362.73,348.78,269.10,348.78,348.78,657.48,0.55,0.53,0.34,0.53,0.53,0.55,0.53,0.41,0.53,0.53,4360,4947,7282,0.88,0.60,1,52,26,20,0,0,,,,,657.48,404.61,0.00,404.61,476.39,657.48,404.61,0.00,404.61,476.39,657.48,1.00,0.62,0.00,0.62,0.72,1.00,0.62,0.00,0.62,0.72,3830,4947,0.77,0,1820,0,0,0,0,,,,,590.11,590.11,111.14,590.11,692.53,590.11,590.11,111.14,590.11,692.53,657.48,0.90,0.90,0.17,0.90,1.05,0.90,0.90,0.17,0.90,1.05,18617.25,25726.72,19547.89,26864.71,21796.83,29765.38,21196.11,29390.54,24867.71,13313.61,16869.14,19550.22,25906.40,16636.77,20369.64,23720.99,32383.00,17094.58,13216.13,18223.22,407.62,565.20,0.64,0.72,0.80,0.94,0.67,0.80,0.89,1.08,0.55,0.55,1.00,1.00,0.90,0.90,0.68,0.67,0.79,0.77,1.08,1.03,0.76,0.61,0.89,0.98,0.61,0.90,0.99,0.61,0.89,0.97
BEL,56,2014,4544,7291,0.62,2436,2015,2015,1.21,1.00,50,45,0,0,0,,,,,13480.03,15592.31,19674.40,26660.73,16844.72,19124.82,23909.20,33325.91,,34569.03,0.39,0.45,0.57,0.77,0.49,0.55,0.69,0.96,,3271,4967,3880,0.66,0.84,0,1820,91,52,0,0,,,,,369.99,355.76,219.96,355.76,355.76,369.99,355.76,261.90,355.76,355.76,664.79,0.56,0.54,0.33,0.54,0.54,0.56,0.54,0.39,0.54,0.54,4366,4967,7285,0.88,0.60,1,52,26,20,0,0,,,,,664.79,409.10,0.00,409.10,485.92,664.79,409.10,0.00,409.10,485.92,664.79,1.00,0.62,0.00,0.62,0.73,1.00,0.62,0.00,0.62,0.73,3835,4967,0.77,0,1820,0,0,0,0,,,,,596.67,596.67,111.14,596.67,706.41,596.67,596.67,111.14,596.67,706.41,664.79,0.90,0.90,0.17,0.90,1.06,0.90,0.90,0.17,0.90,1.06,18914.00,26062.45,19888.35,27237.53,22235.24,30243.12,21431.70,29667.13,25142.92,13480.03,15592.31,19674.40,26660.73,16844.72,19124.82,23909.20,33325.91,17284.51,13362.60,18374.15,412.15,570.52,0.64,0.69,0.80,0.96,0.67,0.76,0.90,1.10,0.56,0.56,1.00,1.00,0.90,0.90,0.69,0.68,0.81,0.78,1.10,1.05,0.73,0.62,0.90,0.99,0.62,0.90,1.00,0.62,0.89,0.97
BEL,56,2015,4552,7306,0.62,2505,2045,2045,1.22,1.00,50,45,0,0,0,,,,,13480.03,15706.04,19920.69,27430.11,16844.72,19266.98,24217.06,34287.64,,34632.35,0.39,0.45,0.58,0.79,0.49,0.56,0.70,0.99,,3228,4973,3861,0.65,0.84,0,1820,91,52,0,0,,,,,369.99,355.76,219.96,355.76,355.76,369.99,355.76,261.90,355.76,355.76,666.01,0.56,0.53,0.33,0.53,0.53,0.56,0.53,0.39,0.53,0.53,4353,4973,7306,0.88,0.60,1,52,26,20,0,0,,,,,666.01,416.48,0.00,416.48,498.40,666.01,416.48,0.00,416.48,498.40,666.01,1.00,0.63,0.00,0.63,0.75,1.00,0.63,0.00,0.63,0.75,3789,4973,0.76,0,1820,0,0,0,0,,,,,597.76,597.76,111.14,597.76,706.41,597.76,597.76,111.14,597.76,706.41,666.01,0.90,0.90,0.17,0.90,1.06,0.90,0.90,0.17,0.90,1.06,19122.95,26230.38,20198.99,27517.51,22470.12,30453.14,21629.61,29843.36,25323.83,13480.03,15706.04,19920.69,27430.11,16844.72,19266.98,24217.06,34287.64,17316.17,13471.75,18392.67,415.95,573.91,0.63,0.69,0.80,0.96,0.67,0.76,0.90,1.11,0.56,0.56,1.00,1.00,0.90,0.90,0.69,0.68,0.82,0.80,1.10,1.05,0.73,0.62,0.91,0.99,0.62,0.91,1.00,0.62,0.90,0.98
BEL,56,2016,4586,7321,0.63,2570,2082,2082,1.23,1.00,50,45,0,0,0,,,,,13749.63,15978.74,20358.76,28199.56,17181.62,19607.85,24764.65,35249.46,,34823.83,0.39,0.46,0.58,0.81,0.49,0.56,0.71,1.01,,3307,4976,3906,0.66,0.85,0,1820,91,52,0,0,,,,,374.61,360.20,224.34,360.20,360.20,374.61,360.20,267.12,360.20,360.20,669.69,0.56,0.54,0.33,0.54,0.54,0.56,0.54,0.40,0.54,0.54,4344,4976,7321,0.87,0.59,0,52,26,20,0,0,,,,,669.69,418.78,0.00,418.78,509.95,669.69,418.78,0.00,418.78,509.95,669.69,1.00,0.63,0.00,0.63,0.76,1.00,0.63,0.00,0.63,0.76,3868,4976,0.78,0,1820,0,0,0,0,,,,,601.07,601.07,111.14,601.07,715.31,601.07,601.07,111.14,601.07,715.31,669.69,0.90,0.90,0.17,0.90,1.07,0.90,0.90,0.17,0.90,1.07,19872.92,26587.31,20950.39,27795.69,23255.70,31172.85,22426.35,30501.91,25945.62,13749.63,15978.74,20358.76,28199.56,17181.62,19607.85,24764.65,35249.46,17411.92,13897.79,18516.67,431.28,586.58,0.62,0.68,0.79,0.95,0.66,0.76,0.90,1.11,0.56,0.56,1.00,1.00,0.90,0.90,0.70,0.67,0.83,0.77,1.10,1.06,0.72,0.62,0.90,0.99,0.63,0.91,1.00,0.62,0.89,0.98
BEL,56,2017,4638,7334,0.63,2659,2114,2114,1.26,1.00,50,45,0,0,0,,,,,14305.03,16226.39,20737.90,28969.12,17875.65,19913.16,25230.60,36211.40,,35690.27,0.40,0.45,0.58,0.81,0.50,0.56,0.71,1.01,,3420,4992,3975,0.69,0.86,0,1820,91,52,0,0,,,,,382.11,367.41,228.84,367.41,367.41,382.11,367.41,272.46,367.41,367.41,686.35,0.56,0.54,0.33,0.54,0.54,0.56,0.54,0.40,0.54,0.54,4353,4992,7334,0.87,0.59,0,52,26,26,0,0,,,,,686.35,429.20,0.00,429.20,520.14,686.35,429.20,0.00,429.20,520.14,686.35,1.00,0.63,0.00,0.63,0.76,1.00,0.63,0.00,0.63,0.76,3973,4992,0.80,0,1820,0,0,0,0,,,,,616.02,616.02,113.37,616.02,729.59,616.02,616.02,113.37,616.02,729.59,686.35,0.90,0.90,0.17,0.90,1.06,0.90,0.90,0.17,0.90,1.06,20273.18,27151.78,21399.83,28435.63,23763.64,31827.55,23004.32,31223.30,26584.44,14305.03,16226.39,20737.90,28969.12,17875.65,19913.16,25230.60,36211.40,17845.13,14237.52,18959.56,442.39,600.45,0.63,0.67,0.78,0.95,0.67,0.75,0.89,1.11,0.56,0.56,1.00,1.00,0.90,0.90,0.69,0.67,0.82,0.77,1.09,1.05,0.71,0.62,0.90,0.98,0.62,0.91,0.99,0.61,0.89,0.97
BEL,56,2018,4755,7346,0.65,2744,2147,2147,1.28,1.00,50,45,0,0,0,,,,,14548.22,16668.16,21307.75,29751.75,18179.54,20462.33,25937.22,37189.69,,37412.44,0.39,0.45,0.57,0.80,0.49,0.55,0.69,0.99,,3488,5056,4088,0.69,0.85,0,1820,91,52,0,0,,,,,392.86,377.75,238.14,377.75,377.75,392.86,377.75,287.64,377.75,377.75,719.47,0.55,0.53,0.33,0.53,0.53,0.55,0.53,0.40,0.53,0.53,4379,5056,7346,0.87,0.60,0,52,26,26,0,0,,,,,719.47,449.91,0.00,449.91,524.30,719.47,449.91,0.00,449.91,524.30,719.47,1.00,0.63,0.00,0.63,0.73,1.00,0.63,0.00,0.63,0.73,4038,5056,0.80,0,1820,0,0,0,0,,,,,645.75,645.75,115.64,645.75,750.14,645.75,645.75,115.64,645.75,750.14,719.47,0.90,0.90,0.16,0.90,1.04,0.90,0.90,0.16,0.90,1.04,21341.50,28162.68,22627.17,29696.04,25010.01,33217.88,24255.29,32630.75,27917.54,14548.22,16668.16,21307.75,29751.75,18179.54,20462.33,25937.22,37189.69,18706.22,15252.57,19758.63,466.45,627.51,0.61,0.66,0.77,0.93,0.65,0.73,0.87,1.09,0.55,0.55,1.00,1.00,0.90,0.90,0.68,0.65,0.82,0.77,1.08,1.05,0.69,0.61,0.90,0.98,0.61,0.91,0.99,0.60,0.89,0.97
BEL,56,2019,4832,7366,0.66,2826,2184,2184,1.29,1.00,50,45,0,0,0,,,,,15196.38,17222.19,21978.75,30534.16,18989.48,21147.40,26762.00,38167.70,,40270.79,0.38,0.43,0.55,0.76,0.47,0.53,0.66,0.95,,3435,5106,4144,0.67,0.83,0,1820,91,52,0,0,,,,,400.71,385.29,242.88,385.29,385.29,400.71,385.29,293.34,385.29,385.29,774.44,0.52,0.50,0.31,0.50,0.50,0.52,0.50,0.38,0.50,0.50,4374,5106,7366,0.86,0.59,0,52,26,26,0,0,,,,,774.44,484.29,0.00,484.29,534.77,774.44,484.29,0.00,484.29,534.77,774.44,1.00,0.63,0.00,0.63,0.69,1.00,0.63,0.00,0.63,0.69,3980,5106,0.78,0,1820,0,0,0,0,,,,,695.08,695.08,117.95,695.08,765.15,695.08,695.08,117.95,695.08,765.15,774.44,0.90,0.90,0.15,0.90,0.99,0.90,0.90,0.15,0.90,0.99,22263.51,29536.66,23961.71,31744.98,26436.03,35156.20,25966.63,34956.87,30110.59,15196.38,17222.19,21978.75,30534.16,18989.48,21147.40,26762.00,38167.70,20135.40,16489.03,21055.74,499.36,672.25,0.59,0.63,0.73,0.89,0.63,0.70,0.83,1.04,0.52,0.52,1.00,1.00,0.90,0.90,0.61,0.61,0.79,0.77,1.05,1.01,0.66,0.56,0.89,0.96,0.56,0.89,0.97,0.56,0.88,0.96
BEL,56,2020,4802,7385,0.65,2891,2223,2223,1.30,1.00,50,45,0,0,0,,,,,15500.27,17382.45,22184.90,31330.17,19369.22,21340.13,27005.48,39162.71,,36563.39,0.42,0.48,0.61,0.86,0.53,0.58,0.74,1.07,,3454,5085,4095,0.68,0.84,0,1820,91,52,0,0,,,,,405.11,389.53,248.76,389.53,389.53,405.11,389.53,303.60,389.53,389.53,703.14,0.58,0.55,0.35,0.55,0.55,0.58,0.55,0.43,0.55,0.55,4378,5085,7385,0.86,0.59,0,52,52,26,0,0,,,,,703.14,439.70,0.00,439.70,551.46,703.14,439.70,0.00,439.70,551.46,703.14,1.00,0.63,0.00,0.63,0.78,1.00,0.63,0.00,0.63,0.78,4014,5085,0.79,0,1820,0,0,0,0,,,,,631.09,631.09,117.95,631.09,765.15,631.09,631.09,117.95,631.09,765.15,703.14,0.90,0.90,0.17,0.90,1.09,0.90,0.90,0.17,0.90,1.09,21699.03,28172.21,22669.01,29204.10,25210.47,33402.76,24437.38,32922.74,28023.96,15500.27,17382.45,22184.90,31330.17,19369.22,21340.13,27005.48,39162.71,18281.69,15327.31,19478.30,469.95,633.13,0.64,0.67,0.79,0.97,0.69,0.76,0.90,1.15,0.58,0.58,1.00,1.00,0.90,0.90,0.70,0.65,0.81,0.72,1.08,1.04,0.72,0.62,0.88,0.98,0.64,0.90,0.99,0.61,0.86,0.97
BEL,56,2021,4854,7403,0.66,2955,2250,2250,1.31,1.00,50,45,0,0,0,,,,,15911.02,17768.58,22693.69,31949.62,19882.50,21819.85,27635.98,39937.03,,44755.98,0.36,0.40,0.51,0.71,0.44,0.49,0.62,0.89,,3480,5178,4168,0.67,0.83,0,1820,91,52,0,0,,,,,413.21,397.32,256.56,397.32,397.32,413.21,397.32,313.20,397.32,397.32,860.69,0.48,0.46,0.30,0.46,0.46,0.48,0.46,0.36,0.46,0.46,4378,5178,7403,0.85,0.59,0,52,52,26,0,0,,,,,703.14,439.70,0.00,439.70,551.46,703.14,439.70,0.00,439.70,551.46,860.69,0.82,0.51,0.00,0.51,0.64,0.82,0.51,0.00,0.51,0.64,4056,5178,0.78,0,1820,0,0,0,0,,,,,772.50,772.50,120.31,772.50,789.00,772.50,772.50,120.31,772.50,789.00,860.69,0.90,0.90,0.14,0.90,0.92,0.90,0.90,0.14,0.90,0.92,23627.70,33132.98,24483.21,34140.28,28395.78,38157.00,28144.35,38105.86,32688.40,15911.02,17768.58,22693.69,31949.62,19882.50,21819.85,27635.98,39937.03,22377.99,17845.74,24653.57,541.24,732.80,0.57,0.59,0.70,0.85,0.61,0.67,0.79,1.00,0.48,0.48,0.82,0.82,0.90,0.90,0.56,0.63,0.64,0.71,1.02,1.00,0.63,0.54,0.75,0.96,0.52,0.73,0.96,0.56,0.76,0.95
BEL,56,2022,4990,7448,0.67,3038,2306,2306,1.32,1.00,50,45,0,0,0,,,,,17332.35,19083.64,24335.69,34497.71,21658.61,23443.63,29650.96,43122.18,,50583.78,0.34,0.38,0.48,0.68,0.43,0.46,0.59,0.85,,3510,5284,4239,0.66,0.83,0,1820,91,52,0,0,,,,,479.89,461.43,276.36,461.43,461.43,479.89,461.43,341.10,461.43,461.43,972.76,0.49,0.47,0.28,0.47,0.47,0.49,0.47,0.35,0.47,0.47,4381,5284,7448,0.83,0.59,0,52,52,26,0,0,,,,,860.69,538.22,0.00,538.22,573.74,860.69,538.22,0.00,538.22,573.74,972.76,0.88,0.55,0.00,0.55,0.59,0.88,0.55,0.00,0.55,0.59,4097,5284,0.78,0,1820,0,0,0,0,,,,,873.09,873.09,125.17,873.09,829.94,873.09,873.09,125.17,873.09,829.94,972.76,0.90,0.90,0.13,0.90,0.85,0.90,0.90,0.13,0.90,0.85,25582.92,36206.65,27137.78,38073.58,30987.12,41517.22,30989.34,41656.83,35905.67,17332.35,19083.64,24335.69,34497.71,21658.61,23443.63,29650.96,43122.18,25291.89,19468.42,27630.56,595.95,801.09,0.55,0.57,0.67,0.82,0.60,0.64,0.76,0.96,0.49,0.49,0.88,0.88,0.90,0.90,0.53,0.61,0.67,0.74,1.00,0.99,0.61,0.53,0.79,0.95,0.51,0.78,0.95,0.55,0.81,0.94
BEL,56,2023,5028,7515,0.67,3122,2375,2375,1.31,1.00,50,45,0,0,0,,,,,20036.84,21398.38,27247.12,39153.52,25038.20,26299.96,33220.83,48942.05,,57915.69,0.35,0.37,0.47,0.68,0.43,0.45,0.57,0.85,,3535,5323,4273,0.66,0.83,0,1820,91,52,0,0,,,,,485.17,466.51,305.16,466.51,466.51,485.17,466.51,376.62,466.51,466.51,1113.76,0.44,0.42,0.27,0.42,0.42,0.44,0.42,0.34,0.42,0.42,4386,5323,7515,0.82,0.58,0,52,52,26,0,0,,,,,860.69,538.22,0.00,538.22,580.05,860.69,538.22,0.00,538.22,580.05,1113.76,0.77,0.48,0.00,0.48,0.52,0.77,0.48,0.00,0.48,0.52,4140,5323,0.78,0,1820,0,0,0,0,,,,,873.09,873.09,138.20,873.09,916.30,873.09,873.09,138.20,873.09,916.30,1113.76,0.78,0.78,0.12,0.78,0.82,0.78,0.78,0.12,0.78,0.82,28051.84,39509.45,29577.22,41326.28,33422.36,44845.08,34995.93,46617.55,40436.20,20036.84,21398.38,27247.12,39153.52,25038.20,26299.96,33220.83,48942.05,28957.85,21903.34,31083.99,673.00,896.49,0.54,0.56,0.66,0.82,0.62,0.64,0.75,0.95,0.44,0.44,0.77,0.77,0.78,0.78,0.47,0.54,0.59,0.66,0.88,0.89,0.60,0.47,0.70,0.83,0.45,0.68,0.83,0.49,0.72,0.83
BGR,100,2000,2304,5522,0.42,1968,1372,1768,1.43,1.00,50,35,0,0,0,,,,,552.00,922.85,988.77,1920.00,552.00,922.85,988.77,1920.00,,2628.00,0.21,0.35,0.38,0.73,0.21,0.35,0.38,0.73,,2304,3459,2321,0.67,0.99,0,35,65,39,0,0,,,,,24.13,24.13,12.87,24.13,24.13,24.13,24.13,12.87,24.13,24.13,50.54,0.48,0.48,0.25,0.48,0.48,0.48,0.48,0.25,0.48,0.48,2304,3459,5522,0.67,0.42,0,520,26,26,0,0,,,,,40.43,40.43,14.90,40.43,128.69,40.43,40.43,14.90,40.43,128.69,50.54,0.80,0.80,0.29,0.80,2.55,0.80,0.80,0.29,0.80,2.55,2304,3459,0.67,0,520,4,1,0,0,,,,,45.48,45.48,14.90,45.48,144.78,45.48,45.48,14.90,45.48,144.78,50.54,0.90,0.90,0.29,0.90,2.86,0.90,0.90,0.29,0.90,2.86,1838.88,2191.68,2262.71,2615.51,2394.11,2746.91,2067.83,2585.27,2067.83,552.00,922.85,988.77,1920.00,552.00,922.85,988.77,1920.00,1314.00,1161.21,1514.01,39.77,49.72,0.27,0.45,0.48,0.93,0.27,0.45,0.48,0.93,0.61,0.49,1.02,0.81,1.14,0.91,0.75,0.63,1.21,1.03,1.36,1.15,0.45,0.62,1.00,1.00,0.68,1.00,1.00,0.56,0.92,1.00
BGR,100,2001,2311,5427,0.43,1937,1364,1768,1.42,1.00,50,36,0,0,0,,,,,607.20,1076.85,1169.15,2112.00,607.20,1076.85,1169.15,2112.00,,2724.00,0.22,0.40,0.43,0.78,0.22,0.40,0.43,0.78,,2311,3489,2233,0.66,1.04,0,35,65,39,0,0,,,,,30.20,30.20,16.11,30.20,30.20,30.20,30.20,16.11,30.20,30.20,52.38,0.58,0.58,0.31,0.58,0.58,0.58,0.58,0.31,0.58,0.58,2311,3489,5427,0.66,0.43,0,520,26,26,0,0,,,,,41.91,41.91,17.08,41.91,161.08,41.91,41.91,17.08,41.91,161.08,52.38,0.80,0.80,0.33,0.80,3.07,0.80,0.80,0.33,0.80,3.07,2311,3489,0.66,0,520,0,0,0,0,,,,,47.15,47.15,17.08,47.15,181.21,47.15,47.15,17.08,47.15,181.21,52.38,0.90,0.90,0.33,0.90,3.46,0.90,0.90,0.33,0.90,3.46,2032.84,2385.64,2337.19,2689.99,2473.39,2826.19,2183.64,2701.08,2183.64,607.20,1076.85,1169.15,2112.00,607.20,1076.85,1169.15,2112.00,1362.00,1238.07,1590.87,41.99,51.94,0.28,0.49,0.54,0.97,0.28,0.49,0.54,0.97,0.72,0.58,1.00,0.81,1.12,0.91,0.84,0.72,1.16,0.99,1.31,1.11,0.49,0.71,0.99,1.00,0.78,1.00,1.00,0.65,0.90,1.00
BGR,100,2002,2170,5328,0.41,1880,1350,1768,1.39,1.00,50,36,0,0,0,,,,,643.68,1168.64,1285.50,2238.72,643.68,1168.64,1285.50,2238.72,,2832.00,0.23,0.41,0.45,0.79,0.23,0.41,0.45,0.79,,2170,3394,2295,0.64,0.95,0,35,65,39,0,0,,,,,32.68,32.68,18.46,32.68,34.62,32.68,32.68,18.46,32.68,34.62,54.46,0.60,0.60,0.34,0.60,0.64,0.60,0.60,0.34,0.60,0.64,2170,3394,5328,0.64,0.41,0,520,26,26,0,0,,,,,43.57,43.57,18.78,43.57,184.62,43.57,43.57,18.78,43.57,184.62,54.46,0.80,0.80,0.34,0.80,3.39,0.80,0.80,0.34,0.80,3.39,2170,3394,0.64,0,520,0,0,0,0,,,,,49.02,49.02,18.78,49.02,207.69,49.02,49.02,18.78,49.02,207.69,54.46,0.90,0.90,0.34,0.90,3.81,0.90,0.90,0.34,0.90,3.81,2146.66,2250.14,2429.86,2533.34,2571.46,2674.94,2309.93,2514.55,2309.93,643.68,1168.64,1285.50,2238.72,643.68,1168.64,1285.50,2238.72,1416.00,1297.06,1400.54,44.42,48.36,0.28,0.51,0.56,0.97,0.28,0.51,0.56,0.97,0.74,0.68,0.98,0.90,1.10,1.01,0.84,0.76,1.12,1.02,1.26,1.14,0.51,0.75,1.00,1.00,0.79,1.00,1.00,0.72,0.96,1.00
BGR,100,2003,2394,5305,0.45,1818,1352,1768,1.35,1.00,50,36,0,0,0,,,,,690.00,1216.81,1321.11,2400.00,690.00,1216.81,1321.11,2400.00,,2952.00,0.23,0.41,0.45,0.81,0.23,0.41,0.45,0.81,,2394,3323,2834,0.72,0.84,0,35,65,39,0,0,,,,,34.06,34.06,20.31,34.06,38.08,34.06,34.06,20.31,34.06,38.08,56.77,0.60,0.60,0.36,0.60,0.67,0.60,0.60,0.36,0.60,0.67,2394,3323,5305,0.72,0.45,0,520,26,26,0,0,,,,,45.42,45.42,20.49,45.42,203.08,45.42,45.42,20.49,45.42,203.08,56.77,0.80,0.80,0.36,0.80,3.58,0.80,0.80,0.36,0.80,3.58,2394,3323,0.72,0,520,0,0,0,0,,,,,51.09,51.09,20.49,51.09,228.46,51.09,51.09,20.49,51.09,228.46,56.77,0.90,0.90,0.36,0.90,4.02,0.90,0.90,0.36,0.90,4.02,2206.62,2638.62,2501.82,2933.82,2649.42,3081.42,2384.79,3032.79,2384.79,690.00,1216.81,1321.11,2400.00,690.00,1216.81,1321.11,2400.00,1476.00,1320.87,1752.87,45.86,58.32,0.29,0.51,0.55,1.01,0.29,0.51,0.55,1.01,0.74,0.58,0.99,0.78,1.11,0.88,0.83,0.69,1.11,0.92,1.25,1.04,0.51,0.71,0.95,1.00,0.79,1.00,1.00,0.64,0.85,0.96
BGR,100,2004,2492,5283,0.47,1741,1352,1769,1.29,0.98,50,35,0,0,0,,,,,731.40,1281.94,1373.51,5040.00,731.40,1281.94,1373.51,5040.00,,3144.00,0.23,0.41,0.44,1.60,0.23,0.41,0.44,1.60,,2492,3354,2922,0.74,0.85,0,35,65,39,0,0,,,,,36.28,36.28,22.15,36.28,41.54,36.28,36.28,22.15,36.28,41.54,60.46,0.60,0.60,0.37,0.60,0.69,0.60,0.60,0.37,0.60,0.69,2492,3354,5283,0.74,0.47,0,520,26,26,0,0,,,,,48.37,48.37,25.62,48.37,221.54,48.37,48.37,25.62,48.37,221.54,60.46,0.80,0.80,0.42,0.80,3.66,0.80,0.80,0.42,0.80,3.66,2492,3354,0.74,0,520,0,0,0,0,,,,,54.42,54.42,25.62,54.42,249.23,54.42,54.42,25.62,54.42,249.23,60.46,0.90,0.90,0.42,0.90,4.12,0.90,0.90,0.42,0.90,4.12,2350.14,2782.14,2664.54,3096.54,2821.74,3253.74,2547.63,3195.63,2547.63,731.40,1281.94,1373.51,5040.00,731.40,1281.94,1373.51,5040.00,1572.00,1406.94,1838.94,48.99,61.45,0.29,0.50,0.54,1.98,0.29,0.50,0.54,1.98,0.74,0.59,0.99,0.79,1.11,0.89,0.83,0.70,1.10,0.93,1.24,1.04,0.50,0.71,0.95,1.00,0.78,1.00,1.00,0.64,0.86,0.96
BGR,100,2005,2597,5343,0.49,1694,1328,1761,1.28,0.96,50,35,0,0,0,,,,,828.00,1371.38,1449.75,5040.00,828.00,1371.38,1449.75,5040.00,,3468.00,0.24,0.40,0.42,1.45,0.24,0.40,0.42,1.45,,2597,3314,2980,0.78,0.87,0,35,65,39,0,0,,,,,32.31,32.31,18.46,32.31,32.31,32.31,32.31,18.46,32.31,32.31,66.69,0.48,0.48,0.28,0.48,0.48,0.48,0.48,0.28,0.48,0.48,2597,3314,5343,0.78,0.49,0,520,26,26,0,0,,,,,53.35,53.35,30.74,53.35,276.92,53.35,53.35,30.74,53.35,276.92,66.69,0.80,0.80,0.46,0.80,4.15,0.80,0.80,0.46,0.80,4.15,2597,3314,0.78,0,520,0,0,0,0,,,,,60.02,60.02,30.74,60.02,270.00,60.02,60.02,30.74,60.02,270.00,66.69,0.90,0.90,0.46,0.90,4.05,0.90,0.90,0.46,0.90,4.05,2358.55,2790.55,2905.75,3337.75,3079.15,3511.15,2764.94,3353.68,2764.94,828.00,1371.38,1449.75,5040.00,828.00,1371.38,1449.75,5040.00,1734.00,1518.55,1950.55,53.17,64.49,0.30,0.50,0.52,1.82,0.30,0.50,0.52,1.82,0.61,0.50,1.00,0.83,1.13,0.93,0.67,0.60,1.11,0.99,1.25,1.11,0.50,0.60,0.98,1.00,0.64,1.00,1.00,0.55,0.91,1.00
BGR,100,2006,2747,5323,0.52,1678,1325,1740,1.27,0.96,50,35,0,0,0,,,,,1020.00,1443.27,1525.74,5460.00,1020.00,1443.27,1525.74,5460.00,,3840.00,0.27,0.38,0.40,1.42,0.27,0.38,0.40,1.42,,2747,3416,3111,0.80,0.88,0,35,65,39,0,0,,,,,27.69,27.69,20.77,27.69,27.69,27.69,27.69,20.77,27.69,27.69,73.85,0.38,0.38,0.28,0.38,0.38,0.38,0.38,0.28,0.38,0.38,2747,3416,5323,0.80,0.52,0,520,26,26,0,0,,,,,59.08,59.08,30.74,59.08,258.46,59.08,59.08,30.74,59.08,258.46,73.85,0.80,0.80,0.42,0.80,3.50,0.80,0.80,0.42,0.80,3.50,2747,3416,0.80,0,520,0,0,0,0,,,,,66.46,66.46,30.74,66.46,290.77,66.46,66.46,30.74,66.46,290.77,73.85,0.90,0.90,0.42,0.90,3.94,0.90,0.90,0.42,0.90,3.94,2401.44,2833.44,3217.44,3649.44,3409.44,3841.44,3283.05,3710.30,3283.05,1020.00,1443.27,1525.74,5460.00,1020.00,1443.27,1525.74,5460.00,1920.00,1681.44,2113.44,63.14,71.35,0.31,0.44,0.46,1.66,0.31,0.44,0.46,1.66,0.44,0.39,0.94,0.83,1.05,0.93,0.45,0.45,0.96,0.96,1.08,1.08,0.44,0.43,0.92,1.00,0.44,0.95,1.00,0.42,0.89,1.00
BGR,100,2007,2864,5294,0.54,1654,1323,1717,1.25,0.96,50,36,0,0,0,,,,,1234.20,1522.24,1609.22,5880.00,1234.20,1522.24,1609.22,5880.00,,4596.00,0.27,0.33,0.35,1.28,0.27,0.33,0.35,1.28,,2864,3493,3253,0.82,0.88,0,35,65,39,0,0,,,,,53.03,53.03,20.77,53.03,193.85,53.03,53.03,20.77,53.03,193.85,88.38,0.60,0.60,0.23,0.60,2.19,0.60,0.60,0.23,0.60,2.19,2864,3493,5294,0.82,0.54,0,520,26,26,0,0,,,,,70.71,70.71,34.15,70.71,258.46,70.71,70.71,34.15,70.71,258.46,88.38,0.80,0.80,0.39,0.80,2.92,0.80,0.80,0.39,0.80,2.92,2864,3493,0.82,0,520,0,0,0,0,,,,,79.55,79.55,34.15,79.55,290.77,79.55,79.55,34.15,79.55,290.77,88.38,0.90,0.90,0.39,0.90,3.29,0.90,0.90,0.39,0.90,3.29,3391.27,3847.27,3850.87,4306.87,4080.67,4536.67,3799.46,4440.26,3799.46,1234.20,1522.24,1609.22,5880.00,1234.20,1522.24,1609.22,5880.00,2298.00,2012.47,2468.47,73.07,85.39,0.32,0.40,0.42,1.55,0.32,0.40,0.42,1.55,0.73,0.62,0.97,0.83,1.09,0.93,0.77,0.70,1.03,0.93,1.16,1.05,0.40,0.70,0.94,1.00,0.75,1.00,1.00,0.66,0.88,0.99
BGR,100,2008,2851,5261,0.54,1625,1324,1701,1.23,0.96,50,36,0,0,0,,,,,1361.88,1700.61,1797.79,5880.00,1361.88,1700.61,1797.79,5880.00,,5688.00,0.24,0.30,0.32,1.03,0.24,0.30,0.32,1.03,,2851,3560,3361,0.80,0.85,0,35,65,39,0,0,,,,,65.63,65.63,23.08,65.63,276.92,65.63,65.63,23.08,65.63,276.92,109.38,0.60,0.60,0.21,0.60,2.53,0.60,0.60,0.21,0.60,2.53,2851,3560,5261,0.80,0.54,0,520,26,26,0,0,,,,,87.51,87.51,37.57,87.51,369.23,87.51,87.51,37.57,87.51,369.23,109.38,0.80,0.80,0.34,0.80,3.38,0.80,0.80,0.34,0.80,3.38,2851,3560,0.80,0,520,0,0,0,0,,,,,98.45,98.45,37.57,98.45,415.38,98.45,98.45,37.57,98.45,415.38,109.38,0.90,0.90,0.34,0.90,3.80,0.90,0.90,0.34,0.90,3.80,3956.29,4640.29,4525.09,5209.09,4809.49,5493.49,4499.78,5183.78,4499.78,1361.88,1700.61,1797.79,5880.00,1361.88,1700.61,1797.79,5880.00,2844.00,2249.89,2933.89,86.53,99.69,0.30,0.38,0.40,1.31,0.30,0.38,0.40,1.31,0.76,0.66,1.01,0.88,1.14,0.99,0.76,0.76,1.01,1.01,1.14,1.14,0.38,0.73,0.98,1.00,0.76,1.00,1.00,0.71,0.94,1.00
BGR,100,2009,2830,5261,0.54,1602,1326,1691,1.21,0.95,50,36,0,0,0,,,,,1498.08,2123.59,2244.94,8400.00,1498.08,2123.59,2244.94,8400.00,,6185.00,0.24,0.34,0.36,1.36,0.24,0.34,0.36,1.36,,2830,3492,3254,0.81,0.87,0,35,65,39,0,0,,,,,71.37,71.37,30.00,71.37,276.92,71.37,71.37,30.00,71.37,276.92,118.94,0.60,0.60,0.25,0.60,2.33,0.60,0.60,0.25,0.60,2.33,2830,3492,5261,0.81,0.54,0,520,26,26,0,0,,,,,95.15,95.15,39.28,95.15,369.23,95.15,95.15,39.28,95.15,369.23,118.94,0.80,0.80,0.33,0.80,3.10,0.80,0.80,0.33,0.80,3.10,2830,3492,0.81,0,520,0,0,0,0,,,,,107.05,107.05,39.28,107.05,415.38,107.05,107.05,39.28,107.05,415.38,118.94,0.90,0.90,0.33,0.90,3.49,0.90,0.90,0.33,0.90,3.49,4276.93,5116.93,4895.43,5735.43,5204.68,6044.68,4842.85,5682.85,4842.85,1498.08,2123.59,2244.94,8400.00,1498.08,2123.59,2244.94,8400.00,3092.50,2421.43,3261.43,93.13,109.29,0.31,0.44,0.46,1.73,0.31,0.44,0.46,1.73,0.77,0.65,1.02,0.87,1.15,0.98,0.77,0.77,1.02,1.02,1.15,1.15,0.44,0.74,0.98,1.00,0.77,1.00,1.00,0.71,0.95,1.00
BGR,100,2010,2831,5141,0.55,1594,1331,1706,1.20,0.93,50,36,0,0,0,,,,,1632.96,2568.86,2715.65,8400.00,1632.96,2568.86,2715.65,8400.00,,6773.00,0.24,0.38,0.40,1.24,0.24,0.38,0.40,1.24,,2831,3428,3075,0.83,0.92,0,35,65,39,0,0,,,,,78.15,78.15,30.00,78.15,276.92,78.15,78.15,30.00,78.15,276.92,130.25,0.60,0.60,0.23,0.60,2.13,0.60,0.60,0.23,0.60,2.13,2831,3428,5141,0.83,0.55,0,520,26,26,0,0,,,,,95.18,104.20,40.98,104.20,369.23,95.18,104.20,40.98,104.20,369.23,130.25,0.73,0.80,0.31,0.80,2.83,0.73,0.80,0.31,0.80,2.83,2831,3428,0.83,0,520,0,0,0,0,,,,,117.23,117.23,40.98,117.23,415.38,117.23,117.23,40.98,117.23,415.38,130.25,0.90,0.90,0.31,0.90,3.19,0.90,0.90,0.31,0.90,3.19,4710.96,5550.96,5388.26,6228.26,5726.91,6566.91,5358.12,6198.12,5358.12,1632.96,2568.86,2715.65,8400.00,1632.96,2568.86,2715.65,8400.00,3386.50,2679.06,3519.06,103.04,119.19,0.30,0.48,0.51,1.57,0.30,0.48,0.51,1.57,0.76,0.66,0.92,0.80,1.14,0.98,0.76,0.76,1.01,1.01,1.14,1.14,0.48,0.73,0.94,1.00,0.76,0.97,1.00,0.71,0.90,1.00
BGR,100,2011,2883,4966,0.58,1597,1381,1760,1.16,0.91,50,36,0,0,0,,,,,1632.96,2640.78,2791.68,8400.00,1632.96,2640.78,2791.68,8400.00,,6980.00,0.23,0.38,0.40,1.20,0.23,0.38,0.40,1.20,,2883,3341,2965,0.86,0.97,0,35,65,39,0,0,,,,,79.74,79.74,36.00,79.74,276.92,79.74,79.74,36.00,79.74,276.92,134.23,0.59,0.59,0.27,0.59,2.06,0.59,0.59,0.27,0.59,2.06,2883,3341,4966,0.86,0.58,0,520,26,26,0,0,,,,,98.91,104.20,56.35,104.20,369.23,98.91,104.20,56.35,104.20,369.23,134.23,0.74,0.78,0.42,0.78,2.75,0.74,0.78,0.42,0.78,2.75,2883,3341,0.86,0,520,0,0,0,0,,,,,117.23,117.23,56.35,117.23,415.38,117.23,117.23,56.35,117.23,415.38,134.23,0.87,0.87,0.42,0.87,3.09,0.87,0.87,0.42,0.87,3.09,4809.11,5649.11,5445.01,6285.01,5783.66,6623.66,5471.62,6311.62,5471.62,1632.96,2640.78,2791.68,8400.00,1632.96,2640.78,2791.68,8400.00,3490.00,2735.81,3575.81,105.22,121.38,0.30,0.48,0.51,1.54,0.30,0.48,0.51,1.54,0.76,0.66,0.94,0.81,1.11,0.97,0.76,0.76,0.99,0.99,1.11,1.11,0.48,0.73,0.93,1.00,0.76,0.97,1.00,0.71,0.90,1.00
BGR,100,2012,2770,4899,0.57,1607,1395,1731,1.15,0.93,50,36,0,0,0,,,,,1632.96,2747.86,2930.78,8400.00,1632.96,2747.86,2930.78,8400.00,,7420.00,0.22,0.37,0.39,1.13,0.22,0.37,0.39,1.13,,2770,3344,2934,0.83,0.94,0,35,65,39,0,0,,,,,83.08,83.08,36.00,83.08,276.92,83.08,83.08,36.00,83.08,276.92,142.69,0.58,0.58,0.25,0.58,1.94,0.58,0.58,0.25,0.58,1.94,2770,3310,4899,0.84,0.57,0,520,26,26,0,0,,,,,104.69,111.90,71.72,111.90,369.23,104.69,111.90,71.72,111.90,369.23,142.69,0.73,0.78,0.50,0.78,2.59,0.73,0.78,0.50,0.78,2.59,2770,3310,0.84,0,520,0,0,0,0,,,,,125.88,125.88,71.72,125.88,415.38,125.88,125.88,71.72,125.88,415.38,142.69,0.88,0.88,0.50,0.88,2.91,0.88,0.88,0.50,0.88,2.91,5068.27,5908.27,5817.60,6657.60,6181.27,7021.27,5816.54,6656.54,5816.54,1632.96,2747.86,2930.78,8400.00,1632.96,2747.86,2930.78,8400.00,3710.00,2908.27,3748.27,111.86,128.01,0.28,0.47,0.50,1.44,0.28,0.47,0.50,1.44,0.74,0.65,0.94,0.82,1.13,0.98,0.74,0.74,1.00,1.00,1.13,1.13,0.47,0.72,0.94,1.00,0.74,0.97,1.00,0.70,0.91,1.00
BGR,100,2013,2730,4832,0.56,1581,1418,1718,1.12,0.92,50,36,0,0,0,,,,,1740.00,2861.00,3078.44,9240.00,1740.00,2861.00,3078.44,9240.00,,7906.00,0.22,0.36,0.39,1.17,0.22,0.36,0.39,1.17,,2730,3371,2934,0.81,0.93,0,35,65,39,0,0,,,,,88.42,88.42,36.00,88.42,304.62,88.42,88.42,36.00,88.42,304.62,152.04,0.58,0.58,0.24,0.58,2.00,0.58,0.58,0.24,0.58,2.00,2730,3371,4832,0.81,0.56,0,520,26,26,0,0,,,,,111.51,119.14,64.89,119.14,406.15,111.51,119.14,64.89,119.14,406.15,152.04,0.73,0.78,0.43,0.78,2.67,0.73,0.78,0.43,0.78,2.67,2730,3371,0.81,0,520,0,0,0,0,,,,,134.03,134.03,64.89,134.03,456.92,134.03,134.03,64.89,134.03,456.92,152.04,0.88,0.88,0.43,0.88,3.01,0.88,0.88,0.43,0.88,3.01,5397.66,6237.66,6196.36,7036.36,6583.56,7423.56,6197.51,7037.51,6197.51,1740.00,2861.00,3078.44,9240.00,1740.00,2861.00,3078.44,9240.00,3953.00,3098.76,3938.76,119.18,135.34,0.28,0.46,0.50,1.49,0.28,0.46,0.50,1.49,0.74,0.65,0.94,0.82,1.12,0.99,0.74,0.74,1.00,1.00,1.12,1.12,0.46,0.72,0.94,1.00,0.74,0.97,1.00,0.70,0.91,1.00
BGR,100,2014,2735,4764,0.57,1564,1440,1734,1.09,0.90,50,36,0,0,0,,,,,1800.00,3008.86,3237.53,10080.00,1800.00,3008.86,3237.53,10080.00,,8393.00,0.21,0.36,0.39,1.20,0.21,0.36,0.39,1.20,,2735,3366,2981,0.81,0.92,0,35,65,39,0,0,,,,,94.03,94.03,36.00,94.03,332.31,94.03,94.03,36.00,94.03,332.31,161.40,0.58,0.58,0.22,0.58,2.06,0.58,0.58,0.22,0.58,2.06,2735,3366,4764,0.81,0.57,0,520,26,26,0,0,,,,,118.44,126.63,58.06,126.63,443.08,118.44,126.63,58.06,126.63,443.08,161.40,0.73,0.78,0.36,0.78,2.75,0.73,0.78,0.36,0.78,2.75,2735,3366,0.81,0,520,0,0,0,0,,,,,142.45,142.45,58.06,142.45,498.46,142.45,142.45,58.06,142.45,498.46,161.40,0.88,0.88,0.36,0.88,3.09,0.88,0.88,0.36,0.88,3.09,5734.49,6754.49,6581.90,7601.90,6993.44,8013.44,6579.27,7599.27,6579.27,1800.00,3008.86,3237.53,10080.00,1800.00,3008.86,3237.53,10080.00,4196.50,3289.64,4309.64,126.52,146.14,0.27,0.46,0.49,1.53,0.27,0.46,0.49,1.53,0.74,0.64,0.94,0.81,1.13,0.97,0.74,0.74,1.00,1.00,1.13,1.13,0.46,0.72,0.94,1.00,0.74,0.97,1.00,0.69,0.91,1.00
BGR,100,2015,2756,4694,0.59,1560,1462,1741,1.07,0.90,50,36,0,0,0,,,,,1889.28,3179.07,3451.56,10920.00,1889.28,3179.07,3451.56,10920.00,,9278.00,0.20,0.34,0.37,1.18,0.20,0.34,0.37,1.18,,2756,3337,3031,0.83,0.91,0,35,65,39,0,0,,,,,101.95,101.95,36.00,101.95,360.00,101.95,101.95,36.00,101.95,360.00,178.42,0.57,0.57,0.20,0.57,2.02,0.57,0.57,0.20,0.57,2.02,2756,3337,4694,0.83,0.59,0,520,26,26,0,0,,,,,130.22,138.20,70.02,138.20,480.00,130.22,138.20,70.02,138.20,480.00,178.42,0.73,0.77,0.39,0.77,2.69,0.73,0.77,0.39,0.77,2.69,2756,3337,0.83,0,520,0,0,0,0,,,,,155.47,155.47,70.02,155.47,540.00,155.47,155.47,70.02,155.47,540.00,178.42,0.87,0.87,0.39,0.87,3.03,0.87,0.87,0.39,0.87,3.03,6287.16,7347.16,7229.71,8289.71,7678.86,8738.86,7273.02,8333.02,7273.02,1889.28,3179.07,3451.56,10920.00,1889.28,3179.07,3451.56,10920.00,4639.00,3636.51,4696.51,139.87,160.25,0.26,0.44,0.47,1.50,0.26,0.44,0.47,1.50,0.73,0.64,0.93,0.81,1.11,0.97,0.73,0.73,0.99,0.99,1.11,1.11,0.44,0.71,0.93,1.00,0.73,0.96,1.00,0.68,0.90,1.00
BGR,100,2016,2765,4629,0.60,1554,1472,1735,1.06,0.90,50,37,0,0,0,,,,,1936.56,3395.05,3702.16,10920.00,1936.56,3395.05,3702.16,10920.00,,10038.00,0.19,0.34,0.37,1.09,0.19,0.34,0.37,1.09,,2765,3264,3017,0.85,0.92,0,35,65,39,0,0,,,,,111.44,111.44,36.00,111.44,360.00,111.44,111.44,36.00,111.44,360.00,193.04,0.58,0.58,0.19,0.58,1.86,0.58,0.58,0.19,0.58,1.86,2765,3264,4629,0.85,0.60,0,520,26,26,0,0,,,,,141.29,150.53,81.97,150.53,480.00,141.29,150.53,81.97,150.53,480.00,193.04,0.73,0.78,0.42,0.78,2.49,0.73,0.78,0.42,0.78,2.49,2765,3264,0.85,0,520,0,0,0,0,,,,,169.35,169.35,81.97,169.35,540.00,169.35,169.35,81.97,169.35,540.00,193.04,0.88,0.88,0.42,0.88,2.80,0.88,0.88,0.42,0.88,2.80,6831.79,7891.79,7848.26,8908.26,8337.49,9397.49,7868.79,8928.79,7868.79,1936.56,3395.05,3702.16,10920.00,1936.56,3395.05,3702.16,10920.00,5019.00,3934.39,4994.39,151.32,171.71,0.25,0.43,0.47,1.39,0.25,0.43,0.47,1.39,0.74,0.65,0.93,0.82,1.12,0.99,0.74,0.74,0.99,0.99,1.12,1.12,0.43,0.71,0.94,1.00,0.74,0.96,1.00,0.69,0.91,1.00
BGR,100,2017,2780,4564,0.61,1544,1482,1736,1.04,0.89,50,37,0,0,0,,,,,2160.00,3951.73,4328.05,10920.00,2160.00,3951.73,4328.05,10920.00,,11159.00,0.19,0.35,0.39,0.98,0.19,0.35,0.39,0.98,,2780,3357,3150,0.83,0.88,0,35,65,39,0,0,,,,,122.29,122.29,45.00,122.29,371.45,122.29,122.29,45.00,122.29,371.45,214.60,0.57,0.57,0.21,0.57,1.73,0.57,0.57,0.21,0.57,1.73,2780,3357,4564,0.83,0.61,0,520,26,26,0,0,,,,,156.50,165.93,84.53,165.93,480.00,156.50,165.93,84.53,165.93,480.00,214.60,0.73,0.77,0.39,0.77,2.24,0.73,0.77,0.39,0.77,2.24,2780,3357,0.83,0,520,0,0,0,0,,,,,186.67,186.67,84.53,186.67,540.00,186.67,186.67,84.53,186.67,540.00,214.60,0.87,0.87,0.39,0.87,2.52,0.87,0.87,0.39,0.87,2.52,7553.32,8613.32,8687.90,9747.90,9227.17,10287.17,8747.54,9807.54,8747.54,2160.00,3951.73,4328.05,10920.00,2160.00,3951.73,4328.05,10920.00,5579.50,4373.77,5433.77,168.22,188.61,0.25,0.45,0.49,1.25,0.25,0.45,0.49,1.25,0.73,0.65,0.93,0.83,1.11,0.99,0.73,0.73,0.99,0.99,1.11,1.11,0.45,0.71,0.93,1.00,0.73,0.96,1.00,0.69,0.91,1.00
BGR,100,2018,2790,4502,0.62,1537,1493,1732,1.03,0.89,50,37,0,0,0,,,,,2400.00,4254.31,4679.74,10920.00,2400.00,4254.31,4679.74,10920.00,,12274.00,0.20,0.35,0.38,0.89,0.20,0.35,0.38,0.89,,2790,3326,3153,0.84,0.89,0,35,78,52,0,0,,,,,135.19,135.19,45.00,135.19,371.45,135.19,135.19,45.00,135.19,371.45,236.04,0.57,0.57,0.19,0.57,1.57,0.57,0.57,0.19,0.57,1.57,2790,3326,4502,0.84,0.62,0,520,26,26,0,0,,,,,172.38,183.11,87.09,183.11,480.00,172.38,183.11,87.09,183.11,480.00,236.04,0.73,0.78,0.37,0.78,2.03,0.73,0.78,0.37,0.78,2.03,2790,3326,0.84,0,520,0,0,0,0,,,,,206.00,206.00,87.09,206.00,540.00,206.00,206.00,87.09,206.00,540.00,236.04,0.87,0.87,0.37,0.87,2.29,0.87,0.87,0.37,0.87,2.29,8277.14,9397.14,9523.12,10643.12,10118.24,11238.24,9524.38,10644.38,9524.38,2400.00,4254.31,4679.74,10920.00,2400.00,4254.31,4679.74,10920.00,6137.00,4762.19,5882.19,183.16,204.70,0.25,0.45,0.49,1.15,0.25,0.45,0.49,1.15,0.74,0.66,0.94,0.84,1.12,1.01,0.74,0.74,1.00,1.00,1.12,1.12,0.45,0.72,0.95,1.00,0.74,0.97,1.00,0.70,0.92,1.00
BGR,100,2019,2794,4445,0.63,1527,1504,1729,1.02,0.88,50,37,0,0,0,,,,,2633.16,4652.63,5139.96,14400.00,2633.16,4652.63,5139.96,14400.00,,13512.00,0.19,0.34,0.38,1.07,0.19,0.34,0.38,1.07,,2794,3376,3233,0.83,0.86,0,35,78,52,0,0,,,,,148.77,148.77,45.00,148.77,371.45,148.77,148.77,45.00,148.77,371.45,259.85,0.57,0.57,0.17,0.57,1.43,0.57,0.57,0.17,0.57,1.43,2794,3376,4445,0.83,0.63,0,520,26,26,0,0,,,,,189.75,201.53,0.00,201.53,553.85,189.75,201.53,0.00,201.53,553.85,259.85,0.73,0.78,0.00,0.78,2.13,0.73,0.78,0.00,0.78,2.13,2794,3376,0.83,0,520,0,0,0,0,,,,,226.72,226.72,0.00,226.72,623.08,226.72,226.72,0.00,226.72,623.08,259.85,0.87,0.87,0.00,0.87,2.40,0.87,0.87,0.00,0.87,2.40,9110.42,10230.42,10482.25,11602.25,11137.22,12257.22,10485.04,11605.04,10485.04,2633.16,4652.63,5139.96,14400.00,2633.16,4652.63,5139.96,14400.00,6756.00,5242.52,6362.52,201.64,223.17,0.25,0.44,0.49,1.37,0.25,0.44,0.49,1.37,0.74,0.67,0.94,0.85,1.12,1.02,0.74,0.74,1.00,1.00,1.12,1.12,0.44,0.72,0.95,1.00,0.74,0.97,1.00,0.70,0.92,1.00
BGR,100,2020,2694,4413,0.61,1515,1504,1713,1.01,0.88,50,37,0,0,0,,,,,3000.00,4835.72,5296.22,14400.00,3000.00,4835.72,5296.22,14400.00,,14796.27,0.20,0.33,0.36,0.97,0.20,0.33,0.36,0.97,,2694,3290,3122,0.82,0.86,0,35,78,52,0,0,,,,,163.32,163.32,45.00,163.32,371.45,163.32,163.32,45.00,163.32,371.45,284.54,0.57,0.57,0.16,0.57,1.31,0.57,0.57,0.16,0.57,1.31,2694,3290,4413,0.82,0.61,0,520,26,26,0,0,,,,,207.93,221.05,0.00,221.05,553.85,207.93,221.05,0.00,221.05,553.85,284.54,0.73,0.78,0.00,0.78,1.95,0.73,0.78,0.00,0.78,1.95,2694,3290,0.82,0,520,0,0,0,0,,,,,248.68,248.68,0.00,248.68,623.08,248.68,248.68,0.00,248.68,623.08,284.54,0.87,0.87,0.00,0.87,2.19,0.87,0.87,0.00,0.87,2.19,9987.04,11107.04,11488.08,12608.08,12206.49,13326.49,11481.61,12601.61,11481.61,3000.00,4835.72,5296.22,14400.00,3000.00,4835.72,5296.22,14400.00,7398.13,5740.80,6860.80,220.80,242.34,0.26,0.42,0.46,1.25,0.26,0.42,0.46,1.25,0.74,0.67,0.94,0.86,1.13,1.03,0.74,0.74,1.00,1.00,1.13,1.13,0.42,0.72,0.95,1.00,0.74,0.97,1.00,0.71,0.93,1.00
BGR,100,2021,2747,4364,0.63,1484,1482,1573,1.00,0.94,50,38,0,0,0,,,,,3600.00,4982.60,5552.04,14400.00,3600.00,4982.60,5552.04,14400.00,,18311.83,0.20,0.27,0.30,0.79,0.20,0.27,0.30,0.79,,2747,3034,2877,0.91,0.95,0,35,78,52,0,0,,,,,191.01,191.01,60.00,191.01,371.45,191.01,191.01,60.00,191.01,371.45,352.15,0.54,0.54,0.17,0.54,1.05,0.54,0.54,0.17,0.54,1.05,2747,3034,4364,0.91,0.63,0,520,26,26,0,0,,,,,253.38,263.69,0.00,263.69,553.85,253.38,263.69,0.00,263.69,553.85,352.15,0.72,0.75,0.00,0.75,1.57,0.72,0.75,0.00,0.75,1.57,2747,3034,0.91,0,520,0,0,0,0,,,,,296.65,296.65,0.00,296.65,623.08,296.65,296.65,0.00,296.65,623.08,352.15,0.84,0.84,0.00,0.84,1.77,0.84,0.84,0.00,0.84,1.77,12071.02,13191.02,13960.80,15080.80,14817.80,15937.80,14209.62,15329.62,14209.62,3600.00,4982.60,5552.04,14400.00,3600.00,4982.60,5552.04,14400.00,9155.92,7104.81,8224.81,273.26,294.80,0.25,0.35,0.39,1.01,0.25,0.35,0.39,1.01,0.70,0.65,0.93,0.86,1.09,1.01,0.70,0.70,0.96,0.96,1.09,1.09,0.35,0.69,0.93,1.00,0.70,0.95,1.00,0.67,0.91,1.00
BGR,100,2022,2794,4019,0.70,1448,1515,1606,0.96,0.90,50,38,0,0,0,,,,,5604.00,5787.47,6448.89,14400.00,5604.00,5787.47,6448.89,14400.00,,19911.86,0.28,0.29,0.32,0.72,0.28,0.29,0.32,0.72,,2794,3068,2941,0.91,0.95,0,35,78,52,0,0,,,,,220.52,220.52,90.00,220.52,428.55,220.52,220.52,90.00,220.52,428.55,382.92,0.58,0.58,0.24,0.58,1.12,0.58,0.58,0.24,0.58,1.12,2794,3068,4019,0.91,0.70,0,520,26,26,0,0,,,,,280.08,298.13,0.00,298.13,627.69,280.08,298.13,0.00,298.13,627.69,382.92,0.73,0.78,0.00,0.78,1.64,0.73,0.78,0.00,0.78,1.64,2794,3068,0.91,0,520,0,0,0,0,,,,,335.40,335.40,0.00,335.40,706.15,335.40,335.40,0.00,335.40,706.15,382.92,0.88,0.88,0.00,0.88,1.84,0.88,0.88,0.00,0.88,1.84,13459.16,14819.16,15477.01,16837.01,16445.94,17805.94,15451.21,16811.21,15451.21,5604.00,5787.47,6448.89,14400.00,5604.00,5787.47,6448.89,14400.00,9955.93,7725.60,9085.60,297.14,323.29,0.36,0.37,0.42,0.93,0.36,0.37,0.42,0.93,0.74,0.68,0.94,0.87,1.13,1.04,0.74,0.74,1.00,1.00,1.13,1.13,0.37,0.73,0.95,1.00,0.74,0.97,1.00,0.71,0.93,1.00
BGR,100,2023,2807,4004,0.70,1444,1531,1621,0.94,0.89,50,38,0,0,0,,,,,6276.48,6330.20,7053.65,40800.00,6276.48,6330.20,7053.65,40800.00,,21804.86,0.29,0.29,0.32,1.87,0.29,0.29,0.32,1.87,,2807,3064,2932,0.92,0.96,0,35,78,52,0,0,,,,,240.67,240.67,90.00,240.67,428.55,240.67,240.67,90.00,240.67,428.55,419.32,0.57,0.57,0.21,0.57,1.02,0.57,0.57,0.21,0.57,1.02,2807,3064,4004,0.92,0.70,0,520,26,26,0,0,,,,,306.42,325.75,0.00,325.75,627.69,306.42,325.75,0.00,325.75,627.69,419.32,0.73,0.78,0.00,0.78,1.50,0.73,0.78,0.00,0.78,1.50,2807,3064,0.92,0,520,0,0,0,0,,,,,366.47,366.47,0.00,366.47,706.15,366.47,366.47,0.00,366.47,706.15,419.32,0.87,0.87,0.00,0.87,1.68,0.87,0.87,0.00,0.87,1.68,14717.58,16077.58,16929.61,18289.61,17988.30,19348.30,16920.13,18280.13,16920.13,6276.48,6330.20,7053.65,40800.00,6276.48,6330.20,7053.65,40800.00,10902.43,8460.07,9820.07,325.39,351.54,0.33,0.34,0.38,0.85,0.33,0.34,0.38,0.85,0.74,0.68,0.94,0.87,1.13,1.04,0.74,0.74,1.00,1.00,1.13,1.13,0.34,0.73,0.95,1.00,0.74,0.97,1.00,0.71,0.94,1.00
CAN,124,2000,20951,20951,1.00,3604,3832,3832,0.94,0.94,40,30,0,0,1,,,,,11115.48,14523.34,14487.34,15709.94,18006.96,21426.82,21378.82,22613.42,,36998.20,0.30,0.39,0.39,0.42,0.49,0.58,0.58,0.61,,12502,15842,14760,0.79,0.85,14,45,52,18,0,0,,,,,391.33,391.33,0.00,391.33,413.00,391.33,391.33,0.00,391.33,413.00,711.50,0.55,0.55,0.00,0.55,0.58,0.55,0.55,0.00,0.55,0.58,12502,15842,20951,0.79,0.60,14,15,52,18,0,0,,,,,391.33,225.77,0.00,225.77,225.77,391.33,225.77,0.00,225.77,225.77,711.50,0.55,0.32,0.00,0.32,0.32,0.55,0.32,0.00,0.32,0.32,14260,15842,0.90,1,820,0,0,0,0,,,,,441.12,441.12,295.06,441.12,1157.69,466.54,466.54,295.06,466.54,1157.69,711.50,0.62,0.62,0.41,0.62,1.63,0.66,0.66,0.41,0.66,1.63,22473.88,27622.51,19259.64,25462.89,26345.59,34147.85,26985.91,30969.70,28541.17,11115.48,14523.34,14487.34,15709.94,18006.96,21426.82,21378.82,22613.42,18499.10,14876.58,22017.84,518.96,595.57,0.41,0.48,0.48,0.52,0.60,0.69,0.68,0.71,0.55,0.55,0.55,0.55,0.85,0.78,0.63,0.63,0.36,0.38,0.95,1.36,0.59,0.59,0.46,0.98,0.59,0.46,0.90,0.59,0.47,1.00
CAN,124,2001,21248,21248,1.00,3725,3900,3900,0.96,0.96,40,30,0,0,1,,,,,11407.07,14867.95,15060.56,16073.76,18508.68,21963.55,22136.66,23162.76,,37464.37,0.30,0.40,0.40,0.43,0.49,0.59,0.59,0.62,,12794,16094,14932,0.79,0.86,14,45,52,18,0,0,,,,,396.26,396.26,0.00,396.26,413.00,396.26,396.26,0.00,396.26,413.00,720.47,0.55,0.55,0.00,0.55,0.57,0.55,0.55,0.00,0.55,0.57,12794,16094,21248,0.79,0.60,14,15,52,18,0,0,,,,,396.26,228.61,0.00,228.61,228.61,396.26,228.61,0.00,228.61,228.61,720.47,0.55,0.32,0.00,0.32,0.32,0.55,0.32,0.00,0.32,0.32,14432,16094,0.90,1,820,0,0,0,0,,,,,455.01,455.01,296.24,455.01,1190.38,471.47,471.47,296.24,471.47,1190.38,720.47,0.63,0.63,0.41,0.63,1.65,0.65,0.65,0.41,0.65,1.65,22895.33,27637.42,19502.41,25312.41,26705.92,33843.39,27835.80,31348.11,28842.80,11407.07,14867.95,15060.56,16073.76,18508.68,21963.55,22136.66,23162.76,18732.19,14875.70,21585.20,535.30,602.85,0.38,0.47,0.47,0.50,0.58,0.68,0.67,0.70,0.55,0.55,0.55,0.55,0.85,0.78,0.62,0.62,0.36,0.38,0.91,1.26,0.57,0.58,0.46,0.95,0.58,0.45,0.88,0.58,0.47,1.00
CAN,124,2002,21543,21543,1.00,3753,3966,3966,0.95,0.95,40,30,0,0,1,,,,,11652.77,15303.41,15761.47,16411.49,18917.14,22542.62,22973.05,23636.93,,38549.72,0.30,0.40,0.41,0.43,0.49,0.58,0.60,0.61,,13090,16561,15291,0.79,0.86,14,45,52,18,0,0,,,,,407.74,407.74,0.00,407.74,413.00,407.74,407.74,0.00,407.74,413.00,741.34,0.55,0.55,0.00,0.55,0.56,0.55,0.55,0.00,0.55,0.56,13090,16561,21543,0.79,0.61,14,15,52,18,0,0,,,,,407.74,235.23,0.00,235.23,235.23,407.74,235.23,0.00,235.23,235.23,741.34,0.55,0.32,0.00,0.32,0.32,0.55,0.32,0.00,0.32,0.32,14791,16561,0.89,1,820,0,0,0,0,,,,,466.78,466.78,296.24,466.78,1213.46,483.73,483.73,296.24,483.73,1213.46,741.34,0.63,0.63,0.40,0.63,1.64,0.65,0.65,0.40,0.65,1.64,23530.82,28327.18,20034.67,25929.89,27403.53,34700.43,28556.06,32144.35,29593.18,11652.77,15303.41,15761.47,16411.49,18917.14,22542.62,22973.05,23636.93,19274.86,15267.20,22123.32,549.16,618.16,0.38,0.47,0.48,0.50,0.58,0.67,0.68,0.70,0.55,0.55,0.55,0.55,0.85,0.78,0.62,0.62,0.36,0.38,0.91,1.26,0.57,0.59,0.46,0.95,0.59,0.45,0.88,0.58,0.46,1.00
CAN,124,2003,21789,21789,1.00,3835,4034,4034,0.95,0.95,40,30,0,0,1,,,,,11959.82,15531.63,16227.03,16795.38,19446.80,22973.08,23632.07,24215.28,,39735.55,0.30,0.39,0.41,0.42,0.49,0.58,0.59,0.61,,13356,16944,15661,0.79,0.85,14,45,52,18,0,0,,,,,413.00,413.00,0.00,413.00,413.00,413.00,413.00,0.00,413.00,413.00,764.15,0.54,0.54,0.00,0.54,0.54,0.54,0.54,0.00,0.54,0.54,13356,16944,21789,0.79,0.61,14,15,52,18,0,0,,,,,413.00,238.27,0.00,238.27,238.27,413.00,238.27,0.00,238.27,238.27,764.15,0.54,0.31,0.00,0.31,0.31,0.54,0.31,0.00,0.31,0.31,15161,16944,0.89,1,820,0,0,0,0,,,,,489.92,489.92,298.02,489.92,1253.85,517.62,517.62,298.02,517.62,1253.85,764.15,0.64,0.64,0.39,0.64,1.64,0.68,0.68,0.39,0.68,1.64,24870.77,31466.06,21412.04,28334.37,29321.02,38057.75,29971.71,34357.31,31025.47,11959.82,15531.63,16227.03,16795.38,19446.80,22973.08,23632.07,24215.28,19867.78,16583.04,24599.61,576.38,660.72,0.40,0.48,0.50,0.51,0.60,0.68,0.70,0.71,0.54,0.54,0.54,0.54,0.85,0.78,0.62,0.70,0.36,0.38,0.95,1.38,0.58,0.60,0.46,0.99,0.58,0.45,0.90,0.62,0.46,1.00
CAN,124,2004,22050,22050,1.00,3904,4106,4106,0.95,0.95,40,30,0,0,1,,,,,12203.49,15829.68,16789.02,17120.80,19848.16,23407.21,24320.65,24668.34,,40780.70,0.30,0.39,0.41,0.42,0.49,0.57,0.60,0.60,,13584,17147,15915,0.79,0.85,14,45,52,18,0,0,,,,,413.00,413.00,0.00,413.00,413.00,413.00,413.00,0.00,413.00,413.00,784.24,0.53,0.53,0.00,0.53,0.53,0.53,0.53,0.00,0.53,0.53,13584,17147,22050,0.79,0.62,14,15,52,15,0,0,,,,,413.00,238.27,0.00,238.27,238.27,413.00,238.27,0.00,238.27,238.27,784.24,0.53,0.30,0.00,0.30,0.30,0.53,0.30,0.00,0.30,0.30,15415,17147,0.90,1,820,0,0,0,0,,,,,498.58,498.58,298.02,498.58,1275.00,527.08,527.08,298.02,527.08,1275.00,784.24,0.64,0.64,0.38,0.64,1.63,0.67,0.67,0.38,0.67,1.63,25039.64,31819.66,21572.44,28648.04,30006.41,39328.88,30501.13,34986.10,31589.61,12203.49,15829.68,16789.02,17120.80,19848.16,23407.21,24320.65,24668.34,20390.35,17043.43,25624.86,586.56,672.81,0.41,0.48,0.51,0.52,0.60,0.68,0.70,0.71,0.53,0.53,0.53,0.53,0.85,0.78,0.59,0.66,0.34,0.32,0.96,1.46,0.58,0.58,0.43,1.00,0.56,0.43,0.91,0.59,0.42,1.00
CAN,124,2005,22330,22330,1.00,3992,4186,4186,0.95,0.95,40,30,0,0,1,,,,,12488.88,16169.84,17379.57,17476.05,20245.20,23940.44,25150.17,25182.34,,41544.45,0.30,0.39,0.42,0.42,0.49,0.58,0.61,0.61,,13700,17292,16124,0.79,0.85,14,45,52,18,0,0,,,,,413.00,413.00,0.00,413.00,413.00,413.00,413.00,0.00,413.00,413.00,798.93,0.52,0.52,0.00,0.52,0.52,0.52,0.52,0.00,0.52,0.52,13700,17292,22330,0.79,0.61,14,15,52,15,0,0,,,,,413.00,238.27,0.00,238.27,238.27,413.00,238.27,0.00,238.27,238.27,798.93,0.52,0.30,0.00,0.30,0.30,0.52,0.30,0.00,0.30,0.30,15624,17292,0.90,1,820,0,0,0,0,,,,,513.64,513.64,298.62,513.64,1305.77,542.66,542.66,298.62,542.66,1305.77,798.93,0.64,0.64,0.37,0.64,1.63,0.68,0.68,0.37,0.68,1.63,25667.56,31871.27,22142.88,28933.55,30906.50,40673.16,31422.53,35999.37,32524.13,12488.88,16169.84,17379.57,17476.05,20245.20,23940.44,25150.17,25182.34,20772.22,17551.93,26564.00,604.28,692.30,0.40,0.48,0.51,0.52,0.60,0.68,0.70,0.71,0.52,0.52,0.52,0.52,0.85,0.78,0.59,0.56,0.33,0.25,0.96,1.50,0.58,0.55,0.40,1.00,0.55,0.42,0.91,0.54,0.38,1.00
CAN,124,2006,22604,22604,1.00,4090,4281,4281,0.96,0.96,40,30,0,0,1,,,,,12831.91,16746.51,17904.26,17977.98,20833.44,24773.21,25917.47,25918.52,,41423.27,0.31,0.40,0.43,0.43,0.50,0.60,0.63,0.63,,14020,17552,16414,0.80,0.85,14,45,52,18,0,0,,,,,413.00,413.00,0.00,413.00,413.00,413.00,413.00,0.00,413.00,413.00,796.60,0.52,0.52,0.00,0.52,0.52,0.52,0.52,0.00,0.52,0.52,14020,17552,22604,0.80,0.62,14,15,52,15,0,0,,,,,413.00,238.27,0.00,238.27,238.27,413.00,238.27,0.00,238.27,238.27,796.60,0.52,0.30,0.00,0.30,0.30,0.52,0.30,0.00,0.30,0.30,15914,17552,0.91,0,820,0,0,0,0,,,,,514.00,514.00,299.52,514.00,1340.38,546.30,546.30,299.52,546.30,1340.38,796.60,0.65,0.65,0.38,0.65,1.68,0.69,0.69,0.38,0.69,1.68,25707.25,31648.61,22156.09,29233.20,30944.54,40581.16,31444.50,35820.27,32589.01,12831.91,16746.51,17904.26,17977.98,20833.44,24773.21,25917.47,25918.52,20711.63,17580.63,26377.40,604.70,688.85,0.41,0.50,0.53,0.53,0.62,0.71,0.72,0.72,0.52,0.52,0.52,0.52,0.85,0.79,0.59,0.56,0.33,0.30,0.96,1.50,0.60,0.55,0.42,1.00,0.55,0.42,0.91,0.54,0.41,1.00
CAN,124,2007,22844,22844,1.00,4187,4389,4389,0.95,0.95,40,30,0,0,1,,,,,13147.32,17368.68,18447.11,18502.61,21365.06,25616.13,26671.62,26645.98,,43644.90,0.30,0.40,0.42,0.42,0.49,0.59,0.61,0.61,,14289,17856,16757,0.80,0.85,14,45,52,18,0,0,,,,,423.00,423.00,0.00,423.00,423.00,423.00,423.00,0.00,423.00,423.00,839.33,0.50,0.50,0.00,0.50,0.50,0.50,0.50,0.00,0.50,0.50,14289,17856,22844,0.80,0.63,14,15,52,15,0,0,,,,,423.00,244.04,0.00,244.04,244.04,423.00,244.04,0.00,244.04,244.04,839.33,0.50,0.29,0.00,0.29,0.29,0.50,0.29,0.00,0.29,0.29,16257,17856,0.91,0,820,0,0,0,0,,,,,543.87,543.87,299.82,543.87,1369.23,587.94,587.94,299.82,587.94,1369.23,839.33,0.65,0.65,0.36,0.65,1.63,0.70,0.70,0.36,0.70,1.63,26998.76,34626.40,23388.49,31273.58,32819.81,43166.66,33272.24,38357.38,34712.24,13147.32,17368.68,18447.11,18502.61,21365.06,25616.13,26671.62,26645.98,21822.45,18679.11,27880.13,639.85,737.64,0.40,0.50,0.52,0.52,0.61,0.69,0.71,0.71,0.50,0.50,0.50,0.50,0.85,0.80,0.57,0.64,0.32,0.32,0.97,1.46,0.59,0.56,0.41,1.00,0.54,0.41,0.91,0.57,0.41,1.00
CAN,124,2008,23086,23086,1.00,4304,4508,4508,0.95,0.95,40,30,0,0,1,,,,,13493.38,18076.87,19053.02,19089.52,21956.60,26565.64,27515.22,27462.17,,44392.18,0.30,0.41,0.43,0.43,0.49,0.60,0.62,0.62,,14534,18136,16997,0.80,0.86,14,45,52,18,0,0,,,,,435.00,435.00,0.00,435.00,435.00,435.00,435.00,0.00,435.00,435.00,853.70,0.51,0.51,0.00,0.51,0.51,0.51,0.51,0.00,0.51,0.51,14534,18136,23086,0.80,0.63,14,15,52,15,0,0,,,,,435.00,250.96,0.00,250.96,250.96,435.00,250.96,0.00,250.96,250.96,853.70,0.51,0.29,0.00,0.29,0.29,0.51,0.29,0.00,0.29,0.29,16497,18136,0.91,0,820,0,0,0,0,,,,,553.17,553.17,315.00,553.17,1398.08,597.43,597.43,315.00,597.43,1398.08,853.70,0.65,0.65,0.37,0.65,1.64,0.70,0.70,0.37,0.70,1.64,27542.54,35745.09,23835.54,32711.88,33366.56,45035.65,33841.20,38977.85,35281.20,13493.38,18076.87,19053.02,19089.52,21956.60,26565.64,27515.22,27462.17,22196.09,18984.05,29502.39,650.79,749.57,0.40,0.51,0.53,0.53,0.61,0.70,0.72,0.72,0.51,0.51,0.51,0.51,0.85,0.80,0.58,0.66,0.33,0.34,0.97,1.64,0.60,0.56,0.42,1.00,0.54,0.42,0.91,0.58,0.42,1.00
CAN,124,2009,23336,23336,1.00,4429,4637,4637,0.96,0.96,40,30,0,0,1,,,,,13837.04,18843.24,19691.94,19727.21,22541.96,27558.04,28384.53,28322.04,,42155.05,0.33,0.45,0.47,0.47,0.53,0.65,0.67,0.67,,14195,18304,16755,0.78,0.85,14,45,52,18,0,0,,,,,445.87,445.87,0.00,445.87,447.00,445.87,445.87,0.00,445.87,447.00,810.67,0.55,0.55,0.00,0.55,0.55,0.55,0.55,0.00,0.55,0.55,14195,18304,23336,0.78,0.61,14,15,52,15,0,0,,,,,445.87,257.23,0.00,257.23,257.23,445.87,257.23,0.00,257.23,257.23,810.67,0.55,0.32,0.00,0.32,0.32,0.55,0.32,0.00,0.32,0.32,16255,18304,0.89,0,820,0,0,0,0,,,,,534.89,534.89,322.88,534.89,1434.62,602.97,602.97,322.88,602.97,1434.62,810.67,0.66,0.66,0.40,0.66,1.77,0.74,0.74,0.40,0.74,1.77,27130.32,37194.05,23268.01,35048.35,32194.81,46059.80,32722.41,39960.15,34284.31,13837.04,18843.24,19691.94,19727.21,22541.96,27558.04,28384.53,28322.04,21077.53,18287.79,30382.59,629.28,768.46,0.43,0.56,0.58,0.58,0.66,0.75,0.77,0.77,0.55,0.55,0.55,0.55,0.85,0.78,0.61,0.71,0.35,0.49,0.96,1.64,0.65,0.61,0.48,1.00,0.58,0.45,0.91,0.63,0.52,1.00
CAN,124,2010,23576,23576,1.00,4550,4776,4776,0.95,0.95,40,30,0,0,1,,,,,14118.12,19564.61,20256.98,20288.71,22878.96,28388.62,29113.36,29094.32,,43918.61,0.32,0.45,0.46,0.46,0.52,0.65,0.66,0.66,,14489,18490,16978,0.78,0.85,14,45,52,18,0,0,,,,,457.00,457.00,0.00,457.00,457.00,457.00,457.00,0.00,457.00,457.00,844.59,0.54,0.54,0.00,0.54,0.54,0.54,0.54,0.00,0.54,0.54,14489,18490,23576,0.78,0.61,14,15,52,15,0,0,,,,,457.00,263.65,0.00,263.65,263.65,457.00,263.65,0.00,263.65,263.65,844.59,0.54,0.31,0.00,0.31,0.31,0.54,0.31,0.00,0.31,0.31,16478,18490,0.89,0,820,0,0,0,0,,,,,558.17,558.17,324.49,558.17,1440.38,615.47,615.47,324.49,615.47,1440.38,844.59,0.66,0.66,0.38,0.66,1.71,0.73,0.73,0.38,0.73,1.71,28238.88,37529.50,24257.31,35307.38,33589.06,47278.21,34146.65,40594.52,35703.94,14118.12,19564.61,20256.98,20288.71,22878.96,28388.62,29113.36,29094.32,21959.31,19076.74,31275.93,656.67,780.66,0.42,0.56,0.56,0.56,0.65,0.75,0.76,0.76,0.54,0.54,0.54,0.54,0.85,0.79,0.61,0.67,0.34,0.43,0.96,1.72,0.65,0.59,0.46,1.00,0.57,0.44,0.91,0.61,0.49,1.00
CAN,124,2011,23757,23757,1.00,4719,4941,4941,0.96,0.96,40,30,0,0,1,,,,,14659.08,20144.90,20840.53,20887.39,23536.50,29150.46,29890.27,29886.94,,45322.41,0.32,0.44,0.46,0.46,0.52,0.64,0.66,0.66,,14685,18670,17244,0.79,0.85,14,45,52,18,0,0,,,,,468.00,468.00,0.00,468.00,468.00,468.00,468.00,0.00,468.00,468.00,871.58,0.54,0.54,0.00,0.54,0.54,0.54,0.54,0.00,0.54,0.54,14685,18670,23757,0.79,0.62,14,15,52,15,0,0,,,,,468.00,270.00,0.00,270.00,270.00,468.00,270.00,0.00,270.00,270.00,871.58,0.54,0.31,0.00,0.31,0.31,0.54,0.31,0.00,0.31,0.31,16744,18670,0.90,0,820,0,0,0,0,,,,,574.14,574.14,326.11,574.14,1463.46,631.91,631.91,326.11,631.91,1463.46,871.58,0.66,0.66,0.37,0.66,1.68,0.73,0.73,0.37,0.73,1.68,29013.45,38404.05,24944.88,36137.29,34560.14,48525.06,35124.11,41537.48,36703.16,14659.08,20144.90,20840.53,20887.39,23536.50,29150.46,29890.27,29886.94,22661.21,19632.39,32095.46,675.46,798.80,0.43,0.55,0.56,0.56,0.64,0.74,0.76,0.76,0.54,0.54,0.54,0.54,0.85,0.79,0.61,0.67,0.34,0.43,0.96,1.74,0.65,0.59,0.46,1.00,0.57,0.44,0.91,0.60,0.48,1.00
CAN,124,2012,23898,23898,1.00,4906,5133,5133,0.96,0.96,40,30,0,0,1,,,,,15215.94,20855.98,21571.99,21640.47,24199.13,30037.72,30810.65,30829.67,,46525.66,0.33,0.45,0.46,0.47,0.52,0.65,0.66,0.66,,14883,18871,17476,0.79,0.85,14,45,52,18,0,0,,,,,484.50,484.50,0.00,484.50,484.50,484.50,484.50,0.00,484.50,484.50,894.72,0.54,0.54,0.00,0.54,0.54,0.54,0.54,0.00,0.54,0.54,14883,18871,23898,0.79,0.62,14,15,52,15,0,0,,,,,484.50,279.52,0.00,279.52,279.52,484.50,279.52,0.00,279.52,279.52,894.72,0.54,0.31,0.00,0.31,0.31,0.54,0.31,0.00,0.31,0.31,16976,18871,0.90,0,820,0,0,0,0,,,,,589.45,589.45,327.75,589.45,1505.77,648.94,648.94,327.75,648.94,1505.77,894.72,0.66,0.66,0.37,0.66,1.68,0.73,0.73,0.37,0.73,1.68,29854.42,39513.16,25655.02,37179.09,35470.34,49883.38,36060.42,42754.91,37683.72,15215.94,20855.98,21571.99,21640.47,24199.13,30037.72,30810.65,30829.67,23262.83,20144.66,33010.83,693.47,822.21,0.43,0.56,0.57,0.57,0.65,0.75,0.76,0.76,0.54,0.54,0.54,0.54,0.85,0.79,0.61,0.67,0.35,0.43,0.96,1.73,0.65,0.59,0.46,1.00,0.58,0.44,0.91,0.60,0.48,1.00
CAN,124,2013,24023,24023,1.00,5078,5335,5335,0.95,0.95,40,30,0,0,1,,,,,15719.73,21370.00,22086.10,22179.77,24727.40,30652.38,31439.13,31484.23,,46525.66,0.34,0.46,0.47,0.48,0.53,0.66,0.68,0.68,,15069,19075,17712,0.79,0.85,14,45,52,18,0,0,,,,,492.10,492.10,0.00,492.10,501.00,492.10,492.10,0.00,492.10,501.00,894.72,0.55,0.55,0.00,0.55,0.56,0.55,0.55,0.00,0.55,0.56,15069,19075,24023,0.79,0.63,14,15,52,15,0,0,,,,,492.10,283.90,0.00,283.90,283.90,492.10,283.90,0.00,283.90,283.90,894.72,0.55,0.32,0.00,0.32,0.32,0.55,0.32,0.00,0.32,0.32,17212,19075,0.90,0,820,0,0,0,0,,,,,591.17,591.17,329.38,591.17,1534.62,653.52,653.52,329.38,653.52,1534.62,894.72,0.66,0.66,0.37,0.66,1.72,0.73,0.73,0.37,0.73,1.72,30055.33,40026.04,25784.09,37649.38,35552.94,50264.68,36165.51,43273.75,37821.21,15719.73,21370.00,22086.10,22179.77,24727.40,30652.38,31439.13,31484.23,23262.83,20182.60,33273.20,695.49,832.19,0.45,0.57,0.58,0.58,0.66,0.76,0.78,0.78,0.55,0.55,0.55,0.55,0.85,0.79,0.62,0.68,0.35,0.44,0.96,1.70,0.67,0.60,0.47,1.00,0.58,0.45,0.91,0.61,0.49,1.00
CAN,124,2014,24138,24138,1.00,5245,5529,5529,0.95,0.95,40,30,0,0,1,,,,,16274.20,21967.34,22689.05,22815.64,25327.20,31377.33,32184.51,32263.57,,46926.74,0.35,0.47,0.48,0.49,0.54,0.67,0.69,0.69,,15212,19126,17783,0.80,0.86,14,45,52,18,0,0,,,,,496.34,496.34,0.00,496.34,512.50,496.34,496.34,0.00,496.34,512.50,902.44,0.55,0.55,0.00,0.55,0.57,0.55,0.55,0.00,0.55,0.57,15212,19126,24138,0.80,0.63,14,15,52,15,0,0,,,,,496.34,286.35,0.00,286.35,286.35,496.34,286.35,0.00,286.35,286.35,902.44,0.55,0.32,0.00,0.32,0.32,0.55,0.32,0.00,0.32,0.32,17283,19126,0.90,0,820,0,0,0,0,,,,,596.39,596.39,331.03,596.39,1550.00,666.34,666.34,331.03,666.34,1550.00,902.44,0.66,0.66,0.37,0.66,1.72,0.74,0.74,0.37,0.74,1.72,30332.70,40862.37,26011.69,38300.20,35865.38,50916.95,36484.82,44086.49,38155.52,16274.20,21967.34,22689.05,22815.64,25327.20,31377.33,32184.51,32263.57,23463.37,20359.33,33592.00,701.63,847.82,0.46,0.58,0.59,0.59,0.66,0.77,0.79,0.79,0.55,0.55,0.55,0.55,0.85,0.79,0.62,0.69,0.35,0.45,0.96,1.65,0.68,0.60,0.47,1.00,0.58,0.45,0.91,0.62,0.50,1.00
CAN,124,2015,24188,24188,1.00,5395,5720,5720,0.94,0.94,40,30,0,0,1,,,,,16968.01,22816.85,23400.63,23731.29,25831.50,32135.64,32958.71,33105.56,,49132.70,0.35,0.46,0.48,0.48,0.53,0.65,0.67,0.67,,15252,19242,17906,0.79,0.85,14,45,52,18,0,0,,,,,519.67,519.67,0.00,519.67,524.00,519.67,519.67,0.00,519.67,524.00,944.86,0.55,0.55,0.00,0.55,0.55,0.55,0.55,0.00,0.55,0.55,15252,19242,24188,0.79,0.63,14,15,52,15,0,0,,,,,519.67,299.81,0.00,299.81,299.81,519.67,299.81,0.00,299.81,299.81,944.86,0.55,0.32,0.00,0.32,0.32,0.55,0.32,0.00,0.32,0.32,17406,19242,0.90,0,820,0,0,0,0,,,,,616.68,616.68,332.69,616.68,1578.85,673.73,673.73,332.69,673.73,1578.85,944.86,0.65,0.65,0.35,0.65,1.67,0.71,0.71,0.35,0.71,1.67,31638.42,42903.48,27163.05,40428.85,37264.50,53845.17,37726.17,45975.23,39425.22,16968.01,22816.85,23400.63,23731.29,25831.50,32135.64,32958.71,33105.56,24566.35,21230.87,36328.29,725.50,884.14,0.46,0.58,0.59,0.59,0.65,0.76,0.78,0.78,0.55,0.55,0.55,0.55,0.85,0.76,0.63,0.68,0.36,0.43,0.97,1.82,0.67,0.60,0.47,1.00,0.59,0.45,0.91,0.62,0.49,1.00
CAN,124,2016,24323,24323,1.00,5556,5921,5921,0.94,0.94,40,30,0,0,1,,,,,17162.76,23224.44,23829.57,24185.59,26139.16,32650.43,33507.56,33692.69,,49803.09,0.34,0.47,0.48,0.49,0.52,0.66,0.67,0.68,,15376,19372,18009,0.79,0.85,14,45,52,18,0,0,,,,,526.76,526.76,0.00,526.76,533.50,526.76,526.76,0.00,526.76,533.50,957.75,0.55,0.55,0.00,0.55,0.56,0.55,0.55,0.00,0.55,0.56,15376,19372,24323,0.79,0.63,14,15,52,15,0,0,,,,,526.76,303.90,0.00,303.90,303.90,526.76,303.90,0.00,303.90,303.90,957.75,0.55,0.32,0.00,0.32,0.32,0.55,0.32,0.00,0.32,0.32,17509,19372,0.90,0,820,0,0,0,0,,,,,628.51,628.51,334.35,628.51,1598.08,678.76,678.76,334.35,678.76,1598.08,957.75,0.66,0.66,0.35,0.66,1.67,0.71,0.71,0.35,0.71,1.67,31908.05,48241.83,27532.55,45343.90,37856.48,58296.59,38449.74,52099.49,40170.84,17162.76,23224.44,23829.57,24185.59,26139.16,32650.43,33507.56,33692.69,24901.54,21515.34,40648.78,739.42,1001.91,0.46,0.58,0.58,0.59,0.64,0.76,0.78,0.78,0.55,0.55,0.55,0.55,0.85,0.68,0.61,0.66,0.36,0.41,0.96,1.54,0.67,0.59,0.47,1.00,0.58,0.45,0.91,0.61,0.48,1.00
CAN,124,2017,24492,24492,1.00,5752,6133,6133,0.94,0.94,40,30,0,0,1,,,,,17472.60,23494.50,24242.88,24456.63,26591.76,33204.30,34077.96,34291.71,,51255.89,0.34,0.46,0.47,0.48,0.52,0.65,0.66,0.67,,15674,19658,18395,0.80,0.85,7,45,52,18,0,0,,,,,542.13,542.13,0.00,542.13,543.00,542.13,542.13,0.00,542.13,543.00,985.69,0.55,0.55,0.00,0.55,0.55,0.55,0.55,0.00,0.55,0.55,15674,19658,24492,0.80,0.64,7,15,52,15,0,0,,,,,542.13,312.77,0.00,312.77,312.77,542.13,312.77,0.00,312.77,312.77,985.69,0.55,0.32,0.00,0.32,0.32,0.55,0.32,0.00,0.32,0.32,17895,19658,0.91,0,820,0,0,0,0,,,,,647.17,647.17,337.69,647.17,1621.15,696.11,696.11,337.69,696.11,1621.15,985.69,0.66,0.66,0.34,0.66,1.64,0.71,0.71,0.34,0.71,1.64,32829.47,49021.67,28349.92,46062.80,38674.96,59232.96,39591.82,52919.03,41337.07,17472.60,23494.50,24242.88,24456.63,26591.76,33204.30,34077.96,34291.71,25627.94,21848.43,41134.08,761.38,1017.67,0.45,0.57,0.58,0.58,0.64,0.75,0.77,0.77,0.55,0.55,0.55,0.55,0.85,0.68,0.62,0.67,0.37,0.42,0.95,1.54,0.66,0.60,0.47,1.00,0.58,0.46,0.90,0.61,0.48,1.00
CAN,124,2018,24738,24738,1.00,5958,6355,6355,0.94,0.94,40,30,0,0,1,,,,,17890.32,23956.04,24716.47,24957.72,27350.64,33900.44,34756.87,35010.12,,50806.17,0.35,0.47,0.49,0.49,0.54,0.67,0.68,0.69,,15863,19884,18723,0.80,0.85,7,45,52,18,0,0,,,,,537.37,537.37,0.00,537.37,547.00,537.37,537.37,0.00,537.37,547.00,977.04,0.55,0.55,0.00,0.55,0.56,0.55,0.55,0.00,0.55,0.56,15863,19884,24738,0.80,0.64,7,15,52,15,0,0,,,,,537.37,310.02,0.00,310.02,310.02,537.37,310.02,0.00,310.02,310.02,977.04,0.55,0.32,0.00,0.32,0.32,0.55,0.32,0.00,0.32,0.32,18223,19884,0.92,0,820,0,0,0,0,,,,,643.94,643.94,342.76,643.94,1646.15,697.75,697.75,342.76,697.75,1646.15,977.04,0.66,0.66,0.35,0.66,1.68,0.71,0.71,0.35,0.71,1.68,32652.12,49658.02,28164.73,46677.96,38462.66,59620.97,39393.82,53751.93,41165.17,17890.32,23956.04,24716.47,24957.72,27350.64,33900.44,34756.87,35010.12,25403.08,21720.28,41479.34,757.57,1033.69,0.47,0.58,0.59,0.60,0.66,0.77,0.78,0.79,0.55,0.55,0.55,0.55,0.85,0.68,0.62,0.67,0.36,0.42,0.95,1.48,0.67,0.60,0.47,0.99,0.58,0.46,0.90,0.61,0.49,1.00
CAN,124,2019,24992,24992,1.00,6115,6589,6589,0.93,0.93,40,30,0,0,1,,,,,18159.24,24285.21,25082.68,25327.49,27651.36,34417.65,35305.48,35547.89,,52370.98,0.35,0.46,0.48,0.48,0.53,0.66,0.67,0.68,,16220,20275,19121,0.80,0.85,7,45,52,18,0,0,,,,,553.92,553.92,0.00,553.92,562.00,553.92,553.92,0.00,553.92,562.00,1007.13,0.55,0.55,0.00,0.55,0.56,0.55,0.55,0.00,0.55,0.56,16220,20275,24992,0.80,0.65,7,15,52,15,0,0,,,,,553.92,319.57,0.00,319.57,319.57,553.92,319.57,0.00,319.57,319.57,1007.13,0.55,0.32,0.00,0.32,0.32,0.55,0.32,0.00,0.32,0.32,18621,20275,0.92,0,820,0,0,0,0,,,,,662.59,662.59,350.64,662.59,1684.62,734.16,734.16,350.64,734.16,1684.62,1007.13,0.66,0.66,0.35,0.66,1.67,0.73,0.73,0.35,0.73,1.67,33980.10,52696.85,29443.14,49537.00,40743.74,62651.21,40534.85,56236.87,43195.20,18159.24,24285.21,25082.68,25327.49,27651.36,34417.65,35305.48,35547.89,26185.49,23516.43,43563.01,779.52,1081.48,0.47,0.60,0.61,0.62,0.66,0.78,0.79,0.80,0.55,0.55,0.55,0.55,0.85,0.68,0.61,0.72,0.35,0.47,1.01,1.51,0.69,0.61,0.48,1.00,0.58,0.45,0.93,0.64,0.51,1.00
CAN,124,2020,25122,25122,1.00,6337,6827,6827,0.93,0.93,40,30,0,0,1,,,,,18371.64,24564.04,25417.59,25732.13,27980.64,34856.20,35726.79,36010.49,,53909.05,0.34,0.46,0.47,0.48,0.52,0.65,0.66,0.67,,15318,19973,18044,0.77,0.85,7,45,52,18,0,0,,,,,562.00,562.00,0.00,562.00,562.00,562.00,562.00,0.00,562.00,562.00,1036.71,0.54,0.54,0.00,0.54,0.54,0.54,0.54,0.00,0.54,0.54,15318,19973,25122,0.77,0.61,7,15,52,15,0,0,,,,,562.00,324.23,0.00,324.23,324.23,562.00,324.23,0.00,324.23,324.23,1036.71,0.54,0.31,0.00,0.31,0.31,0.54,0.31,0.00,0.31,0.31,17544,19973,0.88,0,820,0,0,0,0,,,,,682.92,682.92,357.30,682.92,1717.31,755.66,755.66,357.30,755.66,1717.31,1036.71,0.66,0.66,0.34,0.66,1.66,0.73,0.73,0.34,0.73,1.66,34883.33,54576.93,30294.73,51409.77,42060.24,64808.09,41778.58,58204.88,44612.93,18371.64,24564.04,25417.59,25732.13,27980.64,34856.20,35726.79,36010.49,26954.53,24304.34,45160.84,803.43,1119.32,0.46,0.59,0.61,0.61,0.65,0.77,0.78,0.79,0.54,0.54,0.54,0.54,0.85,0.68,0.61,0.72,0.34,0.48,1.02,1.51,0.68,0.60,0.48,1.00,0.57,0.44,0.93,0.63,0.51,1.00
CAN,124,2021,25104,25104,1.00,6525,7067,7067,0.92,0.92,40,30,0,0,1,,,,,19043.57,25239.26,26117.63,26431.18,28886.38,35799.38,36725.09,37005.95,,69542.67,0.27,0.36,0.38,0.38,0.42,0.51,0.53,0.53,,16262,20484,18942,0.79,0.86,7,45,52,18,0,0,,,,,595.00,595.00,0.00,595.00,595.00,595.00,595.00,0.00,595.00,595.00,1337.36,0.44,0.44,0.00,0.44,0.44,0.44,0.44,0.00,0.44,0.44,16262,20484,25104,0.79,0.65,7,26,52,15,0,0,,,,,595.00,595.00,0.00,595.00,595.00,595.00,595.00,0.00,595.00,595.00,1337.36,0.44,0.44,0.00,0.44,0.44,0.44,0.44,0.00,0.44,0.44,18442,20484,0.90,0,820,0,0,0,0,,,,,858.11,858.11,360.87,858.11,1734.62,899.59,899.59,360.87,899.59,1734.62,1337.36,0.64,0.64,0.27,0.64,1.30,0.67,0.67,0.27,0.67,1.30,40354.62,57625.27,40285.15,57549.90,51302.39,72685.28,52496.17,63869.71,54567.37,19043.57,25239.26,26117.63,26431.18,28886.38,35799.38,36725.09,37005.95,34771.34,28991.51,49295.88,1009.54,1228.26,0.37,0.49,0.51,0.51,0.53,0.64,0.66,0.66,0.44,0.44,0.44,0.44,0.85,0.73,0.48,0.57,0.48,0.57,0.95,1.60,0.57,0.49,0.48,1.00,0.46,0.46,0.90,0.51,0.51,1.00
CAN,124,2022,25511,25511,1.00,6693,7320,7320,0.91,0.91,40,30,0,0,1,,,,,20065.47,26364.58,27298.04,27615.39,30470.12,37522.42,38536.80,38819.51,,76496.94,0.26,0.34,0.36,0.36,0.40,0.49,0.50,0.51,,16985,20791,19693,0.82,0.86,7,45,52,18,0,0,,,,,638.00,638.00,0.00,638.00,638.00,638.00,638.00,0.00,638.00,638.00,1471.10,0.43,0.43,0.00,0.43,0.43,0.43,0.43,0.00,0.43,0.43,16985,20791,25511,0.82,0.67,7,26,52,15,0,0,,,,,638.00,638.00,0.00,638.00,638.00,638.00,638.00,0.00,638.00,638.00,1471.10,0.43,0.43,0.00,0.43,0.43,0.43,0.43,0.00,0.43,0.43,19193,20791,0.92,0,820,0,0,0,0,,,,,934.54,934.54,370.61,934.54,1780.77,977.65,977.65,370.61,977.65,1780.77,1471.10,0.64,0.64,0.25,0.64,1.21,0.66,0.66,0.25,0.66,1.21,43576.14,59563.03,43461.69,59458.30,55946.37,77795.40,57171.67,68714.23,59331.37,20065.47,26364.58,27298.04,27615.39,30470.12,37522.42,38536.80,38819.51,38248.47,31648.42,52376.54,1099.46,1321.43,0.36,0.47,0.49,0.49,0.52,0.62,0.63,0.64,0.43,0.43,0.43,0.43,0.85,0.74,0.47,0.44,0.46,0.43,0.95,1.56,0.54,0.44,0.44,1.00,0.45,0.45,0.90,0.44,0.43,1.00
CAN,124,2023,26338,26338,1.00,6923,7580,7580,0.91,0.91,40,30,0,0,1,,,,,21140.16,27585.23,28543.92,28844.03,32101.44,39392.27,40375.44,40663.55,,78026.88,0.27,0.35,0.37,0.37,0.41,0.50,0.52,0.52,,17582,21326,20171,0.82,0.87,7,45,52,18,0,0,,,,,650.00,650.00,0.00,650.00,650.00,650.00,650.00,0.00,650.00,650.00,1500.52,0.43,0.43,0.00,0.43,0.43,0.43,0.43,0.00,0.43,0.43,17582,21326,26338,0.82,0.67,7,26,52,15,0,0,,,,,650.00,650.00,0.00,650.00,650.00,650.00,650.00,0.00,650.00,650.00,1500.52,0.43,0.43,0.00,0.43,0.43,0.43,0.43,0.00,0.43,0.43,19671,21326,0.92,0,820,0,0,0,0,,,,,955.85,955.85,389.51,955.85,1896.15,1000.95,1000.95,389.51,1000.95,1896.15,1500.52,0.64,0.64,0.26,0.64,1.26,0.67,0.67,0.26,0.67,1.26,44673.03,63892.34,44517.23,63723.31,57022.28,80947.95,58475.72,71163.20,60725.72,21140.16,27585.23,28543.92,28844.03,32101.44,39392.27,40375.44,40663.55,39013.44,32170.10,54923.28,1124.53,1368.52,0.37,0.48,0.50,0.50,0.53,0.63,0.65,0.65,0.43,0.43,0.43,0.43,0.85,0.73,0.48,0.55,0.47,0.54,0.94,1.60,0.56,0.47,0.47,1.00,0.45,0.45,0.90,0.49,0.49,1.00
HRV,191,2013,1401,2838,0.49,641,791,889,0.81,0.72,780,780,0,0,1,,,,,24679.20,32334.71,32334.71,96749.52,24679.20,32334.71,32334.71,96749.52,,95268.00,0.26,0.34,0.34,1.02,0.26,0.34,0.34,1.02,,1527,1845,1527,0.83,1.00,0,51,104,39,0,0,,,,,884.98,661.30,259.77,661.30,661.30,884.98,661.30,259.77,661.30,661.30,1832.08,0.48,0.36,0.14,0.36,0.36,0.48,0.36,0.14,0.36,0.36,1845,1845,2838,1.00,0.65,0,156,104,78,0,0,,,,,882.73,882.73,191.90,882.73,959.49,956.12,956.12,191.90,956.12,976.43,1832.08,0.48,0.48,0.10,0.48,0.52,0.52,0.52,0.10,0.52,0.53,1527,1845,0.83,0,156,0,0,0,0,,,,,1261.04,1261.04,1261.04,1261.04,1261.04,1365.88,1365.88,1365.88,1365.88,1365.88,1832.08,0.69,0.69,0.69,0.69,0.69,0.75,0.75,0.75,0.75,0.75,51774.16,148350.54,56339.26,155012.99,67367.32,166669.71,65568.91,166288.51,160836.91,24679.20,32334.71,32334.71,96749.52,24679.20,32334.71,32334.71,96749.52,47634.00,36449.46,38107.20,1260.94,3197.86,0.38,0.49,0.49,1.48,0.75,0.79,0.79,1.19,0.70,0.28,0.48,0.52,1.00,0.43,0.53,0.86,0.68,0.91,1.06,1.00,0.64,0.59,0.65,0.87,0.61,0.58,1.00,0.57,0.72,0.72
HRV,191,2014,1397,2817,0.50,670,804,901,0.83,0.74,780,780,0,0,1,,,,,24801.00,32494.73,32494.73,97228.32,24801.00,32494.73,32494.73,97228.32,,95436.00,0.26,0.34,0.34,1.02,0.26,0.34,0.34,1.02,,1568,1896,1568,0.83,1.00,0,51,104,39,0,0,,,,,884.98,661.30,259.77,661.30,661.30,884.98,661.30,259.77,661.30,661.30,1835.31,0.48,0.36,0.14,0.36,0.36,0.48,0.36,0.14,0.36,0.36,1896,1896,2817,1.00,0.67,0,156,104,78,0,0,,,,,884.00,884.00,191.90,884.00,959.79,957.39,957.39,191.90,957.39,976.73,1835.31,0.48,0.48,0.10,0.48,0.52,0.52,0.52,0.10,0.52,0.53,1568,1896,0.83,0,156,0,0,0,0,,,,,1262.86,1262.86,1262.86,1262.86,1262.86,1367.71,1367.71,1367.71,1367.71,1367.71,1835.31,0.69,0.69,0.69,0.69,0.69,0.75,0.75,0.75,0.75,0.75,51831.84,148576.22,56427.71,155269.45,67472.38,166942.78,65663.66,166551.26,161099.66,24801.00,32494.73,32494.73,97228.32,24801.00,32494.73,32494.73,97228.32,47718.00,36507.14,38174.40,1262.76,3202.91,0.38,0.49,0.49,1.48,0.75,0.79,0.79,1.20,0.70,0.28,0.48,0.52,1.00,0.43,0.53,0.86,0.68,0.91,1.06,1.00,0.64,0.59,0.65,0.87,0.61,0.58,1.00,0.57,0.72,0.72
HRV,191,2015,1414,2782,0.51,770,815,914,0.94,0.84,780,780,0,0,1,,,,,24838.80,32542.73,32542.73,97371.96,24838.80,32542.73,32542.73,97371.96,,96660.00,0.26,0.34,0.34,1.01,0.26,0.34,0.34,1.01,,1590,1897,1590,0.84,1.00,0,51,104,39,0,0,,,,,884.98,661.30,259.77,661.30,661.30,884.98,661.30,259.77,661.30,661.30,1858.85,0.48,0.36,0.14,0.36,0.36,0.48,0.36,0.14,0.36,0.36,1897,1897,2782,1.00,0.68,0,520,104,52,0,0,,,,,912.36,912.36,191.90,912.36,966.33,982.52,985.34,191.90,985.34,985.34,1858.85,0.49,0.49,0.10,0.49,0.52,0.53,0.53,0.10,0.53,0.53,1590,1897,0.84,0,520,0,0,0,0,,,,,1303.37,1303.37,1303.37,1303.37,1303.37,1421.05,1421.05,1421.05,1421.05,1421.05,1858.85,0.70,0.70,0.70,0.70,0.70,0.76,0.76,0.76,0.76,0.76,52591.95,150798.22,57956.76,158292.33,69285.74,170551.66,67770.00,170548.82,164430.00,24838.80,32542.73,32542.73,97371.96,24838.80,32542.73,32542.73,97371.96,48330.00,37607.10,38664.00,1303.27,3279.78,0.37,0.48,0.48,1.44,0.74,0.79,0.79,1.18,0.68,0.27,0.49,0.53,1.00,0.43,0.50,0.85,0.67,0.91,1.05,1.00,0.63,0.57,0.65,0.87,0.59,0.58,1.00,0.56,0.72,0.72
HRV,191,2016,1440,2750,0.52,783,826,893,0.95,0.88,780,780,0,0,1,,,,,25034.10,32796.10,32796.10,98130.06,25034.10,32796.10,32796.10,98130.06,,93024.00,0.27,0.35,0.35,1.05,0.27,0.35,0.35,1.05,,1595,1835,1595,0.87,1.00,0,51,104,39,0,0,,,,,884.98,670.02,259.77,670.02,670.02,884.98,670.02,259.77,670.02,670.02,1788.92,0.49,0.37,0.15,0.37,0.37,0.49,0.37,0.15,0.37,0.37,1835,1835,2750,1.00,0.67,0,520,104,52,0,0,,,,,884.75,884.75,191.90,884.75,959.96,961.12,961.12,191.90,961.12,977.58,1788.92,0.49,0.49,0.11,0.49,0.54,0.54,0.54,0.11,0.54,0.55,1595,1835,0.87,0,520,0,0,0,0,,,,,1263.93,1263.93,1263.93,1263.93,1263.93,1373.03,1373.03,1373.03,1373.03,1373.03,1788.92,0.71,0.71,0.71,0.71,0.71,0.77,0.77,0.77,0.77,0.77,51570.23,146140.50,56042.40,152841.25,67011.86,164418.65,65719.30,164415.91,158743.30,25034.10,32796.10,32796.10,98130.06,25034.10,32796.10,32796.10,98130.06,46512.00,36358.64,37209.60,1263.83,3161.84,0.38,0.50,0.50,1.49,0.74,0.79,0.79,1.20,0.70,0.28,0.49,0.54,1.00,0.43,0.52,0.86,0.67,0.91,1.04,1.00,0.65,0.59,0.65,0.87,0.61,0.58,1.00,0.57,0.72,0.72
HRV,191,2017,1475,2703,0.55,790,833,905,0.95,0.87,780,780,0,0,1,,,,,25506.60,33412.18,33412.18,99973.44,25506.60,33412.18,33412.18,99973.44,,96660.00,0.26,0.35,0.35,1.03,0.26,0.35,0.35,1.03,,1620,1825,1620,0.89,1.00,0,51,104,39,0,0,,,,,918.42,686.29,302.42,686.29,686.29,918.42,686.29,302.42,686.29,686.29,1858.85,0.49,0.37,0.16,0.37,0.37,0.49,0.37,0.16,0.37,0.37,1825,1825,2703,1.00,0.68,0,520,104,52,0,0,,,,,920.07,920.07,191.90,920.07,968.11,982.52,994.51,191.90,994.51,994.51,1858.85,0.49,0.49,0.10,0.49,0.52,0.53,0.54,0.10,0.54,0.54,1620,1825,0.89,0,520,0,0,0,0,,,,,1314.38,1314.38,1314.38,1314.38,1314.38,1477.78,1477.78,1477.78,1477.78,1477.78,1858.85,0.71,0.71,0.71,0.71,0.71,0.79,0.79,0.79,0.79,0.79,52014.84,152922.84,57352.53,159939.84,68345.26,173501.59,68342.63,173498.63,165002.63,25506.60,33412.18,33412.18,99973.44,25506.60,33412.18,33412.18,99973.44,48330.00,38664.00,38664.00,1314.28,3336.51,0.37,0.49,0.49,1.46,0.74,0.79,0.79,1.19,0.70,0.28,0.49,0.53,1.00,0.44,0.45,0.85,0.63,0.90,1.00,1.00,0.64,0.57,0.64,0.86,0.57,0.56,1.00,0.56,0.71,0.72
HRV,191,2018,1507,2662,0.57,801,843,918,0.95,0.87,780,780,0,0,1,,,,,26365.50,34532.32,34532.32,103325.04,26365.50,34532.32,34532.32,103325.04,,101628.00,0.26,0.34,0.34,1.02,0.26,0.34,0.34,1.02,,1643,1794,1643,0.92,1.00,0,51,104,39,0,0,,,,,918.42,686.29,302.42,686.29,686.29,918.42,686.29,302.42,686.29,686.29,1954.38,0.47,0.35,0.15,0.35,0.35,0.47,0.35,0.15,0.35,0.35,1794,1794,2662,1.00,0.67,0,520,104,52,0,0,,,,,958.42,958.42,191.90,958.42,976.96,982.52,1003.36,191.90,1003.36,1003.36,1954.38,0.49,0.49,0.10,0.49,0.50,0.50,0.51,0.10,0.51,0.51,1643,1794,0.92,0,520,0,0,0,0,,,,,1369.17,1369.17,1369.17,1369.17,1369.17,1532.57,1532.57,1532.57,1532.57,1532.57,1954.38,0.70,0.70,0.70,0.70,0.70,0.78,0.78,0.78,0.78,0.78,53439.27,159315.27,59675.97,167079.13,71194.22,181318.55,71191.48,181315.48,172819.48,26365.50,34532.32,34532.32,103325.04,26365.50,34532.32,34532.32,103325.04,50814.00,40651.20,40651.20,1369.07,3486.84,0.37,0.49,0.49,1.45,0.74,0.79,0.79,1.19,0.67,0.26,0.49,0.50,1.00,0.44,0.42,0.84,0.62,0.90,1.00,1.00,0.64,0.55,0.63,0.86,0.54,0.56,1.00,0.55,0.70,0.72
HRV,191,2019,1545,2628,0.59,814,858,932,0.95,0.87,780,780,0,0,1,,,,,27785.10,35823.14,35823.14,107187.36,27785.10,35823.14,35823.14,107187.36,,107916.00,0.26,0.33,0.33,0.99,0.26,0.33,0.33,0.99,,1664,1782,1664,0.93,1.00,0,51,104,39,0,0,,,,,1007.59,752.93,346.18,752.93,752.93,1007.59,752.93,346.18,752.93,752.93,2075.31,0.49,0.36,0.17,0.36,0.36,0.49,0.36,0.17,0.36,0.36,1782,1782,2628,1.00,0.68,0,520,104,52,0,0,,,,,982.52,988.16,191.90,988.16,988.16,982.52,1014.56,191.90,1014.56,1014.56,2075.31,0.47,0.48,0.09,0.48,0.48,0.47,0.49,0.09,0.49,0.49,1664,1782,0.93,0,520,0,0,0,0,,,,,1438.52,1438.52,1438.52,1438.52,1438.52,1601.92,1601.92,1601.92,1601.92,1601.92,2075.31,0.69,0.69,0.69,0.69,0.69,0.77,0.77,0.77,0.77,0.77,56974.73,169138.73,62127.97,175747.51,74800.15,191212.47,74797.27,191209.27,182713.27,27785.10,35823.14,35823.14,107187.36,27785.10,35823.14,35823.14,107187.36,53958.00,43166.40,43166.40,1438.41,3677.10,0.37,0.48,0.48,1.43,0.74,0.79,0.79,1.18,0.70,0.27,0.47,0.47,1.00,0.44,0.44,0.85,0.60,0.90,1.00,1.00,0.63,0.57,0.61,0.86,0.57,0.54,1.00,0.56,0.68,0.72
HRV,191,2020,1536,2600,0.59,824,873,916,0.94,0.90,780,780,0,0,1,,,,,28952.70,36769.93,36769.93,110020.26,28952.70,36769.93,36769.93,110020.26,,110592.00,0.26,0.33,0.33,0.99,0.26,0.33,0.33,0.99,,1639,1772,1639,0.92,1.00,0,51,104,39,0,0,,,,,1039.10,776.47,375.03,776.47,776.47,1039.10,776.47,375.03,776.47,776.47,2126.77,0.49,0.37,0.18,0.37,0.37,0.49,0.37,0.18,0.37,0.37,1772,1772,2600,1.00,0.68,0,520,104,52,0,0,,,,,982.52,1012.85,191.90,1012.85,1012.85,982.52,1026.05,191.90,1026.05,1026.05,2126.77,0.46,0.48,0.09,0.48,0.48,0.46,0.48,0.09,0.48,0.48,1639,1772,0.92,0,520,0,0,0,0,,,,,1591.33,1591.33,1591.33,1591.33,1591.33,1673.02,1673.02,1673.02,1673.02,1673.02,2126.77,0.75,0.75,0.75,0.75,0.75,0.79,0.79,0.79,0.79,0.79,61559.41,174275.41,66461.10,179943.74,82745.72,197585.88,82742.54,197582.54,193334.54,28952.70,36769.93,36769.93,110020.26,28952.70,36769.93,36769.93,110020.26,55296.00,44236.80,44236.80,1591.20,3799.66,0.38,0.48,0.48,1.43,0.74,0.79,0.79,1.18,0.65,0.27,0.46,0.46,1.00,0.44,0.45,0.85,0.58,0.88,1.00,1.00,0.63,0.56,0.60,0.86,0.55,0.52,1.00,0.56,0.67,0.72
HRV,191,2021,1572,2478,0.63,823,852,926,0.97,0.89,780,780,0,0,1,,,,,29681.40,38047.42,38047.42,113842.68,29681.40,38047.42,38047.42,113842.68,,115188.00,0.26,0.33,0.33,0.99,0.26,0.33,0.33,0.99,,1593,1725,1593,0.92,1.00,0,51,104,39,0,0,,,,,1087.24,812.44,392.34,812.44,812.44,1087.24,812.44,392.34,812.44,812.44,2215.15,0.49,0.37,0.18,0.37,0.37,0.49,0.37,0.18,0.37,0.37,1725,1725,2478,1.00,0.70,0,520,104,52,0,0,,,,,982.52,1025.89,191.90,1025.89,1025.89,982.52,1036.89,191.90,1036.89,1036.89,2215.15,0.44,0.46,0.09,0.46,0.46,0.44,0.47,0.09,0.47,0.47,1593,1725,0.92,0,520,0,0,0,0,,,,,1672.06,1672.06,1672.06,1672.06,1672.06,1740.15,1740.15,1740.15,1740.15,1740.15,2215.15,0.75,0.75,0.75,0.75,0.75,0.79,0.79,0.79,0.79,0.79,64593.80,181551.80,68784.02,186386.28,86944.00,205672.13,86940.65,205668.65,202128.65,29681.40,38047.42,38047.42,113842.68,29681.40,38047.42,38047.42,113842.68,57594.00,46075.20,46075.20,1671.94,3955.17,0.36,0.47,0.47,1.39,0.74,0.78,0.78,1.16,0.65,0.27,0.44,0.44,1.00,0.44,0.45,0.85,0.56,0.88,1.00,1.00,0.62,0.56,0.58,0.86,0.55,0.50,1.00,0.56,0.66,0.72
HRV,191,2022,1608,2451,0.66,825,862,937,0.96,0.88,50,50,0,0,1,,,,,31663.80,40213.03,40213.03,120322.44,31663.80,40213.03,40213.03,120322.44,,119835.00,0.26,0.34,0.34,1.00,0.26,0.34,0.34,1.00,,1612,1733,1612,0.93,1.00,0,51,104,39,0,0,,,,,1145.88,856.26,432.73,856.26,856.26,1145.88,856.26,432.73,856.26,856.26,2304.52,0.50,0.37,0.19,0.37,0.37,0.50,0.37,0.19,0.37,0.37,1733,1733,2451,1.00,0.71,0,520,104,52,0,0,,,,,982.52,1036.08,191.90,1036.08,1036.08,982.52,1047.08,191.90,1047.08,1047.08,2304.52,0.43,0.45,0.08,0.45,0.45,0.43,0.45,0.08,0.45,0.45,1612,1733,0.93,0,520,0,0,0,0,,,,,1735.13,1735.13,1735.13,1735.13,1735.13,1803.21,1803.21,1803.21,1803.21,1803.21,2304.52,0.75,0.75,0.75,0.75,0.75,0.78,0.78,0.78,0.78,0.78,67372.46,188977.46,70610.36,192859.63,90223.05,213598.18,90219.58,213594.58,210054.58,31663.80,40213.03,40213.03,120322.44,31663.80,40213.03,40213.03,120322.44,59917.50,47934.00,47934.00,1734.99,4107.59,0.37,0.48,0.48,1.42,0.74,0.78,0.78,1.17,0.66,0.28,0.43,0.43,1.00,0.44,0.46,0.85,0.54,0.87,1.00,1.00,0.63,0.56,0.57,0.86,0.56,0.48,1.00,0.57,0.65,0.72
HRV,191,2023,1649,2437,0.68,842,877,939,0.96,0.90,50,50,0,0,1,,,,,4752.30,6035.42,6035.42,18058.74,4752.30,6035.42,6035.42,18058.74,,17714.00,0.27,0.34,0.34,1.02,0.27,0.34,0.34,1.02,,1627,1744,1627,0.93,1.00,0,51,104,39,0,0,,,,,164.09,122.62,64.62,122.62,122.62,164.09,122.62,64.62,122.62,122.62,340.65,0.48,0.36,0.19,0.36,0.36,0.48,0.36,0.19,0.36,0.36,1744,1744,2437,1.00,0.72,0,520,104,52,0,0,,,,,130.39,141.47,25.39,141.47,141.47,130.39,142.93,25.39,142.93,142.93,340.65,0.38,0.42,0.07,0.42,0.42,0.38,0.42,0.07,0.42,0.42,1627,1744,0.93,0,520,0,0,0,0,,,,,254.84,254.84,254.84,254.84,254.84,263.88,263.88,263.88,263.88,263.88,340.65,0.75,0.75,0.75,0.75,0.75,0.77,0.77,0.77,0.77,0.77,9813.43,27762.35,10397.57,28443.18,13251.26,31435.12,13250.75,31434.60,30964.75,4752.30,6035.42,6035.42,18058.74,4752.30,6035.42,6035.42,18058.74,8857.00,7001.25,7085.60,254.82,604.51,0.39,0.49,0.49,1.46,0.75,0.79,0.79,1.19,0.64,0.27,0.38,0.38,1.00,0.44,0.45,0.85,0.54,0.88,1.00,1.00,0.64,0.55,0.55,0.86,0.55,0.46,1.00,0.56,0.63,0.72
CYP,196,2000,223,463,0.48,58,77,79,0.74,0.73,50,20,0,0,0,,,,,1677.92,3093.19,3307.76,8140.70,2237.23,3679.67,3965.76,8820.30,,8840.00,0.19,0.35,0.37,0.92,0.25,0.42,0.45,1.00,,223,309,223,0.72,1.00,3,26,52,26,0,0,,,,,83.53,83.53,0.00,83.53,101.23,108.82,108.82,0.00,108.82,126.67,160.00,0.52,0.52,0.00,0.52,0.63,0.68,0.68,0.00,0.68,0.79,294,309,463,0.95,0.63,3,52,52,26,0,0,,,,,83.53,83.53,0.00,83.53,101.23,108.82,108.82,0.00,108.82,126.67,160.00,0.52,0.52,0.00,0.52,0.63,0.68,0.68,0.00,0.68,0.79,223,309,0.72,3,52,0,0,0,0,,,,,83.53,83.53,0.00,83.53,101.23,108.82,108.82,0.00,108.82,126.67,160.00,0.52,0.52,0.00,0.52,0.63,0.68,0.68,0.00,0.68,0.79,6331.70,6989.25,6331.70,6989.25,6331.70,6989.25,7598.16,8680.33,7726.46,1677.92,3093.19,3307.76,8140.70,2237.23,3679.67,3965.76,8820.30,4160.00,4160.00,4160.00,146.12,166.93,0.20,0.37,0.40,0.95,0.27,0.44,0.48,1.03,0.57,0.65,0.57,0.65,0.57,0.65,0.52,0.58,0.52,0.58,0.52,0.58,0.41,0.58,0.58,0.58,0.55,0.55,0.55,0.62,0.62,0.62
CYP,196,2001,236,472,0.50,60,79,82,0.76,0.73,50,21,0,0,0,,,,,1732.82,3269.48,3491.07,8714.56,2310.42,3875.15,4170.60,9429.36,,9256.00,0.19,0.35,0.38,0.94,0.25,0.42,0.45,1.02,,236,322,236,0.73,1.00,3,26,52,26,0,0,,,,,86.60,86.60,0.00,86.60,105.61,112.98,112.98,0.00,112.98,132.14,170.00,0.51,0.51,0.00,0.51,0.62,0.66,0.66,0.00,0.66,0.78,310,322,472,0.96,0.66,3,52,52,26,0,0,,,,,86.60,86.60,0.00,86.60,105.61,112.98,112.98,0.00,112.98,132.14,170.00,0.51,0.51,0.00,0.51,0.62,0.66,0.66,0.00,0.66,0.78,236,322,0.73,3,52,0,0,0,0,,,,,86.60,86.60,0.00,86.60,105.61,112.98,112.98,0.00,112.98,132.14,170.00,0.51,0.51,0.00,0.51,0.62,0.66,0.66,0.00,0.66,0.78,6671.61,7357.58,6671.61,7357.58,6671.61,7357.58,8138.30,9253.40,8238.30,1732.82,3269.48,3491.07,8714.56,2310.42,3875.15,4170.60,9429.36,4420.00,4420.00,4420.00,156.51,177.95,0.22,0.41,0.44,1.08,0.29,0.48,0.52,1.15,0.55,0.63,0.55,0.63,0.55,0.63,0.71,0.69,0.71,0.69,0.71,0.69,0.45,0.65,0.65,0.65,0.63,0.63,0.63,0.66,0.66,0.66
CYP,196,2002,243,480,0.51,63,82,84,0.77,0.75,50,22,0,0,0,,,,,1822.98,3520.74,3753.86,9349.30,2430.65,4157.93,4468.76,10085.90,,9651.20,0.19,0.36,0.39,0.97,0.25,0.43,0.46,1.05,,243,326,243,0.74,1.00,3,26,52,26,0,0,,,,,91.87,91.87,0.00,91.87,109.98,119.35,119.35,0.00,119.35,137.62,178.00,0.52,0.52,0.00,0.52,0.62,0.67,0.67,0.00,0.67,0.77,315,326,480,0.97,0.66,3,52,52,26,0,0,,,,,91.87,91.87,0.00,91.87,109.98,119.35,119.35,0.00,119.35,137.62,178.00,0.52,0.52,0.00,0.52,0.62,0.67,0.67,0.00,0.67,0.77,243,326,0.74,3,52,0,0,0,0,,,,,91.87,91.87,0.00,91.87,109.98,119.35,119.35,0.00,119.35,137.62,178.00,0.52,0.52,0.00,0.52,0.62,0.67,0.67,0.00,0.67,0.77,7016.72,7731.12,7016.72,7731.12,7016.72,7731.12,8430.22,8430.22,8430.22,1822.98,3520.74,3753.86,9349.30,2430.65,4157.93,4468.76,10085.90,4628.00,4628.00,4628.00,162.12,162.12,0.22,0.42,0.44,1.08,0.28,0.49,0.52,1.15,0.57,0.74,0.57,0.74,0.57,0.74,0.68,0.67,0.68,0.67,0.68,0.67,0.45,0.66,0.66,0.66,0.62,0.62,0.62,0.70,0.70,0.70
CYP,196,2003,250,489,0.51,66,84,86,0.79,0.77,50,23,0,0,0,,,,,1878.41,3712.12,3952.33,9924.08,2504.55,4368.69,4688.96,10688.08,,10046.40,0.19,0.37,0.39,0.99,0.25,0.43,0.47,1.06,,250,341,250,0.73,1.00,3,26,52,26,0,0,,,,,96.11,96.11,0.00,96.11,113.77,124.53,124.53,0.00,124.53,142.35,185.60,0.52,0.52,0.00,0.52,0.61,0.67,0.67,0.00,0.67,0.77,327,341,489,0.96,0.67,3,52,52,26,0,0,,,,,96.11,96.11,0.00,96.11,113.77,124.53,124.53,0.00,124.53,142.35,185.60,0.52,0.52,0.00,0.52,0.61,0.67,0.67,0.00,0.67,0.77,250,341,0.73,3,52,0,0,0,0,,,,,96.11,96.11,0.00,96.11,113.77,124.53,124.53,0.00,124.53,142.35,185.60,0.52,0.52,0.00,0.52,0.61,0.67,0.67,0.00,0.67,0.77,7324.47,8063.45,7324.47,8063.45,7324.47,8063.45,9330.78,9903.55,9330.78,1878.41,3712.12,3952.33,9924.08,2504.55,4368.69,4688.96,10688.08,4825.60,4825.60,4825.60,179.44,190.45,0.22,0.44,0.47,1.17,0.30,0.52,0.56,1.24,0.54,0.65,0.54,0.65,0.54,0.65,0.69,0.90,0.69,0.90,0.69,0.90,0.48,0.70,0.70,0.70,0.61,0.61,0.61,0.78,0.78,0.78
CYP,196,2004,259,498,0.52,69,86,88,0.80,0.78,50,24,0,0,0,,,,,1948.42,3936.11,4185.27,10628.56,2597.90,4617.14,4949.35,11434.16,,10254.40,0.19,0.38,0.41,1.04,0.25,0.45,0.48,1.12,,259,355,259,0.73,1.00,3,26,52,26,0,0,,,,,100.15,100.15,0.00,100.15,117.55,129.51,129.51,0.00,129.51,147.09,193.20,0.52,0.52,0.00,0.52,0.61,0.67,0.67,0.00,0.67,0.76,338,355,498,0.95,0.68,3,52,52,26,0,0,,,,,100.15,100.15,0.00,100.15,117.55,129.51,129.51,0.00,129.51,147.09,193.20,0.52,0.52,0.00,0.52,0.61,0.67,0.67,0.00,0.67,0.76,259,355,0.73,3,52,0,0,0,0,,,,,100.15,100.15,0.00,100.15,117.55,129.51,129.51,0.00,129.51,147.09,193.20,0.52,0.52,0.00,0.52,0.61,0.67,0.67,0.00,0.67,0.76,7627.02,8390.58,7627.02,8390.58,7627.02,8390.58,9608.37,10194.20,9608.37,1948.42,3936.11,4185.27,10628.56,2597.90,4617.14,4949.35,11434.16,5023.20,5023.20,5023.20,184.78,196.04,0.21,0.42,0.45,1.14,0.28,0.49,0.53,1.21,0.54,0.66,0.54,0.66,0.54,0.66,0.60,0.69,0.60,0.69,0.60,0.69,0.46,0.62,0.62,0.62,0.57,0.57,0.57,0.68,0.68,0.68
CYP,196,2005,267,499,0.54,70,88,91,0.80,0.78,50,25,0,0,0,,,,,2054.50,4239.11,4501.83,11406.15,2739.34,4957.22,5307.52,12237.15,,10420.80,0.20,0.41,0.43,1.09,0.26,0.48,0.51,1.17,,267,368,267,0.73,1.00,3,26,52,26,0,0,,,,,104.35,104.35,0.00,104.35,123.95,135.31,135.31,0.00,135.31,155.09,197.20,0.53,0.53,0.00,0.53,0.63,0.69,0.69,0.00,0.69,0.79,348,368,499,0.95,0.70,3,52,52,26,0,0,,,,,104.35,104.35,0.00,104.35,123.95,135.31,135.31,0.00,135.31,155.09,197.20,0.53,0.53,0.00,0.53,0.63,0.69,0.69,0.00,0.69,0.79,267,368,0.73,3,52,0,0,0,0,,,,,104.35,104.35,0.00,104.35,123.95,135.31,135.31,0.00,135.31,155.09,197.20,0.53,0.53,0.00,0.53,0.63,0.69,0.69,0.00,0.69,0.79,7840.22,8645.35,7840.22,8645.35,7840.22,8645.35,9764.29,10365.12,9764.29,2054.50,4239.11,4501.83,11406.15,2739.34,4957.22,5307.52,12237.15,5127.20,5127.20,5127.20,187.77,199.33,0.21,0.44,0.47,1.17,0.29,0.52,0.55,1.24,0.56,0.68,0.56,0.68,0.56,0.68,0.61,0.69,0.61,0.69,0.61,0.69,0.48,0.63,0.63,0.63,0.58,0.58,0.58,0.69,0.69,0.69
CYP,196,2006,281,509,0.55,72,91,94,0.80,0.77,50,26,0,0,0,,,,,2118.95,4460.82,4731.79,12076.37,2825.26,5201.46,5562.75,12936.17,,11095.00,0.19,0.40,0.43,1.09,0.25,0.47,0.50,1.17,,281,374,281,0.75,1.00,3,26,52,26,0,0,,,,,106.59,106.59,0.00,106.59,127.84,138.53,138.53,0.00,138.53,159.96,200.40,0.53,0.53,0.00,0.53,0.64,0.69,0.69,0.00,0.69,0.80,357,374,509,0.95,0.70,3,52,52,26,0,0,,,,,106.59,106.59,0.00,106.59,127.84,138.53,138.53,0.00,138.53,159.96,200.40,0.53,0.53,0.00,0.53,0.64,0.69,0.69,0.00,0.69,0.80,281,374,0.75,3,52,0,0,0,0,,,,,106.59,106.59,0.00,106.59,127.84,138.53,138.53,0.00,138.53,159.96,200.40,0.53,0.53,0.00,0.53,0.64,0.69,0.69,0.00,0.69,0.80,7981.74,8812.12,7981.74,8812.12,7981.74,8812.12,10316.81,10932.60,10316.81,2118.95,4460.82,4731.79,12076.37,2825.26,5201.46,5562.75,12936.17,5210.40,5210.40,5210.40,198.40,210.24,0.22,0.46,0.48,1.21,0.29,0.53,0.57,1.28,0.54,0.66,0.54,0.66,0.54,0.66,0.61,0.70,0.61,0.70,0.61,0.70,0.49,0.63,0.63,0.63,0.57,0.57,0.57,0.68,0.68,0.68
CYP,196,2007,301,521,0.58,72,94,96,0.76,0.74,50,27,0,0,0,,,,,2192.41,4710.40,4990.76,12980.05,2923.21,5476.71,5850.53,13877.65,,19961.59,0.11,0.24,0.25,0.65,0.15,0.27,0.29,0.70,,301,393,301,0.77,1.00,3,26,52,26,0,0,,,,,108.47,108.47,0.00,108.47,132.27,141.51,141.51,0.00,141.51,165.51,213.37,0.51,0.51,0.00,0.51,0.62,0.66,0.66,0.00,0.66,0.78,378,393,521,0.96,0.73,3,52,52,26,0,0,,,,,108.47,108.47,0.00,108.47,132.27,141.51,141.51,0.00,141.51,165.51,213.37,0.51,0.51,0.00,0.51,0.62,0.66,0.66,0.00,0.66,0.78,301,393,0.77,3,52,0,0,0,0,,,,,108.47,108.47,0.00,108.47,132.27,141.51,141.51,0.00,141.51,165.51,213.37,0.51,0.51,0.00,0.51,0.62,0.66,0.66,0.00,0.66,0.78,8367.64,9226.81,8367.64,9226.81,8367.64,9226.81,16778.01,17855.19,16778.01,2192.41,4710.40,4990.76,12980.05,2923.21,5476.71,5850.53,13877.65,5547.50,5547.50,5547.50,322.65,343.37,0.21,0.46,0.48,1.22,0.28,0.53,0.57,1.29,0.34,0.41,0.34,0.41,0.34,0.41,0.59,0.68,0.59,0.68,0.59,0.68,0.49,0.51,0.51,0.51,0.46,0.46,0.46,0.55,0.55,0.55
CYP,196,2008,306,539,0.57,75,96,99,0.77,0.75,50,28,0,0,0,,,,,3910.37,8572.99,9073.04,20292.44,5213.83,9939.79,10606.52,21825.92,,18996.23,0.21,0.45,0.48,1.07,0.27,0.52,0.56,1.15,,306,397,306,0.77,1.00,3,26,52,26,0,0,,,,,183.87,183.87,0.00,183.87,235.92,242.81,242.81,0.00,242.81,295.19,383.88,0.48,0.48,0.00,0.48,0.61,0.63,0.63,0.00,0.63,0.77,383,397,539,0.96,0.71,3,52,52,26,0,0,,,,,183.87,183.87,0.00,183.87,235.92,242.81,242.81,0.00,242.81,295.19,383.88,0.48,0.48,0.00,0.48,0.61,0.63,0.63,0.00,0.63,0.77,306,397,0.77,3,52,0,0,0,0,,,,,183.87,183.87,0.00,183.87,235.92,242.81,242.81,0.00,242.81,295.19,383.88,0.48,0.48,0.00,0.48,0.61,0.63,0.63,0.00,0.63,0.77,14761.32,16293.73,14761.32,16293.73,14761.32,16293.73,17799.47,18926.96,17799.47,3910.37,8572.99,9073.04,20292.44,5213.83,9939.79,10606.52,21825.92,9980.80,9980.80,9980.80,342.30,363.98,0.23,0.51,0.54,1.21,0.31,0.59,0.63,1.29,0.54,0.67,0.54,0.67,0.54,0.67,0.70,0.80,0.70,0.80,0.70,0.80,0.55,0.68,0.68,0.68,0.62,0.62,0.62,0.73,0.73,0.73
CYP,196,2009,307,557,0.55,77,99,103,0.77,0.74,50,29,0,0,0,,,,,4085.94,9108.36,9630.85,21771.58,5447.92,10536.52,11233.18,23373.91,,19047.49,0.21,0.48,0.51,1.14,0.29,0.55,0.59,1.23,,307,405,307,0.76,1.00,3,26,52,26,0,0,,,,,207.35,207.35,0.00,207.35,246.51,268.93,268.93,0.00,268.93,308.45,365.31,0.57,0.57,0.00,0.57,0.67,0.74,0.74,0.00,0.74,0.84,383,405,557,0.95,0.69,3,52,52,26,0,0,,,,,207.35,207.35,0.00,207.35,246.51,268.93,268.93,0.00,268.93,308.45,365.31,0.57,0.57,0.00,0.57,0.67,0.74,0.74,0.00,0.74,0.84,307,405,0.76,3,52,0,0,0,0,,,,,207.35,207.35,0.00,207.35,246.51,268.93,268.93,0.00,268.93,308.45,365.31,0.57,0.57,0.00,0.57,0.67,0.74,0.74,0.00,0.74,0.84,14889.10,16490.30,14889.10,16490.30,14889.10,16490.30,17847.50,18978.59,17847.50,4085.94,9108.36,9630.85,21771.58,5447.92,10536.52,11233.18,23373.91,9498.12,9498.12,9498.12,343.22,364.97,0.23,0.51,0.54,1.21,0.31,0.59,0.63,1.29,0.60,0.74,0.60,0.74,0.60,0.74,0.65,0.74,0.65,0.74,0.65,0.74,0.55,0.68,0.68,0.68,0.63,0.63,0.63,0.74,0.74,0.74
CYP,196,2010,322,576,0.56,80,103,106,0.78,0.75,50,30,0,0,0,,,,,4302.07,9741.08,10291.21,23533.68,5736.10,11244.79,11978.30,25220.77,,19333.20,0.22,0.50,0.53,1.22,0.30,0.58,0.62,1.30,,322,422,322,0.76,1.00,3,26,52,26,0,0,,,,,198.88,198.88,0.00,198.88,259.55,263.72,263.72,0.00,263.72,324.76,366.30,0.54,0.54,0.00,0.54,0.71,0.72,0.72,0.00,0.72,0.89,396,422,576,0.94,0.69,3,52,52,26,0,0,,,,,198.88,198.88,0.00,198.88,259.55,263.72,263.72,0.00,263.72,324.76,366.30,0.54,0.54,0.00,0.54,0.71,0.72,0.72,0.00,0.72,0.89,322,422,0.76,3,52,0,0,0,0,,,,,198.88,198.88,0.00,198.88,259.55,263.72,263.72,0.00,263.72,324.76,366.30,0.54,0.54,0.00,0.54,0.71,0.72,0.72,0.00,0.72,0.89,14694.57,16380.48,14694.57,16380.48,14694.57,16380.48,18018.54,19282.84,18018.54,4302.07,9741.08,10291.21,23533.68,5736.10,11244.79,11978.30,25220.77,9523.74,9523.74,9523.74,346.51,370.82,0.24,0.55,0.58,1.29,0.32,0.63,0.67,1.37,0.57,0.71,0.57,0.71,0.57,0.71,0.62,0.73,0.62,0.73,0.62,0.73,0.59,0.66,0.66,0.66,0.60,0.60,0.60,0.72,0.72,0.72
CYP,196,2011,327,592,0.55,82,107,110,0.77,0.74,50,31,0,0,0,,,,,4430.17,10184.30,10750.82,24865.82,5906.89,11732.78,12488.14,26603.14,,19507.21,0.23,0.52,0.55,1.27,0.30,0.60,0.64,1.36,,327,432,327,0.76,1.00,3,26,52,26,0,0,,,,,199.85,199.85,0.00,199.85,267.28,239.95,239.95,0.00,239.95,307.37,371.79,0.54,0.54,0.00,0.54,0.72,0.65,0.65,0.00,0.65,0.83,398,432,592,0.92,0.67,3,52,52,26,0,0,,,,,199.85,199.85,0.00,199.85,267.28,239.95,239.95,0.00,239.95,307.37,371.79,0.54,0.54,0.00,0.54,0.72,0.65,0.65,0.00,0.65,0.83,327,432,0.76,3,52,0,0,0,0,,,,,199.85,199.85,0.00,199.85,267.28,239.95,239.95,0.00,239.95,307.37,371.79,0.54,0.54,0.00,0.54,0.72,0.65,0.65,0.00,0.65,0.83,14862.80,15905.19,14862.80,15905.19,14862.80,15905.19,18180.72,19440.72,18180.72,4430.17,10184.30,10750.82,24865.82,5906.89,11732.78,12488.14,26603.14,9666.60,9666.60,9666.60,349.63,373.86,0.25,0.57,0.60,1.34,0.33,0.65,0.69,1.42,0.57,0.64,0.57,0.64,0.57,0.64,0.62,0.65,0.62,0.65,0.62,0.65,0.61,0.62,0.62,0.62,0.60,0.60,0.60,0.65,0.65,0.65
CYP,196,2012,321,609,0.53,88,110,114,0.80,0.77,50,32,0,0,0,,,,,4531.74,10573.57,11153.08,26092.43,6042.32,12157.55,12930.23,27869.58,,19097.55,0.24,0.55,0.58,1.37,0.32,0.64,0.68,1.46,,321,437,321,0.74,1.00,3,26,52,26,0,0,,,,,202.98,202.98,0.00,202.98,273.41,244.00,244.00,0.00,244.00,314.42,375.14,0.54,0.54,0.00,0.54,0.73,0.65,0.65,0.00,0.65,0.84,385,437,609,0.88,0.63,3,52,52,26,0,0,,,,,202.98,202.98,0.00,202.98,273.41,244.00,244.00,0.00,244.00,314.42,375.14,0.54,0.54,0.00,0.54,0.73,0.65,0.65,0.00,0.65,0.84,321,437,0.74,3,52,0,0,0,0,,,,,202.98,202.98,0.00,202.98,273.41,244.00,244.00,0.00,244.00,314.42,375.14,0.54,0.54,0.00,0.54,0.73,0.65,0.65,0.00,0.65,0.84,15031.19,16097.48,15031.19,16097.48,15031.19,16097.48,17818.01,18858.01,17818.01,4531.74,10573.57,11153.08,26092.43,6042.32,12157.55,12930.23,27869.58,9753.60,9753.60,9753.60,342.65,362.65,0.25,0.58,0.61,1.38,0.33,0.67,0.71,1.46,0.59,0.67,0.59,0.67,0.59,0.67,0.63,0.65,0.63,0.65,0.63,0.65,0.63,0.64,0.64,0.64,0.61,0.61,0.61,0.66,0.66,0.66
CYP,196,2013,301,610,0.49,91,114,119,0.80,0.77,50,33,0,0,0,,,,,4624.56,10942.90,11534.28,27305.07,6166.08,12559.33,13347.83,29118.62,,18295.45,0.25,0.60,0.63,1.49,0.34,0.69,0.73,1.59,,301,434,301,0.69,1.00,3,26,52,26,0,0,,,,,205.01,205.01,0.00,205.01,279.01,246.86,246.86,0.00,246.86,320.86,367.26,0.56,0.56,0.00,0.56,0.76,0.67,0.67,0.00,0.67,0.87,365,434,610,0.84,0.60,3,52,52,26,0,0,,,,,205.01,205.01,0.00,205.01,279.01,246.86,246.86,0.00,246.86,320.86,367.26,0.56,0.56,0.00,0.56,0.76,0.67,0.67,0.00,0.67,0.87,301,434,0.69,3,52,0,0,0,0,,,,,205.01,205.01,0.00,205.01,279.01,246.86,246.86,0.00,246.86,320.86,367.26,0.56,0.56,0.00,0.56,0.76,0.67,0.67,0.00,0.67,0.87,14878.96,15967.10,14878.96,15967.10,14878.96,15967.10,17051.36,18191.36,17051.36,4624.56,10942.90,11534.28,27305.07,6166.08,12559.33,13347.83,29118.62,9548.78,9548.78,9548.78,327.91,349.83,0.26,0.61,0.65,1.47,0.35,0.70,0.75,1.55,0.63,0.71,0.63,0.71,0.63,0.71,0.64,0.69,0.64,0.69,0.64,0.69,0.66,0.67,0.67,0.67,0.63,0.63,0.63,0.70,0.70,0.70
CYP,196,2014,298,599,0.50,96,119,124,0.80,0.77,50,34,0,0,0,,,,,4624.56,11083.54,11674.91,25933.08,6166.08,12699.97,13488.47,27746.63,,17545.34,0.26,0.63,0.67,1.48,0.35,0.72,0.77,1.58,,298,434,298,1.00,1.00,3,26,52,26,0,0,,,,,201.07,201.07,0.00,201.07,279.01,242.92,242.92,0.00,242.92,320.86,351.84,0.57,0.57,0.00,0.57,0.79,0.69,0.69,0.00,0.69,0.91,363,434,599,0.84,0.61,3,52,52,26,0,0,,,,,201.07,201.07,0.00,201.07,279.01,242.92,242.92,0.00,242.92,320.86,351.84,0.57,0.57,0.00,0.57,0.79,0.69,0.69,0.00,0.69,0.91,298,434,0.69,3,52,0,0,0,0,,,,,201.07,201.07,0.00,201.07,279.01,242.92,242.92,0.00,242.92,320.86,351.84,0.57,0.57,0.00,0.57,0.79,0.69,0.69,0.00,0.69,0.91,14375.50,15463.63,14375.50,15463.63,14375.50,15463.63,16176.80,17316.80,16176.80,4624.56,11083.54,11674.91,25933.08,6166.08,12699.97,13488.47,27746.63,9147.72,9147.72,9147.72,311.09,333.02,0.27,0.65,0.68,1.47,0.36,0.74,0.79,1.56,0.65,0.73,0.65,0.73,0.65,0.73,0.66,0.70,0.66,0.70,0.66,0.70,0.70,0.68,0.68,0.68,0.65,0.65,0.65,0.71,0.71,0.71
CYP,196,2015,305,584,0.52,97,124,128,0.79,0.76,50,35,0,0,0,,,,,4969.73,11640.83,11804.21,26743.24,6626.49,13445.61,13617.76,28556.79,,17001.44,0.29,0.68,0.69,1.57,0.39,0.79,0.80,1.68,,305,432,305,0.70,1.00,3,26,52,26,0,0,,,,,186.14,186.14,0.00,186.14,279.01,227.99,227.99,0.00,227.99,320.86,337.41,0.55,0.55,0.00,0.55,0.83,0.68,0.68,0.00,0.68,0.95,358,432,584,0.83,0.61,3,52,52,26,0,0,,,,,186.14,186.14,0.00,186.14,279.01,227.99,227.99,0.00,227.99,320.86,337.41,0.55,0.55,0.00,0.55,0.83,0.68,0.68,0.00,0.68,0.95,305,432,0.70,3,52,0,0,0,0,,,,,186.14,186.14,0.00,186.14,279.01,227.99,227.99,0.00,227.99,320.86,337.41,0.55,0.55,0.00,0.55,0.83,0.68,0.68,0.00,0.68,0.95,13612.39,14700.52,13612.39,14700.52,13612.39,14700.52,15675.33,16815.33,15675.33,4969.73,11640.83,11804.21,26743.24,6626.49,13445.61,13617.76,28556.79,8772.67,8772.67,8772.67,301.45,323.37,0.31,0.72,0.73,1.59,0.41,0.83,0.84,1.68,0.62,0.71,0.62,0.71,0.62,0.71,0.65,0.69,0.65,0.69,0.65,0.69,0.78,0.67,0.67,0.67,0.64,0.64,0.64,0.70,0.70,0.70
CYP,196,2016,311,581,0.54,100,128,133,0.78,0.75,50,36,0,0,0,,,,,4969.73,11535.96,11925.28,27419.63,6626.49,13324.48,13738.83,29233.18,,16729.41,0.30,0.69,0.71,1.64,0.40,0.80,0.82,1.75,,311,417,311,0.75,1.00,3,26,52,26,0,0,,,,,180.91,180.91,0.00,180.91,279.01,222.76,222.76,0.00,222.76,320.86,326.95,0.55,0.55,0.00,0.55,0.85,0.68,0.68,0.00,0.68,0.98,363,417,581,0.87,0.63,3,52,52,26,0,0,,,,,180.91,180.91,0.00,180.91,279.01,222.76,222.76,0.00,222.76,320.86,326.95,0.55,0.55,0.00,0.55,0.85,0.68,0.68,0.00,0.68,0.98,311,417,0.75,3,52,0,0,0,0,,,,,180.91,180.91,0.00,180.91,279.01,222.76,222.76,0.00,222.76,320.86,326.95,0.55,0.55,0.00,0.55,0.85,0.68,0.68,0.00,0.68,0.98,13204.47,14292.60,13204.47,14292.60,13204.47,14292.60,15424.52,16564.52,15424.52,4969.73,11535.96,11925.28,27419.63,6626.49,13324.48,13738.83,29233.18,8500.72,8500.72,8500.72,296.63,318.55,0.32,0.74,0.76,1.68,0.42,0.85,0.88,1.77,0.61,0.70,0.61,0.70,0.61,0.70,0.66,0.70,0.66,0.70,0.66,0.70,0.79,0.67,0.67,0.67,0.63,0.63,0.63,0.70,0.70,0.70
CYP,196,2017,330,582,0.57,103,133,137,0.78,0.75,50,37,0,0,0,,,,,5009.72,11392.42,12040.20,28275.68,6680.01,13158.69,13853.75,30089.23,,16930.16,0.30,0.67,0.71,1.67,0.39,0.78,0.82,1.78,,330,427,330,0.77,1.00,3,26,52,26,0,0,,,,,178.30,178.30,0.00,178.30,279.01,220.15,220.15,0.00,220.15,320.86,321.72,0.55,0.55,0.00,0.55,0.87,0.68,0.68,0.00,0.68,1.00,380,427,582,0.89,0.65,3,52,52,26,0,0,,,,,178.30,178.30,0.00,178.30,279.01,220.15,220.15,0.00,220.15,320.86,321.72,0.55,0.55,0.00,0.55,0.87,0.68,0.68,0.00,0.68,1.00,330,427,0.77,3,52,0,0,0,0,,,,,178.30,178.30,0.00,178.30,279.01,220.15,220.15,0.00,220.15,320.86,321.72,0.55,0.55,0.00,0.55,0.87,0.68,0.68,0.00,0.68,1.00,13000.45,14088.58,13000.45,14088.58,13000.45,14088.58,15609.60,16749.60,15609.60,5009.72,11392.42,12040.20,28275.68,6680.01,13158.69,13853.75,30089.23,8364.71,8364.71,8364.71,300.18,322.11,0.32,0.74,0.78,1.75,0.43,0.85,0.90,1.84,0.59,0.68,0.59,0.68,0.59,0.68,0.66,0.70,0.66,0.70,0.66,0.70,0.80,0.66,0.66,0.66,0.63,0.63,0.63,0.69,0.69,0.69
CYP,196,2018,348,587,0.59,106,137,137,0.77,0.77,50,38,0,0,0,,,,,5009.72,11281.17,12158.13,28955.84,6680.01,13030.19,13971.68,30769.39,,17488.85,0.29,0.65,0.70,1.66,0.38,0.75,0.80,1.76,,348,437,348,0.79,1.00,3,26,52,26,0,0,,,,,180.23,180.23,0.00,180.23,279.01,222.08,222.08,0.00,222.08,320.86,325.58,0.55,0.55,0.00,0.55,0.86,0.68,0.68,0.00,0.68,0.99,400,437,587,0.91,0.68,3,52,52,26,0,0,,,,,180.23,180.23,0.00,180.23,279.01,222.08,222.08,0.00,222.08,320.86,325.58,0.55,0.55,0.00,0.55,0.86,0.68,0.68,0.00,0.68,0.99,348,437,0.79,3,52,0,0,0,0,,,,,180.23,180.23,0.00,180.23,279.01,222.08,222.08,0.00,222.08,320.86,325.58,0.55,0.55,0.00,0.55,0.86,0.68,0.68,0.00,0.68,0.99,13151.00,14239.14,13151.00,14239.14,13151.00,14239.14,16124.72,17281.94,16124.72,5009.72,11281.17,12158.13,28955.84,6680.01,13030.19,13971.68,30769.39,8465.08,8465.08,8465.08,310.09,332.35,0.32,0.72,0.78,1.76,0.43,0.83,0.90,1.86,0.58,0.67,0.58,0.67,0.58,0.67,0.66,0.70,0.66,0.70,0.66,0.70,0.78,0.65,0.65,0.65,0.62,0.62,0.62,0.68,0.68,0.68
CYP,196,2019,360,594,0.61,108,141,141,0.77,0.77,50,39,0,0,0,,,,,5031.13,11266.95,12333.60,29756.01,6707.61,13013.77,14154.74,31577.16,,18047.55,0.28,0.62,0.68,1.65,0.37,0.72,0.78,1.75,,360,448,360,0.80,1.00,3,26,52,26,0,0,,,,,185.67,185.67,0.00,185.67,280.18,227.70,227.70,0.00,227.70,322.20,336.32,0.55,0.55,0.00,0.55,0.83,0.68,0.68,0.00,0.68,0.96,416,448,594,0.93,0.70,3,52,52,26,0,0,,,,,185.67,185.67,0.00,185.67,280.18,227.70,227.70,0.00,227.70,322.20,336.32,0.55,0.55,0.00,0.55,0.83,0.68,0.68,0.00,0.68,0.96,360,448,0.80,3,52,0,0,0,0,,,,,185.67,185.67,0.00,185.67,280.18,227.70,227.70,0.00,227.70,322.20,336.32,0.55,0.55,0.00,0.55,0.83,0.68,0.68,0.00,0.68,0.96,13571.92,14664.61,13571.92,14664.61,13571.92,14664.61,16549.60,17706.82,16549.60,5031.13,11266.95,12333.60,29756.01,6707.61,13013.77,14154.74,31577.16,8744.43,8744.43,8744.43,318.26,340.52,0.31,0.70,0.76,1.75,0.42,0.81,0.88,1.84,0.58,0.67,0.58,0.67,0.58,0.67,0.65,0.69,0.65,0.69,0.65,0.69,0.75,0.65,0.65,0.65,0.62,0.62,0.62,0.68,0.68,0.68
CYP,196,2020,360,601,0.60,111,145,145,0.77,0.77,50,40,0,0,0,,,,,5053.66,11286.97,12522.75,30571.84,6738.03,13036.89,14352.11,32401.20,,18606.24,0.27,0.61,0.67,1.64,0.36,0.70,0.77,1.74,,360,452,360,0.80,1.00,3,26,52,26,0,0,,,,,191.12,191.12,0.00,191.12,281.44,233.34,233.34,0.00,233.34,323.66,347.07,0.55,0.55,0.00,0.55,0.81,0.67,0.67,0.00,0.67,0.93,417,452,601,0.92,0.69,3,52,52,26,0,0,,,,,191.12,191.12,0.00,191.12,281.44,233.34,233.34,0.00,233.34,323.66,347.07,0.55,0.55,0.00,0.55,0.81,0.67,0.67,0.00,0.67,0.93,360,452,0.80,3,52,0,0,0,0,,,,,191.12,191.12,0.00,191.12,281.44,233.34,233.34,0.00,233.34,323.66,347.07,0.55,0.55,0.00,0.55,0.81,0.67,0.67,0.00,0.67,0.93,13993.00,15090.62,13993.00,15090.62,13993.00,15090.62,17061.92,18201.92,17061.92,5053.66,11286.97,12522.75,30571.84,6738.03,13036.89,14352.11,32401.20,9023.77,9023.77,9023.77,328.11,350.04,0.31,0.68,0.76,1.74,0.41,0.79,0.87,1.83,0.58,0.67,0.58,0.67,0.58,0.67,0.66,0.70,0.66,0.70,0.66,0.70,0.73,0.65,0.65,0.65,0.62,0.62,0.62,0.68,0.68,0.68
CYP,196,2021,381,605,0.63,114,147,147,0.77,0.77,50,41,0,0,0,,,,,5285.19,11775.74,13087.57,31970.95,7046.74,13601.44,15000.76,33884.14,,19164.94,0.28,0.61,0.68,1.67,0.37,0.71,0.78,1.77,,381,467,381,0.82,1.00,3,26,52,26,0,0,,,,,197.30,197.30,0.00,197.30,294.34,241.45,241.45,0.00,241.45,338.49,357.81,0.55,0.55,0.00,0.55,0.82,0.67,0.67,0.00,0.67,0.95,432,467,605,0.93,0.71,3,52,52,26,0,0,,,,,197.30,197.30,0.00,197.30,294.34,241.45,241.45,0.00,241.45,338.49,357.81,0.55,0.55,0.00,0.55,0.82,0.67,0.67,0.00,0.67,0.95,381,467,0.82,3,52,0,0,0,0,,,,,197.30,197.30,0.00,197.30,294.34,241.45,241.45,0.00,241.45,338.49,357.81,0.55,0.55,0.00,0.55,0.82,0.67,0.67,0.00,0.67,0.95,14432.98,15580.89,14432.98,15580.89,14432.98,15580.89,17574.25,18757.75,17574.25,5285.19,11775.74,13087.57,31970.95,7046.74,13601.44,15000.76,33884.14,9303.12,9303.12,9303.12,337.97,360.73,0.31,0.69,0.77,1.75,0.41,0.80,0.88,1.84,0.58,0.67,0.58,0.67,0.58,0.67,0.66,0.71,0.66,0.71,0.66,0.71,0.74,0.65,0.65,0.65,0.62,0.62,0.62,0.69,0.69,0.69
CYP,196,2022,401,610,0.66,118,149,149,0.79,0.79,50,42,0,0,0,,,,,5346.60,11889.36,13200.00,33764.77,7132.93,13732.67,15136.48,35701.25,,19164.94,0.28,0.62,0.69,1.76,0.37,0.72,0.79,1.86,,401,483,401,0.83,1.00,3,26,52,26,0,0,,,,,202.90,202.90,0.00,202.90,297.92,247.59,247.59,0.00,247.59,342.61,368.56,0.55,0.55,0.00,0.55,0.81,0.67,0.67,0.00,0.67,0.93,451,483,610,0.93,0.74,3,52,52,26,0,0,,,,,202.90,202.90,0.00,202.90,297.92,247.59,247.59,0.00,247.59,342.61,368.56,0.55,0.55,0.00,0.55,0.81,0.67,0.67,0.00,0.67,0.93,401,483,0.83,3,52,0,0,0,0,,,,,202.90,202.90,0.00,202.90,297.92,247.59,247.59,0.00,247.59,342.61,368.56,0.55,0.55,0.00,0.55,0.81,0.67,0.67,0.00,0.67,0.93,14857.82,16019.71,14857.82,16019.71,14857.82,16019.71,17574.25,18870.21,17574.25,5346.60,11889.36,13200.00,33764.77,7132.93,13732.67,15136.48,35701.25,9582.47,9582.47,9582.47,337.97,362.89,0.30,0.68,0.75,1.78,0.41,0.78,0.86,1.87,0.60,0.68,0.60,0.68,0.60,0.68,0.66,0.70,0.66,0.70,0.66,0.70,0.73,0.66,0.66,0.66,0.63,0.63,0.63,0.69,0.69,0.69
CYP,196,2023,414,619,0.67,123,153,153,0.81,0.81,50,43,0,0,0,,,,,5574.18,12238.07,13570.25,35861.90,7432.06,14135.45,15571.94,37863.59,,19164.94,0.29,0.64,0.71,1.87,0.39,0.74,0.81,1.98,,414,493,414,0.84,1.00,3,26,52,26,0,0,,,,,203.53,203.53,0.00,203.53,307.95,249.72,249.72,0.00,249.72,354.14,368.56,0.55,0.55,0.00,0.55,0.84,0.68,0.68,0.00,0.68,0.96,463,493,619,0.94,0.75,3,52,52,26,0,0,,,,,203.53,203.53,0.00,203.53,307.95,249.72,249.72,0.00,249.72,354.14,368.56,0.55,0.55,0.00,0.55,0.84,0.68,0.68,0.00,0.68,0.96,414,493,0.84,3,52,0,0,0,0,,,,,203.53,203.53,0.00,203.53,307.95,249.72,249.72,0.00,249.72,354.14,368.56,0.55,0.55,0.00,0.55,0.84,0.68,0.68,0.00,0.68,0.96,14874.13,16075.14,14874.13,16075.14,14874.13,16075.14,17574.25,18870.21,17574.25,5574.18,12238.07,13570.25,35861.90,7432.06,14135.45,15571.94,37863.59,9582.47,9582.47,9582.47,337.97,362.89,0.32,0.70,0.77,1.87,0.42,0.80,0.89,1.96,0.60,0.69,0.60,0.69,0.60,0.69,0.66,0.70,0.66,0.70,0.66,0.70,0.75,0.66,0.66,0.66,0.63,0.63,0.63,0.69,0.69,0.69
CZE,203,2000,4661,7029,0.66,1907,1418,1834,1.34,1.00,50,15,0,0,0,,,,,24960.00,43391.87,61463.29,0.00,24960.00,43391.87,61463.29,0.00,,158256.00,0.16,0.27,0.39,0.00,0.16,0.27,0.39,0.00,,4591,5134,3966,0.89,1.16,7,26,156,52,0,0,,,,,989.42,890.48,0.00,890.48,1978.85,989.42,890.48,0.00,890.48,5573.08,3043.38,0.33,0.29,0.00,0.29,0.65,0.33,0.29,0.00,0.29,1.83,4518,5134,7153,0.88,0.63,0,52,0,0,0,0,,,,,1704.00,1923.23,0.00,1923.23,2431.50,1704.00,1923.23,0.00,1923.23,2431.50,3043.38,0.56,0.63,0.00,0.63,0.80,0.56,0.63,0.00,0.63,0.80,3929,5134,0.77,0,1820,0,0,0,0,,,,,3043.38,3043.38,0.00,3043.38,0.00,3043.38,3043.38,0.00,3043.38,0.00,3043.38,1.00,1.00,0.00,1.00,0.00,1.00,1.00,0.00,1.00,0.00,82094.40,123577.83,108945.90,144932.84,167147.40,201579.91,122863.20,181697.64,122863.20,24960.00,43391.87,61463.29,0.00,24960.00,43391.87,61463.29,0.00,79128.00,64089.45,110550.36,2362.75,3494.19,0.20,0.35,0.50,0.00,0.20,0.35,0.50,0.00,0.42,0.28,0.72,0.49,1.00,1.00,0.31,0.18,0.76,0.48,1.75,1.28,0.35,0.30,0.61,1.00,0.36,0.74,1.00,0.23,0.49,1.00
CZE,203,2001,4528,7159,0.63,1923,1411,1840,1.36,1.00,50,15,0,0,0,,,,,24960.00,45001.30,64123.78,0.00,24960.00,45001.30,64123.78,0.00,,169320.00,0.15,0.27,0.38,0.00,0.15,0.27,0.38,0.00,,4596,5100,3970,0.90,1.16,7,26,156,52,0,0,,,,,989.42,890.48,0.00,890.48,2175.00,989.42,890.48,0.00,890.48,5953.85,3256.15,0.30,0.27,0.00,0.27,0.67,0.30,0.27,0.00,0.27,1.83,4484,5100,7159,0.88,0.63,0,52,0,0,0,0,,,,,2044.80,2307.88,0.00,2307.88,2869.64,2044.80,2307.88,0.00,2307.88,2869.64,3256.15,0.63,0.71,0.00,0.71,0.88,0.63,0.71,0.00,0.71,0.88,3725,5100,0.73,0,1820,0,0,0,0,,,,,3256.15,3256.15,0.00,3256.15,0.00,3256.15,3256.15,0.00,3256.15,0.00,3256.15,1.00,1.00,0.00,1.00,0.00,1.00,1.00,0.00,1.00,0.00,85482.75,126272.59,122335.05,155581.24,183648.30,217520.17,130608.00,187019.25,130608.00,24960.00,45001.30,64123.78,0.00,24960.00,45001.30,64123.78,0.00,84660.00,68203.88,114535.79,2511.69,3596.52,0.19,0.34,0.49,0.00,0.19,0.34,0.49,0.00,0.39,0.28,0.81,0.57,1.00,1.00,0.28,0.16,0.87,0.57,1.85,1.42,0.34,0.28,0.70,1.00,0.34,0.84,1.00,0.22,0.57,1.00
CZE,203,2002,4582,7167,0.64,1908,1414,1805,1.35,1.00,50,15,0,0,0,,,,,24960.00,46932.88,67316.80,0.00,24960.00,46932.88,67316.80,0.00,,178680.00,0.14,0.26,0.38,0.00,0.14,0.26,0.38,0.00,,4649,5104,3967,0.91,1.17,7,26,156,52,0,0,,,,,1087.50,978.75,0.00,978.75,2365.38,1087.50,978.75,0.00,978.75,6403.85,3436.15,0.32,0.28,0.00,0.28,0.69,0.32,0.28,0.00,0.28,1.86,4467,5104,7167,0.88,0.62,0,52,0,0,0,0,,,,,2044.80,2307.88,0.00,2307.88,2869.64,2044.80,2307.88,0.00,2307.88,2869.64,3436.15,0.60,0.67,0.00,0.67,0.84,0.60,0.67,0.00,0.67,0.84,3940,5104,0.77,0,1820,0,0,0,0,,,,,3436.15,3436.15,0.00,3436.15,0.00,3436.15,3436.15,0.00,3436.15,0.00,3436.15,1.00,1.00,0.00,1.00,0.00,1.00,1.00,0.00,1.00,0.00,91580.25,135034.34,126137.55,162625.70,190395.30,227327.99,137784.00,198928.17,137784.00,24960.00,46932.88,67316.80,0.00,24960.00,46932.88,67316.80,0.00,89340.00,72152.62,121305.77,2649.69,3825.54,0.18,0.34,0.49,0.00,0.18,0.34,0.49,0.00,0.41,0.28,0.77,0.53,1.00,1.00,0.30,0.18,0.82,0.53,1.80,1.37,0.34,0.29,0.67,1.00,0.35,0.80,1.00,0.23,0.53,1.00
CZE,203,2003,4594,7188,0.64,1914,1418,1832,1.35,1.00,50,15,0,0,0,,,,,24960.00,48575.05,70031.41,0.00,24960.00,48575.05,70031.41,0.00,,190140.00,0.13,0.26,0.37,0.00,0.13,0.26,0.37,0.00,,4615,5100,3886,0.91,1.19,7,26,156,52,0,0,,,,,1182.69,1064.42,0.00,1064.42,2365.38,1182.69,1064.42,0.00,1064.42,6403.85,3656.54,0.32,0.29,0.00,0.29,0.65,0.32,0.29,0.00,0.29,1.75,4435,5100,7188,0.87,0.62,0,52,0,0,0,0,,,,,2044.80,2307.88,0.00,2307.88,2869.64,2044.80,2307.88,0.00,2307.88,2869.64,3656.54,0.56,0.63,0.00,0.63,0.78,0.56,0.63,0.00,0.63,0.78,3847,5100,0.75,0,1820,0,0,0,0,,,,,3656.54,3656.54,0.00,3656.54,0.00,3656.54,3656.54,0.00,3656.54,0.00,3656.54,1.00,1.00,0.00,1.00,0.00,1.00,1.00,0.00,1.00,0.00,97317.38,139443.91,129647.17,165203.50,197848.05,233263.17,146166.00,204057.17,146166.00,24960.00,48575.05,70031.41,0.00,24960.00,48575.05,70031.41,0.00,95070.00,76414.31,125334.15,2810.88,3924.18,0.17,0.33,0.48,0.00,0.17,0.33,0.48,0.00,0.42,0.30,0.73,0.52,1.00,1.00,0.30,0.18,0.76,0.51,1.74,1.37,0.33,0.30,0.63,1.00,0.36,0.75,1.00,0.24,0.51,1.00
CZE,203,2004,4842,7222,0.67,1945,1423,1811,1.37,1.00,50,15,0,0,0,,,,,24960.00,49987.35,72366.03,0.00,24960.00,49987.35,72366.03,0.00,,204420.00,0.12,0.24,0.35,0.00,0.12,0.24,0.35,0.00,,4599,5116,3892,0.90,1.18,0,26,156,52,0,0,,,,,1182.69,1064.42,0.00,1064.42,2365.38,1182.69,1064.42,0.00,1064.42,6403.85,3931.15,0.30,0.27,0.00,0.27,0.60,0.30,0.27,0.00,0.27,1.63,4389,5116,7222,0.86,0.61,0,52,0,0,0,0,,,,,1602.52,2396.01,0.00,2396.01,2880.82,1602.52,2396.01,0.00,2396.01,2880.82,3931.15,0.41,0.61,0.00,0.61,0.73,0.41,0.61,0.00,0.61,0.73,3851,5116,0.75,0,1820,0,0,0,0,,,,,3931.15,3931.15,0.00,3931.15,0.00,3931.15,3931.15,0.00,3931.15,0.00,3931.15,1.00,1.00,0.00,1.00,0.00,1.00,1.00,0.00,1.00,0.00,101690.62,143106.70,136311.79,170749.06,208528.92,228948.52,156162.00,209852.93,156162.00,24960.00,49987.35,72366.03,0.00,24960.00,49987.35,72366.03,0.00,102210.00,81724.69,130610.92,3003.12,4035.63,0.16,0.32,0.46,0.00,0.16,0.32,0.46,0.00,0.39,0.29,0.53,0.40,1.00,1.00,0.27,0.16,0.73,0.51,1.70,1.24,0.32,0.28,0.54,1.00,0.33,0.63,1.00,0.23,0.45,1.00
CZE,203,2005,4788,7242,0.66,1962,1434,1893,1.37,1.00,50,15,0,0,0,,,,,26040.00,87516.24,107720.88,0.00,26040.00,87516.24,107720.88,0.00,,213792.00,0.12,0.41,0.50,0.00,0.12,0.41,0.50,0.00,,4677,5174,3986,0.90,1.17,0,26,156,52,0,0,,,,,1182.69,1064.42,0.00,1064.42,2480.77,1182.69,1064.42,0.00,1064.42,6634.62,4111.38,0.29,0.26,0.00,0.26,0.60,0.29,0.26,0.00,0.26,1.61,4443,5174,7242,0.86,0.61,0,52,0,0,0,0,,,,,1684.92,2508.19,0.00,2508.19,2880.82,1684.92,2508.19,0.00,2508.19,2880.82,4111.38,0.41,0.61,0.00,0.61,0.70,0.41,0.61,0.00,0.61,0.70,3963,5174,0.77,0,1820,0,0,0,0,,,,,4111.38,4111.38,0.00,4111.38,0.00,4111.38,4111.38,0.00,4111.38,0.00,4111.38,1.00,1.00,0.00,1.00,0.00,1.00,1.00,0.00,1.00,0.00,112884.90,160464.89,150422.95,190576.93,186635.01,232526.15,162722.40,209775.21,170330.40,26040.00,87516.24,107720.88,0.00,26040.00,87516.24,107720.88,0.00,106896.00,85209.90,134758.48,3129.28,4034.14,0.16,0.54,0.66,0.00,0.15,0.51,0.63,0.00,0.38,0.29,0.54,0.42,1.00,1.00,0.36,0.34,0.84,0.74,1.31,1.30,0.53,0.34,0.64,1.00,0.37,0.69,1.00,0.32,0.58,1.00
CZE,203,2006,4848,7271,0.67,1995,1456,1933,1.37,1.00,50,25,0,0,0,,,,,26880.00,92667.96,114104.52,0.00,26880.00,92667.96,114104.52,0.00,,221568.00,0.12,0.42,0.51,0.00,0.12,0.42,0.51,0.00,,4738,5200,4031,0.91,1.18,0,26,156,52,0,0,,,,,1240.38,1116.35,0.00,1116.35,2550.00,1240.38,1116.35,0.00,1116.35,6784.62,4260.92,0.29,0.26,0.00,0.26,0.60,0.29,0.26,0.00,0.26,1.59,4497,5200,7271,0.86,0.62,0,52,0,0,0,0,,,,,1770.58,2638.21,0.00,2638.21,3051.91,1770.58,2638.21,0.00,2638.21,3051.91,4260.92,0.42,0.62,0.00,0.62,0.72,0.42,0.62,0.00,0.62,0.72,4008,5200,0.77,0,1820,0,0,0,0,,,,,4260.92,4260.92,0.00,4260.92,0.00,4260.92,4260.92,0.00,4260.92,0.00,4260.92,1.00,1.00,0.00,1.00,0.00,1.00,1.00,0.00,1.00,0.00,121528.68,166297.52,161097.18,200654.09,197971.99,246322.37,172720.32,233241.19,176920.32,26880.00,92667.96,114104.52,0.00,26880.00,92667.96,114104.52,0.00,110784.00,92503.68,148990.47,3321.54,4485.41,0.16,0.54,0.66,0.00,0.15,0.52,0.64,0.00,0.37,0.28,0.53,0.39,1.00,1.00,0.36,0.21,0.86,0.61,1.31,1.16,0.53,0.30,0.60,1.00,0.37,0.69,1.00,0.24,0.50,1.00
CZE,203,2007,4880,7297,0.67,2029,1482,1992,1.37,1.00,50,25,0,0,0,,,,,28080.00,99840.68,122983.72,0.00,28080.00,99840.68,122983.72,0.00,,245490.00,0.11,0.41,0.50,0.00,0.11,0.41,0.50,0.00,,4827,5199,4111,0.93,1.17,0,26,156,52,0,0,,,,,1660.77,1577.73,0.00,1577.73,2782.84,2242.70,2130.57,0.00,2130.57,2782.84,4720.96,0.35,0.33,0.00,0.33,0.59,0.48,0.45,0.00,0.45,0.59,4597,5199,7297,0.88,0.63,0,52,0,0,0,0,,,,,1857.57,2774.49,0.00,2774.49,3299.14,1857.57,2774.49,0.00,2774.49,3299.14,4720.96,0.39,0.59,0.00,0.59,0.70,0.39,0.59,0.00,0.59,0.70,4081,5199,0.79,0,1820,0,0,0,0,,,,,4720.96,4720.96,0.00,4720.96,0.00,4720.96,4720.96,0.00,4720.96,0.00,4720.96,1.00,1.00,0.00,1.00,0.00,1.00,1.00,0.00,1.00,0.00,142734.73,211457.22,173850.30,225993.86,217010.88,279437.90,189675.04,254413.64,193875.04,28080.00,99840.68,122983.72,0.00,28080.00,99840.68,122983.72,0.00,122745.00,101713.65,162496.51,3647.60,4892.57,0.15,0.53,0.65,0.00,0.14,0.51,0.63,0.00,0.46,0.46,0.51,0.38,1.00,1.00,0.47,0.53,0.82,0.69,1.31,1.27,0.52,0.48,0.60,1.00,0.46,0.66,1.00,0.50,0.54,1.00
CZE,203,2008,4979,7358,0.68,2066,1513,2049,1.37,1.00,50,25,0,0,0,,,,,35280.00,111982.71,136537.77,0.00,35280.00,111982.71,136537.77,0.00,,265668.00,0.13,0.42,0.51,0.00,0.13,0.42,0.51,0.00,,4904,5232,4196,0.94,1.17,0,26,156,52,0,0,,,,,1823.80,1732.61,0.00,1732.61,2782.84,2446.28,2323.97,0.00,2323.97,2782.84,5109.00,0.36,0.34,0.00,0.34,0.54,0.48,0.45,0.00,0.45,0.54,4572,5232,7358,0.87,0.62,0,52,0,0,0,0,,,,,2197.80,2518.03,0.00,2518.03,3132.13,2197.80,2518.03,0.00,2518.03,3132.13,5109.00,0.43,0.49,0.00,0.49,0.61,0.43,0.49,0.00,0.49,0.61,4152,5232,0.79,0,1820,0,0,0,0,,,,,5109.00,5109.00,0.00,5109.00,0.00,5109.00,5109.00,0.00,5109.00,0.00,5109.00,1.00,1.00,0.00,1.00,0.00,1.00,1.00,0.00,1.00,0.00,159218.69,242610.02,179639.57,247655.48,233363.39,308388.57,203501.73,279460.74,228341.73,35280.00,111982.71,136537.77,0.00,35280.00,111982.71,136537.77,0.00,132834.00,114170.87,182186.78,3913.49,5374.25,0.17,0.55,0.67,0.00,0.15,0.49,0.60,0.00,0.47,0.46,0.56,0.41,1.00,1.00,0.50,0.62,0.73,0.67,1.33,1.30,0.52,0.51,0.59,1.00,0.49,0.65,1.00,0.54,0.54,1.00
CZE,203,2009,4905,7392,0.66,2108,1556,2038,1.35,1.00,50,25,0,0,0,,,,,35280.00,114744.55,140088.71,0.00,35280.00,114744.55,140088.71,0.00,,269203.50,0.13,0.43,0.52,0.00,0.13,0.43,0.52,0.00,,4830,5286,4107,0.91,1.18,0,22,156,52,0,0,,,,,2543.77,1793.69,0.00,1793.69,2880.93,3493.26,2463.20,0.00,2463.20,2880.93,5176.99,0.49,0.35,0.00,0.35,0.56,0.67,0.48,0.00,0.48,0.56,4253,5286,7392,0.80,0.58,0,54,0,0,0,0,,,,,2758.86,2818.46,0.00,2818.46,6400.25,2758.86,2818.46,0.00,2818.46,6400.25,5176.99,0.53,0.54,0.00,0.54,1.24,0.53,0.54,0.00,0.54,1.24,4058,5286,0.77,0,1820,0,0,0,0,,,,,5176.99,5176.99,0.00,5176.99,0.00,5176.99,5176.99,0.00,5176.99,0.00,5176.99,1.00,1.00,0.00,1.00,0.00,1.00,1.00,0.00,1.00,0.00,157041.68,239591.83,190860.46,258681.38,239856.66,313966.05,210321.21,285639.57,235161.21,35280.00,114744.55,140088.71,0.00,35280.00,114744.55,140088.71,0.00,134601.75,117580.61,185401.53,4044.64,5493.07,0.17,0.55,0.67,0.00,0.15,0.49,0.60,0.00,0.63,0.64,0.68,0.50,1.00,1.00,0.43,0.54,0.79,0.73,1.32,1.28,0.52,0.56,0.68,1.00,0.53,0.74,1.00,0.59,0.62,1.00
CZE,203,2010,5012,7369,0.68,2260,1600,2103,1.41,1.00,50,26,0,0,0,,,,,35280.00,115301.39,140804.65,0.00,35280.00,115301.39,140804.65,0.00,,272739.00,0.13,0.42,0.52,0.00,0.13,0.42,0.52,0.00,,4782,5269,4019,0.91,1.19,0,22,156,52,0,0,,,,,2629.02,1853.79,0.00,1853.79,2977.48,3570.49,2517.66,0.00,2517.66,2977.48,5244.98,0.50,0.35,0.00,0.35,0.57,0.68,0.48,0.00,0.48,0.57,4311,5269,7369,0.82,0.59,0,54,0,0,0,0,,,,,2795.57,2855.96,0.00,2855.96,5610.93,2795.57,2855.96,0.00,2855.96,5610.93,5244.98,0.53,0.54,0.00,0.54,1.07,0.53,0.54,0.00,0.54,1.07,3974,5269,0.75,0,1820,0,0,0,0,,,,,5244.98,5244.98,0.00,5244.98,0.00,5244.98,5244.98,0.00,5244.98,0.00,5244.98,1.00,1.00,0.00,1.00,0.00,1.00,1.00,0.00,1.00,0.00,159582.03,244056.37,193053.65,262922.99,242683.08,318922.18,212757.17,289389.79,237597.17,35280.00,115301.39,140804.65,0.00,35280.00,115301.39,140804.65,0.00,136369.50,118798.59,188667.93,4091.48,5565.19,0.17,0.54,0.66,0.00,0.15,0.49,0.59,0.00,0.64,0.64,0.68,0.50,1.00,1.00,0.43,0.55,0.79,0.74,1.32,1.29,0.51,0.57,0.68,1.00,0.54,0.74,1.00,0.60,0.62,1.00
CZE,203,2011,5040,7328,0.69,2340,1637,2092,1.43,1.00,50,27,0,0,0,,,,,36000.00,118472.47,144676.04,0.00,36000.00,118472.47,144676.04,0.00,,282557.60,0.13,0.42,0.51,0.00,0.13,0.42,0.51,0.00,,4772,5223,3993,0.91,1.20,0,22,156,52,0,0,,,,,2659.46,1875.26,0.00,1875.26,3011.96,3617.37,2550.71,0.00,2550.71,3011.96,5433.80,0.49,0.35,0.00,0.35,0.55,0.67,0.47,0.00,0.47,0.55,4212,5223,7328,0.81,0.57,0,54,0,0,0,0,,,,,2832.29,2893.47,0.00,2893.47,5852.36,2832.29,2893.47,0.00,2893.47,5852.36,5433.80,0.52,0.53,0.00,0.53,1.08,0.52,0.53,0.00,0.53,1.08,3947,5223,0.76,0,1820,0,0,0,0,,,,,5433.80,5433.80,0.00,5433.80,0.00,5433.80,5433.80,0.00,5433.80,0.00,5433.80,1.00,1.00,0.00,1.00,0.00,1.00,1.00,0.00,1.00,0.00,162236.89,248722.69,196211.36,267837.31,248984.14,327383.28,218322.19,294719.36,243162.19,36000.00,118472.47,144676.04,0.00,36000.00,118472.47,144676.04,0.00,141278.80,120981.09,192607.05,4198.50,5667.68,0.16,0.54,0.66,0.00,0.15,0.49,0.59,0.00,0.63,0.64,0.67,0.50,1.00,1.00,0.42,0.55,0.77,0.74,1.31,1.32,0.51,0.56,0.67,1.00,0.53,0.72,1.00,0.59,0.62,1.00
CZE,203,2012,5009,7263,0.69,2341,1701,2153,1.38,1.00,50,28,0,0,0,,,,,36480.00,120191.53,146749.12,0.00,36480.00,120191.53,146749.12,0.00,,291012.51,0.13,0.41,0.50,0.00,0.13,0.41,0.50,0.00,,4784,5257,3990,0.91,1.20,0,22,104,52,0,0,,,,,2729.03,1924.31,0.00,1924.31,3090.74,3683.99,2597.69,0.00,2597.69,3090.74,5596.39,0.49,0.34,0.00,0.34,0.55,0.66,0.46,0.00,0.46,0.55,4472,5257,7263,0.85,0.62,3,54,0,0,0,0,,,,,2934.25,2997.64,0.00,2997.64,5947.74,2934.25,2997.64,0.00,2997.64,5947.74,5596.39,0.52,0.54,0.00,0.54,1.06,0.52,0.54,0.00,0.54,1.06,3941,5257,0.75,0,1820,0,0,0,0,,,,,5596.39,5596.39,0.00,5596.39,0.00,5596.39,5596.39,0.00,5596.39,0.00,5596.39,1.00,1.00,0.00,1.00,0.00,1.00,1.00,0.00,1.00,0.00,167428.72,260584.83,203032.37,281374.28,257018.96,342288.10,225347.62,307825.83,250187.62,36480.00,120191.53,146749.12,0.00,36480.00,120191.53,146749.12,0.00,145506.26,125093.81,203435.72,4333.61,5919.73,0.16,0.53,0.65,0.00,0.15,0.48,0.59,0.00,0.63,0.62,0.68,0.50,1.00,1.00,0.42,0.55,0.78,0.75,1.32,1.33,0.51,0.56,0.67,1.00,0.53,0.73,1.00,0.58,0.62,1.00
CZE,203,2013,4974,7188,0.69,2340,1768,2211,1.32,1.00,50,29,0,0,0,,,,,37200.00,121975.64,148837.25,0.00,37200.00,121975.64,148837.25,0.00,,293739.90,0.13,0.42,0.51,0.00,0.13,0.42,0.51,0.00,,4803,5306,4055,0.91,1.18,0,22,104,52,0,0,,,,,2816.85,1986.24,0.00,1986.24,3190.20,3847.82,2713.21,0.00,2713.21,3190.20,5648.84,0.50,0.35,0.00,0.35,0.56,0.68,0.48,0.00,0.48,0.56,4440,5306,7188,0.84,0.62,3,54,0,0,0,0,,,,,3022.05,3087.33,0.00,3087.33,6125.83,3022.05,3087.33,0.00,3087.33,6125.83,5648.84,0.53,0.55,0.00,0.55,1.08,0.53,0.55,0.00,0.55,1.08,4001,5306,0.75,0,1820,0,0,0,0,,,,,5648.84,5648.84,0.00,5648.84,0.00,5648.84,5648.84,0.00,5648.84,0.00,5648.84,1.00,1.00,0.00,1.00,0.00,1.00,1.00,0.00,1.00,0.00,169730.61,264220.47,206304.09,284800.58,259516.90,344841.33,227226.79,309573.93,252066.79,37200.00,121975.64,148837.25,0.00,37200.00,121975.64,148837.25,0.00,146869.95,126033.40,204529.89,4369.75,5953.34,0.16,0.54,0.66,0.00,0.15,0.48,0.59,0.00,0.64,0.65,0.69,0.51,1.00,1.00,0.43,0.57,0.79,0.76,1.32,1.34,0.51,0.57,0.69,1.00,0.54,0.74,1.00,0.61,0.64,1.00
CZE,203,2014,5011,7109,0.70,2355,1826,2189,1.29,1.00,50,30,0,0,0,,,,,37320.00,122806.92,149871.76,0.00,37320.00,122806.92,149871.76,0.00,,304103.98,0.12,0.40,0.49,0.00,0.12,0.40,0.49,0.00,,4856,5298,4079,0.92,1.19,0,22,104,52,0,0,,,,,2840.33,2002.80,0.00,2002.80,3216.81,3869.67,2728.62,0.00,2728.62,3216.81,5848.15,0.49,0.34,0.00,0.34,0.55,0.66,0.47,0.00,0.47,0.55,4464,5298,7109,0.84,0.63,3,54,0,0,0,0,,,,,3050.38,3116.27,0.00,3116.27,6139.41,3050.38,3116.27,0.00,3116.27,6139.41,5848.15,0.52,0.53,0.00,0.53,1.05,0.52,0.53,0.00,0.53,1.05,4024,5298,0.76,0,1820,0,0,0,0,,,,,5848.15,5848.15,0.00,5848.15,0.00,5848.15,5848.15,0.00,5848.15,0.00,5848.15,1.00,1.00,0.00,1.00,0.00,1.00,1.00,0.00,1.00,0.00,173665.43,235483.83,210626.82,256477.27,267378.98,327506.26,234367.64,299335.64,259207.64,37320.00,122806.92,149871.76,0.00,37320.00,122806.92,149871.76,0.00,152051.99,129603.82,175454.27,4507.07,5756.45,0.16,0.52,0.64,0.00,0.14,0.47,0.58,0.00,0.63,0.67,0.68,0.53,1.00,1.00,0.42,0.48,0.77,0.65,1.32,1.23,0.50,0.55,0.66,1.00,0.53,0.73,1.00,0.58,0.59,1.00
CZE,203,2015,5104,7057,0.72,2377,1880,2247,1.26,1.00,50,31,0,0,0,,,,,38040.00,126498.39,154412.22,0.00,38040.00,126498.39,154412.22,0.00,,315831.76,0.12,0.40,0.49,0.00,0.12,0.40,0.49,0.00,,4907,5310,4168,0.92,1.18,0,22,104,52,0,0,,,,,2929.60,2065.74,0.00,2065.74,3317.90,3741.70,2638.38,0.00,2638.38,3317.90,6073.69,0.48,0.34,0.00,0.34,0.55,0.62,0.43,0.00,0.43,0.55,4507,5310,7057,0.85,0.64,3,54,0,0,0,0,,,,,3158.00,3226.22,0.00,3226.22,6298.75,3158.00,3226.22,0.00,3226.22,6298.75,6073.69,0.52,0.53,0.00,0.53,1.04,0.52,0.53,0.00,0.53,1.04,4102,5310,0.77,0,1820,0,0,0,0,,,,,6073.69,6073.69,0.00,6073.69,0.00,6073.69,6073.69,0.00,6073.69,0.00,6073.69,1.00,1.00,0.00,1.00,0.00,1.00,1.00,0.00,1.00,0.00,179090.33,241117.38,217525.79,266954.88,276679.06,340989.01,242448.08,309816.08,267288.08,38040.00,126498.39,154412.22,0.00,38040.00,126498.39,154412.22,0.00,157915.88,133644.04,183073.13,4662.46,5958.00,0.16,0.52,0.64,0.00,0.14,0.47,0.58,0.00,0.63,0.63,0.68,0.53,1.00,1.00,0.42,0.46,0.77,0.66,1.31,1.25,0.50,0.53,0.66,1.00,0.52,0.72,1.00,0.54,0.60,1.00
CZE,203,2016,5173,6998,0.74,2395,1932,2297,1.24,1.00,50,32,0,0,0,,,,,38520.00,129437.39,158053.78,0.00,38520.00,129437.39,158053.78,0.00,,327903.60,0.12,0.39,0.48,0.00,0.12,0.39,0.48,0.00,,4991,5350,4257,0.93,1.17,0,22,104,52,0,0,,,,,3030.60,2136.96,0.00,2136.96,3432.29,3872.70,2730.75,0.00,2730.75,3432.29,6305.84,0.48,0.34,0.00,0.34,0.54,0.61,0.43,0.00,0.43,0.54,4571,5350,6998,0.85,0.65,3,54,0,0,0,0,,,,,3279.79,3350.64,0.00,3350.64,6391.67,3279.79,3350.64,0.00,3350.64,6391.67,6305.84,0.52,0.53,0.00,0.53,1.01,0.52,0.53,0.00,0.53,1.01,4180,5350,0.78,0,1820,0,0,0,0,,,,,6305.84,6305.84,0.00,6305.84,0.00,6305.84,6305.84,0.00,6305.84,0.00,6305.84,1.00,1.00,0.00,1.00,0.00,1.00,1.00,0.00,1.00,0.00,184815.96,249721.62,224919.44,276761.75,286310.73,353596.90,250765.58,319333.58,275605.58,38520.00,129437.39,158053.78,0.00,38520.00,129437.39,158053.78,0.00,163951.80,137802.79,189645.10,4822.42,6141.03,0.15,0.52,0.63,0.00,0.14,0.47,0.57,0.00,0.63,0.63,0.68,0.53,1.00,1.00,0.42,0.46,0.77,0.67,1.31,1.26,0.49,0.53,0.66,1.00,0.52,0.73,1.00,0.55,0.60,1.00
CZE,203,2017,5296,6943,0.76,2404,1989,2275,1.21,1.00,50,33,0,0,0,,,,,39840.00,136504.98,166763.54,0.00,39840.00,136504.98,166763.54,0.00,,351567.42,0.11,0.39,0.47,0.00,0.11,0.39,0.47,0.00,,5070,5377,4328,0.94,1.17,0,22,104,52,0,0,,,,,3134.57,2210.27,0.00,2210.27,3550.04,3991.67,2814.64,0.00,2814.64,3550.04,6760.91,0.46,0.33,0.00,0.33,0.53,0.59,0.42,0.00,0.42,0.53,4672,5377,6943,0.87,0.67,3,54,0,0,0,0,,,,,3405.15,3478.71,0.00,3478.71,6682.01,3405.15,3478.71,0.00,3478.71,6682.01,6760.91,0.50,0.51,0.00,0.51,0.99,0.50,0.51,0.00,0.51,0.99,4248,5377,0.79,0,1820,0,0,0,0,,,,,6760.91,6760.91,0.00,6760.91,0.00,6760.91,6760.91,0.00,6760.91,0.00,6760.91,1.00,1.00,0.00,1.00,0.00,1.00,1.00,0.00,1.00,0.00,194580.99,264497.56,236401.43,293021.96,304585.90,378359.21,267069.95,349037.95,291909.95,39840.00,136504.98,166763.54,0.00,39840.00,136504.98,166763.54,0.00,175783.71,145954.98,202575.50,5135.96,6712.27,0.15,0.51,0.62,0.00,0.14,0.47,0.57,0.00,0.61,0.59,0.66,0.51,1.00,1.00,0.40,0.42,0.75,0.62,1.31,1.20,0.49,0.51,0.63,1.00,0.51,0.70,1.00,0.51,0.56,1.00
CZE,203,2018,5341,6899,0.77,2410,2040,2321,1.18,1.00,50,34,0,0,0,,,,,41640.00,145531.43,177854.70,0.00,41640.00,145531.43,177854.70,0.00,,378278.33,0.11,0.38,0.47,0.00,0.11,0.38,0.47,0.00,,5123,5415,4396,0.95,1.17,0,22,104,52,0,0,,,,,3338.37,2353.98,0.00,2353.98,3780.86,4362.97,3076.46,0.00,3076.46,3780.86,7274.58,0.46,0.32,0.00,0.32,0.52,0.60,0.42,0.00,0.42,0.52,4733,5415,6899,0.87,0.69,3,54,0,0,0,0,,,,,3650.89,4293.90,0.00,4293.90,8166.85,3650.89,4293.90,0.00,4293.90,8166.85,7274.58,0.50,0.59,0.00,0.59,1.12,0.50,0.59,0.00,0.59,1.12,4300,5415,0.79,0,1820,0,0,0,0,,,,,7274.58,7274.58,0.00,7274.58,0.00,7274.58,7274.58,0.00,7274.58,0.00,7274.58,1.00,1.00,0.00,1.00,0.00,1.00,1.00,0.00,1.00,0.00,206944.49,291143.90,266798.17,335103.15,328718.98,412601.02,285473.77,377641.77,310313.77,41640.00,145531.43,177854.70,0.00,41640.00,145531.43,177854.70,0.00,189139.17,155156.88,223461.86,5489.88,7262.34,0.15,0.51,0.62,0.00,0.13,0.47,0.57,0.00,0.61,0.60,0.67,0.50,1.00,1.00,0.40,0.44,0.86,0.72,1.33,1.23,0.49,0.51,0.69,1.00,0.50,0.76,1.00,0.52,0.61,1.00
CZE,203,2019,5341,6870,0.78,2415,2087,2298,1.16,1.00,50,35,0,0,0,,,,,48480.00,160686.03,195384.89,0.00,48480.00,160686.03,195384.89,0.00,,398308.94,0.12,0.40,0.49,0.00,0.12,0.40,0.49,0.00,,5127,5412,4412,0.95,1.16,0,22,104,52,0,0,,,,,3568.42,2516.20,0.00,2516.20,4041.40,4720.52,3328.57,0.00,3328.57,4041.40,7659.79,0.47,0.33,0.00,0.33,0.53,0.62,0.43,0.00,0.43,0.53,4733,5412,6870,0.87,0.69,0,54,0,0,0,0,,,,,3928.27,4607.47,0.00,4607.47,8881.83,3928.27,4607.47,0.00,4607.47,8881.83,7659.79,0.51,0.60,0.00,0.60,1.16,0.51,0.60,0.00,0.60,1.16,4316,5412,0.80,0,1820,0,0,0,0,,,,,7659.79,7659.79,0.00,7659.79,0.00,7659.79,7659.79,0.00,7659.79,0.00,7659.79,1.00,1.00,0.00,1.00,0.00,1.00,1.00,0.00,1.00,0.00,217473.47,305604.09,281911.27,352169.57,345344.02,431529.95,299394.35,392712.35,324234.35,48480.00,160686.03,195384.89,0.00,48480.00,160686.03,195384.89,0.00,199154.47,162117.18,232375.48,5757.58,7552.16,0.16,0.54,0.65,0.00,0.15,0.50,0.60,0.00,0.62,0.63,0.68,0.52,1.00,1.00,0.40,0.46,0.87,0.75,1.33,1.24,0.52,0.53,0.71,1.00,0.51,0.78,1.00,0.54,0.63,1.00
CZE,203,2020,5303,6852,0.77,2400,2132,2269,1.13,1.00,50,35,0,0,0,,,,,51120.00,168185.00,204272.14,0.00,51120.00,168185.00,204272.14,0.00,,401801.17,0.13,0.42,0.51,0.00,0.13,0.42,0.51,0.00,,5060,5372,4351,0.94,1.16,0,22,104,52,0,0,,,,,3742.43,2638.89,0.00,2638.89,4238.47,4908.90,3461.41,0.00,3461.41,4238.47,7726.95,0.48,0.34,0.00,0.34,0.55,0.64,0.45,0.00,0.45,0.55,4690,5372,6852,0.87,0.68,0,54,0,0,0,0,,,,,4136.29,4851.44,0.00,4851.44,9464.07,4136.29,4851.44,0.00,4851.44,9464.07,7726.95,0.54,0.63,0.00,0.63,1.22,0.54,0.63,0.00,0.63,1.22,4258,5372,0.79,0,1820,0,0,0,0,,,,,7726.95,7726.95,0.00,7726.95,0.00,7726.95,7726.95,0.00,7726.95,0.00,7726.95,1.00,1.00,0.00,1.00,0.00,1.00,1.00,0.00,1.00,0.00,221376.41,310080.47,289458.21,360066.95,349216.39,434830.11,301801.55,396369.55,326641.55,51120.00,168185.00,204272.14,0.00,51120.00,168185.00,204272.14,0.00,200900.58,163320.77,233929.52,5803.88,7622.49,0.17,0.56,0.68,0.00,0.16,0.51,0.63,0.00,0.64,0.64,0.71,0.54,1.00,1.00,0.42,0.47,0.91,0.78,1.34,1.24,0.54,0.54,0.74,1.00,0.53,0.81,1.00,0.56,0.66,1.00
CZE,203,2021,5347,6659,0.80,2378,2152,2287,1.11,1.00,50,35,0,0,0,,,,,51840.00,172892.04,210118.34,0.00,51840.00,172892.04,210118.34,0.00,,421891.23,0.12,0.41,0.50,0.00,0.12,0.41,0.50,0.00,,5046,5364,4382,0.94,1.15,0,22,104,52,0,0,,,,,3772.52,2660.11,0.00,2660.11,4272.55,4954.62,3493.64,0.00,3493.64,4272.55,8113.29,0.46,0.33,0.00,0.33,0.53,0.61,0.43,0.00,0.43,0.53,4708,5364,6659,0.88,0.71,0,54,0,0,0,0,,,,,4172.55,4893.98,0.00,4893.98,9630.01,4172.55,4893.98,0.00,4893.98,9630.01,8113.29,0.51,0.60,0.00,0.60,1.19,0.51,0.60,0.00,0.60,1.19,4282,5364,0.80,0,1820,0,0,0,0,,,,,8113.29,8113.29,0.00,8113.29,0.00,8113.29,8113.29,0.00,8113.29,0.00,8113.29,1.00,1.00,0.00,1.00,0.00,1.00,1.00,0.00,1.00,0.00,231767.23,330925.72,300488.17,381308.96,359362.39,454966.18,340039.51,446403.51,364879.51,51840.00,172892.04,210118.34,0.00,51840.00,172892.04,210118.34,0.00,210945.61,173244.81,254065.60,6539.22,8584.68,0.15,0.51,0.62,0.00,0.14,0.47,0.58,0.00,0.58,0.58,0.64,0.49,1.00,1.00,0.35,0.40,0.76,0.66,1.12,1.04,0.49,0.48,0.64,1.00,0.46,0.70,1.00,0.49,0.57,1.00
CZE,203,2022,0,6654,0.00,0,2169,2299,0.00,0.00,50,35,0,0,0,,,,,56040.00,187085.66,227167.28,0.00,56040.00,187085.66,227167.28,0.00,,442985.79,0.13,0.42,0.51,0.00,0.13,0.42,0.51,0.00,,5000,5293,4347,0.94,1.15,0,22,104,52,0,0,,,,,4250.49,2997.14,0.00,2997.14,4048.53,5580.04,3934.65,0.00,3934.65,4048.53,8518.96,0.50,0.35,0.00,0.35,0.48,0.66,0.46,0.00,0.46,0.48,4748,5293,6654,0.90,0.71,0,54,0,0,0,0,,,,,4381.18,5138.67,0.00,5138.67,10572.26,4381.18,5138.67,0.00,5138.67,10572.26,8518.96,0.51,0.60,0.00,0.60,1.24,0.51,0.60,0.00,0.60,1.24,4241,5293,0.80,0,1820,0,0,0,0,,,,,8518.96,8518.96,0.00,8518.96,0.00,8518.96,8518.96,0.00,8518.96,0.00,8518.96,1.00,1.00,0.00,1.00,0.00,1.00,1.00,0.00,1.00,0.00,249452.20,350014.90,317120.58,397058.20,378938.51,474398.29,358649.48,466013.48,383489.48,56040.00,187085.66,227167.28,0.00,56040.00,187085.66,227167.28,0.00,221492.89,183515.05,263452.68,6897.11,8961.80,0.16,0.52,0.63,0.00,0.15,0.49,0.59,0.00,0.62,0.62,0.64,0.49,1.00,1.00,0.38,0.43,0.76,0.66,1.12,1.04,0.50,0.51,0.64,1.00,0.50,0.70,1.00,0.52,0.57,1.00
CZE,203,2023,0,6869,0.00,0,2208,2330,0.00,0.00,50,35,0,0,0,,,,,57720.00,194688.80,236462.75,0.00,57720.00,194688.80,236462.75,0.00,,465135.08,0.12,0.42,0.51,0.00,0.12,0.42,0.51,0.00,,4882,5159,4108,0.95,1.19,0,22,104,52,0,0,,,,,4483.12,3161.17,0.00,3161.17,4264.30,5825.17,4107.49,0.00,4107.49,4264.30,8944.91,0.50,0.35,0.00,0.35,0.48,0.65,0.46,0.00,0.46,0.48,0,0,6869,1.00,0.00,0,54,0,0,0,0,,,,,4600.24,5395.61,0.00,5395.61,10955.99,4600.24,5395.61,0.00,5395.61,10955.99,8944.91,0.51,0.60,0.00,0.60,1.22,0.51,0.60,0.00,0.60,1.22,4108,5159,0.80,0,1820,0,0,0,0,,,,,8944.91,8944.91,0.00,8944.91,0.00,8944.91,8944.91,0.00,8944.91,0.00,8944.91,1.00,1.00,0.00,1.00,0.00,1.00,1.00,0.00,1.00,0.00,260694.62,368473.90,331434.61,418394.91,396343.44,499602.01,375039.96,488303.96,399879.96,57720.00,194688.80,236462.75,0.00,57720.00,194688.80,236462.75,0.00,232567.54,191148.81,278109.11,7212.31,9390.46,0.15,0.52,0.63,0.00,0.14,0.49,0.59,0.00,0.62,0.62,0.64,0.49,1.00,1.00,0.38,0.43,0.76,0.67,1.12,1.05,0.50,0.51,0.64,1.00,0.50,0.70,1.00,0.53,0.58,1.00
DNK,208,2000,3527,3527,1.00,710,793,793,0.90,0.90,36,36,0,0,1,,,,,98700.00,117672.00,117672.00,117672.00,144192.00,163164.00,163164.00,163164.00,,284523.64,0.35,0.41,0.41,0.41,0.51,0.57,0.57,0.57,,2375,2823,2369,0.84,1.00,0,208,156,52,0,0,,,,,2850.00,2850.00,0.00,2850.00,2850.00,2850.00,2850.00,0.00,2850.00,2850.00,5471.61,0.52,0.52,0.00,0.52,0.52,0.52,0.52,0.00,0.52,0.52,2822,2822,3527,1.00,0.80,0,52,13,3,0,0,,,,,2846.00,2846.00,0.00,2846.00,2846.00,2846.00,2846.00,0.00,2846.00,2846.00,5471.61,0.52,0.52,0.00,0.52,0.52,0.52,0.52,0.00,0.52,0.52,2822,2822,1.00,0,520,0,0,0,0,,,,,2846.00,2846.00,0.00,2846.00,2846.00,2846.00,2846.00,0.00,2846.00,2846.00,5471.61,0.52,0.52,0.00,0.52,0.52,0.52,0.52,0.00,0.52,0.52,131910.54,167210.54,130772.34,166066.34,130772.34,166066.34,159435.58,198456.78,178356.78,98700.00,117672.00,117672.00,117672.00,144192.00,163164.00,163164.00,163164.00,142261.82,89209.14,122602.34,3066.07,3816.48,0.46,0.53,0.53,0.53,0.64,0.70,0.70,0.70,0.52,0.52,0.52,0.52,0.52,0.52,0.61,0.59,0.59,0.57,0.59,0.57,0.61,0.56,0.55,0.55,0.56,0.56,0.56,0.55,0.55,0.55
DNK,208,2001,3540,3540,1.00,706,798,798,0.89,0.89,37,37,0,0,1,,,,,102544.00,122272.00,122272.00,122272.00,150336.00,170064.00,170064.00,170064.00,,288274.50,0.36,0.42,0.42,0.42,0.52,0.59,0.59,0.59,,2366,2798,2375,0.85,1.00,0,208,156,52,0,0,,,,,2940.00,2940.00,0.00,2940.00,2940.00,2940.00,2940.00,0.00,2940.00,2940.00,5543.74,0.53,0.53,0.00,0.53,0.53,0.53,0.53,0.00,0.53,0.53,2798,2798,3540,1.00,0.79,0,52,13,3,0,0,,,,,2937.00,2937.00,0.00,2937.00,2937.00,2937.00,2937.00,0.00,2937.00,2937.00,5543.74,0.53,0.53,0.00,0.53,0.53,0.53,0.53,0.00,0.53,0.53,2798,2798,1.00,0,520,0,0,0,0,,,,,2937.00,2937.00,0.00,2937.00,2937.00,2937.00,2937.00,0.00,2937.00,2937.00,5543.74,0.53,0.53,0.00,0.53,0.53,0.53,0.53,0.00,0.53,0.53,136255.04,171583.94,135098.13,170422.83,135098.13,170422.83,164424.40,203490.10,182790.10,102544.00,122272.00,122272.00,122272.00,150336.00,170064.00,170064.00,170064.00,144137.25,91423.22,125299.52,3162.01,3913.27,0.46,0.53,0.53,0.53,0.64,0.71,0.71,0.71,0.53,0.53,0.53,0.53,0.53,0.53,0.61,0.59,0.60,0.58,0.60,0.58,0.62,0.57,0.56,0.56,0.57,0.56,0.56,0.56,0.55,0.55
DNK,208,2002,3531,3531,1.00,709,801,801,0.89,0.89,38,38,0,0,1,,,,,105396.00,126420.00,126420.00,126420.00,154392.00,175416.00,175416.00,175416.00,,298139.41,0.35,0.42,0.42,0.42,0.52,0.59,0.59,0.59,,2361,2822,2402,0.84,0.98,0,208,156,52,0,0,,,,,3020.00,3020.00,0.00,3020.00,3020.00,3020.00,3020.00,0.00,3020.00,3020.00,5733.45,0.53,0.53,0.00,0.53,0.53,0.53,0.53,0.00,0.53,0.53,2822,2822,3531,1.00,0.80,0,52,13,3,0,0,,,,,3016.00,3016.00,0.00,3016.00,3016.00,3016.00,3016.00,0.00,3016.00,3016.00,5733.45,0.53,0.53,0.00,0.53,0.53,0.53,0.53,0.00,0.53,0.53,2822,2822,1.00,0,520,0,0,0,0,,,,,3016.00,3016.00,0.00,3016.00,3016.00,3016.00,3016.00,0.00,3016.00,3016.00,5733.45,0.53,0.53,0.00,0.53,0.53,0.53,0.53,0.00,0.53,0.53,141226.75,176692.15,140054.81,175514.21,140054.81,175514.21,171150.64,210510.64,189810.64,105396.00,126420.00,126420.00,126420.00,154392.00,175416.00,175416.00,175416.00,149069.70,94933.59,128559.39,3291.36,4048.28,0.45,0.53,0.53,0.53,0.63,0.70,0.70,0.70,0.53,0.53,0.53,0.53,0.53,0.53,0.61,0.59,0.59,0.57,0.59,0.57,0.62,0.56,0.55,0.55,0.57,0.56,0.56,0.56,0.55,0.55
DNK,208,2003,3545,3545,1.00,713,806,806,0.88,0.88,39,39,0,0,1,,,,,108768.00,130212.00,130212.00,130212.00,159336.00,180780.00,180780.00,180780.00,,307785.09,0.35,0.42,0.42,0.42,0.52,0.59,0.59,0.59,,2353,2819,2406,0.83,0.98,0,208,156,52,0,0,,,,,3115.00,3115.00,0.00,3115.00,3115.00,3115.00,3115.00,0.00,3115.00,3115.00,5918.94,0.53,0.53,0.00,0.53,0.53,0.53,0.53,0.00,0.53,0.53,2819,2819,3545,1.00,0.80,0,52,13,3,0,0,,,,,3113.00,3113.00,0.00,3113.00,3113.00,3113.00,3113.00,0.00,3113.00,3113.00,5918.94,0.53,0.53,0.00,0.53,0.53,0.53,0.53,0.00,0.53,0.53,2819,2819,1.00,0,520,0,0,0,0,,,,,3113.00,3113.00,0.00,3113.00,3113.00,3113.00,3113.00,0.00,3113.00,3113.00,5918.94,0.53,0.53,0.00,0.53,0.53,0.53,0.53,0.00,0.53,0.53,148072.42,184876.22,146791.72,183592.52,146791.72,183592.52,178720.64,219504.84,197404.84,108768.00,130212.00,130212.00,130212.00,159336.00,180780.00,180780.00,180780.00,153892.55,98726.89,134639.69,3436.94,4221.25,0.46,0.53,0.53,0.53,0.64,0.71,0.71,0.71,0.53,0.53,0.53,0.53,0.53,0.53,0.62,0.59,0.60,0.58,0.60,0.58,0.62,0.57,0.56,0.56,0.57,0.56,0.56,0.56,0.55,0.55
DNK,208,2004,3555,3555,1.00,717,812,812,0.88,0.88,40,40,0,0,1,,,,,111924.00,133860.00,133860.00,133860.00,163968.00,185904.00,185904.00,185904.00,,319403.76,0.35,0.42,0.42,0.42,0.51,0.58,0.58,0.58,,2335,2856,2407,0.82,0.97,0,208,156,52,0,0,,,,,3205.00,3205.00,0.00,3205.00,3205.00,3205.00,3205.00,0.00,3205.00,3205.00,6142.38,0.52,0.52,0.00,0.52,0.52,0.52,0.52,0.00,0.52,0.52,2856,2856,3555,1.00,0.80,0,52,13,3,0,0,,,,,3203.00,3203.00,0.00,3203.00,3203.00,3203.00,3203.00,0.00,3203.00,3203.00,6142.38,0.52,0.52,0.00,0.52,0.52,0.52,0.52,0.00,0.52,0.52,2856,2856,1.00,0,520,0,0,0,0,,,,,3203.00,3203.00,0.00,3203.00,3203.00,3203.00,3203.00,0.00,3203.00,3203.00,6142.38,0.52,0.52,0.00,0.52,0.52,0.52,0.52,0.00,0.52,0.52,155172.47,192042.87,153856.66,190727.06,153856.66,190727.06,189235.43,228443.43,205851.43,111924.00,133860.00,133860.00,133860.00,163968.00,185904.00,185904.00,185904.00,159701.88,103114.48,139984.88,3639.14,4393.14,0.45,0.52,0.52,0.52,0.64,0.70,0.70,0.70,0.52,0.52,0.52,0.52,0.52,0.52,0.60,0.59,0.59,0.57,0.59,0.57,0.61,0.56,0.55,0.55,0.56,0.56,0.56,0.56,0.55,0.55
DNK,208,2005,3558,3558,1.00,746,821,821,0.91,0.91,41,41,0,0,1,,,,,114168.00,136468.00,136468.00,136468.00,167254.00,189554.00,189554.00,189554.00,,326199.59,0.35,0.42,0.42,0.42,0.51,0.58,0.58,0.58,,2331,2846,2415,0.82,0.97,0,208,156,52,0,0,,,,,3270.00,3270.00,0.00,3270.00,3270.00,3270.00,3270.00,0.00,3270.00,3270.00,6273.07,0.52,0.52,0.00,0.52,0.52,0.52,0.52,0.00,0.52,0.52,2846,2846,3558,1.00,0.80,0,52,13,3,0,0,,,,,3267.00,3267.00,0.00,3267.00,3267.00,3267.00,3267.00,0.00,3267.00,3267.00,6273.07,0.52,0.52,0.00,0.52,0.52,0.52,0.52,0.00,0.52,0.52,2846,2846,1.00,0,52,0,0,0,0,,,,,3267.00,3267.00,0.00,3267.00,3267.00,3267.00,3267.00,0.00,3267.00,3267.00,6273.07,0.52,0.52,0.00,0.52,0.52,0.52,0.52,0.00,0.52,0.52,158363.03,196019.59,156982.06,194638.62,156982.06,194638.62,193174.21,233213.37,210149.37,114168.00,136468.00,136468.00,136468.00,167254.00,189554.00,189554.00,189554.00,163099.80,105258.22,142914.78,3714.89,4484.87,0.44,0.52,0.52,0.52,0.64,0.70,0.70,0.70,0.52,0.52,0.52,0.52,0.52,0.52,0.60,0.59,0.59,0.57,0.59,0.57,0.61,0.56,0.55,0.55,0.56,0.55,0.55,0.55,0.55,0.55
DNK,208,2006,3557,3557,1.00,808,837,837,0.97,0.97,42,42,0,0,1,,,,,112432.00,134732.00,134732.00,134732.00,170616.00,192916.00,192916.00,192916.00,,336263.42,0.33,0.40,0.40,0.40,0.51,0.57,0.57,0.57,,2285,2875,2432,0.79,0.94,0,208,156,52,0,0,,,,,3335.00,3335.00,0.00,3335.00,3335.00,3335.00,3335.00,0.00,3335.00,3335.00,6466.60,0.52,0.52,0.00,0.52,0.52,0.52,0.52,0.00,0.52,0.52,2875,2875,3557,1.00,0.81,0,52,13,3,0,0,,,,,3332.00,3332.00,0.00,3332.00,3332.00,3332.00,3332.00,0.00,3332.00,3332.00,6466.60,0.52,0.52,0.00,0.52,0.52,0.52,0.52,0.00,0.52,0.52,2875,2875,1.00,0,52,0,0,0,0,,,,,3332.00,3332.00,0.00,3332.00,3332.00,3332.00,3332.00,0.00,3332.00,3332.00,6466.60,0.52,0.52,0.00,0.52,0.52,0.52,0.52,0.00,0.52,0.52,162528.98,200808.76,161105.81,199385.58,161105.81,199385.58,198805.86,239659.04,216323.04,112432.00,134732.00,134732.00,134732.00,170616.00,192916.00,192916.00,192916.00,168131.71,108372.54,146652.31,3823.19,4608.83,0.43,0.50,0.50,0.50,0.63,0.70,0.70,0.70,0.52,0.52,0.52,0.52,0.52,0.52,0.60,0.58,0.58,0.57,0.58,0.57,0.60,0.55,0.55,0.55,0.56,0.55,0.55,0.55,0.54,0.54
DNK,208,2007,3570,3570,1.00,836,855,855,0.98,0.98,43,43,0,0,1,,,,,110244.00,130944.00,130944.00,130944.00,174720.00,195420.00,195420.00,195420.00,,351140.40,0.31,0.37,0.37,0.37,0.50,0.56,0.56,0.56,,2256,2869,2447,0.79,0.92,0,208,156,52,0,0,,,,,3415.00,3415.00,0.00,3415.00,3415.00,3415.00,3415.00,0.00,3415.00,3415.00,6752.70,0.51,0.51,0.00,0.51,0.51,0.51,0.51,0.00,0.51,0.51,2869,2869,3570,1.00,0.80,0,52,13,3,0,0,,,,,3415.00,3415.00,0.00,3415.00,3415.00,3415.00,3415.00,0.00,3415.00,3415.00,6752.70,0.51,0.51,0.00,0.51,0.51,0.51,0.51,0.00,0.51,0.51,2869,2869,1.00,0,52,0,0,0,0,,,,,3415.00,3415.00,0.00,3415.00,3415.00,3415.00,3415.00,0.00,3415.00,3415.00,6752.70,0.51,0.51,0.00,0.51,0.51,0.51,0.51,0.00,0.51,0.51,168434.62,207526.25,167048.54,206140.17,167048.54,206140.17,207151.57,249211.40,225443.40,110244.00,130944.00,130944.00,130944.00,174720.00,195420.00,195420.00,195420.00,175570.20,112961.24,152052.87,3983.68,4792.53,0.41,0.47,0.47,0.47,0.62,0.68,0.68,0.68,0.51,0.51,0.51,0.51,0.51,0.51,0.59,0.57,0.57,0.56,0.57,0.56,0.57,0.54,0.54,0.54,0.55,0.54,0.54,0.54,0.53,0.53
DNK,208,2008,3582,3582,1.00,867,877,877,0.99,0.99,44,44,0,0,1,,,,,122712.00,144112.00,144112.00,144112.00,179808.00,201208.00,201208.00,201208.00,,360110.34,0.34,0.40,0.40,0.40,0.50,0.56,0.56,0.56,,2086,2859,2451,0.73,0.85,0,208,156,52,0,0,,,,,3515.00,3515.00,0.00,3515.00,3515.00,3515.00,3515.00,0.00,3515.00,3515.00,6925.20,0.51,0.51,0.00,0.51,0.51,0.51,0.51,0.00,0.51,0.51,2859,2859,3582,1.00,0.80,0,52,13,3,0,0,,,,,3515.00,3515.00,0.00,3515.00,3515.00,3515.00,3515.00,0.00,3515.00,3515.00,6925.20,0.51,0.51,0.00,0.51,0.51,0.51,0.51,0.00,0.51,0.51,2859,2859,1.00,0,52,0,0,0,0,,,,,3515.00,3515.00,0.00,3515.00,3515.00,3515.00,3515.00,0.00,3515.00,3515.00,6925.20,0.51,0.51,0.00,0.51,0.51,0.51,0.51,0.00,0.51,0.51,174081.34,216740.77,172685.43,215344.86,172685.43,215344.86,213663.98,259355.21,232695.21,122712.00,144112.00,144112.00,144112.00,179808.00,201208.00,201208.00,201208.00,180055.17,116727.12,159386.55,4108.92,4987.60,0.44,0.50,0.50,0.50,0.62,0.68,0.68,0.68,0.51,0.51,0.51,0.51,0.51,0.51,0.59,0.57,0.58,0.56,0.58,0.56,0.59,0.55,0.54,0.54,0.55,0.54,0.54,0.54,0.53,0.53
DNK,208,2009,3612,3612,1.00,884,900,900,0.98,0.98,45,45,0,0,1,,,,,126516.00,147916.00,147916.00,147916.00,185376.00,206776.00,206776.00,206776.00,,370636.60,0.34,0.40,0.40,0.40,0.50,0.56,0.56,0.56,,2059,2845,2454,0.72,0.84,0,208,156,52,0,0,,,,,3625.00,3625.00,0.00,3625.00,3625.00,3625.00,3625.00,0.00,3625.00,3625.00,7127.63,0.51,0.51,0.00,0.51,0.51,0.51,0.51,0.00,0.51,0.51,2845,2845,3612,1.00,0.79,0,52,13,3,0,0,,,,,3625.00,3625.00,0.00,3625.00,3625.00,3625.00,3625.00,0.00,3625.00,3625.00,7127.63,0.51,0.51,0.00,0.51,0.51,0.51,0.51,0.00,0.51,0.51,2845,2845,1.00,0,52,0,0,0,0,,,,,3625.00,3625.00,0.00,3625.00,3625.00,3625.00,3625.00,0.00,3625.00,3625.00,7127.63,0.51,0.51,0.00,0.51,0.51,0.51,0.51,0.00,0.51,0.51,180748.12,223962.80,179319.74,222534.42,179319.74,222534.42,224957.17,268171.85,241511.85,126516.00,147916.00,147916.00,147916.00,185376.00,206776.00,206776.00,206776.00,185318.30,121144.39,164359.07,4326.10,5157.15,0.43,0.49,0.49,0.49,0.62,0.68,0.68,0.68,0.51,0.51,0.51,0.51,0.51,0.51,0.57,0.57,0.56,0.56,0.56,0.56,0.58,0.54,0.53,0.53,0.54,0.53,0.53,0.54,0.53,0.53
DNK,208,2010,3614,3614,1.00,921,925,925,1.00,1.00,46,46,0,0,1,,,,,133272.00,157472.00,157472.00,157472.00,196392.00,220592.00,220592.00,220592.00,,380002.26,0.35,0.41,0.41,0.41,0.52,0.58,0.58,0.58,,2066,2822,2455,0.73,0.84,0,104,156,52,0,0,,,,,3760.00,3760.00,0.00,3760.00,3760.00,3760.00,3760.00,0.00,3760.00,3760.00,7307.74,0.51,0.51,0.00,0.51,0.51,0.51,0.51,0.00,0.51,0.51,2822,2822,3614,1.00,0.78,0,52,13,3,0,0,,,,,3760.00,3760.00,0.00,3760.00,3760.00,3760.00,3760.00,0.00,3760.00,3760.00,7307.74,0.51,0.51,0.00,0.51,0.51,0.51,0.51,0.00,0.51,0.51,2822,2822,1.00,0,52,0,0,0,0,,,,,3760.00,3760.00,0.00,3760.00,3760.00,3760.00,3760.00,0.00,3760.00,3760.00,7307.74,0.51,0.51,0.00,0.51,0.51,0.51,0.51,0.00,0.51,0.51,189165.43,234639.84,187391.51,232865.93,187391.51,232865.93,234187.96,279662.38,251494.38,133272.00,157472.00,157472.00,157472.00,196392.00,220592.00,220592.00,220592.00,190001.13,126195.95,171670.37,4503.61,5378.12,0.44,0.51,0.51,0.51,0.64,0.70,0.70,0.70,0.51,0.51,0.51,0.51,0.51,0.51,0.58,0.58,0.57,0.57,0.57,0.57,0.60,0.55,0.54,0.54,0.55,0.54,0.54,0.55,0.54,0.54
DNK,208,2011,3613,3613,1.00,953,949,949,1.00,1.00,47,47,0,0,1,,,,,135816.00,160616.00,160616.00,160616.00,200136.00,224936.00,224936.00,224936.00,,388742.32,0.35,0.41,0.41,0.41,0.51,0.58,0.58,0.58,,2041,2811,2471,0.73,0.83,0,104,156,52,0,0,,,,,3830.00,3830.00,0.00,3830.00,3830.00,3830.00,3830.00,0.00,3830.00,3830.00,7475.81,0.51,0.51,0.00,0.51,0.51,0.51,0.51,0.00,0.51,0.51,2811,2811,3613,1.00,0.78,0,52,13,3,0,0,,,,,3830.00,3830.00,0.00,3830.00,3830.00,3830.00,3830.00,0.00,3830.00,3830.00,7475.81,0.51,0.51,0.00,0.51,0.51,0.51,0.51,0.00,0.51,0.51,2811,2811,1.00,0,52,0,0,0,0,,,,,3830.00,3830.00,0.00,3830.00,3830.00,3830.00,3830.00,0.00,3830.00,3830.00,7475.81,0.51,0.51,0.00,0.51,0.51,0.51,0.51,0.00,0.51,0.51,192889.14,238365.13,191089.15,236565.13,191089.15,236565.13,239146.19,284622.18,256446.18,135816.00,160616.00,160616.00,160616.00,200136.00,224936.00,224936.00,224936.00,194371.16,128734.38,174210.37,4598.97,5473.50,0.44,0.51,0.51,0.51,0.64,0.70,0.70,0.70,0.51,0.51,0.51,0.51,0.51,0.51,0.58,0.58,0.56,0.56,0.56,0.56,0.60,0.55,0.54,0.54,0.55,0.54,0.54,0.55,0.54,0.54
DNK,208,2012,3611,3611,1.00,989,978,978,1.01,1.00,48,48,0,0,1,,,,,139752.00,164052.00,164052.00,164052.00,205944.00,230244.00,230244.00,230244.00,,395582.36,0.35,0.41,0.41,0.41,0.52,0.58,0.58,0.58,,2028,2788,2477,0.73,0.82,0,104,156,52,0,0,,,,,3940.00,3940.00,0.00,3940.00,3940.00,3940.00,3940.00,0.00,3940.00,3940.00,7607.35,0.52,0.52,0.00,0.52,0.52,0.52,0.52,0.00,0.52,0.52,2788,2788,3611,1.00,0.77,0,52,13,3,0,0,,,,,3940.00,3940.00,0.00,3940.00,3940.00,3940.00,3940.00,0.00,3940.00,3940.00,7607.35,0.52,0.52,0.00,0.52,0.52,0.52,0.52,0.00,0.52,0.52,2788,2788,1.00,0,52,0,0,0,0,,,,,3940.00,3940.00,0.00,3940.00,3940.00,3940.00,3940.00,0.00,3940.00,3940.00,7607.35,0.52,0.52,0.00,0.52,0.52,0.52,0.52,0.00,0.52,0.52,196748.97,242344.10,189347.14,234942.26,189347.14,234942.26,241592.61,287187.73,258891.73,139752.00,164052.00,164052.00,164052.00,205944.00,230244.00,230244.00,230244.00,197791.18,130660.63,176255.76,4646.01,5522.84,0.45,0.51,0.51,0.51,0.65,0.71,0.71,0.71,0.52,0.52,0.52,0.52,0.52,0.52,0.60,0.60,0.53,0.53,0.53,0.53,0.61,0.56,0.52,0.52,0.56,0.52,0.52,0.56,0.52,0.52
DNK,208,2013,3615,3615,1.00,1022,1012,1012,1.01,1.00,49,49,0,0,1,,,,,141984.00,166184.00,166184.00,166184.00,209232.00,233432.00,233432.00,233432.00,,402042.39,0.35,0.41,0.41,0.41,0.52,0.58,0.58,0.58,,2028,2767,2481,0.73,0.82,0,104,156,52,0,0,,,,,4005.00,4005.00,0.00,4005.00,4005.00,4005.00,4005.00,0.00,4005.00,4005.00,7731.58,0.52,0.52,0.00,0.52,0.52,0.52,0.52,0.00,0.52,0.52,2767,2767,3615,1.00,0.77,0,52,26,6,0,0,,,,,4005.00,4005.00,0.00,4005.00,4005.00,4005.00,4005.00,0.00,4005.00,4005.00,7731.58,0.52,0.52,0.00,0.52,0.52,0.52,0.52,0.00,0.52,0.52,2767,2767,1.00,0,52,0,0,0,0,,,,,4005.00,4005.00,0.00,4005.00,4005.00,4005.00,4005.00,0.00,4005.00,4005.00,7731.58,0.52,0.52,0.00,0.52,0.52,0.52,0.52,0.00,0.52,0.52,201310.13,247135.33,193664.97,239490.17,193664.97,239490.17,247494.33,293319.53,264807.53,141984.00,166184.00,166184.00,166184.00,209232.00,233432.00,233432.00,233432.00,201021.20,133692.52,179517.72,4759.51,5640.76,0.44,0.51,0.51,0.51,0.65,0.70,0.70,0.70,0.52,0.52,0.52,0.52,0.52,0.52,0.59,0.59,0.53,0.53,0.53,0.53,0.61,0.56,0.52,0.52,0.56,0.52,0.52,0.56,0.52,0.52
DNK,208,2014,3626,3626,1.00,1049,1048,1048,1.00,1.00,50,50,0,0,1,,,,,144540.00,168540.00,168540.00,168540.00,212976.00,236976.00,236976.00,236976.00,,407362.43,0.35,0.41,0.41,0.41,0.52,0.58,0.58,0.58,,2013,2777,2491,0.72,0.81,0,104,156,52,0,0,,,,,4075.00,4075.00,0.00,4075.00,4075.00,4075.00,4075.00,0.00,4075.00,4075.00,7833.89,0.52,0.52,0.00,0.52,0.52,0.52,0.52,0.00,0.52,0.52,2777,2777,3626,1.00,0.77,0,52,26,6,0,0,,,,,4075.00,3448.08,0.00,3448.08,3448.08,4075.00,3448.08,0.00,3448.08,3448.08,7833.89,0.52,0.44,0.00,0.44,0.44,0.52,0.44,0.00,0.44,0.44,2777,2777,1.00,0,52,0,0,0,0,,,,,4075.00,3448.08,0.00,3448.08,3448.08,4075.00,3448.08,0.00,3448.08,3448.08,7833.89,0.52,0.44,0.00,0.44,0.44,0.52,0.44,0.00,0.44,0.44,204508.04,251011.78,187141.77,233645.51,187141.77,233645.51,251035.22,297538.96,268342.96,144540.00,168540.00,168540.00,168540.00,212976.00,236976.00,236976.00,236976.00,203681.21,135452.39,181956.13,4827.60,5721.90,0.45,0.51,0.51,0.51,0.65,0.71,0.71,0.71,0.52,0.52,0.52,0.52,0.52,0.52,0.60,0.60,0.45,0.45,0.45,0.45,0.61,0.56,0.48,0.48,0.56,0.48,0.48,0.56,0.48,0.48
DNK,208,2015,3644,3644,1.00,1075,1083,1051,0.99,1.00,50,50,0,0,1,,,,,147096.00,170996.00,170996.00,170996.00,216960.00,240860.00,240860.00,240860.00,,414582.47,0.35,0.41,0.41,0.41,0.52,0.58,0.58,0.58,,2016,2804,2515,0.72,0.80,0,104,156,52,0,0,,,,,4135.00,4135.00,0.00,4135.00,4135.00,4135.00,4135.00,0.00,4135.00,4135.00,7972.74,0.52,0.52,0.00,0.52,0.52,0.52,0.52,0.00,0.52,0.52,2804,2804,3644,1.00,0.77,0,22,26,6,0,0,,,,,4135.00,3498.85,0.00,3498.85,3498.85,4135.00,3498.85,0.00,3498.85,3498.85,7972.74,0.52,0.44,0.00,0.44,0.44,0.52,0.44,0.00,0.44,0.44,2804,2804,1.00,0,22,0,0,0,0,,,,,4135.00,3498.85,0.00,3498.85,3498.85,4135.00,3498.85,0.00,3498.85,3498.85,7972.74,0.52,0.44,0.00,0.44,0.44,0.52,0.44,0.00,0.44,0.44,213037.75,259611.81,196949.32,243523.38,196949.32,243523.38,264776.78,311350.84,282062.84,147096.00,170996.00,170996.00,170996.00,216960.00,240860.00,240860.00,240860.00,207291.23,142372.86,188946.92,5091.86,5987.52,0.43,0.49,0.49,0.49,0.63,0.69,0.69,0.69,0.52,0.52,0.52,0.52,0.52,0.52,0.58,0.58,0.45,0.45,0.45,0.45,0.59,0.55,0.48,0.48,0.55,0.48,0.48,0.55,0.48,0.48
DNK,208,2016,3669,3669,1.00,1098,1113,1074,0.99,1.00,50,50,0,0,1,,,,,149544.00,173144.00,173144.00,173144.00,220776.00,244376.00,244376.00,244376.00,,423765.51,0.35,0.41,0.41,0.41,0.52,0.58,0.58,0.58,,2020,2842,2524,0.71,0.80,0,104,156,52,0,0,,,,,4180.00,4180.00,0.00,4180.00,4180.00,4180.00,4180.00,0.00,4180.00,4180.00,8149.34,0.51,0.51,0.00,0.51,0.51,0.51,0.51,0.00,0.51,0.51,2842,2842,3669,1.00,0.77,0,22,26,6,0,0,,,,,4180.00,3536.92,0.00,3536.92,3536.92,4180.00,3536.92,0.00,3536.92,3536.92,8149.34,0.51,0.43,0.00,0.43,0.43,0.51,0.43,0.00,0.43,0.43,2842,2842,1.00,0,22,0,0,0,0,,,,,4180.00,3536.92,0.00,3536.92,3536.92,4180.00,3536.92,0.00,3536.92,3536.92,8149.34,0.51,0.43,0.00,0.43,0.43,0.51,0.43,0.00,0.43,0.43,216746.78,263708.38,200399.00,247360.60,200399.00,247360.60,269947.26,316908.86,287452.86,149544.00,173144.00,173144.00,173144.00,220776.00,244376.00,244376.00,244376.00,211882.76,145240.86,192202.46,5191.29,6094.40,0.43,0.49,0.49,0.49,0.63,0.68,0.68,0.68,0.51,0.51,0.51,0.51,0.51,0.51,0.57,0.57,0.44,0.44,0.44,0.44,0.59,0.54,0.48,0.48,0.54,0.48,0.48,0.54,0.48,0.48
DNK,208,2017,3684,3684,1.00,1119,1133,1095,0.99,1.00,50,50,0,0,1,,,,,152532.00,176032.00,176032.00,176032.00,225192.00,248692.00,248692.00,248692.00,,432790.22,0.35,0.41,0.41,0.41,0.52,0.57,0.57,0.57,,2104,2870,2525,0.73,0.83,0,104,156,52,0,0,,,,,4246.85,4246.85,0.00,4246.85,4246.85,4246.85,4246.85,0.00,4246.85,4246.85,8322.89,0.51,0.51,0.00,0.51,0.51,0.51,0.51,0.00,0.51,0.51,2870,2870,3684,1.00,0.78,0,22,26,6,0,0,,,,,4245.00,3591.92,0.00,3591.92,3591.92,4245.00,3591.92,0.00,3591.92,3591.92,8322.89,0.51,0.43,0.00,0.43,0.43,0.51,0.43,0.00,0.43,0.43,2870,2870,1.00,0,22,0,0,0,0,,,,,4245.00,3591.92,0.00,3591.92,3591.92,4245.00,3591.92,0.00,3591.92,3591.92,8322.89,0.51,0.43,0.00,0.43,0.43,0.51,0.43,0.00,0.43,0.43,221180.76,268625.61,204453.57,251898.42,204453.57,251898.42,275785.78,323230.63,293652.63,152532.00,176032.00,176032.00,176032.00,225192.00,248692.00,248692.00,248692.00,216395.11,148399.61,195844.46,5303.57,6215.97,0.43,0.49,0.49,0.49,0.63,0.68,0.68,0.68,0.51,0.51,0.51,0.51,0.51,0.51,0.57,0.57,0.44,0.44,0.44,0.44,0.58,0.54,0.48,0.48,0.54,0.48,0.48,0.54,0.48,0.48
DNK,208,2018,3696,3696,1.00,1139,1148,1116,0.99,1.00,47,47,0,0,1,,,,,155580.00,179180.00,179180.00,179180.00,229680.00,253280.00,253280.00,253280.00,,442764.89,0.35,0.40,0.40,0.40,0.52,0.57,0.57,0.57,,2103,2892,2535,0.73,0.83,0,104,156,52,0,0,,,,,4299.92,4299.92,0.00,4299.92,4299.92,4299.92,4299.92,0.00,4299.92,4299.92,8514.71,0.50,0.50,0.00,0.50,0.50,0.50,0.50,0.00,0.50,0.50,2892,2892,3696,1.00,0.78,0,22,26,6,0,0,,,,,4300.00,3638.46,0.00,3638.46,3638.46,4300.00,3638.46,0.00,3638.46,3638.46,8514.71,0.51,0.43,0.00,0.43,0.43,0.51,0.43,0.00,0.43,0.43,2892,2892,1.00,0,22,0,0,0,0,,,,,4300.00,3638.46,0.00,3638.46,3638.46,4300.00,3638.46,0.00,3638.46,3638.46,8514.71,0.51,0.43,0.00,0.43,0.43,0.51,0.43,0.00,0.43,0.43,225982.03,273671.43,208971.46,256660.86,208971.46,256660.86,282752.27,330441.67,300835.67,155580.00,179180.00,179180.00,179180.00,229680.00,253280.00,253280.00,253280.00,221382.45,151984.09,199673.49,5437.54,6354.65,0.43,0.48,0.48,0.48,0.63,0.68,0.68,0.68,0.50,0.50,0.51,0.51,0.51,0.51,0.57,0.57,0.44,0.44,0.44,0.44,0.58,0.54,0.47,0.47,0.54,0.47,0.47,0.54,0.47,0.47
DNK,208,2019,3697,3697,1.00,1158,1161,1136,1.00,1.00,47,47,0,0,1,,,,,159000.00,183400.00,183400.00,183400.00,234720.00,259120.00,259120.00,259120.00,,453056.23,0.35,0.40,0.40,0.40,0.52,0.57,0.57,0.57,,2093,2930,2538,0.71,0.82,0,104,156,52,0,0,,,,,4353.69,4353.69,0.00,4353.69,4353.69,4353.69,4353.69,0.00,4353.69,4353.69,8712.62,0.50,0.50,0.00,0.50,0.50,0.50,0.50,0.00,0.50,0.50,2930,2930,3697,1.00,0.79,0,26,26,6,0,0,,,,,4355.00,3685.00,0.00,3685.00,3685.00,4355.00,3685.00,0.00,3685.00,3685.00,8712.62,0.50,0.42,0.00,0.42,0.42,0.50,0.42,0.00,0.42,0.42,2930,2930,1.00,0,26,0,0,0,0,,,,,4355.00,3685.00,0.00,3685.00,3685.00,4355.00,3685.00,0.00,3685.00,3685.00,8712.62,0.50,0.42,0.00,0.42,0.42,0.50,0.42,0.00,0.42,0.42,222746.76,270507.34,214844.17,262604.75,214844.17,262604.75,290381.69,338142.27,313940.19,159000.00,183400.00,183400.00,183400.00,234720.00,259120.00,259120.00,259120.00,226528.11,156669.42,204430.00,5584.26,6502.74,0.38,0.44,0.44,0.44,0.58,0.62,0.62,0.62,0.50,0.50,0.50,0.50,0.50,0.50,0.49,0.49,0.44,0.44,0.44,0.44,0.53,0.50,0.47,0.47,0.50,0.47,0.47,0.50,0.47,0.47
DNK,208,2020,3697,3697,1.00,1149,1176,1091,0.98,1.00,48,48,0,0,1,,,,,162492.00,187692.00,187692.00,187692.00,239880.00,265080.00,265080.00,265080.00,,462635.09,0.35,0.41,0.41,0.41,0.52,0.57,0.57,0.57,,2099,2921,2565,0.72,0.82,0,104,156,52,0,0,,,,,4403.77,4403.77,0.00,4403.77,4403.77,4403.77,4403.77,0.00,4403.77,4403.77,8896.83,0.49,0.49,0.00,0.49,0.49,0.49,0.49,0.00,0.49,0.49,2921,2921,3697,1.00,0.79,0,26,26,6,0,0,,,,,4405.00,3727.31,0.00,3727.31,3727.31,4405.00,3727.31,0.00,3727.31,3727.31,8896.83,0.50,0.42,0.00,0.42,0.42,0.50,0.42,0.00,0.42,0.42,2921,2921,1.00,0,26,0,0,0,0,,,,,4405.00,3727.31,0.00,3727.31,3727.31,4405.00,3727.31,0.00,3727.31,3727.31,8896.83,0.50,0.42,0.00,0.42,0.42,0.50,0.42,0.00,0.42,0.42,227597.90,275709.66,219569.05,267680.81,219569.05,267680.81,297706.97,345818.73,321377.88,162492.00,187692.00,187692.00,187692.00,239880.00,265080.00,265080.00,265080.00,231317.55,160456.23,208567.99,5725.13,6650.36,0.38,0.44,0.44,0.44,0.57,0.62,0.62,0.62,0.49,0.49,0.50,0.50,0.50,0.50,0.49,0.49,0.43,0.43,0.43,0.43,0.53,0.49,0.46,0.46,0.49,0.46,0.46,0.49,0.46,0.46
DNK,208,2021,3694,3694,1.00,1140,1110,1110,1.03,1.00,48,48,0,0,1,,,,,166236.00,192436.00,192436.00,192436.00,245400.00,271600.00,271600.00,271600.00,,476514.14,0.35,0.40,0.40,0.40,0.51,0.57,0.57,0.57,,2255,2938,2567,0.77,0.88,0,104,156,52,0,0,,,,,4458.92,4458.92,0.00,4458.92,4458.92,4458.92,4458.92,0.00,4458.92,4458.92,9163.73,0.49,0.49,0.00,0.49,0.49,0.49,0.49,0.00,0.49,0.49,2938,2938,3694,1.00,0.80,0,26,26,6,0,0,,,,,4460.00,3773.85,0.00,3773.85,3773.85,4460.00,3773.85,0.00,3773.85,3773.85,9163.73,0.49,0.41,0.00,0.41,0.41,0.49,0.41,0.00,0.41,0.41,2938,2938,1.00,0,520,0,0,0,0,,,,,7605.90,7605.90,0.00,9002.31,9002.31,7605.90,7605.90,0.00,9002.31,9002.31,9163.73,0.83,0.83,0.00,0.98,0.98,0.83,0.83,0.00,0.98,0.98,232843.37,281243.39,224751.15,273151.17,282871.52,331271.54,305966.02,354366.04,329724.07,166236.00,192436.00,192436.00,192436.00,245400.00,271600.00,271600.00,271600.00,238257.07,164862.79,213262.81,5883.96,6814.73,0.38,0.43,0.43,0.43,0.57,0.62,0.62,0.62,0.49,0.49,0.49,0.49,0.83,0.83,0.48,0.48,0.42,0.42,0.84,0.84,0.52,0.48,0.46,0.83,0.48,0.46,0.83,0.48,0.46,0.83
DNK,208,2022,3732,3732,1.00,1065,1008,1008,1.06,1.00,48,48,0,0,1,,,,,168228.00,196028.00,196028.00,196028.00,248328.00,276128.00,276128.00,276128.00,,490809.57,0.34,0.40,0.40,0.40,0.51,0.56,0.56,0.56,,2146,3000,2641,0.72,0.81,0,104,156,52,0,0,,,,,4465.62,4465.62,0.00,4465.62,4465.62,4465.62,4465.62,0.00,4465.62,4465.62,9438.65,0.47,0.47,0.00,0.47,0.47,0.47,0.47,0.00,0.47,0.47,3000,3000,3732,1.00,0.80,0,26,26,6,0,0,,,,,4465.00,3778.08,0.00,3778.08,3778.08,4465.00,3778.08,0.00,3778.08,3778.08,9438.65,0.47,0.40,0.00,0.40,0.40,0.47,0.40,0.00,0.40,0.40,3000,3000,1.00,0,520,0,0,0,0,,,,,7834.08,7834.08,0.00,9385.38,9385.38,7834.08,7834.08,0.00,9385.38,9385.38,9438.65,0.83,0.83,0.00,0.99,0.99,0.83,0.83,0.00,0.99,0.99,237526.89,285908.95,228948.00,277330.05,290908.73,339290.79,314969.34,363351.39,338421.33,168228.00,196028.00,196028.00,196028.00,248328.00,276128.00,276128.00,276128.00,245404.78,168987.78,217369.83,6057.10,6987.53,0.37,0.43,0.43,0.43,0.56,0.61,0.61,0.61,0.47,0.47,0.47,0.47,0.83,0.83,0.47,0.47,0.41,0.41,0.84,0.84,0.52,0.47,0.44,0.83,0.47,0.44,0.83,0.47,0.44,0.83
DNK,208,2023,3772,3772,1.00,1055,1145,1145,0.92,0.92,50,50,0,0,1,,,,,173268.00,200568.00,200568.00,200568.00,255768.00,283068.00,283068.00,283068.00,,505533.85,0.34,0.40,0.40,0.40,0.51,0.56,0.56,0.56,,2154,2865,2995,0.75,0.72,0,104,156,52,0,0,,,,,4552.62,4552.62,0.00,4552.62,4552.62,4552.62,4552.62,0.00,4552.62,4552.62,9721.80,0.47,0.47,0.00,0.47,0.47,0.47,0.47,0.00,0.47,0.47,2865,2865,3772,1.00,0.76,0,26,26,6,0,0,,,,,4550.00,3850.00,0.00,3850.00,3850.00,4550.00,3850.00,0.00,3850.00,3850.00,9721.80,0.47,0.40,0.00,0.40,0.40,0.47,0.40,0.00,0.40,0.40,2865,2865,1.00,0,520,0,0,0,0,,,,,8069.10,8069.10,0.00,9385.38,9385.38,8069.10,8069.10,0.00,9385.38,9385.38,9721.80,0.83,0.83,0.00,0.97,0.97,0.83,0.83,0.00,0.97,0.97,242243.91,291325.35,233481.14,282562.58,297650.80,346732.24,322525.92,371607.36,346112.16,173268.00,200568.00,200568.00,200568.00,255768.00,283068.00,283068.00,283068.00,252766.93,172488.07,221569.51,6202.42,7146.30,0.38,0.43,0.43,0.43,0.57,0.62,0.62,0.62,0.47,0.47,0.47,0.47,0.83,0.83,0.50,0.51,0.44,0.45,0.88,0.89,0.52,0.49,0.46,0.86,0.49,0.45,0.86,0.49,0.46,0.86
EST,233,2000,943,943,1.00,296,207,291,1.43,1.00,50,15,0,0,1,,,,,4920.00,16328.99,19477.79,0.00,9840.00,21248.99,24397.79,0.00,,57264.00,0.09,0.29,0.34,0.00,0.17,0.37,0.43,0.00,,524,686,525,0.76,1.00,0,26,52,26,0,0,,,,,92.31,92.31,92.31,92.31,92.31,92.31,92.31,92.31,92.31,92.31,1101.23,0.08,0.08,0.08,0.08,0.08,0.08,0.08,0.08,0.08,0.08,569,686,943,0.83,0.60,1,26,0,0,0,0,,,,,880.98,880.98,0.00,880.98,0.00,880.98,880.98,0.00,880.98,0.00,1101.23,0.80,0.80,0.00,0.80,0.00,0.80,0.80,0.00,0.80,0.00,524,686,0.76,1,26,0,0,0,0,,,,,1101.23,1101.23,0.00,1101.23,0.00,1101.23,1101.23,0.00,1101.23,0.00,1101.23,1.00,1.00,0.00,1.00,0.00,1.00,1.00,0.00,1.00,0.00,23683.68,23683.68,40633.82,40633.82,44871.36,44871.36,44871.36,50271.36,44871.36,4920.00,16328.99,19477.79,0.00,9840.00,21248.99,24397.79,0.00,28632.00,19032.00,21732.00,862.91,966.76,0.00,0.00,0.00,0.00,0.00,0.00,0.00,0.00,0.11,0.10,0.80,0.80,1.00,1.00,0.18,0.07,0.84,0.66,1.00,0.81,0.00,0.11,0.77,0.95,0.14,0.82,1.00,0.08,0.73,0.91
EST,233,2001,940,940,1.00,297,210,293,1.42,1.00,50,15,0,0,1,,,,,4920.00,17223.41,20609.21,0.00,9840.00,22143.41,25529.21,0.00,,61788.00,0.08,0.28,0.33,0.00,0.16,0.36,0.41,0.00,,524,678,524,0.77,1.00,7,26,52,26,0,0,,,,,92.31,92.31,92.31,92.31,92.31,92.31,92.31,92.31,92.31,92.31,1188.23,0.08,0.08,0.08,0.08,0.08,0.08,0.08,0.08,0.08,0.08,574,678,940,0.85,0.61,1,26,0,0,0,0,,,,,950.58,950.58,0.00,950.58,0.00,950.58,950.58,0.00,950.58,0.00,1188.23,0.80,0.80,0.00,0.80,0.00,0.80,0.80,0.00,0.80,0.00,524,678,0.77,1,26,0,0,0,0,,,,,1188.23,1188.23,0.00,1188.23,0.00,1188.23,1188.23,0.00,1188.23,0.00,1188.23,1.00,1.00,0.00,1.00,0.00,1.00,1.00,0.00,1.00,0.00,25981.56,29101.56,44270.81,47390.81,48843.12,51963.12,48843.12,54243.12,48843.12,4920.00,17223.41,20609.21,0.00,9840.00,22143.41,25529.21,0.00,30894.00,18894.00,21594.00,939.29,1043.14,0.00,0.00,0.00,0.00,0.00,0.00,0.00,0.00,0.10,0.09,0.80,0.80,1.00,1.00,0.24,0.23,0.85,0.79,1.00,0.93,0.00,0.16,0.81,0.98,0.17,0.82,1.00,0.16,0.80,0.97
EST,233,2002,936,936,1.00,298,214,288,1.40,1.00,50,15,0,0,1,,,,,9600.00,18113.48,21736.28,0.00,19200.00,27713.48,31336.28,0.00,,67980.00,0.14,0.27,0.32,0.00,0.28,0.41,0.46,0.00,,532,664,533,0.80,1.00,7,39,104,52,0,0,,,,,651.86,593.12,186.67,593.12,2373.08,651.86,593.12,186.67,593.12,2373.08,1307.31,0.50,0.45,0.14,0.45,1.82,0.50,0.45,0.14,0.45,1.82,579,664,936,0.87,0.62,1,26,0,0,0,0,,,,,1045.85,1045.85,0.00,1045.85,0.00,1045.85,1045.85,0.00,1045.85,0.00,1307.31,0.80,0.80,0.00,0.80,0.00,0.80,0.80,0.00,0.80,0.00,532,664,0.80,1,26,0,0,0,0,,,,,1307.31,1307.31,0.00,1307.31,0.00,1307.31,1307.31,0.00,1307.31,0.00,1307.31,1.00,1.00,0.00,1.00,0.00,1.00,1.00,0.00,1.00,0.00,39432.77,42552.77,48143.15,51263.15,53173.67,56293.67,52922.15,54722.15,52922.15,9600.00,18113.48,21736.28,0.00,19200.00,27713.48,31336.28,0.00,33990.00,21990.00,22890.00,1017.73,1052.35,0.18,0.34,0.41,0.00,0.36,0.52,0.59,0.00,0.50,0.50,0.80,0.80,1.00,1.00,0.56,0.62,0.85,0.89,1.01,1.05,0.43,0.54,0.83,1.00,0.53,0.82,1.00,0.56,0.85,1.00
EST,233,2003,932,932,1.00,297,218,287,1.36,1.00,50,15,0,0,1,,,,,9600.00,21216.02,25266.02,0.00,19200.00,30816.02,34866.02,0.00,,74124.00,0.13,0.29,0.34,0.00,0.26,0.42,0.47,0.00,,528,673,528,0.78,1.00,7,39,104,52,0,0,,,,,710.78,646.73,215.83,646.73,2373.08,710.78,646.73,215.83,646.73,2373.08,1425.46,0.50,0.45,0.15,0.45,1.66,0.50,0.45,0.15,0.45,1.66,585,673,932,0.87,0.63,1,26,0,0,0,0,,,,,1140.37,1140.37,0.00,1140.37,0.00,1140.37,1140.37,0.00,1140.37,0.00,1425.46,0.80,0.80,0.00,0.80,0.00,0.80,0.80,0.00,0.80,0.00,528,673,0.78,1,26,0,0,0,0,,,,,1425.46,1425.46,0.00,1425.46,0.00,1425.46,1425.46,0.00,1425.46,0.00,1425.46,1.00,1.00,0.00,1.00,0.00,1.00,1.00,0.00,1.00,0.00,42714.71,45834.71,52212.33,55332.33,57697.50,60817.50,57423.24,59223.24,57423.24,9600.00,21216.02,25266.02,0.00,19200.00,30816.02,34866.02,0.00,37062.00,25062.00,25962.00,1104.29,1138.91,0.17,0.37,0.44,0.00,0.33,0.54,0.61,0.00,0.50,0.50,0.80,0.80,1.00,1.00,0.55,0.60,0.84,0.88,1.01,1.05,0.45,0.54,0.83,1.00,0.52,0.82,1.00,0.55,0.84,1.00
EST,233,2004,929,929,1.00,294,222,287,1.33,1.00,50,15,0,0,1,,,,,11880.00,24317.51,28794.71,0.00,23760.00,36197.51,40674.71,0.00,,80352.00,0.15,0.30,0.36,0.00,0.30,0.45,0.51,0.00,,525,670,525,0.78,1.00,7,39,104,52,0,0,,,,,770.50,701.07,252.00,701.07,2587.34,770.50,701.07,252.00,701.07,2587.34,1545.23,0.50,0.45,0.16,0.45,1.67,0.50,0.45,0.16,0.45,1.67,596,670,929,0.89,0.64,1,26,0,0,0,0,,,,,1236.18,1236.18,0.00,1236.18,0.00,1236.18,1236.18,0.00,1236.18,0.00,1545.23,0.80,0.80,0.00,0.80,0.00,0.80,0.80,0.00,0.80,0.00,525,670,0.78,1,26,0,0,0,0,,,,,1545.23,1545.23,0.00,1545.23,0.00,1545.23,1545.23,0.00,1545.23,0.00,1545.23,1.00,1.00,0.00,1.00,0.00,1.00,1.00,0.00,1.00,0.00,47289.51,51657.51,57585.13,61953.13,63531.18,67899.18,63233.88,66833.88,63233.88,11880.00,24317.51,28794.71,0.00,23760.00,36197.51,40674.71,0.00,40176.00,23376.00,25176.00,1216.04,1285.27,0.19,0.38,0.46,0.00,0.38,0.57,0.64,0.00,0.50,0.50,0.80,0.80,1.00,1.00,0.60,0.64,0.86,0.88,1.01,1.03,0.48,0.56,0.84,1.00,0.55,0.83,1.00,0.57,0.84,1.00
EST,233,2005,925,925,1.00,295,225,286,1.31,1.00,50,15,0,0,1,,,,,11880.00,29091.14,34230.74,0.00,23760.00,40971.14,46110.74,0.00,,90312.00,0.13,0.32,0.38,0.00,0.26,0.45,0.51,0.00,,547,669,547,0.82,1.00,7,39,104,52,0,0,,,,,866.01,787.97,289.33,787.97,2771.70,866.01,787.97,289.33,787.97,2771.70,1736.77,0.50,0.45,0.17,0.45,1.60,0.50,0.45,0.17,0.45,1.60,618,669,925,0.92,0.67,1,26,0,0,0,0,,,,,1389.42,1389.42,0.00,1389.42,0.00,1389.42,1389.42,0.00,1389.42,0.00,1736.77,0.80,0.80,0.00,0.80,0.00,0.80,0.80,0.00,0.80,0.00,547,669,0.82,1,26,0,0,0,0,,,,,1736.77,1736.77,0.00,1736.77,0.00,1736.77,1736.77,0.00,1736.77,0.00,1736.77,1.00,1.00,0.00,1.00,0.00,1.00,1.00,0.00,1.00,0.00,54441.66,59337.66,66326.22,71222.22,73189.93,78085.93,72846.75,80046.75,72846.75,11880.00,29091.14,34230.74,0.00,23760.00,40971.14,46110.74,0.00,45156.00,38871.37,46071.37,1400.90,1539.36,0.16,0.40,0.47,0.00,0.33,0.56,0.63,0.00,0.50,0.50,0.80,0.80,1.00,1.00,0.46,0.39,0.81,0.74,1.01,0.94,0.48,0.46,0.79,0.99,0.48,0.80,1.00,0.44,0.77,0.97
EST,233,2006,920,920,1.00,293,228,288,1.29,1.00,50,15,0,0,1,,,,,15228.00,33331.42,39152.62,0.00,30456.00,48559.42,54380.62,0.00,,106128.00,0.14,0.31,0.37,0.00,0.29,0.46,0.51,0.00,,575,693,575,0.83,1.00,7,39,104,52,0,0,,,,,1017.67,925.96,313.83,925.96,2566.16,1017.67,925.96,313.83,925.96,2566.16,2040.92,0.50,0.45,0.15,0.45,1.26,0.50,0.45,0.15,0.45,1.26,650,693,920,0.94,0.71,1,26,0,0,0,0,,,,,1632.74,1632.74,0.00,1632.74,0.00,1632.74,1632.74,0.00,1632.74,0.00,2040.92,0.80,0.80,0.00,0.80,0.00,0.80,0.80,0.00,0.80,0.00,575,693,0.83,1,26,0,0,0,0,,,,,2040.92,2040.92,0.00,2040.92,0.00,2040.92,2040.92,0.00,2040.92,0.00,2040.92,1.00,1.00,0.00,1.00,0.00,1.00,1.00,0.00,1.00,0.00,64671.92,70191.92,78821.55,84341.55,86993.40,92513.40,86748.25,99468.25,86748.25,15228.00,33331.42,39152.62,0.00,30456.00,48559.42,54380.62,0.00,53064.00,46134.12,58854.12,1668.24,1912.85,0.18,0.38,0.45,0.00,0.35,0.56,0.63,0.00,0.50,0.50,0.80,0.80,1.00,1.00,0.46,0.28,0.80,0.63,1.01,0.83,0.47,0.43,0.76,0.96,0.48,0.80,1.00,0.39,0.71,0.91
EST,233,2007,911,911,1.00,292,232,280,1.26,1.00,50,15,0,0,1,,,,,18876.00,40424.73,46956.33,0.00,37752.00,59300.73,65832.33,0.00,,127812.00,0.15,0.32,0.37,0.00,0.30,0.46,0.52,0.00,,575,689,575,0.83,1.00,7,51,156,52,0,0,,,,,1225.59,1115.16,350.00,1115.16,2979.74,1225.59,1115.16,350.00,1115.16,2979.74,2457.92,0.50,0.45,0.14,0.45,1.21,0.50,0.45,0.14,0.45,1.21,675,689,911,0.98,0.74,1,26,2,2,0,0,,,,,1966.34,1966.34,0.00,1966.34,0.00,1966.34,1966.34,0.00,1966.34,0.00,2457.92,0.80,0.80,0.00,0.80,0.00,0.80,0.80,0.00,0.80,0.00,575,689,0.83,1,26,2,2,0,0,,,,,2457.92,2457.92,0.00,2457.92,0.00,2457.92,2457.92,0.00,2457.92,0.00,2457.92,1.00,1.00,0.00,1.00,0.00,1.00,1.00,0.00,1.00,0.00,77442.97,89922.97,94704.94,107184.94,104674.28,117154.28,104375.20,116855.20,104375.20,18876.00,40424.73,46956.33,0.00,37752.00,59300.73,65832.33,0.00,63906.00,54827.60,67307.60,2007.22,2247.22,0.18,0.39,0.45,0.00,0.36,0.57,0.63,0.00,0.50,0.50,0.80,0.80,1.00,1.00,0.46,0.46,0.80,0.80,1.01,1.01,0.48,0.48,0.80,1.00,0.48,0.80,1.00,0.48,0.80,1.00
EST,233,2008,906,906,1.00,291,234,281,1.24,1.00,50,15,0,0,1,,,,,22956.00,49002.61,56803.81,0.00,45912.00,71958.61,79759.81,0.00,,143220.48,0.16,0.34,0.40,0.00,0.32,0.50,0.56,0.00,,583,694,583,0.84,1.00,7,51,156,52,0,0,,,,,1373.35,1249.59,420.00,1249.59,3587.65,1373.35,1249.59,420.00,1249.59,3587.65,2754.24,0.50,0.45,0.15,0.45,1.30,0.50,0.45,0.15,0.45,1.30,670,694,906,0.97,0.74,1,26,2,2,0,0,,,,,2203.39,2203.39,0.00,2203.39,0.00,2203.39,2203.39,0.00,2203.39,0.00,2754.24,0.80,0.80,0.00,0.80,0.00,0.80,0.80,0.00,0.80,0.00,583,694,0.84,1,26,2,2,0,0,,,,,2754.24,2754.24,0.00,2754.24,0.00,2754.24,2754.24,0.00,2754.24,0.00,2754.24,1.00,1.00,0.00,1.00,0.00,1.00,1.00,0.00,1.00,0.00,87569.34,100439.34,107160.33,120030.33,118474.75,131344.75,118135.31,131005.31,118135.31,22956.00,49002.61,56803.81,0.00,45912.00,71958.61,79759.81,0.00,71610.24,61902.66,74772.66,2271.83,2519.33,0.19,0.41,0.48,0.00,0.39,0.61,0.68,0.00,0.50,0.50,0.80,0.80,1.00,1.00,0.46,0.46,0.80,0.80,1.01,1.01,0.51,0.48,0.80,1.00,0.48,0.80,1.00,0.48,0.80,1.00
EST,233,2009,903,903,1.00,291,233,274,1.25,1.00,50,15,0,0,1,,,,,24096.00,51405.61,59558.41,0.00,48192.00,75501.61,83654.41,0.00,,134082.00,0.18,0.38,0.44,0.00,0.36,0.56,0.62,0.00,,526,687,526,0.77,1.00,7,51,156,52,0,0,,,,,1285.72,1169.86,507.50,1169.86,4110.84,1285.72,1169.86,507.50,1169.86,4110.84,2578.50,0.50,0.45,0.20,0.45,1.59,0.50,0.45,0.20,0.45,1.59,613,687,903,0.89,0.68,3,26,2,2,0,0,,,,,1804.95,1804.95,0.00,1804.95,0.00,1804.95,1804.95,0.00,1804.95,0.00,2578.50,0.70,0.70,0.00,0.70,0.00,0.70,0.70,0.00,0.70,0.00,526,687,0.77,1,26,2,2,0,0,,,,,2578.50,2578.50,0.00,2578.50,0.00,2578.50,2578.50,0.00,2578.50,0.00,2578.50,1.00,1.00,0.00,1.00,0.00,1.00,1.00,0.00,1.00,0.00,82343.58,95213.58,95388.29,108258.29,111277.01,124147.01,110959.23,123829.23,110959.23,24096.00,51405.61,59558.41,0.00,48192.00,75501.61,83654.41,0.00,67041.00,58314.62,71184.62,2133.83,2381.33,0.22,0.46,0.54,0.00,0.43,0.68,0.75,0.00,0.50,0.50,0.70,0.70,1.00,1.00,0.46,0.46,0.70,0.70,1.01,1.01,0.57,0.48,0.70,1.00,0.48,0.70,1.00,0.48,0.70,1.00
EST,233,2010,899,899,1.00,292,232,277,1.26,1.00,50,15,0,0,1,,,,,24105.60,51446.37,59599.17,0.00,48211.20,75551.97,83704.77,0.00,,141111.00,0.17,0.36,0.42,0.00,0.34,0.54,0.59,0.00,,502,682,502,0.74,1.00,7,51,156,52,0,0,,,,,1353.12,1231.19,507.50,1231.19,3906.55,1353.12,1231.19,507.50,1231.19,3906.55,2713.67,0.50,0.45,0.19,0.45,1.44,0.50,0.45,0.19,0.45,1.44,571,682,899,0.84,0.63,3,26,2,2,0,0,,,,,1899.57,1899.57,0.00,1899.57,0.00,1899.57,1899.57,0.00,1899.57,0.00,2713.67,0.70,0.70,0.00,0.70,0.00,0.70,0.70,0.00,0.70,0.00,502,682,0.74,1,26,2,2,0,0,,,,,2713.67,2713.67,0.00,2713.67,0.00,2713.67,2713.67,0.00,2713.67,0.00,2713.67,1.00,1.00,0.00,1.00,0.00,1.00,1.00,0.00,1.00,0.00,85136.79,98006.79,98865.35,111735.35,115587.00,128457.00,114026.31,126896.31,114026.31,24105.60,51446.37,59599.17,0.00,48211.20,75551.97,83704.77,0.00,70555.50,59848.16,72718.16,2192.81,2440.31,0.21,0.45,0.52,0.00,0.42,0.66,0.73,0.00,0.50,0.50,0.70,0.70,1.00,1.00,0.47,0.47,0.72,0.72,1.03,1.03,0.56,0.48,0.71,1.00,0.48,0.71,1.00,0.48,0.71,1.00
EST,233,2011,894,894,1.00,296,232,271,1.28,1.00,50,15,0,0,1,,,,,1541.40,3287.95,3809.11,0.00,3082.80,4829.35,5350.51,0.00,,9410.75,0.16,0.35,0.40,0.00,0.33,0.51,0.57,0.00,,532,688,532,0.77,1.00,7,51,156,52,0,0,,,,,90.24,82.11,32.44,82.11,252.22,90.24,82.11,32.44,82.11,252.22,180.98,0.50,0.45,0.18,0.45,1.39,0.50,0.45,0.18,0.45,1.39,572,688,894,0.83,0.64,3,26,2,2,0,0,,,,,126.68,126.68,0.00,126.68,0.00,126.68,126.68,0.00,126.68,0.00,180.98,0.70,0.70,0.00,0.70,0.00,0.70,0.70,0.00,0.70,0.00,532,688,0.77,1,26,2,2,0,0,,,,,180.98,180.98,0.00,180.98,0.00,180.98,180.98,0.00,180.98,0.00,180.98,1.00,1.00,0.00,1.00,0.00,1.00,1.00,0.00,1.00,0.00,5662.55,6485.75,6578.12,7401.32,7693.29,8516.49,7589.21,8412.41,7589.21,1541.40,3287.95,3809.11,0.00,3082.80,4829.35,5350.51,0.00,4705.38,3976.04,4799.24,145.95,161.78,0.20,0.43,0.50,0.00,0.41,0.64,0.71,0.00,0.50,0.50,0.70,0.70,1.00,1.00,0.47,0.47,0.72,0.72,1.03,1.03,0.53,0.48,0.71,1.00,0.48,0.71,1.00,0.48,0.71,1.00
EST,233,2012,885,885,1.00,298,235,276,1.27,1.00,50,15,0,0,1,,,,,1609.20,3430.59,3972.39,0.00,3218.40,5039.79,5581.59,0.00,,10194.98,0.16,0.34,0.39,0.00,0.32,0.49,0.55,0.00,,539,683,539,0.79,1.00,7,51,156,52,0,0,,,,,97.76,88.95,32.44,88.95,267.19,97.76,88.95,32.44,88.95,267.19,196.06,0.50,0.45,0.17,0.45,1.36,0.50,0.45,0.17,0.45,1.36,577,683,885,0.84,0.65,3,26,2,2,0,0,,,,,137.24,137.24,0.00,137.24,0.00,137.24,137.24,0.00,137.24,0.00,196.06,0.70,0.70,0.00,0.70,0.00,0.70,0.70,0.00,0.70,0.00,539,683,0.79,1,26,2,2,0,0,,,,,196.06,196.06,0.00,196.06,0.00,196.06,196.06,0.00,196.06,0.00,196.06,1.00,1.00,0.00,1.00,0.00,1.00,1.00,0.00,1.00,0.00,6104.19,6927.39,7096.05,7919.25,8304.16,9127.36,8191.40,9014.60,8191.40,1609.20,3430.59,3972.39,0.00,3218.40,5039.79,5581.59,0.00,5097.49,4277.14,5100.34,157.53,173.36,0.20,0.42,0.48,0.00,0.39,0.62,0.68,0.00,0.50,0.50,0.70,0.70,1.00,1.00,0.47,0.47,0.72,0.72,1.03,1.03,0.52,0.48,0.71,1.00,0.48,0.71,1.00,0.48,0.71,1.00
EST,233,2013,875,875,1.00,297,238,280,1.25,1.00,50,15,0,0,1,,,,,1689.72,3600.25,4166.41,0.00,3379.44,5289.97,5856.13,0.00,,10979.21,0.15,0.33,0.38,0.00,0.31,0.48,0.53,0.00,,542,680,542,0.80,1.00,7,51,156,52,0,0,,,,,105.28,95.79,33.83,95.79,282.48,105.28,95.79,33.83,95.79,282.48,211.14,0.50,0.45,0.16,0.45,1.34,0.50,0.45,0.16,0.45,1.34,584,680,875,0.86,0.67,3,26,2,2,0,0,,,,,147.80,147.80,0.00,147.80,0.00,147.80,147.80,0.00,147.80,0.00,211.14,0.70,0.70,0.00,0.70,0.00,0.70,0.70,0.00,0.70,0.00,542,680,0.80,1,26,2,2,0,0,,,,,211.14,211.14,0.00,211.14,0.00,211.14,211.14,0.00,211.14,0.00,211.14,1.00,1.00,0.00,1.00,0.00,1.00,1.00,0.00,1.00,0.00,6580.53,7403.73,7648.68,8471.88,8949.72,9772.92,8862.98,9686.18,8862.98,1689.72,3600.25,4166.41,0.00,3379.44,5289.97,5856.13,0.00,5489.60,4612.93,5436.13,170.44,186.27,0.19,0.41,0.47,0.00,0.38,0.60,0.66,0.00,0.50,0.50,0.70,0.70,1.00,1.00,0.46,0.46,0.71,0.71,1.02,1.02,0.50,0.48,0.71,1.00,0.48,0.71,1.00,0.48,0.71,1.00
EST,233,2014,866,866,1.00,300,242,284,1.24,1.00,50,15,0,0,1,,,,,1787.76,3807.35,4403.03,0.00,3575.52,5595.11,6190.79,0.00,,11763.44,0.15,0.32,0.37,0.00,0.30,0.48,0.53,0.00,,545,674,545,0.81,1.00,7,51,156,52,0,0,,,,,112.80,102.64,37.33,102.64,302.22,112.80,102.64,37.33,102.64,302.22,226.22,0.50,0.45,0.17,0.45,1.34,0.50,0.45,0.17,0.45,1.34,601,674,866,0.89,0.69,3,26,2,2,0,0,,,,,158.35,158.35,0.00,158.35,0.00,158.35,158.35,0.00,158.35,0.00,226.22,0.70,0.70,0.00,0.70,0.00,0.70,0.70,0.00,0.70,0.00,545,674,0.81,1,26,2,2,0,0,,,,,226.22,226.22,0.00,226.22,0.00,226.22,226.22,0.00,226.22,0.00,226.22,1.00,1.00,0.00,1.00,0.00,1.00,1.00,0.00,1.00,0.00,7024.64,7847.84,8169.10,8992.30,9563.07,10386.27,9470.13,10293.33,9470.13,1787.76,3807.35,4403.03,0.00,3575.52,5595.11,6190.79,0.00,5881.72,4916.51,5739.71,182.12,197.95,0.19,0.40,0.46,0.00,0.38,0.59,0.65,0.00,0.50,0.50,0.70,0.70,1.00,1.00,0.46,0.46,0.71,0.71,1.02,1.02,0.50,0.48,0.71,1.00,0.48,0.71,1.00,0.48,0.71,1.00
EST,233,2015,857,857,1.00,300,246,288,1.22,1.00,50,15,0,0,1,,,,,1900.44,4045.44,4674.84,0.00,3800.88,5945.88,6575.28,0.00,,12547.67,0.15,0.32,0.37,0.00,0.30,0.47,0.52,0.00,,549,683,549,0.80,1.00,7,51,156,52,0,0,,,,,120.32,109.48,41.42,109.48,320.05,120.32,109.48,41.42,109.48,320.05,241.30,0.50,0.45,0.17,0.45,1.33,0.50,0.45,0.17,0.45,1.33,615,683,857,0.90,0.72,3,26,2,2,0,0,,,,,168.91,168.91,0.00,168.91,0.00,168.91,168.91,0.00,168.91,0.00,241.30,0.70,0.70,0.00,0.70,0.00,0.70,0.70,0.00,0.70,0.00,549,683,0.80,1,26,2,2,0,0,,,,,241.30,241.30,0.00,241.30,0.00,241.30,241.30,0.00,241.30,0.00,241.30,1.00,1.00,0.00,1.00,0.00,1.00,1.00,0.00,1.00,0.00,7585.51,9035.11,8821.71,10271.31,10327.43,11777.03,10247.12,11696.72,10247.12,1900.44,4045.44,4674.84,0.00,3800.88,5945.88,6575.28,0.00,6273.83,5308.36,6757.96,197.06,224.94,0.19,0.39,0.45,0.00,0.37,0.58,0.63,0.00,0.50,0.50,0.70,0.70,1.00,1.00,0.46,0.46,0.71,0.71,1.02,1.02,0.49,0.48,0.71,1.00,0.48,0.71,1.00,0.48,0.71,1.00
EST,233,2016,854,854,1.00,301,250,283,1.20,1.00,50,15,0,0,1,,,,,2008.80,4274.80,4936.48,0.00,4017.60,6283.60,6945.28,0.00,,13288.09,0.15,0.32,0.37,0.00,0.30,0.47,0.52,0.00,,549,691,549,0.79,1.00,7,51,156,52,0,0,,,,,127.42,115.94,45.50,115.94,339.16,127.42,115.94,45.50,115.94,339.16,255.54,0.50,0.45,0.18,0.45,1.33,0.50,0.45,0.18,0.45,1.33,605,691,854,0.87,0.71,3,26,2,2,0,0,,,,,178.88,178.88,0.00,178.88,0.00,178.88,178.88,0.00,178.88,0.00,255.54,0.70,0.70,0.00,0.70,0.00,0.70,0.70,0.00,0.70,0.00,549,691,0.79,1,26,2,2,0,0,,,,,255.54,255.54,0.00,255.54,0.00,255.54,255.54,0.00,255.54,0.00,255.54,1.00,1.00,0.00,1.00,0.00,1.00,1.00,0.00,1.00,0.00,8049.71,9619.31,9358.86,10928.46,10953.43,12523.03,10868.38,12437.98,10868.38,2008.80,4274.80,4936.48,0.00,4017.60,6283.60,6945.28,0.00,6644.04,5638.19,7207.79,209.01,239.19,0.18,0.39,0.45,0.00,0.37,0.58,0.64,0.00,0.50,0.50,0.70,0.70,1.00,1.00,0.46,0.46,0.71,0.71,1.02,1.02,0.49,0.48,0.71,1.00,0.48,0.71,1.00,0.48,0.71,1.00
EST,233,2017,848,848,1.00,306,254,287,1.20,1.00,50,15,0,0,1,,,,,2111.28,4491.02,5183.06,0.00,4222.56,6602.30,7294.34,0.00,,14117.36,0.15,0.32,0.37,0.00,0.30,0.47,0.52,0.00,,556,699,556,0.80,1.00,7,51,156,52,0,0,,,,,135.37,123.17,50.17,123.17,364.96,135.37,123.17,50.17,123.17,364.96,271.49,0.50,0.45,0.18,0.45,1.34,0.50,0.45,0.18,0.45,1.34,618,699,848,0.88,0.73,3,26,2,2,0,0,,,,,190.04,190.04,0.00,190.04,0.00,190.04,190.04,0.00,190.04,0.00,271.49,0.70,0.70,0.00,0.70,0.00,0.70,0.70,0.00,0.70,0.00,556,699,0.80,1,26,2,2,0,0,,,,,271.49,271.49,0.00,271.49,0.00,271.49,271.49,0.00,271.49,0.00,271.49,1.00,1.00,0.00,1.00,0.00,1.00,1.00,0.00,1.00,0.00,8550.60,10552.20,9941.45,11943.05,11635.54,13637.14,11545.19,13546.79,11977.19,2111.28,4491.02,5183.06,0.00,4222.56,6602.30,7294.34,0.00,7058.68,5988.59,7990.19,222.02,260.52,0.18,0.39,0.45,0.00,0.35,0.55,0.61,0.00,0.50,0.50,0.70,0.70,1.00,1.00,0.46,0.46,0.71,0.71,1.02,1.02,0.47,0.48,0.71,1.00,0.48,0.71,1.00,0.48,0.71,1.00
EST,233,2018,846,846,1.00,305,258,284,1.18,1.00,50,15,0,0,1,,,,,2271.72,4826.72,5566.04,0.00,4543.44,7098.44,7837.76,0.00,,14645.53,0.16,0.33,0.38,0.00,0.31,0.48,0.54,0.00,,558,702,558,0.79,1.00,7,51,156,52,0,0,,,,,140.44,127.78,54.83,127.78,388.84,140.44,127.78,54.83,127.78,388.84,281.64,0.50,0.45,0.19,0.45,1.38,0.50,0.45,0.19,0.45,1.38,632,702,846,0.90,0.75,3,26,2,2,0,0,,,,,197.15,197.15,0.00,197.15,0.00,197.15,197.15,0.00,197.15,0.00,281.64,0.70,0.70,0.00,0.70,0.00,0.70,0.70,0.00,0.70,0.00,558,702,0.79,1,26,2,2,0,0,,,,,281.64,281.64,0.00,281.64,0.00,281.64,281.64,0.00,281.64,0.00,281.64,1.00,1.00,0.00,1.00,0.00,1.00,1.00,0.00,1.00,0.00,9622.34,11863.94,11065.23,13306.83,12795.41,15037.01,12701.68,14943.28,13133.68,2271.72,4826.72,5566.04,0.00,4543.44,7098.44,7837.76,0.00,7322.76,6964.48,8645.60,244.26,287.37,0.18,0.38,0.44,0.00,0.35,0.54,0.60,0.00,0.50,0.50,0.70,0.70,1.00,1.00,0.46,0.51,0.71,0.74,1.02,1.01,0.46,0.49,0.71,1.00,0.48,0.71,1.00,0.50,0.72,1.00
EST,233,2019,846,846,1.00,305,262,288,1.16,1.00,50,15,0,0,1,,,,,2462.52,5226.13,6021.37,0.00,4925.04,7688.65,8483.89,0.00,,15608.08,0.16,0.33,0.39,0.00,0.32,0.49,0.54,0.00,,559,703,559,0.80,1.00,7,51,156,52,0,0,,,,,149.67,136.18,58.33,136.18,417.18,149.67,136.18,58.33,136.18,417.18,300.16,0.50,0.45,0.19,0.45,1.39,0.50,0.45,0.19,0.45,1.39,640,703,846,0.91,0.76,3,26,2,2,0,0,,,,,210.11,210.11,0.00,210.11,0.00,210.11,210.11,0.00,210.11,0.00,300.16,0.70,0.70,0.00,0.70,0.00,0.70,0.70,0.00,0.70,0.00,559,703,0.80,1,26,2,2,0,0,,,,,300.16,300.16,0.00,300.16,0.00,300.16,300.16,0.00,300.16,0.00,300.16,1.00,1.00,0.00,1.00,0.00,1.00,1.00,0.00,1.00,0.00,10175.88,12417.48,11713.60,13955.20,13452.34,15693.94,13352.45,15594.05,13784.45,2462.52,5226.13,6021.37,0.00,4925.04,7688.65,8483.89,0.00,7804.04,7343.34,9119.17,256.78,299.89,0.18,0.31,0.36,0.00,0.36,0.45,0.49,0.00,0.50,0.50,0.70,0.70,1.00,1.00,0.47,0.51,0.73,0.75,1.02,1.02,0.38,0.49,0.72,1.00,0.49,0.71,1.00,0.50,0.72,1.00
EST,233,2020,844,844,1.00,305,266,293,1.15,1.00,50,15,0,0,1,,,,,2659.56,5720.65,6573.13,0.00,5319.12,8380.21,9232.69,0.00,,16072.07,0.17,0.36,0.41,0.00,0.33,0.52,0.57,0.00,,547,705,547,0.78,1.00,7,51,156,52,0,0,,,,,184.94,157.16,63.00,157.16,502.19,184.94,157.16,63.00,157.16,502.19,309.08,0.60,0.51,0.20,0.51,1.62,0.60,0.51,0.20,0.51,1.62,621,705,844,0.88,0.74,3,26,2,2,0,0,,,,,216.35,216.35,0.00,216.35,0.00,216.35,216.35,0.00,216.35,0.00,309.08,0.70,0.70,0.00,0.70,0.00,0.70,0.70,0.00,0.70,0.00,547,705,0.78,1,26,2,2,0,0,,,,,309.08,309.08,0.00,309.08,0.00,309.08,309.08,0.00,309.08,0.00,309.08,1.00,1.00,0.00,1.00,0.00,1.00,1.00,0.00,1.00,0.00,10794.98,13036.58,12026.15,14267.75,13769.01,16010.61,13666.15,15907.75,14098.15,2659.56,5720.65,6573.13,0.00,5319.12,8380.21,9232.69,0.00,8036.04,7525.97,9347.46,262.81,305.92,0.19,0.33,0.38,0.00,0.38,0.48,0.52,0.00,0.60,0.60,0.70,0.70,1.00,1.00,0.53,0.56,0.73,0.75,1.02,1.02,0.41,0.57,0.72,1.00,0.57,0.72,1.00,0.58,0.73,1.00
EST,233,2021,841,841,1.00,306,271,287,1.13,1.00,50,15,0,0,1,,,,,3062.16,5955.68,6808.16,0.00,6124.32,9017.84,9870.32,0.00,,18329.00,0.17,0.32,0.37,0.00,0.33,0.49,0.54,0.00,,550,697,550,0.79,1.00,7,51,156,52,0,0,,,,,210.91,179.23,68.13,179.23,516.82,210.91,179.23,68.13,179.23,516.82,352.48,0.60,0.51,0.19,0.51,1.47,0.60,0.51,0.19,0.51,1.47,637,697,841,0.91,0.76,3,26,2,2,0,0,,,,,246.74,246.74,0.00,246.74,0.00,246.74,246.74,0.00,246.74,0.00,352.48,0.70,0.70,0.00,0.70,0.00,0.70,0.70,0.00,0.70,0.00,550,697,0.79,1,26,2,2,0,0,,,,,352.48,352.48,0.00,352.48,0.00,352.48,352.48,0.00,352.48,0.00,352.48,1.00,1.00,0.00,1.00,0.00,1.00,1.00,0.00,1.00,0.00,12142.36,14383.96,13415.34,15656.94,15309.34,17550.94,15192.03,17433.63,15624.03,3062.16,5955.68,6808.16,0.00,6124.32,9017.84,9870.32,0.00,9164.50,8414.29,10457.87,292.15,335.26,0.20,0.39,0.36,0.00,0.39,0.58,0.62,0.00,0.60,0.60,0.70,0.70,1.00,1.00,0.55,0.56,0.74,0.75,1.02,1.02,0.48,0.58,0.72,1.00,0.57,0.72,1.00,0.58,0.72,1.00
EST,233,2022,842,842,1.00,308,272,291,1.13,1.00,50,15,0,0,1,,,,,3062.16,6249.09,7113.81,0.00,6124.32,9311.25,10175.97,0.00,,19996.00,0.15,0.31,0.36,0.00,0.31,0.47,0.51,0.00,,571,721,571,0.79,1.00,7,51,156,52,0,0,,,,,230.09,195.54,68.13,195.54,552.52,230.09,195.54,68.13,195.54,552.52,384.54,0.60,0.51,0.18,0.51,1.44,0.60,0.51,0.18,0.51,1.44,649,721,842,0.90,0.77,3,26,2,2,0,0,,,,,269.18,269.18,0.00,269.18,0.00,269.18,269.18,0.00,269.18,0.00,384.54,0.70,0.70,0.00,0.70,0.00,0.70,0.70,0.00,0.70,0.00,571,721,0.79,1,26,2,2,0,0,,,,,384.54,384.54,0.00,384.54,0.00,384.54,384.54,0.00,384.54,0.00,384.54,1.00,1.00,0.00,1.00,0.00,1.00,1.00,0.00,1.00,0.00,13061.79,15303.39,14380.79,16622.39,16447.05,18688.65,16319.07,18560.67,16751.07,3062.16,6249.09,7113.81,0.00,6124.32,9311.25,10175.97,0.00,9998.00,9070.43,11278.03,313.83,356.94,0.19,0.31,0.35,0.00,0.37,0.44,0.49,0.00,0.60,0.60,0.70,0.70,1.00,1.00,0.55,0.55,0.73,0.73,1.02,1.02,0.38,0.58,0.72,1.00,0.57,0.72,1.00,0.58,0.72,1.00
EST,233,2023,873,873,1.00,309,276,293,1.12,1.00,50,15,0,0,1,,,,,4036.68,7223.66,8149.82,0.00,8073.36,11260.34,12186.50,0.00,,21595.00,0.19,0.33,0.38,0.00,0.37,0.52,0.56,0.00,,582,748,582,0.78,1.00,7,43,156,52,0,0,,,,,248.49,211.17,95.67,211.17,601.42,248.49,211.17,95.67,211.17,601.42,415.29,0.60,0.51,0.23,0.51,1.45,0.60,0.51,0.23,0.51,1.45,639,748,866,0.85,0.74,3,26,2,2,0,0,,,,,290.70,290.70,0.00,290.70,0.00,290.70,290.70,0.00,290.70,0.00,415.29,0.70,0.70,0.00,0.70,0.00,0.70,0.70,0.00,0.70,0.00,582,748,0.78,1,26,2,2,0,0,,,,,415.29,415.29,0.00,415.29,0.00,415.29,415.29,0.00,415.29,0.00,415.29,1.00,1.00,0.00,1.00,0.00,1.00,1.00,0.00,1.00,0.00,14187.37,16828.97,15541.09,18182.69,17661.72,20303.32,17523.51,20165.11,17955.51,4036.68,7223.66,8149.82,0.00,8073.36,11260.34,12186.50,0.00,10797.50,10069.39,12464.74,336.99,387.79,0.23,0.33,0.37,0.00,0.45,0.50,0.54,0.00,0.60,0.60,0.70,0.70,1.00,1.00,0.55,0.57,0.73,0.74,1.02,1.02,0.42,0.58,0.72,1.00,0.58,0.72,1.00,0.58,0.72,1.00
FIN,246,2000,3461,3461,1.00,870,767,767,1.13,1.00,40,40,0,0,1,,,,,31860.00,78967.31,88237.39,0.00,58632.00,105739.31,115009.39,0.00,,146796.29,0.22,0.54,0.60,0.00,0.40,0.72,0.78,0.00,,2647,2589,2047,1.00,1.29,7,100,104,43,0,0,,,,,1475.85,1475.85,610.00,1475.85,0.00,1650.85,1650.85,785.00,1650.85,0.00,2823.01,0.52,0.52,0.22,0.52,0.00,0.58,0.58,0.28,0.58,0.00,3265,2589,3461,1.00,0.94,0,50,0,0,0,0,,,,,2823.01,2062.36,360.00,2062.36,0.00,2823.01,2062.36,360.00,2062.36,0.00,2823.01,1.00,0.73,0.13,0.73,0.00,1.00,0.73,0.13,0.73,0.00,2335,2589,0.90,3,52,0,0,0,0,,,,,2823.01,2740.56,853.35,2740.56,0.00,2823.01,2740.56,853.35,2740.56,0.00,2823.01,1.00,0.97,0.30,0.97,0.00,1.00,0.97,0.30,0.97,0.00,81014.85,98101.59,89895.07,104199.07,99621.40,113925.40,98467.98,112771.98,98467.98,31860.00,78967.31,88237.39,0.00,58632.00,105739.31,115009.39,0.00,73398.15,56910.46,71214.46,1893.62,2168.69,0.32,0.62,0.67,0.00,0.58,0.87,0.92,0.00,0.52,0.58,1.00,1.00,1.00,1.00,0.58,0.65,0.79,0.79,1.03,1.03,0.75,0.58,0.90,1.00,0.55,0.90,1.00,0.62,0.90,1.00
FIN,246,2001,3468,3468,1.00,876,777,777,1.13,1.00,40,40,0,0,1,,,,,33108.00,82788.85,93587.39,0.00,60924.00,110604.85,121403.39,0.00,,151798.94,0.22,0.55,0.62,0.00,0.40,0.73,0.80,0.00,,2662,2605,2091,1.00,1.27,7,100,104,43,0,0,,,,,1515.03,1515.03,605.00,1515.03,0.00,1700.03,1700.03,790.00,1700.03,0.00,2919.21,0.52,0.52,0.21,0.52,0.00,0.58,0.58,0.27,0.58,0.00,3278,2605,3468,1.00,0.95,0,50,0,0,0,0,,,,,2919.21,2138.43,60.54,2138.43,0.00,2919.21,2138.43,60.54,2138.43,0.00,2919.21,1.00,0.73,0.02,0.73,0.00,1.00,0.73,0.02,0.73,0.00,2367,2605,0.91,3,52,0,0,0,0,,,,,2919.21,2834.55,838.54,2834.55,0.00,2919.21,2834.55,838.54,2834.55,0.00,2919.21,1.00,0.97,0.29,0.97,0.00,1.00,0.97,0.29,0.97,0.00,85177.22,102471.07,94780.97,109084.97,104945.29,119249.29,103938.52,118242.52,103938.52,33108.00,82788.85,93587.39,0.00,60924.00,110604.85,121403.39,0.00,75899.47,59919.17,74223.17,1998.82,2273.89,0.31,0.63,0.68,0.00,0.58,0.88,0.93,0.00,0.52,0.58,1.00,1.00,1.00,1.00,0.57,0.64,0.79,0.79,1.02,1.02,0.75,0.58,0.90,1.00,0.55,0.90,1.00,0.61,0.90,1.00
FIN,246,2002,3476,3476,1.00,890,787,787,1.13,1.00,40,40,0,0,1,,,,,5851.20,12797.18,14466.38,0.00,10792.20,17738.18,19407.38,0.00,,26064.35,0.22,0.49,0.56,0.00,0.41,0.68,0.74,0.00,,2669,2610,2097,1.00,1.27,7,100,104,43,0,0,,,,,266.34,266.34,113.75,266.34,0.00,297.99,297.99,145.40,297.99,0.00,501.24,0.53,0.53,0.23,0.53,0.00,0.59,0.59,0.29,0.59,0.00,3290,2610,3476,1.00,0.95,0,50,0,0,0,0,,,,,501.24,371.79,60.54,371.79,0.00,501.24,371.79,60.54,371.79,0.00,501.24,1.00,0.74,0.12,0.74,0.00,1.00,0.74,0.12,0.74,0.00,2372,2610,0.91,3,52,0,0,0,0,,,,,501.24,487.17,154.10,487.17,0.00,501.24,487.17,154.10,487.17,0.00,501.24,1.00,0.97,0.31,0.97,0.00,1.00,0.97,0.31,0.97,0.00,14909.94,17834.74,16523.69,18929.69,18234.99,20640.99,18082.54,20488.54,18082.54,5851.20,12797.18,14466.38,0.00,10792.20,17738.18,19407.38,0.00,13032.17,10449.85,12855.85,347.74,394.01,0.32,0.58,0.64,0.00,0.59,0.84,0.89,0.00,0.53,0.59,1.00,1.00,1.00,1.00,0.58,0.65,0.80,0.80,1.02,1.02,0.71,0.59,0.90,1.00,0.56,0.90,1.00,0.62,0.90,1.00
FIN,246,2003,3481,3481,1.00,902,799,799,1.13,1.00,40,40,0,0,1,,,,,5921.40,13230.40,14956.11,0.00,10921.68,18230.68,19956.39,0.00,,26597.95,0.22,0.50,0.56,0.00,0.41,0.69,0.75,0.00,,2661,2600,2094,1.00,1.27,7,100,121,43,0,0,,,,,285.14,285.14,115.10,285.14,0.00,317.14,317.14,147.10,317.14,0.00,511.50,0.56,0.56,0.23,0.56,0.00,0.62,0.62,0.29,0.62,0.00,3301,2600,3481,1.00,0.95,0,50,0,0,0,0,,,,,511.50,377.60,68.70,377.60,0.00,511.50,377.60,68.70,377.60,0.00,511.50,1.00,0.74,0.13,0.74,0.00,1.00,0.74,0.13,0.74,0.00,2365,2600,0.91,3,52,0,0,0,0,,,,,511.50,496.96,158.81,496.96,0.00,511.50,496.96,158.81,496.96,0.00,511.50,1.00,0.97,0.31,0.97,0.00,1.00,0.97,0.31,0.97,0.00,15567.72,18485.45,16987.83,19393.83,18781.13,21187.13,18626.30,21032.30,18626.30,5921.40,13230.40,14956.11,0.00,10921.68,18230.68,19956.39,0.00,13298.98,10736.77,13142.77,358.20,404.47,0.31,0.58,0.63,0.00,0.58,0.83,0.88,0.00,0.56,0.62,1.00,1.00,1.00,1.00,0.61,0.68,0.79,0.79,1.02,1.02,0.70,0.62,0.90,1.00,0.58,0.90,1.00,0.65,0.90,1.00
FIN,246,2004,3486,3486,1.00,917,813,813,1.13,1.00,40,40,0,0,1,,,,,5956.56,13847.86,15654.11,0.00,10986.48,18877.78,20684.03,0.00,,27316.26,0.22,0.51,0.57,0.00,0.40,0.69,0.76,0.00,,2643,2593,2087,1.00,1.27,7,100,121,43,0,0,,,,,288.98,288.98,115.80,288.98,0.00,321.18,321.18,148.00,321.18,0.00,525.31,0.55,0.55,0.22,0.55,0.00,0.61,0.61,0.28,0.61,0.00,3314,2593,3486,1.00,0.95,0,50,0,0,0,0,,,,,525.31,387.15,68.70,387.15,0.00,525.31,387.15,68.70,387.15,0.00,525.31,1.00,0.74,0.13,0.74,0.00,1.00,0.74,0.13,0.74,0.00,2365,2593,0.91,3,52,0,0,0,0,,,,,525.31,510.32,162.10,510.32,0.00,525.31,510.32,162.10,510.32,0.00,525.31,1.00,0.97,0.31,0.97,0.00,1.00,0.97,0.31,0.97,0.00,16126.04,19161.16,17639.90,20165.90,19516.04,22042.04,19351.19,21877.19,19351.19,5956.56,13847.86,15654.11,0.00,10986.48,18877.78,20684.03,0.00,13658.13,11184.54,13710.54,372.14,420.72,0.30,0.58,0.63,0.00,0.56,0.82,0.87,0.00,0.55,0.61,1.00,1.00,1.00,1.00,0.61,0.67,0.79,0.79,1.02,1.02,0.70,0.61,0.90,1.00,0.58,0.90,1.00,0.64,0.90,1.00
FIN,246,2005,3491,3491,1.00,940,831,831,1.13,1.00,50,50,0,0,1,,,,,5978.52,15780.67,17206.68,0.00,11026.92,20829.07,22255.08,0.00,,27870.38,0.21,0.57,0.62,0.00,0.40,0.75,0.80,0.00,,2597,2620,2097,0.99,1.24,7,100,121,43,0,0,,,,,291.77,291.77,116.20,291.77,0.00,324.07,324.07,148.50,324.07,0.00,535.97,0.54,0.54,0.22,0.54,0.00,0.60,0.60,0.28,0.60,0.00,3324,2620,3491,1.00,0.95,0,50,0,0,0,0,,,,,535.97,379.35,91.20,379.35,0.00,535.97,379.35,91.20,379.35,0.00,535.97,1.00,0.71,0.17,0.71,0.00,1.00,0.71,0.17,0.71,0.00,2401,2620,0.92,3,52,0,0,0,0,,,,,535.97,519.07,169.84,519.07,0.00,535.97,519.07,169.84,519.07,0.00,535.97,1.00,0.97,0.32,0.97,0.00,1.00,0.97,0.32,0.97,0.00,16436.91,19474.64,17795.27,20321.27,19935.24,22461.24,19769.76,22295.76,19769.76,5978.52,15780.67,17206.68,0.00,11026.92,20829.07,22255.08,0.00,13935.19,11425.69,13951.69,380.19,428.76,0.30,0.63,0.66,0.00,0.55,0.86,0.90,0.00,0.54,0.60,1.00,1.00,1.00,1.00,0.60,0.66,0.76,0.76,1.02,1.02,0.74,0.60,0.88,1.00,0.57,0.88,1.00,0.63,0.88,1.00
FIN,246,2006,3508,3508,1.00,964,841,841,1.15,1.00,50,50,0,0,1,,,,,6129.60,16205.66,17683.48,0.00,11318.88,21394.94,22872.76,0.00,,28864.28,0.21,0.56,0.61,0.00,0.39,0.74,0.79,0.00,,2620,2648,2129,0.99,1.23,7,100,121,34,0,0,,,,,297.66,297.66,117.50,297.66,0.00,330.36,330.36,150.20,330.36,0.00,555.08,0.54,0.54,0.21,0.54,0.00,0.60,0.60,0.27,0.60,0.00,3343,2648,3508,1.00,0.95,0,50,0,0,0,0,,,,,555.08,410.05,91.20,410.05,0.00,555.08,410.05,91.20,410.05,0.00,555.08,1.00,0.74,0.16,0.74,0.00,1.00,0.74,0.16,0.74,0.00,2443,2648,0.92,3,52,0,0,0,0,,,,,555.08,539.33,175.11,539.33,0.00,555.08,539.33,175.11,539.33,0.00,555.08,1.00,0.97,0.32,0.97,0.00,1.00,0.97,0.32,0.97,0.00,17118.22,20154.17,18870.90,21396.90,20887.12,23413.12,20637.18,23163.18,20637.18,6129.60,16205.66,17683.48,0.00,11318.88,21394.94,22872.76,0.00,14432.14,11889.37,14415.37,396.87,445.45,0.29,0.62,0.66,0.00,0.54,0.86,0.90,0.00,0.54,0.60,1.00,1.00,1.00,1.00,0.60,0.66,0.80,0.80,1.03,1.03,0.74,0.60,0.90,1.00,0.57,0.90,1.00,0.63,0.90,1.00
FIN,246,2007,3507,3507,1.00,978,869,869,1.13,1.00,50,50,0,0,1,,,,,6298.20,16703.90,18257.84,0.00,11639.64,22045.34,23599.28,0.00,,29630.40,0.21,0.56,0.62,0.00,0.39,0.74,0.80,0.00,,2642,2675,2178,0.99,1.21,7,100,121,34,0,0,,,,,303.86,303.86,119.55,303.86,0.00,337.11,337.11,152.80,337.11,0.00,569.82,0.53,0.53,0.21,0.53,0.00,0.59,0.59,0.27,0.59,0.00,3347,2675,3507,1.00,0.95,0,50,0,0,0,0,,,,,569.82,409.28,91.20,409.28,0.00,569.82,409.28,91.20,409.28,0.00,569.82,1.00,0.72,0.16,0.72,0.00,1.00,0.72,0.16,0.72,0.00,2492,2675,0.93,3,52,0,0,0,0,,,,,569.82,552.46,180.70,552.46,0.00,569.82,552.46,180.70,552.46,0.00,569.82,1.00,0.97,0.32,0.97,0.00,1.00,0.97,0.32,0.97,0.00,17766.15,20810.59,19409.87,21935.87,21642.35,24168.35,21406.15,23932.15,21406.15,6298.20,16703.90,18257.84,0.00,11639.64,22045.34,23599.28,0.00,14815.20,12289.13,14815.13,411.66,460.23,0.29,0.63,0.67,0.00,0.54,0.86,0.90,0.00,0.53,0.59,1.00,1.00,1.00,1.00,0.60,0.66,0.78,0.78,1.03,1.03,0.74,0.60,0.89,1.00,0.57,0.89,1.00,0.62,0.89,1.00
FIN,246,2008,3531,3531,1.00,1005,875,875,1.15,1.00,50,50,0,0,1,,,,,6701.52,17244.81,18902.97,0.00,12645.72,23189.01,24847.17,0.00,,30955.59,0.22,0.56,0.61,0.00,0.41,0.75,0.80,0.00,,2669,2703,2207,0.99,1.21,7,100,121,43,0,0,,,,,313.73,313.73,122.55,313.73,0.00,347.83,347.83,156.65,347.83,0.00,595.30,0.53,0.53,0.21,0.53,0.00,0.58,0.58,0.26,0.58,0.00,3359,2703,3531,1.00,0.95,0,50,0,0,0,0,,,,,595.30,415.70,91.20,415.70,0.00,595.30,415.70,91.20,415.70,0.00,595.30,1.00,0.70,0.15,0.70,0.00,1.00,0.70,0.15,0.70,0.00,2531,2703,0.94,3,52,0,0,0,0,,,,,595.30,575.96,180.70,575.96,0.00,595.30,575.96,180.70,575.96,0.00,595.30,1.00,0.97,0.30,0.97,0.00,1.00,0.97,0.30,0.97,0.00,18496.38,21557.17,20095.72,22621.72,22608.95,25134.95,22428.20,24954.20,22428.20,6701.52,17244.81,18902.97,0.00,12645.72,23189.01,24847.17,0.00,15477.80,12869.22,15395.22,431.31,479.89,0.29,0.62,0.66,0.00,0.56,0.86,0.91,0.00,0.53,0.58,1.00,1.00,1.00,1.00,0.59,0.64,0.76,0.76,1.02,1.02,0.74,0.59,0.88,1.00,0.56,0.88,1.00,0.61,0.88,1.00
FIN,246,2009,3543,3543,1.00,1048,892,892,1.18,1.00,50,50,0,0,1,,,,,7009.56,16497.11,18316.05,0.00,13227.00,22714.55,24533.49,0.00,,31999.27,0.22,0.52,0.57,0.00,0.41,0.71,0.77,0.00,,2644,2678,2123,0.99,1.25,7,100,121,34,0,0,,,,,326.64,326.64,128.15,326.64,0.00,362.29,362.29,163.80,362.29,0.00,615.37,0.53,0.53,0.21,0.53,0.00,0.59,0.59,0.27,0.59,0.00,3384,2678,3543,1.00,0.96,0,50,0,0,0,0,,,,,615.37,456.72,120.24,456.72,0.00,615.37,456.72,120.24,456.72,0.00,615.37,1.00,0.74,0.20,0.74,0.00,1.00,0.74,0.20,0.74,0.00,2457,2678,0.92,3,52,0,0,0,0,,,,,615.37,598.13,199.15,598.13,0.00,615.37,598.13,199.15,598.13,0.00,615.37,1.00,0.97,0.32,0.97,0.00,1.00,0.97,0.32,0.97,0.00,19451.95,22545.54,21523.09,24049.09,23774.50,26300.50,23532.08,26058.08,23532.08,7009.56,16497.11,18316.05,0.00,13227.00,22714.55,24533.49,0.00,15999.64,13464.72,15990.72,452.54,501.12,0.29,0.58,0.66,0.00,0.55,0.84,0.92,0.00,0.53,0.59,1.00,1.00,1.00,1.00,0.59,0.65,0.80,0.80,1.02,1.02,0.71,0.59,0.90,1.00,0.56,0.90,1.00,0.62,0.90,1.00
FIN,246,2010,3553,3553,1.00,1093,910,910,1.20,1.00,50,50,0,0,1,,,,,7009.56,18411.63,20290.37,0.00,13227.00,24629.07,26507.81,0.00,,32405.15,0.22,0.57,0.63,0.00,0.41,0.76,0.82,0.00,,2634,2672,2120,0.99,1.24,7,100,121,34,0,0,,,,,350.38,350.38,128.15,350.38,0.00,386.03,386.03,163.80,386.03,0.00,623.18,0.56,0.56,0.21,0.56,0.00,0.62,0.62,0.26,0.62,0.00,3417,2672,3553,1.00,0.96,0,50,0,0,0,0,,,,,623.18,447.01,132.24,447.01,0.00,623.18,447.01,132.24,447.01,0.00,623.18,1.00,0.72,0.21,0.72,0.00,1.00,0.72,0.21,0.72,0.00,2447,2672,0.92,3,52,0,0,0,0,,,,,623.18,604.13,206.92,604.13,0.00,623.18,604.13,206.92,604.13,0.00,623.18,1.00,0.97,0.33,0.97,0.00,1.00,0.97,0.33,0.97,0.00,20103.15,23195.76,21639.00,24165.00,24136.31,26662.31,23852.82,26378.82,23852.82,7009.56,18411.63,20290.37,0.00,13227.00,24629.07,26507.81,0.00,16202.58,13706.29,16232.29,458.71,507.29,0.29,0.63,0.71,0.00,0.55,0.89,0.97,0.00,0.56,0.62,1.00,1.00,1.00,1.00,0.63,0.69,0.78,0.78,1.03,1.03,0.76,0.62,0.89,1.00,0.60,0.89,1.00,0.65,0.89,1.00
FIN,246,2011,3547,3547,1.00,1135,941,941,1.21,1.00,50,50,0,0,1,,,,,8252.88,18813.25,20706.94,0.00,16505.76,27066.13,28959.82,0.00,,33085.66,0.25,0.57,0.63,0.00,0.50,0.82,0.88,0.00,,2637,2682,2143,0.98,1.23,7,100,121,34,0,0,,,,,353.96,353.96,128.70,353.96,0.00,389.76,389.76,164.50,389.76,0.00,636.26,0.56,0.56,0.20,0.56,0.00,0.61,0.61,0.26,0.61,0.00,3442,2682,3547,1.00,0.97,0,50,0,0,0,0,,,,,636.26,456.40,132.78,456.40,0.00,636.26,456.40,132.78,456.40,0.00,636.26,1.00,0.72,0.21,0.72,0.00,1.00,0.72,0.21,0.72,0.00,2474,2682,0.92,3,52,0,0,0,0,,,,,636.26,616.82,210.30,616.82,0.00,636.26,616.82,210.30,616.82,0.00,636.26,1.00,0.97,0.33,0.97,0.00,1.00,0.97,0.33,0.97,0.00,20527.01,23632.98,22157.56,24693.66,24711.24,27247.34,24391.59,26927.69,24391.59,8252.88,18813.25,20706.94,0.00,16505.76,27066.13,28959.82,0.00,16542.83,14008.08,16544.18,469.07,517.84,0.33,0.63,0.71,0.00,0.67,0.96,1.04,0.00,0.56,0.61,1.00,1.00,1.00,1.00,0.63,0.68,0.78,0.78,1.03,1.03,0.80,0.62,0.89,1.00,0.59,0.89,1.00,0.65,0.89,1.00
FIN,246,2012,3533,3533,1.00,1174,980,980,1.20,1.00,50,50,0,0,1,,,,,8564.76,19682.80,21597.43,0.00,17129.52,28247.56,30162.19,0.00,,34057.81,0.25,0.58,0.63,0.00,0.50,0.83,0.89,0.00,,2637,2690,2146,0.98,1.23,7,100,121,34,0,0,,,,,380.97,380.97,156.80,380.97,0.00,418.12,418.12,193.95,418.12,0.00,654.96,0.58,0.58,0.24,0.58,0.00,0.64,0.64,0.30,0.64,0.00,3474,2690,3533,1.00,0.98,0,50,0,0,0,0,,,,,654.96,469.81,137.76,469.81,0.00,654.96,469.81,137.76,469.81,0.00,654.96,1.00,0.72,0.21,0.72,0.00,1.00,0.72,0.21,0.72,0.00,2483,2690,0.92,3,52,0,0,0,0,,,,,654.96,634.95,216.82,634.95,0.00,654.96,634.95,216.82,634.95,0.00,654.96,1.00,0.97,0.33,0.97,0.00,1.00,0.97,0.33,0.97,0.00,21478.52,24700.62,22889.97,25521.81,25513.74,28145.58,25132.90,27764.74,25132.90,8564.76,19682.80,21597.43,0.00,17129.52,28247.56,30162.19,0.00,17028.90,14641.63,17273.47,483.33,533.94,0.34,0.64,0.72,0.00,0.67,0.98,1.05,0.00,0.58,0.64,1.00,1.00,1.00,1.00,0.65,0.71,0.79,0.79,1.04,1.04,0.81,0.64,0.89,1.00,0.62,0.89,1.00,0.67,0.89,1.00
FIN,246,2013,3517,3517,1.00,1210,1018,1018,1.19,1.00,50,50,0,0,1,,,,,8865.84,20309.92,22210.71,0.00,17731.68,29175.76,31076.55,0.00,,34932.75,0.25,0.58,0.64,0.00,0.51,0.84,0.89,0.00,,2622,2676,2127,0.98,1.23,7,100,121,34,0,0,,,,,391.57,391.57,162.30,391.57,0.00,430.02,430.02,200.75,430.02,0.00,671.78,0.58,0.58,0.24,0.58,0.00,0.64,0.64,0.30,0.64,0.00,3495,2676,3517,1.00,0.99,0,50,0,0,0,0,,,,,671.78,481.88,142.62,481.88,0.00,671.78,481.88,142.62,481.88,0.00,671.78,1.00,0.72,0.21,0.72,0.00,1.00,0.72,0.21,0.72,0.00,2457,2676,0.92,3,52,0,0,0,0,,,,,671.78,651.26,223.00,651.26,0.00,671.78,651.26,223.00,651.26,0.00,671.78,1.00,0.97,0.33,0.97,0.00,1.00,0.97,0.33,0.97,0.00,21741.95,24982.50,23171.64,25803.48,25844.58,28476.42,25462.90,28094.74,25462.90,8865.84,20309.92,22210.71,0.00,17731.68,29175.76,31076.55,0.00,17466.38,14849.81,17481.65,489.67,540.28,0.34,0.65,0.72,0.00,0.68,0.99,1.07,0.00,0.58,0.64,1.00,1.00,1.00,1.00,0.65,0.71,0.78,0.78,1.04,1.04,0.82,0.64,0.89,1.00,0.62,0.89,1.00,0.67,0.89,1.00
FIN,246,2014,3500,3500,1.00,1238,1057,1057,1.17,1.00,50,50,0,0,1,,,,,8920.56,20560.00,22428.06,0.00,17841.12,29480.56,31348.62,0.00,,35451.23,0.25,0.58,0.63,0.00,0.50,0.83,0.88,0.00,,2617,2679,2105,0.98,1.24,5,100,121,34,0,0,,,,,396.60,396.60,163.30,396.60,0.00,435.30,435.30,202.00,435.30,0.00,681.75,0.58,0.58,0.24,0.58,0.00,0.64,0.64,0.30,0.64,0.00,3502,2679,3500,1.00,1.00,0,50,0,0,0,0,,,,,681.75,489.03,143.52,489.03,0.00,681.75,489.03,143.52,489.03,0.00,681.75,1.00,0.72,0.21,0.72,0.00,1.00,0.72,0.21,0.72,0.00,2447,2679,0.91,3,52,0,0,0,0,,,,,681.75,660.92,226.76,660.92,0.00,681.75,660.92,226.76,660.92,0.00,681.75,1.00,0.97,0.33,0.97,0.00,1.00,0.97,0.33,0.97,0.00,21931.03,25171.54,23384.66,26016.50,26073.40,28705.24,25644.45,28276.29,25644.45,8920.56,20560.00,22428.06,0.00,17841.12,29480.56,31348.62,0.00,17725.62,15003.14,17634.98,493.16,543.77,0.34,0.65,0.72,0.00,0.68,0.99,1.07,0.00,0.58,0.64,1.00,1.00,1.00,1.00,0.65,0.71,0.79,0.79,1.04,1.04,0.82,0.64,0.89,1.00,0.62,0.89,1.00,0.67,0.89,1.00
FIN,246,2015,3484,3484,1.00,1270,1091,1091,1.16,1.00,50,50,0,0,1,,,,,8958.84,20714.10,22557.96,0.00,17917.68,29672.94,31516.80,0.00,,35872.50,0.25,0.58,0.63,0.00,0.50,0.83,0.88,0.00,,2619,2689,2090,0.97,1.25,5,100,121,26,0,0,,,,,400.64,400.64,164.00,400.64,0.00,439.34,439.34,202.70,439.34,0.00,689.86,0.58,0.58,0.24,0.58,0.00,0.64,0.64,0.29,0.64,0.00,3496,2689,3484,1.00,1.00,0,50,0,0,0,0,,,,,689.86,494.84,144.12,494.84,0.00,689.86,494.84,144.12,494.84,0.00,689.86,1.00,0.72,0.21,0.72,0.00,1.00,0.72,0.21,0.72,0.00,2437,2689,0.91,3,52,0,0,0,0,,,,,689.86,668.78,228.82,668.78,0.00,689.86,668.78,228.82,668.78,0.00,689.86,1.00,0.97,0.33,0.97,0.00,1.00,0.97,0.33,0.97,0.00,22194.17,25326.11,23687.17,26205.77,26423.39,28941.99,25864.50,28383.10,25864.50,8958.84,20714.10,22557.96,0.00,17917.68,29672.94,31516.80,0.00,17936.25,15148.00,17666.60,497.39,545.83,0.34,0.65,0.72,0.00,0.68,0.99,1.06,0.00,0.58,0.64,1.00,1.00,1.00,1.00,0.66,0.71,0.80,0.80,1.05,1.05,0.82,0.65,0.90,1.00,0.62,0.90,1.00,0.68,0.90,1.00
FIN,246,2016,3468,3468,1.00,1300,1123,1123,1.16,1.00,50,50,0,0,1,,,,,9202.20,20802.11,22636.00,0.00,18404.40,30004.31,31838.20,0.00,,36105.73,0.25,0.58,0.63,0.00,0.51,0.83,0.88,0.00,,2615,2685,2105,0.97,1.24,5,100,121,26,0,0,,,,,402.32,402.32,163.40,402.32,0.00,441.02,441.02,202.10,441.02,0.00,694.34,0.58,0.58,0.24,0.58,0.00,0.64,0.64,0.29,0.64,0.00,3484,2685,3468,1.00,1.00,0,50,0,0,0,0,,,,,694.34,480.08,143.58,480.08,0.00,694.34,480.08,143.58,480.08,0.00,694.34,1.00,0.69,0.21,0.69,0.00,1.00,0.69,0.21,0.69,0.00,2448,2685,0.91,3,52,0,0,0,0,,,,,694.34,671.29,250.95,671.29,0.00,694.34,671.29,250.95,671.29,0.00,694.34,1.00,0.97,0.36,0.97,0.00,1.00,0.97,0.36,0.97,0.00,22445.65,25571.77,23666.36,26184.96,26640.39,29158.99,26144.27,28661.82,26144.27,9202.20,20802.11,22636.00,0.00,18404.40,30004.31,31838.20,0.00,18052.87,15400.36,17918.96,502.77,551.19,0.35,0.65,0.72,0.00,0.69,0.99,1.06,0.00,0.58,0.64,1.00,1.00,1.00,1.00,0.66,0.71,0.77,0.77,1.05,1.05,0.82,0.65,0.88,1.00,0.62,0.88,1.00,0.67,0.88,1.00
FIN,246,2017,3459,3459,1.00,1340,1150,1150,1.17,1.00,50,50,0,0,1,,,,,9123.12,21026.49,22880.12,0.00,18246.24,30149.61,32003.24,0.00,,36195.43,0.25,0.58,0.63,0.00,0.50,0.83,0.88,0.00,,2635,2707,2147,0.97,1.23,5,100,121,26,0,0,,,,,402.33,402.33,162.00,402.33,0.00,440.73,440.73,200.40,440.73,0.00,696.07,0.58,0.58,0.23,0.58,0.00,0.63,0.63,0.29,0.63,0.00,3475,2707,3459,1.00,1.00,0,50,0,0,0,0,,,,,696.07,461.75,142.38,461.75,0.00,696.07,461.75,142.38,461.75,0.00,696.07,1.00,0.66,0.20,0.66,0.00,1.00,0.66,0.20,0.66,0.00,2473,2707,0.91,3,52,0,0,0,0,,,,,696.07,670.97,253.56,670.97,0.00,696.07,670.97,253.56,670.97,0.00,696.07,1.00,0.96,0.36,0.96,0.00,1.00,0.96,0.36,0.96,0.00,22856.94,25969.53,23810.04,26306.68,27138.91,29635.55,26474.83,28969.52,26474.83,9123.12,21026.49,22880.12,0.00,18246.24,30149.61,32003.24,0.00,18097.72,15546.54,18043.18,509.13,557.11,0.34,0.64,0.71,0.00,0.67,0.98,1.05,0.00,0.58,0.63,1.00,1.00,1.00,1.00,0.67,0.73,0.76,0.76,1.06,1.06,0.81,0.65,0.88,1.00,0.62,0.88,1.00,0.68,0.88,1.00
FIN,246,2018,3443,3443,1.00,1365,1179,1179,1.16,1.00,50,50,0,0,1,,,,,9303.24,21274.02,23128.10,0.00,18606.48,30577.26,32431.34,0.00,,36832.33,0.25,0.58,0.63,0.00,0.51,0.83,0.88,0.00,,2665,2742,2204,0.97,1.21,5,80,121,26,0,0,,,,,407.84,407.84,162.00,407.84,0.00,446.24,446.24,200.40,446.24,0.00,708.31,0.58,0.58,0.23,0.58,0.00,0.63,0.63,0.28,0.63,0.00,3461,2742,3443,1.00,1.00,0,50,0,0,0,0,,,,,708.31,465.17,147.84,465.17,0.00,708.31,465.17,147.84,465.17,0.00,708.31,1.00,0.66,0.21,0.66,0.00,1.00,0.66,0.21,0.66,0.00,2540,2742,0.93,3,52,0,0,0,0,,,,,708.31,682.29,254.73,682.29,0.00,708.31,682.29,254.73,682.29,0.00,708.31,1.00,0.96,0.36,0.96,0.00,1.00,0.96,0.36,0.96,0.00,23270.04,26285.65,24194.11,26590.75,27654.23,30050.87,26929.80,29326.44,26929.80,9303.24,21274.02,23128.10,0.00,18606.48,30577.26,32431.34,0.00,18416.17,15861.90,18258.54,517.88,563.97,0.33,0.64,0.71,0.00,0.67,0.98,1.05,0.00,0.58,0.63,1.00,1.00,1.00,1.00,0.67,0.73,0.75,0.75,1.07,1.07,0.81,0.65,0.88,1.00,0.62,0.88,1.00,0.68,0.88,1.00
FIN,246,2019,3431,3431,1.00,1384,1205,1205,1.15,1.00,50,50,0,0,1,,,,,9414.24,21671.98,23548.38,0.00,18828.48,31086.22,32962.62,0.00,,37442.31,0.25,0.58,0.63,0.00,0.50,0.83,0.88,0.00,,2669,2750,2220,0.97,1.20,5,80,121,26,0,0,,,,,410.69,410.69,162.00,410.69,0.00,449.09,449.09,200.40,449.09,0.00,720.04,0.57,0.57,0.22,0.57,0.00,0.62,0.62,0.28,0.62,0.00,3449,2750,3431,1.00,1.00,0,50,0,0,0,0,,,,,720.04,473.24,167.16,473.24,0.00,720.04,473.24,167.16,473.24,0.00,720.04,1.00,0.66,0.23,0.66,0.00,1.00,0.66,0.23,0.66,0.00,2566,2750,0.93,3,52,0,0,0,0,,,,,720.04,693.63,261.98,693.63,0.00,720.04,693.63,261.98,693.63,0.00,720.04,1.00,0.96,0.36,0.96,0.00,1.00,0.96,0.36,0.96,0.00,23673.00,26688.40,24680.90,27077.54,28180.54,30577.18,27442.09,29838.73,27442.09,9414.24,21671.98,23548.38,0.00,18828.48,31086.22,32962.62,0.00,18721.15,16196.12,18592.76,527.73,573.82,0.33,0.64,0.70,0.00,0.67,0.98,1.04,0.00,0.57,0.62,1.00,1.00,1.00,1.00,0.66,0.72,0.75,0.75,1.07,1.07,0.81,0.64,0.88,1.00,0.62,0.88,1.00,0.67,0.88,1.00
FIN,246,2020,3357,3357,1.00,1397,1231,1231,1.13,1.00,50,50,0,0,1,,,,,10014.24,22019.44,23925.76,0.00,20028.48,32033.68,33940.00,0.00,,38052.30,0.26,0.58,0.63,0.00,0.53,0.84,0.89,0.00,,2662,2741,2189,0.97,1.22,5,80,121,26,0,0,,,,,421.86,421.86,168.30,421.86,0.00,460.26,460.26,206.70,460.26,0.00,731.78,0.58,0.58,0.23,0.58,0.00,0.63,0.63,0.28,0.63,0.00,3379,2741,3357,1.00,1.00,0,50,0,0,0,0,,,,,731.78,482.42,173.64,482.42,0.00,731.78,482.42,173.64,482.42,0.00,731.78,1.00,0.66,0.24,0.66,0.00,1.00,0.66,0.24,0.66,0.00,2528,2741,0.92,3,52,0,0,0,0,,,,,731.78,705.08,267.75,705.08,0.00,731.78,705.08,267.75,705.08,0.00,731.78,1.00,0.96,0.37,0.96,0.00,1.00,0.96,0.37,0.96,0.00,24119.55,27126.91,25082.69,27479.33,28557.54,30954.18,27837.43,30234.07,27837.43,10014.24,22019.44,23925.76,0.00,20028.48,32033.68,33940.00,0.00,19026.15,16534.94,18931.58,535.34,581.42,0.35,0.70,0.76,0.00,0.70,1.06,1.11,0.00,0.58,0.63,1.00,1.00,1.00,1.00,0.67,0.73,0.76,0.76,1.06,1.06,0.88,0.65,0.88,1.00,0.62,0.88,1.00,0.68,0.88,1.00
FIN,246,2021,3417,3417,1.00,1407,1179,1179,1.19,1.00,50,50,0,0,1,,,,,10051.08,22316.05,24251.54,0.00,20102.16,32367.13,34302.62,0.00,,40000.00,0.25,0.56,0.61,0.00,0.50,0.81,0.86,0.00,,2679,2785,2193,0.96,1.22,5,80,121,26,0,0,,,,,422.19,422.19,168.90,422.19,0.00,461.09,461.09,207.80,461.09,0.00,769.23,0.55,0.55,0.22,0.55,0.00,0.60,0.60,0.27,0.60,0.00,3442,2785,3417,1.00,1.00,0,50,0,0,0,0,,,,,731.78,486.40,174.30,486.40,0.00,731.78,486.40,174.30,486.40,0.00,769.23,0.95,0.63,0.23,0.63,0.00,0.95,0.63,0.23,0.63,0.00,2573,2785,0.92,3,52,0,0,0,0,,,,,731.78,705.49,271.14,705.49,0.00,731.78,705.49,271.14,705.49,0.00,769.23,0.95,0.92,0.35,0.92,0.00,0.95,0.92,0.35,0.92,0.00,24787.63,27802.42,25807.90,28204.54,29202.57,31599.21,28954.37,31351.01,28954.37,10051.08,22316.05,24251.54,0.00,20102.16,32367.13,34302.62,0.00,20000.00,17201.83,19598.47,556.81,602.90,0.34,0.68,0.73,0.00,0.68,1.02,1.07,0.00,0.55,0.60,0.95,0.95,0.95,0.95,0.65,0.70,0.73,0.73,1.02,1.02,0.85,0.62,0.84,0.99,0.60,0.84,0.99,0.65,0.84,0.99
FIN,246,2022,3417,3417,1.00,1439,1205,1205,1.19,1.00,50,50,0,0,1,,,,,10627.56,23048.63,25059.17,0.00,21255.12,33676.19,35686.73,0.00,,43000.00,0.25,0.54,0.58,0.00,0.49,0.78,0.83,0.00,,2714,2830,2265,0.96,1.20,5,80,121,26,0,0,,,,,441.03,441.03,172.50,441.03,0.00,480.78,480.78,212.25,480.78,0.00,826.92,0.53,0.53,0.21,0.53,0.00,0.58,0.58,0.26,0.58,0.00,3449,2830,3417,1.00,1.00,0,50,0,0,0,0,,,,,769.23,503.17,178.02,503.17,0.00,769.23,503.17,178.02,503.17,0.00,826.92,0.93,0.61,0.22,0.61,0.00,0.93,0.61,0.22,0.61,0.00,2640,2830,0.93,3,52,0,0,0,0,,,,,769.23,740.77,277.64,740.77,0.00,769.23,740.77,277.64,740.77,0.00,826.92,0.93,0.90,0.34,0.90,0.00,0.93,0.90,0.34,0.90,0.00,26181.91,29207.04,27155.82,29552.46,30820.63,33217.27,30834.78,33231.42,30834.78,10627.56,23048.63,25059.17,0.00,21255.12,33676.19,35686.73,0.00,21500.00,18326.69,20723.33,592.98,639.07,0.33,0.66,0.71,0.00,0.67,1.00,1.05,0.00,0.53,0.58,0.93,0.93,0.93,0.93,0.63,0.68,0.71,0.71,1.00,1.00,0.83,0.61,0.82,0.96,0.58,0.82,0.96,0.63,0.82,0.96
FIN,246,2023,3429,3429,1.00,1443,1296,1296,1.11,1.00,50,50,0,0,1,,,,,11069.04,24860.67,27053.92,0.00,22138.08,35929.71,38122.96,0.00,,46000.00,0.24,0.54,0.59,0.00,0.48,0.78,0.83,0.00,,2732,2852,2292,0.96,1.19,5,80,121,26,0,0,,,,,471.65,471.65,186.05,471.65,0.00,523.10,523.10,237.50,523.10,0.00,884.62,0.53,0.53,0.21,0.53,0.00,0.59,0.59,0.27,0.59,0.00,3469,2852,3429,1.00,1.00,0,50,0,0,0,0,,,,,826.92,611.73,191.94,611.73,0.00,826.92,611.73,191.94,611.73,0.00,884.62,0.93,0.69,0.22,0.69,0.00,0.93,0.69,0.22,0.69,0.00,2648,2852,0.93,3,52,0,0,0,0,,,,,826.92,803.55,289.32,803.55,0.00,826.92,803.55,289.32,803.55,0.00,884.62,0.93,0.91,0.33,0.91,0.00,0.93,0.91,0.33,0.91,0.00,27077.61,30268.59,29240.29,31636.93,32201.82,34598.46,32858.45,35255.09,32858.45,11069.04,24860.67,27053.92,0.00,22138.08,35929.71,38122.96,0.00,23000.00,18822.47,21219.11,631.89,677.98,0.33,0.71,0.77,0.00,0.66,1.04,1.10,0.00,0.53,0.59,0.93,0.93,0.93,0.93,0.59,0.64,0.74,0.74,0.95,0.95,0.88,0.59,0.84,0.94,0.56,0.84,0.94,0.62,0.84,0.94
FRA,250,2000,22925,39499,0.58,9900,9640,12345,1.03,0.80,50,38,0,1,0,,,,,39613.13,55419.02,62148.48,88200.00,43613.13,59419.02,66148.48,92200.00,,125062.14,0.32,0.44,0.50,0.71,0.35,0.48,0.53,0.74,,16403,26763,24629,0.61,0.67,8,39,35,17,0,0,,,,,1394.29,1398.13,1052.46,1398.13,10176.92,1394.29,1398.13,1052.46,1398.13,10176.92,2405.04,0.58,0.58,0.44,0.58,4.23,0.58,0.58,0.44,0.58,4.23,24629,26763,39499,0.92,0.62,3,52,13,5,0,0,,,,,1199.23,1202.52,0.00,1202.52,1719.71,1199.23,1202.52,0.00,1202.52,1719.71,2405.04,0.50,0.50,0.00,0.50,0.72,0.50,0.50,0.00,0.50,0.72,24629,26763,0.92,0,520,0,0,0,0,,,,,1439.07,1850.23,0.00,1850.23,7940.71,1439.07,1850.23,0.00,1850.23,7940.71,2405.04,0.60,0.77,0.00,0.77,3.30,0.60,0.77,0.00,0.77,3.30,81316.38,93492.59,77822.83,89309.59,91119.90,108717.20,92306.55,107071.54,98146.16,39613.13,55419.02,62148.48,88200.00,43613.13,59419.02,66148.48,92200.00,62531.07,49393.29,57678.25,1775.13,2059.07,0.41,0.57,0.64,0.87,0.42,0.58,0.64,0.89,0.58,0.58,0.50,0.50,0.81,0.70,0.74,0.73,0.66,0.64,0.97,1.03,0.57,0.66,0.58,0.88,0.66,0.58,0.89,0.65,0.57,0.87
FRA,250,2001,23237,39756,0.58,10074,9777,12444,1.03,0.81,50,38,0,1,0,,,,,40484.61,56481.16,63743.03,89700.00,44484.61,60481.16,67743.03,93700.00,,131420.85,0.31,0.43,0.49,0.68,0.34,0.46,0.52,0.71,,16716,27050,25099,0.62,0.67,7,39,78,17,0,0,,,,,1457.35,1461.36,1073.52,1461.36,10350.00,1457.35,1461.36,1073.52,1461.36,10350.00,2527.32,0.58,0.58,0.42,0.58,4.10,0.58,0.58,0.42,0.58,4.10,25099,27050,39756,0.93,0.63,3,52,13,5,0,0,,,,,1260.20,1263.66,0.00,1263.66,1748.96,1260.20,1263.66,0.00,1263.66,1748.96,2527.32,0.50,0.50,0.00,0.50,0.69,0.50,0.50,0.00,0.50,0.69,25099,27050,0.93,0,520,0,0,0,0,,,,,1512.24,1944.31,0.00,1944.31,8079.47,1512.24,1944.31,0.00,1944.31,8079.47,2527.32,0.60,0.77,0.00,0.77,3.20,0.60,0.77,0.00,0.77,3.20,84912.77,97889.02,81328.52,93657.23,95331.41,114025.33,96711.41,112453.70,102907.99,40484.61,56481.16,63743.03,89700.00,44484.61,60481.16,67743.03,93700.00,65710.43,52009.80,60443.90,1859.83,2162.57,0.40,0.56,0.63,0.84,0.41,0.56,0.63,0.87,0.58,0.58,0.50,0.50,0.81,0.70,0.74,0.72,0.66,0.64,0.97,1.03,0.56,0.65,0.57,0.88,0.66,0.58,0.89,0.65,0.57,0.86
FRA,250,2002,23549,40036,0.59,10246,9911,12520,1.03,0.82,50,38,0,1,0,,,,,6307.62,8819.32,10079.22,14112.00,6917.42,9429.12,10689.02,14721.80,,20748.27,0.30,0.43,0.49,0.68,0.33,0.45,0.52,0.71,,16843,27300,25290,0.62,0.67,7,130,78,17,0,0,,,,,228.94,229.57,167.62,229.57,1628.31,228.94,229.57,167.62,229.57,1628.31,399.01,0.57,0.58,0.42,0.58,4.08,0.57,0.58,0.42,0.58,4.08,25290,27300,40036,0.93,0.63,3,52,13,5,0,0,,,,,198.96,199.50,0.00,199.50,275.15,198.96,199.50,0.00,199.50,275.15,399.01,0.50,0.50,0.00,0.50,0.69,0.50,0.50,0.00,0.50,0.69,25290,27300,0.93,0,520,0,0,0,0,,,,,238.75,306.96,0.00,306.96,1271.09,238.75,306.96,0.00,306.96,1271.09,399.01,0.60,0.77,0.00,0.77,3.19,0.60,0.77,0.00,0.77,3.19,13455.28,15411.03,12954.37,14767.52,15113.21,17983.16,15315.01,17844.04,16469.26,6307.62,8819.32,10079.22,14112.00,6917.42,9429.12,10689.02,14721.80,10374.14,8584.99,10037.77,294.52,343.15,0.39,0.55,0.63,0.84,0.40,0.54,0.62,0.85,0.57,0.57,0.50,0.50,0.81,0.70,0.72,0.69,0.65,0.61,0.97,1.02,0.55,0.64,0.56,0.87,0.65,0.57,0.89,0.63,0.55,0.86
FRA,250,2003,23862,40334,0.59,10411,10028,12645,1.04,0.82,50,38,0,1,0,,,,,6402.23,9045.00,10337.14,14592.00,7012.03,9654.80,10946.94,15201.80,,21335.68,0.30,0.42,0.48,0.68,0.33,0.45,0.51,0.71,,16453,26882,24705,0.61,0.67,7,100,95,17,0,0,,,,,234.89,235.53,170.15,235.53,1683.69,234.89,235.53,170.15,235.53,1683.69,410.30,0.57,0.57,0.41,0.57,4.10,0.57,0.57,0.41,0.57,4.10,24705,26882,40334,0.92,0.61,3,52,13,5,0,0,,,,,204.59,205.15,0.00,205.15,284.51,204.59,205.15,0.00,205.15,284.51,410.30,0.50,0.50,0.00,0.50,0.69,0.50,0.50,0.00,0.50,0.69,24705,26882,0.92,0,520,0,0,0,0,,,,,245.51,315.65,0.00,315.65,1314.29,245.51,315.65,0.00,315.65,1314.29,410.30,0.60,0.77,0.00,0.77,3.20,0.60,0.77,0.00,0.77,3.20,13501.54,15858.47,12975.99,15209.50,15566.31,18525.52,15680.82,18191.85,16859.52,6402.23,9045.00,10337.14,14592.00,7012.03,9654.80,10946.94,15201.80,10667.84,8789.06,10200.40,301.55,349.84,0.39,0.55,0.61,0.81,0.40,0.54,0.62,0.85,0.57,0.57,0.50,0.50,0.81,0.70,0.68,0.71,0.61,0.63,0.98,1.04,0.55,0.63,0.56,0.89,0.63,0.55,0.90,0.64,0.56,0.87
FRA,250,2004,24174,40644,0.59,10747,10158,12789,1.06,0.84,50,40,0,1,0,,,,,6706.39,9160.24,10468.84,14856.00,7316.19,9770.04,11078.64,15465.80,,21923.09,0.31,0.42,0.48,0.68,0.33,0.45,0.51,0.71,,16522,27103,24808,0.61,0.67,7,100,95,17,0,0,,,,,241.33,242.00,173.80,242.00,1714.15,241.33,242.00,173.80,242.00,1714.15,421.60,0.57,0.57,0.41,0.57,4.07,0.57,0.57,0.41,0.57,4.07,24808,27103,40644,0.92,0.61,3,52,13,5,0,0,,,,,210.22,210.80,0.00,210.80,289.66,210.22,210.80,0.00,210.80,289.66,421.60,0.50,0.50,0.00,0.50,0.69,0.50,0.50,0.00,0.50,0.69,24808,27103,0.92,0,520,0,0,0,0,,,,,252.27,324.34,0.00,324.34,1338.05,252.27,324.34,0.00,324.34,1338.05,421.60,0.60,0.77,0.00,0.77,3.17,0.60,0.77,0.00,0.77,3.17,13792.83,16279.88,13261.73,15613.48,16016.05,19020.79,16134.32,18678.29,17322.39,6706.39,9160.24,10468.84,14856.00,7316.19,9770.04,11078.64,15465.80,10961.55,9048.92,10484.82,310.28,359.20,0.40,0.53,0.58,0.79,0.40,0.54,0.61,0.83,0.57,0.57,0.50,0.50,0.81,0.70,0.67,0.71,0.59,0.63,0.98,1.04,0.53,0.63,0.55,0.89,0.62,0.55,0.90,0.64,0.56,0.87
FRA,250,2005,24486,40968,0.60,11062,10284,12985,1.08,0.85,50,40,0,1,0,,,,,6840.51,9251.56,10573.22,15096.00,7450.31,9861.36,11183.02,15705.80,,22531.48,0.30,0.41,0.47,0.67,0.33,0.44,0.50,0.70,,16639,27303,24984,0.61,0.67,7,100,95,17,0,0,,,,,248.03,248.71,175.55,248.71,1741.85,248.03,248.71,175.55,248.71,1741.85,433.30,0.57,0.57,0.41,0.57,4.02,0.57,0.57,0.41,0.57,4.02,24984,27303,40968,0.92,0.61,3,52,13,5,0,0,,,,,216.06,216.65,0.00,216.65,294.34,216.06,216.65,0.00,216.65,294.34,433.30,0.50,0.50,0.00,0.50,0.68,0.50,0.50,0.00,0.50,0.68,24984,27303,0.92,0,520,0,0,0,0,,,,,259.27,333.34,0.00,333.34,1359.72,259.27,333.34,0.00,333.34,1359.72,433.30,0.60,0.77,0.00,0.77,3.14,0.60,0.77,0.00,0.77,3.14,14145.76,16705.38,13600.66,16021.34,16422.67,19528.95,16534.94,19152.03,17700.03,6840.51,9251.56,10573.22,15096.00,7450.31,9861.36,11183.02,15705.80,11265.74,9281.49,10748.76,317.98,368.31,0.39,0.52,0.58,0.78,0.40,0.53,0.60,0.83,0.57,0.57,0.50,0.50,0.82,0.70,0.67,0.71,0.60,0.63,0.98,1.04,0.53,0.63,0.56,0.89,0.62,0.55,0.90,0.64,0.56,0.87
FRA,250,2006,24641,41288,0.60,11449,10358,13171,1.11,0.87,50,40,0,1,0,,,,,7172.54,9324.72,10656.82,15804.00,7782.34,9934.52,11266.62,16413.80,,23151.62,0.31,0.40,0.46,0.68,0.34,0.43,0.49,0.71,,16750,27471,25150,0.61,0.67,7,100,95,17,0,0,,,,,254.86,255.56,178.99,255.56,1823.54,254.86,255.56,178.99,255.56,1823.54,445.22,0.57,0.57,0.40,0.57,4.10,0.57,0.57,0.40,0.57,4.10,25150,27471,41288,0.92,0.61,3,52,13,6,0,0,,,,,222.00,222.61,0.00,222.61,308.14,222.00,222.61,0.00,222.61,308.14,445.22,0.50,0.50,0.00,0.50,0.69,0.50,0.50,0.00,0.50,0.69,25150,27471,0.92,0,520,0,0,0,0,,,,,266.40,342.52,0.00,342.52,1399.14,266.40,342.52,0.00,342.52,1399.14,445.22,0.60,0.77,0.00,0.77,3.14,0.60,0.77,0.00,0.77,3.14,14522.23,17151.28,13962.12,16448.40,16848.77,20052.56,16977.17,19629.42,18214.93,7172.54,9324.72,10656.82,15804.00,7782.34,9934.52,11266.62,16413.80,11575.81,9668.95,11161.94,326.48,377.49,0.40,0.52,0.57,0.79,0.41,0.52,0.59,0.84,0.57,0.57,0.50,0.50,0.82,0.71,0.66,0.71,0.59,0.62,0.98,1.05,0.52,0.63,0.55,0.89,0.62,0.54,0.90,0.64,0.56,0.88
FRA,250,2007,24999,41547,0.60,11853,10432,13511,1.14,0.88,50,40,0,1,0,,,,,7301.64,9388.18,10729.34,16092.00,7911.44,9997.98,11339.14,16701.80,,23813.09,0.31,0.39,0.45,0.68,0.33,0.42,0.48,0.70,,17041,27708,25587,0.62,0.67,7,100,95,17,0,0,,,,,262.14,262.86,179.06,262.86,1856.77,262.14,262.86,179.06,262.86,1856.77,457.94,0.57,0.57,0.39,0.57,4.05,0.57,0.57,0.39,0.57,4.05,25587,27708,41547,0.92,0.62,3,52,13,6,0,0,,,,,228.34,228.97,0.00,228.97,313.76,228.34,228.97,0.00,228.97,313.76,457.94,0.50,0.50,0.00,0.50,0.69,0.50,0.50,0.00,0.50,0.69,25587,27708,0.92,0,520,0,0,0,0,,,,,274.01,352.30,0.00,352.30,1449.36,274.01,352.30,0.00,352.30,1449.36,457.94,0.60,0.77,0.00,0.77,3.16,0.60,0.77,0.00,0.77,3.16,15250.02,17559.48,14663.38,16836.53,17825.63,20543.66,17543.26,20238.05,18708.74,7301.64,9388.18,10729.34,16092.00,7911.44,9997.98,11339.14,16701.80,11906.55,10110.07,11693.51,337.37,389.19,0.40,0.51,0.58,0.82,0.40,0.51,0.58,0.85,0.57,0.57,0.50,0.50,0.81,0.70,0.69,0.69,0.61,0.60,1.04,1.04,0.51,0.63,0.55,0.90,0.63,0.56,0.93,0.63,0.55,0.87
FRA,250,2008,25758,41716,0.62,12240,10544,13888,1.16,0.88,50,40,0,1,0,,,,,7603.41,9578.77,10947.17,16638.00,8213.21,10188.57,11556.97,17247.80,,24557.25,0.31,0.39,0.45,0.68,0.33,0.41,0.47,0.70,,17267,27897,25926,0.62,0.67,7,100,95,17,0,0,,,,,270.33,271.07,182.57,271.07,1919.77,270.33,271.07,182.57,271.07,1919.77,472.25,0.57,0.57,0.39,0.57,4.07,0.57,0.57,0.39,0.57,4.07,25926,27897,41716,0.93,0.62,3,52,13,6,0,0,,,,,235.48,236.13,0.00,236.13,324.41,235.48,236.13,0.00,236.13,324.41,472.25,0.50,0.50,0.00,0.50,0.69,0.50,0.50,0.00,0.50,0.69,25926,27897,0.93,0,520,0,0,0,0,,,,,282.58,363.31,0.00,363.31,1498.57,282.58,363.31,0.00,363.31,1498.57,472.25,0.60,0.77,0.00,0.77,3.17,0.60,0.77,0.00,0.77,3.17,15695.17,18067.87,15071.75,17322.77,18354.35,21148.82,18047.05,20813.99,19244.25,7603.41,9578.77,10947.17,16638.00,8213.21,10188.57,11556.97,17247.80,12278.62,10412.79,12011.51,347.06,400.27,0.40,0.50,0.58,0.82,0.41,0.50,0.57,0.85,0.57,0.57,0.50,0.50,0.81,0.71,0.69,0.69,0.61,0.60,1.04,1.04,0.50,0.63,0.55,0.90,0.63,0.55,0.93,0.63,0.55,0.87
FRA,250,2009,25442,41831,0.61,12555,10670,14261,1.18,0.88,50,40,0,1,0,,,,,7664.23,9637.55,11289.70,17154.00,8274.03,10247.35,11899.50,17763.80,,25083.32,0.31,0.38,0.45,0.68,0.33,0.41,0.47,0.71,,17099,28132,25674,0.61,0.67,7,105,95,17,0,0,,,,,276.12,276.88,187.13,276.88,1979.31,276.12,276.88,187.13,276.88,1979.31,482.37,0.57,0.57,0.39,0.57,4.10,0.57,0.57,0.39,0.57,4.10,25674,28132,41831,0.91,0.61,3,52,13,6,0,0,,,,,240.52,241.19,0.00,241.19,334.47,240.52,241.19,0.00,241.19,334.47,482.37,0.50,0.50,0.00,0.50,0.69,0.50,0.50,0.00,0.50,0.69,25674,28132,0.91,0,520,0,0,0,0,,,,,288.63,371.10,0.00,371.10,1545.01,288.63,371.10,0.00,371.10,1545.01,482.37,0.60,0.77,0.00,0.77,3.20,0.60,0.77,0.00,0.77,3.20,16041.08,18467.45,15412.17,17706.39,18757.23,21614.40,18443.34,21270.49,19664.87,7664.23,9637.55,11289.70,17154.00,8274.03,10247.35,11899.50,17763.80,12541.66,10635.85,12277.91,354.68,409.05,0.39,0.50,0.58,0.83,0.40,0.50,0.58,0.86,0.57,0.57,0.50,0.50,0.81,0.71,0.69,0.69,0.61,0.60,1.04,1.04,0.50,0.63,0.55,0.90,0.63,0.56,0.93,0.63,0.55,0.87
FRA,250,2010,25676,41943,0.61,12885,10800,14616,1.19,0.88,50,40,0,1,0,,,,,7740.87,9842.05,11529.26,17310.00,8350.67,10451.85,12139.06,17919.80,,25489.71,0.30,0.39,0.45,0.68,0.33,0.41,0.48,0.70,,17137,28236,25731,0.61,0.67,7,104,121,17,0,0,,,,,280.60,281.37,189.03,281.37,1997.31,280.60,281.37,189.03,281.37,1997.31,490.19,0.57,0.57,0.39,0.57,4.07,0.57,0.57,0.39,0.57,4.07,25731,28236,41943,0.91,0.61,3,52,13,6,0,0,,,,,244.42,245.09,0.00,245.09,337.51,244.42,245.09,0.00,245.09,337.51,490.19,0.50,0.50,0.00,0.50,0.69,0.50,0.50,0.00,0.50,0.69,25731,28236,0.91,0,520,0,0,0,0,,,,,293.31,377.11,0.00,377.11,1559.08,293.31,377.11,0.00,377.11,1559.08,490.19,0.60,0.77,0.00,0.77,3.18,0.60,0.77,0.00,0.77,3.18,16284.94,18742.31,15632.84,17968.93,19045.09,21940.26,18726.13,21589.67,19965.30,7740.87,9842.05,11529.26,17310.00,8350.67,10451.85,12139.06,17919.80,12744.85,10808.17,12450.23,360.12,415.19,0.39,0.50,0.59,0.83,0.40,0.50,0.58,0.85,0.57,0.57,0.50,0.50,0.81,0.71,0.69,0.69,0.61,0.60,1.04,1.04,0.50,0.63,0.55,0.90,0.63,0.55,0.93,0.63,0.55,0.87
FRA,250,2011,25946,41970,0.62,13102,11025,14985,1.19,0.87,50,40,0,1,0,,,,,7810.49,10292.31,11762.64,17676.00,7810.49,10292.31,11762.64,17676.00,,26101.46,0.30,0.39,0.45,0.68,0.30,0.39,0.45,0.68,,17155,28248,25759,0.61,0.67,7,104,121,17,0,0,,,,,287.33,288.12,189.52,288.12,2039.54,287.33,288.12,189.52,288.12,2039.54,501.95,0.57,0.57,0.38,0.57,4.06,0.57,0.57,0.38,0.57,4.06,25759,28248,41970,0.91,0.61,3,52,13,6,0,0,,,,,250.29,250.98,0.00,250.98,344.64,250.29,250.98,0.00,250.98,344.64,501.95,0.50,0.50,0.00,0.50,0.69,0.50,0.50,0.00,0.50,0.69,25759,28248,0.91,0,520,0,0,0,0,,,,,300.35,386.16,0.00,386.16,1592.12,300.35,386.16,0.00,386.16,1592.12,501.95,0.60,0.77,0.00,0.77,3.17,0.60,0.77,0.00,0.77,3.17,16663.91,19178.62,15985.27,18386.67,18972.71,21861.09,19163.69,22092.46,20423.33,7810.49,10292.31,11762.64,17676.00,7810.49,10292.31,11762.64,17676.00,13050.73,11067.56,12731.93,368.53,424.85,0.39,0.51,0.58,0.82,0.36,0.48,0.55,0.82,0.57,0.57,0.50,0.50,0.60,0.60,0.69,0.69,0.61,0.60,0.98,0.98,0.49,0.63,0.55,0.79,0.63,0.55,0.79,0.63,0.55,0.79
FRA,250,2012,25804,41898,0.62,13235,11350,15311,1.17,0.86,50,41,0,1,0,,,,,7974.55,10605.04,12120.05,18186.00,7974.55,10605.04,12120.05,18186.00,,26764.19,0.30,0.40,0.45,0.68,0.30,0.40,0.45,0.68,,17186,28482,25804,0.60,0.67,7,104,121,17,0,0,,,,,294.63,295.44,194.15,295.44,2098.38,294.63,295.44,194.15,295.44,2098.38,514.70,0.57,0.57,0.38,0.57,4.08,0.57,0.57,0.38,0.57,4.08,25804,28482,41898,0.91,0.62,3,52,13,6,0,0,,,,,256.64,257.35,0.00,257.35,293.27,256.64,257.35,0.00,257.35,293.27,514.70,0.50,0.50,0.00,0.50,0.57,0.50,0.50,0.00,0.50,0.57,25804,28482,0.91,0,520,0,0,0,0,,,,,307.97,395.96,0.00,395.96,1638.02,307.97,395.96,0.00,395.96,1638.02,514.70,0.60,0.77,0.00,0.77,3.18,0.60,0.77,0.00,0.77,3.18,16441.13,19024.75,15788.27,18241.54,18882.16,21849.14,19591.65,22597.55,20925.31,7974.55,10605.04,12120.05,18186.00,7974.55,10605.04,12120.05,18186.00,13382.09,11334.54,13010.25,376.76,434.57,0.38,0.50,0.57,0.80,0.35,0.47,0.53,0.80,0.57,0.57,0.50,0.50,0.60,0.60,0.62,0.63,0.54,0.55,0.91,0.92,0.48,0.60,0.52,0.76,0.60,0.52,0.76,0.60,0.52,0.76
FRA,250,2013,25710,41836,0.61,13499,11696,15646,1.15,0.86,50,41,0,1,0,,,,,8247.85,10807.14,12351.02,18516.00,8247.85,10807.14,12351.02,18516.00,,27299.48,0.30,0.40,0.45,0.68,0.30,0.40,0.45,0.68,,17173,28625,25785,0.60,0.67,7,104,121,17,0,0,,,,,300.52,301.34,198.01,301.34,2136.46,300.52,301.34,198.01,301.34,2136.46,524.99,0.57,0.57,0.38,0.57,4.07,0.57,0.57,0.38,0.57,4.07,25785,28625,41836,0.90,0.62,3,52,13,6,0,0,,,,,261.78,262.50,0.00,262.50,297.05,261.78,262.50,0.00,262.50,297.05,524.99,0.50,0.50,0.00,0.50,0.57,0.50,0.50,0.00,0.50,0.57,25785,28625,0.90,0,520,0,0,0,0,,,,,314.13,403.88,0.00,403.88,1667.72,314.13,403.88,0.00,403.88,1667.72,524.99,0.60,0.77,0.00,0.77,3.18,0.60,0.77,0.00,0.77,3.18,16744.50,19381.47,16090.04,18583.10,19235.48,22263.64,19943.56,23007.64,21323.53,8247.85,10807.14,12351.02,18516.00,8247.85,10807.14,12351.02,18516.00,13649.74,11546.53,13239.76,383.53,442.45,0.38,0.50,0.57,0.80,0.36,0.47,0.53,0.80,0.57,0.57,0.50,0.50,0.60,0.60,0.62,0.63,0.54,0.55,0.92,0.92,0.48,0.60,0.52,0.76,0.60,0.52,0.76,0.60,0.52,0.76
FRA,250,2014,25626,41893,0.61,13687,12053,15984,1.14,0.86,50,41,0,1,0,,,,,8247.85,10973.38,12541.01,18774.00,8247.85,10973.38,12541.01,18774.00,,27732.80,0.30,0.40,0.45,0.68,0.30,0.40,0.45,0.68,,17566,29402,26376,0.60,0.67,7,104,121,17,0,0,,,,,303.16,303.99,199.21,303.99,2166.23,303.16,303.99,199.21,303.99,2166.23,533.32,0.57,0.57,0.37,0.57,4.06,0.57,0.57,0.37,0.57,4.06,26376,29402,41893,0.90,0.63,3,52,13,6,0,0,,,,,265.93,266.66,0.00,266.66,300.20,265.93,266.66,0.00,266.66,300.20,533.32,0.50,0.50,0.00,0.50,0.56,0.50,0.50,0.00,0.50,0.56,26376,29402,0.90,0,520,0,0,0,0,,,,,319.12,410.29,0.00,410.29,1691.01,319.12,410.29,0.00,410.29,1691.01,533.32,0.60,0.77,0.00,0.77,3.17,0.60,0.77,0.00,0.77,3.17,16964.28,19605.02,16425.47,18839.03,19505.16,22580.00,20184.86,23289.28,21739.54,8247.85,10973.38,12541.01,18774.00,8247.85,10973.38,12541.01,18774.00,13866.40,11692.47,13397.21,388.17,447.87,0.38,0.50,0.57,0.80,0.35,0.47,0.53,0.80,0.57,0.57,0.50,0.50,0.60,0.60,0.62,0.63,0.56,0.55,0.92,0.93,0.48,0.60,0.53,0.76,0.59,0.53,0.76,0.60,0.52,0.76
FRA,250,2015,26093,41811,0.62,13855,12394,16318,1.12,0.85,50,41,0,1,0,,,,,8247.84,11021.59,12674.83,19020.00,8247.84,11021.59,12674.83,19020.00,,28089.66,0.29,0.39,0.45,0.68,0.29,0.39,0.45,0.68,,17610,29496,26442,0.60,0.67,7,104,121,17,0,0,,,,,307.06,307.91,199.91,307.91,2194.62,307.06,307.91,199.91,307.91,2194.62,540.19,0.57,0.57,0.37,0.57,4.06,0.57,0.57,0.37,0.57,4.06,26442,29496,41811,0.90,0.63,3,52,13,6,0,0,,,,,269.35,270.09,0.00,270.09,302.72,269.35,270.09,0.00,270.09,302.72,540.19,0.50,0.50,0.00,0.50,0.56,0.50,0.50,0.00,0.50,0.56,26442,29496,0.90,0,520,0,0,0,0,,,,,323.22,415.57,0.00,415.57,1713.15,323.22,415.57,0.00,415.57,1713.15,540.19,0.60,0.77,0.00,0.77,3.17,0.60,0.77,0.00,0.77,3.17,17436.59,18255.30,16862.66,17480.20,19734.72,21270.51,20430.43,21976.08,21976.08,8247.84,11021.59,12674.83,19020.00,8247.84,11021.59,12674.83,19020.00,14044.83,11820.24,11975.24,392.89,422.62,0.37,0.50,0.57,0.81,0.35,0.46,0.53,0.80,0.57,0.57,0.50,0.50,0.60,0.60,0.65,0.63,0.59,0.55,0.92,0.93,0.48,0.60,0.53,0.76,0.61,0.54,0.76,0.60,0.52,0.76
FRA,250,2016,26369,41722,0.63,14025,12720,15799,1.10,0.89,50,41,0,1,0,,,,,8247.84,8247.84,12832.69,19308.00,8247.84,8247.84,12832.69,19308.00,,28441.78,0.29,0.29,0.45,0.68,0.29,0.29,0.45,0.68,,17702,29549,26580,0.60,0.67,7,104,121,17,0,0,,,,,310.91,311.77,201.24,311.77,2227.85,310.91,311.77,201.24,311.77,2227.85,546.96,0.57,0.57,0.37,0.57,4.07,0.57,0.57,0.37,0.57,4.07,26580,29549,41722,0.90,0.64,3,52,13,4,0,0,,,,,272.73,273.48,0.00,273.48,304.61,272.73,273.48,0.00,273.48,304.61,546.96,0.50,0.50,0.00,0.50,0.56,0.50,0.50,0.00,0.50,0.56,26580,29549,0.90,0,520,0,0,0,0,,,,,327.28,420.78,0.00,420.78,1739.13,327.28,420.78,0.00,420.78,1739.13,546.96,0.60,0.77,0.00,0.77,3.18,0.60,0.77,0.00,0.77,3.18,17604.52,18472.98,17023.78,17688.65,19950.41,21527.31,20622.43,25864.26,23214.30,8247.84,8247.84,12832.69,19308.00,8247.84,8247.84,12832.69,19308.00,14220.89,13949.58,18699.09,396.59,497.39,0.37,0.37,0.57,0.82,0.33,0.33,0.51,0.77,0.57,0.57,0.50,0.50,0.60,0.60,0.55,0.00,0.46,0.00,0.90,0.39,0.35,0.42,0.36,0.62,0.56,0.48,0.75,0.28,0.25,0.50
FRA,250,2017,27220,41665,0.65,14140,13024,16126,1.09,0.88,50,41,0,1,0,,,,,8256.00,8256.00,13107.12,19614.00,8256.00,8256.00,13107.12,19614.00,,28831.97,0.29,0.29,0.45,0.68,0.29,0.29,0.45,0.68,,17851,29587,26803,0.60,0.67,7,104,121,17,0,0,,,,,315.18,316.04,202.57,316.04,2263.15,315.18,316.04,202.57,316.04,2263.15,554.46,0.57,0.57,0.37,0.57,4.08,0.57,0.57,0.37,0.57,4.08,26803,29587,41665,0.91,0.64,3,52,13,4,0,0,,,,,276.47,277.23,0.00,277.23,307.45,276.47,277.23,0.00,277.23,307.45,554.46,0.50,0.50,0.00,0.50,0.55,0.50,0.50,0.00,0.50,0.55,26803,29587,0.91,0,520,0,0,0,0,,,,,331.77,426.56,0.00,426.56,1766.68,331.77,426.56,0.00,426.56,1766.68,554.46,0.60,0.77,0.00,0.77,3.19,0.60,0.77,0.00,0.77,3.19,17828.78,18720.75,17240.27,17925.92,20214.67,21817.65,20881.25,26080.38,23422.49,8256.00,8256.00,13107.12,19614.00,8256.00,8256.00,13107.12,19614.00,14415.99,14060.68,18935.38,401.56,501.55,0.36,0.36,0.58,0.82,0.32,0.32,0.52,0.77,0.57,0.57,0.50,0.50,0.60,0.60,0.55,0.00,0.47,0.00,0.90,0.40,0.34,0.42,0.37,0.63,0.56,0.48,0.75,0.28,0.25,0.50
FRA,250,2018,27617,41671,0.66,14352,13314,15586,1.08,0.92,50,41,0,1,0,,,,,8322.12,8322.12,13496.20,19866.00,8322.12,8322.12,13496.20,19866.00,,29309.46,0.28,0.28,0.46,0.68,0.28,0.28,0.46,0.68,,17996,29700,27021,0.61,0.67,7,104,121,18,0,0,,,,,320.40,321.28,202.57,321.28,2292.23,320.40,321.28,202.57,321.28,2292.23,563.64,0.57,0.57,0.36,0.57,4.07,0.57,0.57,0.36,0.57,4.07,27021,29700,41671,0.91,0.65,3,52,13,4,0,0,,,,,281.05,281.82,0.00,281.82,311.23,281.05,281.82,0.00,281.82,311.23,563.64,0.50,0.50,0.00,0.50,0.55,0.50,0.50,0.00,0.50,0.55,27021,29700,0.91,0,520,0,0,0,0,,,,,337.26,433.62,0.00,433.62,1789.36,337.26,433.62,0.00,433.62,1789.36,563.64,0.60,0.77,0.00,0.77,3.17,0.60,0.77,0.00,0.77,3.17,18041.75,18926.91,17447.11,18123.54,20468.62,22087.35,21413.33,26657.56,23954.47,8322.12,8322.12,13496.20,19866.00,8322.12,8322.12,13496.20,19866.00,14654.73,14366.63,19431.13,411.79,512.65,0.35,0.35,0.57,0.82,0.31,0.31,0.51,0.75,0.57,0.57,0.50,0.50,0.60,0.60,0.52,0.00,0.44,0.00,0.87,0.37,0.33,0.41,0.36,0.61,0.54,0.47,0.73,0.28,0.25,0.48
FRA,250,2019,28178,41678,0.68,14542,13603,15895,1.07,0.91,50,41,0,1,0,,,,,8347.08,8347.08,13790.07,20262.00,8347.08,8347.08,13790.07,20262.00,,29871.30,0.28,0.28,0.46,0.68,0.28,0.28,0.46,0.68,,18070,29625,27132,0.61,0.67,7,104,121,18,0,0,,,,,326.54,327.44,203.98,327.44,2337.92,326.54,327.44,203.98,327.44,2337.92,574.45,0.57,0.57,0.36,0.57,4.07,0.57,0.57,0.36,0.57,4.07,27132,29625,41678,0.92,0.65,3,52,13,4,0,0,,,,,286.44,287.22,0.00,287.22,315.95,286.44,287.22,0.00,287.22,315.95,574.45,0.50,0.50,0.00,0.50,0.55,0.50,0.50,0.00,0.50,0.55,27132,29625,0.92,0,520,0,0,0,0,,,,,343.72,441.93,0.00,441.93,1825.00,343.72,441.93,0.00,441.93,1825.00,574.45,0.60,0.77,0.00,0.77,3.18,0.60,0.77,0.00,0.77,3.18,18409.43,19360.36,17800.94,18538.45,20902.70,22573.05,21968.36,28259.32,25473.85,8347.08,8347.08,13790.07,20262.00,8347.08,8347.08,13790.07,20262.00,14935.65,15052.50,20231.38,422.47,543.45,0.34,0.34,0.57,0.81,0.30,0.30,0.49,0.72,0.57,0.57,0.50,0.50,0.60,0.60,0.49,0.00,0.40,0.00,0.85,0.29,0.32,0.41,0.35,0.58,0.53,0.45,0.72,0.28,0.25,0.45
FRA,250,2020,27742,41683,0.67,14751,13860,16188,1.06,0.91,50,42,0,1,0,,,,,8430.48,8430.48,14002.93,20568.00,8430.48,8430.48,14002.93,20568.00,,30433.14,0.28,0.28,0.46,0.68,0.28,0.28,0.46,0.68,,17979,29346,26995,0.61,0.67,7,104,104,19,0,0,,,,,332.68,333.59,205.38,333.59,2373.23,332.68,333.59,205.38,333.59,2373.23,585.25,0.57,0.57,0.35,0.57,4.06,0.57,0.57,0.35,0.57,4.06,26995,29346,41683,0.92,0.65,3,52,13,4,0,0,,,,,291.82,292.63,0.00,292.63,319.73,291.82,292.63,0.00,292.63,319.73,585.25,0.50,0.50,0.00,0.50,0.55,0.50,0.50,0.00,0.50,0.55,26995,29346,0.92,0,520,0,0,0,0,,,,,350.19,450.24,0.00,450.24,1852.60,350.19,450.24,0.00,450.24,1852.60,585.25,0.60,0.77,0.00,0.77,3.17,0.60,0.77,0.00,0.77,3.17,19042.08,19724.50,18346.51,18887.13,21807.63,22997.62,22892.29,28568.73,25775.74,8430.48,8430.48,14002.93,20568.00,8430.48,8430.48,14002.93,20568.00,15216.57,15230.63,20532.69,440.24,549.40,0.33,0.33,0.55,0.80,0.30,0.30,0.49,0.72,0.57,0.57,0.50,0.50,0.60,0.60,0.50,0.00,0.41,0.00,0.86,0.31,0.31,0.41,0.35,0.59,0.53,0.45,0.73,0.28,0.25,0.45
FRA,250,2021,27956,41725,0.67,14885,14098,16420,1.06,0.91,50,42,0,1,0,,,,,8464.32,8464.32,14385.40,20568.00,8464.32,8464.32,14385.40,20568.00,,31854.07,0.27,0.27,0.45,0.65,0.27,0.27,0.45,0.65,,18467,30093,27728,0.61,0.67,7,104,104,19,0,0,,,,,348.21,349.17,206.22,349.17,2373.23,348.21,349.17,206.22,349.17,2373.23,612.58,0.57,0.57,0.34,0.57,3.87,0.57,0.57,0.34,0.57,3.87,27728,30093,41725,0.92,0.66,3,52,13,4,0,0,,,,,305.45,306.29,0.00,306.29,324.69,305.45,306.29,0.00,306.29,324.69,612.58,0.50,0.50,0.00,0.50,0.53,0.50,0.50,0.00,0.50,0.53,27728,30093,0.92,0,520,0,0,0,0,,,,,366.54,471.27,0.00,471.27,1858.54,366.54,471.27,0.00,471.27,1858.54,612.58,0.60,0.77,0.00,0.77,3.03,0.60,0.77,0.00,0.77,3.03,19852.94,20645.44,19124.89,19768.97,22747.61,24071.38,23882.91,29274.81,26478.23,8464.32,8464.32,14385.40,20568.00,8464.32,8464.32,14385.40,20568.00,15927.03,15679.89,20988.76,459.29,562.98,0.32,0.32,0.54,0.77,0.29,0.29,0.49,0.70,0.57,0.57,0.50,0.50,0.60,0.60,0.51,0.00,0.42,0.00,0.86,0.37,0.30,0.41,0.35,0.61,0.54,0.46,0.73,0.28,0.25,0.49
FRA,250,2022,27990,41777,0.67,15049,14342,16692,1.05,0.90,50,42,0,1,0,,,,,8557.32,8557.32,15312.73,20568.00,8557.32,8557.32,15312.73,20568.00,,33104.45,0.26,0.26,0.46,0.62,0.26,0.26,0.46,0.62,,18875,30576,28341,0.62,0.67,7,104,104,19,0,0,,,,,361.88,362.88,207.49,362.88,2373.23,361.88,362.88,207.49,362.88,2373.23,636.62,0.57,0.57,0.33,0.57,3.73,0.57,0.57,0.33,0.57,3.73,28341,30576,41777,0.93,0.68,3,52,13,4,0,0,,,,,317.44,318.31,0.00,318.31,343.04,317.44,318.31,0.00,318.31,343.04,636.62,0.50,0.50,0.00,0.50,0.54,0.50,0.50,0.00,0.50,0.54,28341,30576,0.93,0,520,0,0,0,0,,,,,380.93,489.76,0.00,489.76,1864.48,380.93,489.76,0.00,489.76,1864.48,636.62,0.60,0.77,0.00,0.77,2.93,0.60,0.77,0.00,0.77,2.93,20667.83,21455.85,19911.19,20544.97,23676.13,25016.27,24855.99,30349.31,27458.03,8557.32,8557.32,15312.73,20568.00,8557.32,8557.32,15312.73,20568.00,16552.22,16198.40,21687.04,478.00,583.64,0.31,0.31,0.56,0.74,0.28,0.28,0.50,0.68,0.57,0.57,0.50,0.50,0.60,0.60,0.52,0.00,0.43,0.00,0.86,0.38,0.30,0.41,0.36,0.61,0.54,0.46,0.73,0.28,0.25,0.49
FRA,250,2023,28056,41874,0.67,15252,14609,16952,1.04,0.90,50,42,0,1,0,,,,,8970.84,8970.84,16231.85,20568.00,8970.84,8970.84,16231.85,20568.00,,34759.67,0.26,0.26,0.47,0.59,0.26,0.26,0.47,0.59,,19040,30852,28589,0.62,0.67,7,104,104,19,0,0,,,,,379.98,381.02,213.53,381.02,2538.00,379.98,381.02,213.53,381.02,2538.00,668.46,0.57,0.57,0.32,0.57,3.80,0.57,0.57,0.32,0.57,3.80,28589,30852,41874,0.93,0.68,3,52,13,4,0,0,,,,,333.31,334.23,0.00,334.23,360.26,333.31,334.23,0.00,334.23,360.26,668.46,0.50,0.50,0.00,0.50,0.54,0.50,0.50,0.00,0.50,0.54,28589,30852,0.93,0,520,0,0,0,0,,,,,399.97,514.25,0.00,514.25,1981.20,399.97,514.25,0.00,514.25,1981.20,668.46,0.60,0.77,0.00,0.77,2.96,0.60,0.77,0.00,0.77,2.96,21573.49,22528.64,20779.03,21572.22,24732.21,26267.08,25971.06,31151.13,28259.85,8970.84,8970.84,16231.85,20568.00,8970.84,8970.84,16231.85,20568.00,17379.83,16598.69,22087.33,499.44,599.06,0.31,0.31,0.57,0.71,0.29,0.29,0.52,0.66,0.57,0.57,0.50,0.50,0.60,0.60,0.53,0.05,0.45,0.00,0.87,0.46,0.30,0.43,0.36,0.63,0.55,0.47,0.73,0.31,0.25,0.53
DEU,276,2000,33830,55852,0.61,19007,13351,15551,0.00,0.00,50,45,0,0,0,,,,,0.00,20262.27,26161.61,39627.62,0.00,20262.27,26161.61,39627.62,,61333.29,0.00,0.33,0.43,0.65,0.00,0.33,0.43,0.65,,27842,39532,36236,0.70,0.77,0,52,156,52,0,0,,,,,417.03,417.03,0.00,417.03,613.02,561.34,561.34,0.00,561.34,872.24,1179.49,0.35,0.35,0.00,0.35,0.52,0.48,0.48,0.00,0.48,0.74,35734,39532,55852,0.90,0.64,0,78,0,0,1,0,,,,,1179.49,748.09,0.00,748.09,967.93,1179.49,907.30,0.00,907.30,1189.45,1179.49,1.00,0.63,0.00,0.63,0.82,1.00,0.77,0.00,0.77,1.01,35759,39532,0.90,0,78,0,0,0,0,,,,,1179.49,800.97,0.00,800.97,1215.77,1179.49,907.30,0.00,907.30,1420.24,1179.49,1.00,0.68,0.00,0.68,1.03,1.00,0.77,0.00,0.77,1.20,31162.34,43778.46,32125.31,47562.37,35782.43,50093.39,35745.81,49568.29,42776.33,0.00,20262.27,26161.61,39627.62,0.00,20262.27,26161.61,39627.62,30666.65,21663.02,30859.65,687.42,953.24,0.00,0.52,0.67,1.01,0.00,0.43,0.56,0.85,0.61,0.59,1.00,1.00,1.00,1.00,0.67,0.69,0.74,0.89,1.00,1.03,0.48,0.64,0.91,1.00,0.64,0.87,1.00,0.64,0.95,1.00
DEU,276,2001,33611,55772,0.60,19208,13694,15359,0.00,0.00,50,45,0,0,0,,,,,0.00,20447.44,26424.24,40974.44,0.00,20447.44,26424.24,40974.44,,63460.97,0.00,0.32,0.42,0.65,0.00,0.32,0.42,0.65,,27798,39682,36346,0.70,0.76,0,52,156,52,0,0,,,,,438.97,438.97,0.00,438.97,640.23,585.55,585.55,0.00,585.55,905.67,1220.40,0.36,0.36,0.00,0.36,0.52,0.48,0.48,0.00,0.48,0.74,35680,39682,55772,0.90,0.64,0,78,0,0,1,0,,,,,1220.40,782.57,0.00,782.57,994.25,1220.40,938.77,0.00,938.77,1218.09,1220.40,1.00,0.64,0.00,0.64,0.81,1.00,0.77,0.00,0.77,1.00,35549,39682,0.90,0,78,0,0,0,0,,,,,1220.40,838.23,0.00,838.23,1251.57,1220.40,938.77,0.00,938.77,1455.71,1220.40,1.00,0.69,0.00,0.69,1.03,1.00,0.77,0.00,0.77,1.19,32631.37,45246.65,33904.62,49236.55,37463.50,51487.36,37625.99,51425.97,44644.90,0.00,20447.44,26424.24,40974.44,0.00,20447.44,26424.24,40974.44,31730.49,22585.08,31689.49,723.58,988.96,0.00,0.50,0.64,1.00,0.00,0.42,0.54,0.84,0.61,0.59,1.00,1.00,1.00,1.00,0.67,0.69,0.75,0.89,0.99,1.00,0.46,0.64,0.91,1.00,0.64,0.88,0.99,0.64,0.94,1.00
DEU,276,2002,33921,55719,0.61,19409,14066,15188,0.00,0.00,50,45,0,0,0,,,,,0.00,10686.84,13820.81,21921.79,0.00,10686.84,13820.81,21921.79,,33076.68,0.00,0.32,0.42,0.66,0.00,0.32,0.42,0.66,,27660,39727,36061,0.70,0.77,0,52,156,52,0,0,,,,,227.22,227.22,0.00,227.22,329.23,303.32,303.32,0.00,303.32,473.91,636.09,0.36,0.36,0.00,0.36,0.52,0.48,0.48,0.00,0.48,0.75,34740,39727,55719,0.87,0.62,0,78,0,0,1,0,,,,,636.09,406.08,0.00,406.08,512.55,636.09,489.30,0.00,489.30,633.42,636.09,1.00,0.64,0.00,0.64,0.81,1.00,0.77,0.00,0.77,1.00,34764,39727,0.88,0,78,0,0,0,0,,,,,636.09,434.89,0.00,434.89,647.57,636.09,489.30,0.00,489.30,758.56,636.09,1.00,0.68,0.00,0.68,1.02,1.00,0.77,0.00,0.77,1.19,16899.64,23793.53,17545.72,25860.14,19415.53,27120.30,19475.69,26978.68,23119.66,0.00,10686.84,13820.81,21921.79,0.00,10686.84,13820.81,21921.79,16538.34,11694.87,16819.34,374.53,518.82,0.00,0.50,0.65,1.03,0.00,0.42,0.55,0.87,0.61,0.58,1.00,1.00,1.00,1.00,0.67,0.69,0.75,0.89,0.99,1.01,0.46,0.64,0.91,1.00,0.64,0.88,1.00,0.64,0.94,1.00
DEU,276,2003,33357,55596,0.60,19610,14439,15014,0.00,0.00,50,45,0,0,0,,,,,0.00,10940.27,14166.05,22983.55,0.00,10940.27,14166.05,22983.55,,33931.14,0.00,0.32,0.42,0.68,0.00,0.32,0.42,0.68,,26949,39827,35754,0.68,0.75,0,52,156,52,0,0,,,,,229.99,229.99,0.00,229.99,356.84,307.04,307.04,0.00,307.04,515.14,652.52,0.35,0.35,0.00,0.35,0.55,0.47,0.47,0.00,0.47,0.79,34074,39827,55596,0.86,0.61,0,78,0,0,1,0,,,,,652.52,413.04,0.00,413.04,532.15,652.52,501.94,0.00,501.94,648.75,652.52,1.00,0.63,0.00,0.63,0.82,1.00,0.77,0.00,0.77,0.99,34408,39827,0.86,0,78,0,0,0,0,,,,,652.52,442.20,0.00,442.20,699.01,652.52,501.94,0.00,501.94,810.71,652.52,1.00,0.68,0.00,0.68,1.07,1.00,0.77,0.00,0.77,1.24,17114.30,24090.88,17759.83,26197.01,19652.19,27600.90,19713.31,27264.14,23391.04,0.00,10940.27,14166.05,22983.55,0.00,10940.27,14166.05,22983.55,16965.57,11840.56,17090.57,379.10,524.31,0.00,0.51,0.65,1.06,0.00,0.43,0.55,0.90,0.61,0.59,1.00,1.00,1.00,1.00,0.67,0.69,0.75,0.90,0.99,1.03,0.47,0.64,0.91,1.00,0.64,0.88,1.00,0.64,0.95,1.00
DEU,276,2004,33542,55359,0.61,19811,14860,14860,1.33,1.00,50,45,0,0,0,,,,,0.00,11076.48,14358.79,23886.66,0.00,11076.48,14358.79,23886.66,,34650.69,0.00,0.32,0.41,0.69,0.00,0.32,0.41,0.69,,26548,40033,35876,0.66,0.74,0,52,156,52,0,0,,,,,239.61,239.61,0.00,239.61,588.93,319.38,319.38,0.00,319.38,529.38,666.36,0.36,0.36,0.00,0.36,0.88,0.48,0.48,0.00,0.48,0.79,33809,40033,55359,0.84,0.61,0,78,0,0,1,0,,,,,666.36,427.20,0.00,427.20,545.93,666.36,512.58,0.00,512.58,664.25,666.36,1.00,0.64,0.00,0.64,0.82,1.00,0.77,0.00,0.77,1.00,34985,40033,0.87,0,78,0,0,0,0,,,,,666.36,457.59,0.00,457.59,715.20,666.36,512.58,0.00,512.58,828.72,666.36,1.00,0.69,0.00,0.69,1.07,1.00,0.77,0.00,0.77,1.24,17759.50,24810.44,18523.62,27056.53,20385.33,28107.25,20537.60,28211.69,24355.64,0.00,11076.48,14358.79,23886.66,0.00,11076.48,14358.79,23886.66,17325.35,12298.59,17409.35,394.95,542.53,0.00,0.49,0.64,1.06,0.00,0.42,0.54,0.90,0.61,0.59,1.00,1.00,1.00,1.00,0.66,0.69,0.76,0.89,0.98,0.99,0.45,0.64,0.91,0.99,0.63,0.88,0.99,0.64,0.95,1.00
DEU,276,2005,34722,55063,0.63,20012,15367,15367,1.30,1.00,50,45,0,0,0,,,,,4140.00,11111.50,14403.72,24553.48,7464.00,11111.50,14403.72,24553.48,,35145.38,0.12,0.32,0.41,0.70,0.21,0.32,0.41,0.70,,26300,40932,36361,0.64,0.72,0,52,156,52,0,0,,,,,248.69,248.69,0.00,248.69,594.62,326.52,326.52,0.00,326.52,543.68,675.87,0.37,0.37,0.00,0.37,0.88,0.48,0.48,0.00,0.48,0.80,33507,40932,55063,0.82,0.61,0,78,0,0,1,0,,,,,675.87,439.77,0.00,439.77,562.85,675.87,519.90,0.00,519.90,678.30,675.87,1.00,0.65,0.00,0.65,0.83,1.00,0.77,0.00,0.77,1.00,34415,40932,0.84,0,78,0,0,0,0,,,,,675.87,471.30,0.00,471.30,730.72,675.87,519.90,0.00,519.90,840.82,675.87,1.00,0.70,0.00,0.70,1.08,1.00,0.77,0.00,0.77,1.24,18137.09,25151.02,18997.49,27360.14,21087.21,28474.17,21316.47,28759.38,24911.91,4140.00,11111.50,14403.72,24553.48,7464.00,11111.50,14403.72,24553.48,17572.69,12449.62,17604.69,409.93,553.06,0.18,0.48,0.62,1.02,0.27,0.41,0.53,0.85,0.61,0.59,1.00,1.00,1.00,1.00,0.64,0.68,0.74,0.87,0.97,0.97,0.44,0.63,0.90,0.99,0.62,0.87,0.99,0.63,0.94,0.99
DEU,276,2006,35019,54746,0.64,20116,15870,15870,1.27,1.00,50,45,0,0,0,,,,,4140.00,11168.41,14459.00,24699.28,7464.00,11168.41,14459.00,24699.28,,35458.94,0.12,0.31,0.41,0.70,0.21,0.31,0.41,0.70,,26534,41418,37172,0.64,0.71,0,52,104,52,0,0,,,,,247.60,247.60,0.00,247.60,596.31,326.67,326.67,0.00,326.67,545.31,681.90,0.36,0.36,0.00,0.36,0.87,0.48,0.48,0.00,0.48,0.80,33567,41418,54746,0.81,0.61,0,78,0,0,1,0,,,,,681.90,439.92,0.00,439.92,563.68,681.90,524.54,0.00,524.54,680.79,681.90,1.00,0.65,0.00,0.65,0.83,1.00,0.77,0.00,0.77,1.00,35201,41418,0.85,0,78,0,0,0,0,,,,,681.90,471.31,0.00,471.31,733.33,681.90,576.99,0.00,576.99,844.98,681.90,1.00,0.69,0.00,0.69,1.08,1.00,0.85,0.00,0.85,1.24,18048.32,25156.44,19021.56,27418.52,20962.91,29736.10,21223.01,28770.94,24832.16,4140.00,11168.41,14459.00,24699.28,7464.00,11168.41,14459.00,24699.28,17729.47,12384.93,17631.47,408.13,553.29,0.18,0.48,0.62,1.02,0.27,0.41,0.53,0.85,0.61,0.59,1.00,1.00,1.00,1.00,0.64,0.68,0.75,0.88,0.97,1.09,0.44,0.63,0.91,1.00,0.62,0.88,0.99,0.63,0.94,1.00
DEU,276,2007,34988,54496,0.64,20243,16299,16299,1.24,1.00,50,45,0,0,0,,,,,4152.00,11231.63,14514.19,24865.35,7476.00,11231.63,14514.19,24865.35,,36347.38,0.11,0.31,0.40,0.68,0.21,0.31,0.40,0.68,,27050,41589,37988,0.65,0.71,0,52,104,52,0,0,,,,,252.64,252.64,0.00,252.64,395.69,332.41,332.41,0.00,332.41,545.38,698.99,0.36,0.36,0.00,0.36,0.57,0.48,0.48,0.00,0.48,0.78,33837,41589,54496,0.81,0.62,0,78,0,0,1,0,,,,,698.99,449.60,0.00,449.60,569.96,698.99,537.68,0.00,537.68,684.18,698.99,1.00,0.64,0.00,0.64,0.82,1.00,0.77,0.00,0.77,0.98,35792,41589,0.86,0,78,0,0,0,0,,,,,698.99,481.64,0.00,481.64,743.71,698.99,591.45,0.00,591.45,855.49,698.99,1.00,0.69,0.00,0.69,1.06,1.00,0.85,0.00,0.85,1.22,18529.94,25708.70,19515.53,28115.45,21439.10,30606.29,21654.46,29211.38,25241.46,4152.00,11231.63,14514.19,24865.35,7476.00,11231.63,14514.19,24865.35,18173.69,12743.11,18125.69,416.43,561.76,0.17,0.47,0.61,1.00,0.27,0.40,0.52,0.83,0.61,0.59,1.00,1.00,1.00,1.00,0.65,0.68,0.76,0.90,0.98,1.13,0.44,0.63,0.92,1.00,0.63,0.88,0.99,0.64,0.95,1.00
DEU,276,2008,35009,54276,0.65,20317,16519,16519,1.23,1.00,50,45,0,0,0,,,,,4188.00,11360.90,14650.56,25171.25,7536.00,11360.90,14650.56,25171.25,,37235.81,0.11,0.31,0.39,0.68,0.20,0.31,0.39,0.68,,27695,41677,38541,0.66,0.72,0,52,104,52,0,0,,,,,258.72,258.72,0.00,258.72,402.05,339.44,339.44,0.00,339.44,552.49,716.07,0.36,0.36,0.00,0.36,0.56,0.47,0.47,0.00,0.47,0.77,34189,41677,54276,0.82,0.63,0,78,0,0,1,0,,,,,716.07,460.49,0.00,460.49,576.85,716.07,550.83,0.00,550.83,691.73,716.07,1.00,0.64,0.00,0.64,0.81,1.00,0.77,0.00,0.77,0.97,36260,41677,0.87,0,78,0,0,0,0,,,,,716.07,493.29,0.00,493.29,755.41,716.07,605.35,0.00,605.35,867.47,716.07,1.00,0.69,0.00,0.69,1.05,1.00,0.85,0.00,0.85,1.21,18927.95,26194.30,20023.93,28691.37,21988.90,31326.36,22175.80,29750.81,25739.59,4188.00,11360.90,14650.56,25171.25,7536.00,11360.90,14650.56,25171.25,18617.90,12993.23,18524.90,426.46,572.13,0.17,0.46,0.60,0.98,0.26,0.40,0.51,0.81,0.61,0.59,1.00,1.00,1.00,1.00,0.65,0.68,0.77,0.91,0.98,1.14,0.43,0.63,0.92,1.00,0.63,0.88,0.99,0.64,0.95,1.00
DEU,276,2009,35127,54006,0.65,20412,16729,16729,1.22,1.00,50,45,0,0,0,,,,,4260.00,11568.17,14865.20,25619.10,7668.00,11568.17,14865.20,25619.10,,37884.53,0.11,0.31,0.39,0.68,0.20,0.31,0.39,0.68,,27603,41699,38471,0.66,0.72,0,52,104,52,0,0,,,,,264.34,264.34,0.00,264.34,411.45,346.64,346.64,0.00,346.64,572.43,728.55,0.36,0.36,0.00,0.36,0.56,0.48,0.48,0.00,0.48,0.79,34361,41699,54006,0.82,0.64,0,78,0,0,1,0,,,,,728.55,469.79,0.00,469.79,584.04,728.55,560.42,0.00,560.42,706.84,728.55,1.00,0.64,0.00,0.64,0.80,1.00,0.77,0.00,0.77,0.97,36463,41699,0.87,0,78,0,0,0,0,,,,,728.55,503.31,0.00,503.31,766.54,728.55,616.46,0.00,616.46,886.15,728.55,1.00,0.69,0.00,0.69,1.05,1.00,0.85,0.00,0.85,1.22,19333.22,27062.66,20495.72,29626.24,22458.92,32229.01,22658.10,30743.53,26316.84,4260.00,11568.17,14865.20,25619.10,7668.00,11568.17,14865.20,25619.10,18942.26,13281.85,19219.26,435.73,591.22,0.17,0.46,0.59,0.97,0.26,0.40,0.51,0.80,0.61,0.59,1.00,1.00,1.00,1.00,0.65,0.68,0.77,0.90,0.98,1.13,0.43,0.63,0.92,1.00,0.63,0.88,0.99,0.63,0.95,1.00
DEU,276,2010,35370,53922,0.66,20492,16902,16902,1.21,1.00,50,45,0,0,0,,,,,4308.00,11950.39,15289.72,26420.90,7752.00,11950.39,15289.72,26420.90,,38586.58,0.11,0.31,0.40,0.68,0.20,0.31,0.40,0.68,,27967,40837,37992,0.68,0.74,0,52,104,52,0,0,,,,,278.09,278.09,0.00,278.09,433.12,355.33,355.33,0.00,355.33,591.90,742.05,0.37,0.37,0.00,0.37,0.58,0.48,0.48,0.00,0.48,0.80,34526,40837,53922,0.85,0.64,0,78,0,0,1,0,,,,,742.05,488.59,0.00,488.59,614.29,742.05,570.81,0.00,570.81,733.59,742.05,1.00,0.66,0.00,0.66,0.83,1.00,0.77,0.00,0.77,0.99,36941,40837,0.90,0,78,0,0,0,0,,,,,742.05,523.85,0.00,523.85,795.95,742.05,627.89,0.00,627.89,912.14,742.05,1.00,0.71,0.00,0.71,1.07,1.00,0.85,0.00,0.85,1.23,20055.41,27830.45,21324.56,30375.28,23527.90,33066.48,23836.52,31690.58,27009.96,4308.00,11950.39,15289.72,26420.90,7752.00,11950.39,15289.72,26420.90,19293.29,13690.11,19807.29,458.39,609.43,0.16,0.45,0.58,0.95,0.26,0.40,0.51,0.79,0.61,0.58,1.00,1.00,1.00,1.00,0.63,0.68,0.75,0.89,0.97,1.12,0.43,0.62,0.91,1.00,0.62,0.88,0.98,0.63,0.94,1.00
DEU,276,2011,35546,52857,0.67,20534,16576,16576,1.24,1.00,50,45,0,0,0,,,,,4368.00,12053.14,15360.71,26603.32,7872.00,12053.14,15360.71,26603.32,,39551.24,0.11,0.30,0.39,0.67,0.20,0.30,0.39,0.67,,28644,41185,38786,0.70,0.74,0,52,104,52,0,0,,,,,283.22,283.22,0.00,283.22,433.49,361.65,361.65,0.00,361.65,591.72,760.60,0.37,0.37,0.00,0.37,0.57,0.48,0.48,0.00,0.48,0.78,34797,41185,52857,0.84,0.66,0,78,0,0,1,0,,,,,760.60,498.73,0.00,498.73,609.28,760.60,585.08,0.00,585.08,727.31,760.60,1.00,0.66,0.00,0.66,0.80,1.00,0.77,0.00,0.77,0.96,37476,41185,0.91,0,78,0,0,0,0,,,,,760.60,534.64,0.00,534.64,798.47,760.60,643.59,0.00,643.59,915.33,760.60,1.00,0.70,0.00,0.70,1.05,1.00,0.85,0.00,0.85,1.20,20429.21,28088.33,21590.07,30636.64,23961.87,33672.11,24276.32,32176.24,27488.80,4368.00,12053.14,15360.71,26603.32,7872.00,12053.14,15360.71,26603.32,19775.62,13941.68,20112.62,466.85,618.77,0.16,0.45,0.57,0.93,0.26,0.39,0.50,0.77,0.61,0.58,1.00,1.00,1.00,1.00,0.63,0.66,0.74,0.87,0.97,1.12,0.42,0.62,0.90,1.00,0.62,0.87,0.98,0.62,0.94,1.00
DEU,276,2012,35714,53039,0.67,20609,16603,16603,1.24,1.00,50,45,0,0,0,,,,,4488.00,12236.90,15530.44,27025.36,8088.00,12236.90,15530.44,27025.36,,40708.84,0.11,0.30,0.38,0.66,0.20,0.30,0.38,0.66,,29280,41350,39126,0.71,0.75,0,52,104,52,0,0,,,,,291.07,291.07,0.00,291.07,441.42,371.52,371.52,0.00,371.52,600.74,782.86,0.37,0.37,0.00,0.37,0.56,0.47,0.47,0.00,0.47,0.77,35284,41350,53039,0.85,0.67,0,78,0,0,1,0,,,,,782.86,512.82,0.00,512.82,625.26,782.86,602.20,0.00,602.20,744.88,782.86,1.00,0.66,0.00,0.66,0.80,1.00,0.77,0.00,0.77,0.95,37957,41350,0.92,0,78,0,0,0,0,,,,,782.86,549.73,0.00,549.73,820.40,782.86,662.42,0.00,662.42,938.52,782.86,1.00,0.70,0.00,0.70,1.05,1.00,0.85,0.00,0.85,1.20,20993.05,28593.51,22178.78,31220.67,24668.85,34605.41,24949.08,32933.84,28231.19,4488.00,12236.90,15530.44,27025.36,8088.00,12236.90,15530.44,27025.36,20354.42,14317.60,20602.42,479.79,633.34,0.16,0.44,0.55,0.91,0.26,0.39,0.49,0.75,0.61,0.59,1.00,1.00,1.00,1.00,0.63,0.65,0.74,0.86,0.97,1.14,0.42,0.62,0.90,1.00,0.62,0.87,0.99,0.62,0.93,1.00
DEU,276,2013,36194,53199,0.68,20576,16715,16715,1.23,1.00,50,45,0,0,0,,,,,4584.00,12570.04,15870.89,27747.77,8280.00,12570.04,15870.89,27747.77,,41712.09,0.11,0.30,0.38,0.67,0.20,0.30,0.38,0.67,,29616,41712,39530,0.71,0.75,0,52,104,52,0,0,,,,,298.98,298.98,0.00,298.98,457.32,381.65,381.65,0.00,381.65,619.54,802.16,0.37,0.37,0.00,0.37,0.57,0.48,0.48,0.00,0.48,0.77,35763,41712,53199,0.86,0.67,0,78,0,0,1,0,,,,,802.16,526.30,0.00,526.30,642.47,802.16,617.04,0.00,617.04,763.58,802.16,1.00,0.66,0.00,0.66,0.80,1.00,0.77,0.00,0.77,0.95,38874,41712,0.93,0,78,0,0,0,0,,,,,802.16,564.21,0.00,564.21,842.41,802.16,678.75,0.00,678.75,962.00,802.16,1.00,0.70,0.00,0.70,1.05,1.00,0.85,0.00,0.85,1.20,21491.97,29103.30,22789.48,31918.16,25383.59,35478.19,25626.68,33711.09,28997.41,4584.00,12570.04,15870.89,27747.77,8280.00,12570.04,15870.89,27747.77,20856.04,14633.74,21064.04,492.82,648.29,0.16,0.44,0.55,0.90,0.26,0.39,0.48,0.73,0.61,0.59,1.00,1.00,1.00,1.00,0.62,0.64,0.74,0.86,0.98,1.14,0.41,0.61,0.90,1.00,0.62,0.87,0.99,0.61,0.93,1.00
DEU,276,2014,36483,53347,0.68,20617,16853,16853,1.22,1.00,50,45,0,0,0,,,,,4692.00,12665.52,15908.26,27917.23,8472.00,12665.52,15908.26,27917.23,,42869.69,0.11,0.30,0.37,0.65,0.20,0.30,0.37,0.65,,30175,41959,39870,0.72,0.76,0,52,104,52,0,0,,,,,306.78,306.78,0.00,306.78,468.25,391.99,391.99,0.00,391.99,632.64,824.42,0.37,0.37,0.00,0.37,0.57,0.48,0.48,0.00,0.48,0.77,36353,41959,53347,0.87,0.68,0,78,0,0,1,0,,,,,824.42,540.33,0.00,540.33,658.21,824.42,634.17,0.00,634.17,780.98,824.42,1.00,0.66,0.00,0.66,0.80,1.00,0.77,0.00,0.77,0.95,39060,41959,0.93,0,78,0,0,0,0,,,,,824.42,579.23,0.00,579.23,864.28,824.42,697.58,0.00,697.58,985.72,824.42,1.00,0.70,0.00,0.70,1.05,1.00,0.85,0.00,0.85,1.20,22057.11,29581.24,23380.32,32662.19,26070.49,36355.06,26295.09,34504.69,29781.86,4692.00,12665.52,15908.26,27917.23,8472.00,12665.52,15908.26,27917.23,21434.85,15028.08,21466.85,505.67,663.55,0.16,0.43,0.54,0.88,0.26,0.38,0.47,0.71,0.61,0.59,1.00,1.00,1.00,1.00,0.62,0.62,0.74,0.86,0.98,1.14,0.41,0.61,0.90,1.00,0.62,0.87,0.99,0.61,0.93,1.00
DEU,276,2015,37027,53708,0.69,20822,17089,17089,1.22,1.00,50,45,0,0,0,,,,,4788.00,12941.30,16179.75,28502.16,8640.00,12941.30,16179.75,28502.16,,43911.52,0.11,0.29,0.37,0.65,0.20,0.29,0.37,0.65,,30771,42158,40209,0.73,0.77,0,52,104,52,0,0,,,,,313.58,313.58,0.00,313.58,476.10,400.77,400.77,0.00,400.77,643.64,844.45,0.37,0.37,0.00,0.37,0.56,0.47,0.47,0.00,0.47,0.76,36912,42158,53708,0.88,0.69,0,78,0,0,1,0,,,,,844.45,552.72,0.00,552.72,673.99,844.45,649.58,0.00,649.58,799.57,844.45,1.00,0.65,0.00,0.65,0.80,1.00,0.77,0.00,0.77,0.95,39402,42158,0.93,0,78,0,0,0,0,,,,,844.45,592.48,0.00,592.48,884.89,844.45,714.54,0.00,714.54,1009.09,844.45,1.00,0.70,0.00,0.70,1.05,1.00,0.85,0.00,0.85,1.19,22545.56,30180.80,23890.46,33389.81,26669.28,37229.87,26878.25,35274.52,30449.43,4788.00,12941.30,16179.75,28502.16,8640.00,12941.30,16179.75,28502.16,21955.76,15361.31,21924.76,516.89,678.36,0.16,0.43,0.53,0.87,0.25,0.38,0.46,0.70,0.61,0.59,1.00,1.00,1.00,1.00,0.62,0.62,0.74,0.86,0.98,1.15,0.41,0.61,0.90,1.00,0.62,0.87,0.99,0.60,0.93,1.00
DEU,276,2016,37599,53979,0.70,20963,17300,17300,1.21,1.00,50,45,0,0,0,,,,,4848.00,13280.27,16544.76,29252.09,8736.00,13280.27,16544.76,29252.09,,44789.54,0.11,0.30,0.37,0.65,0.20,0.30,0.37,0.65,,31443,43039,41265,0.73,0.76,0,52,104,52,0,0,,,,,319.60,319.60,0.00,319.60,487.57,408.34,408.34,0.00,408.34,657.66,861.34,0.37,0.37,0.00,0.37,0.57,0.47,0.47,0.00,0.47,0.76,38415,43039,53979,0.89,0.71,0,78,0,0,1,0,,,,,861.34,563.49,0.00,563.49,689.87,861.34,662.57,0.00,662.57,817.26,861.34,1.00,0.65,0.00,0.65,0.80,1.00,0.77,0.00,0.77,0.95,40070,43039,0.93,0,78,0,0,0,0,,,,,861.34,604.01,0.00,604.01,904.50,861.34,728.82,0.00,728.82,1030.38,861.34,1.00,0.70,0.00,0.70,1.05,1.00,0.85,0.00,0.85,1.20,22968.61,30700.03,24362.38,34007.51,27166.86,37868.35,27394.43,35903.54,31024.69,4848.00,13280.27,16544.76,29252.09,8736.00,13280.27,16544.76,29252.09,22394.77,15649.49,22294.77,526.82,690.45,0.16,0.43,0.53,0.87,0.25,0.38,0.46,0.69,0.61,0.59,1.00,1.00,1.00,1.00,0.62,0.62,0.74,0.86,0.98,1.14,0.41,0.61,0.90,1.00,0.61,0.87,0.99,0.60,0.93,1.00
DEU,276,2017,38173,53937,0.71,20991,17510,16524,1.20,1.00,50,45,0,0,0,,,,,4908.00,13912.71,17279.65,30687.15,8832.00,13912.71,17279.65,30687.15,,45865.10,0.11,0.30,0.38,0.67,0.19,0.30,0.38,0.67,,32165,43283,41661,0.74,0.77,0,52,104,52,0,0,,,,,326.78,326.78,0.00,326.78,498.78,417.53,417.53,0.00,417.53,671.59,882.02,0.37,0.37,0.00,0.37,0.57,0.47,0.47,0.00,0.47,0.76,39224,43283,53937,0.91,0.73,0,78,0,0,1,0,,,,,882.02,576.46,0.00,576.46,705.62,882.02,678.48,0.00,678.48,835.04,882.02,1.00,0.65,0.00,0.65,0.80,1.00,0.77,0.00,0.77,0.95,41272,43283,0.95,0,78,0,0,0,0,,,,,882.02,617.89,0.00,617.89,925.59,882.02,745.81,0.00,745.81,1053.51,882.02,1.00,0.70,0.00,0.70,1.05,1.00,0.85,0.00,0.85,1.19,23481.53,31319.55,24900.76,34718.97,27785.03,38682.18,28009.98,36657.10,31724.64,4908.00,13912.71,17279.65,30687.15,8832.00,13912.71,17279.65,30687.15,22932.55,16000.52,22745.55,538.65,704.94,0.16,0.44,0.54,0.88,0.25,0.39,0.46,0.69,0.61,0.59,1.00,1.00,1.00,1.00,0.62,0.62,0.74,0.86,0.98,1.15,0.41,0.61,0.90,1.00,0.61,0.87,0.99,0.60,0.93,1.00
DEU,276,2018,38727,53878,0.72,21043,17710,16710,1.19,1.00,50,45,0,0,0,,,,,4992.00,14245.84,17643.43,31462.50,8976.00,14245.84,17643.43,31462.50,,47236.99,0.11,0.30,0.37,0.67,0.19,0.30,0.37,0.67,,32870,43381,41913,0.76,0.78,0,52,104,52,0,0,,,,,336.97,336.97,0.00,336.97,512.17,430.44,430.44,0.00,430.44,687.72,908.40,0.37,0.37,0.00,0.37,0.56,0.47,0.47,0.00,0.47,0.76,39757,43381,53878,0.92,0.74,0,78,0,0,1,0,,,,,908.40,594.17,0.00,594.17,728.61,908.40,698.77,0.00,698.77,860.77,908.40,1.00,0.65,0.00,0.65,0.80,1.00,0.77,0.00,0.77,0.95,37979,43381,0.88,0,78,0,0,0,0,,,,,908.40,636.90,0.00,636.90,954.48,908.40,767.26,0.00,767.26,1084.85,908.40,1.00,0.70,0.00,0.70,1.05,1.00,0.84,0.00,0.84,1.19,24206.46,32171.54,25668.62,35678.57,28678.35,39807.28,28883.08,37695.99,32702.18,4992.00,14245.84,17643.43,31462.50,8976.00,14245.84,17643.43,31462.50,23618.50,16490.85,23350.50,555.44,724.92,0.15,0.44,0.53,0.87,0.24,0.38,0.45,0.68,0.61,0.59,1.00,1.00,1.00,1.00,0.62,0.61,0.74,0.86,0.98,1.15,0.41,0.61,0.90,1.00,0.61,0.87,0.99,0.60,0.93,1.00
DEU,276,2019,39124,53765,0.73,21124,17884,16889,1.18,1.00,50,45,0,0,0,,,,,5088.00,14771.25,18260.16,32681.16,9168.00,14771.25,18260.16,32681.16,,48038.18,0.11,0.31,0.38,0.68,0.19,0.31,0.38,0.68,,33156,43771,42399,0.76,0.78,0,52,104,52,0,0,,,,,345.98,345.98,0.00,345.98,531.66,441.38,441.38,0.00,441.38,711.96,923.81,0.37,0.37,0.00,0.37,0.58,0.48,0.48,0.00,0.48,0.77,40016,43771,53765,0.91,0.74,0,78,0,0,1,0,,,,,923.81,608.01,0.00,608.01,749.09,923.81,710.62,0.00,710.62,884.41,923.81,1.00,0.66,0.00,0.66,0.81,1.00,0.77,0.00,0.77,0.96,41561,43771,0.95,0,78,0,0,0,0,,,,,923.81,651.88,0.00,651.88,977.89,923.81,781.69,0.00,781.69,1111.04,923.81,1.00,0.71,0.00,0.71,1.06,1.00,0.85,0.00,0.85,1.20,24831.18,32969.14,26333.84,36496.31,29483.30,40802.90,29655.61,38656.18,33539.07,5088.00,14771.25,18260.16,32681.16,9168.00,14771.25,18260.16,32681.16,24019.09,16907.74,23925.09,570.30,743.39,0.15,0.44,0.53,0.87,0.24,0.38,0.45,0.67,0.61,0.59,1.00,1.00,1.00,1.00,0.62,0.61,0.74,0.85,0.99,1.15,0.41,0.61,0.90,1.00,0.61,0.87,0.99,0.60,0.93,1.00
DEU,276,2020,39038,53545,0.73,21202,18091,17070,1.17,1.00,50,45,0,0,0,,,,,5184.00,15300.11,18898.51,33946.31,9336.00,15300.11,18898.51,33946.31,,47963.61,0.11,0.32,0.39,0.71,0.19,0.32,0.39,0.71,,33608,43517,41859,0.77,0.80,0,52,130,52,0,0,,,,,347.63,347.63,0.00,347.63,547.99,443.00,443.00,0.00,443.00,744.97,922.38,0.38,0.38,0.00,0.38,0.59,0.48,0.48,0.00,0.48,0.81,40236,43517,53545,0.92,0.75,0,78,0,0,1,0,,,,,922.38,609.56,0.00,609.56,771.33,922.38,709.52,0.00,709.52,919.13,922.38,1.00,0.66,0.00,0.66,0.84,1.00,0.77,0.00,0.77,1.00,41219,43517,0.95,0,78,0,0,0,0,,,,,922.38,653.64,0.00,653.64,995.96,922.38,780.47,0.00,780.47,1139.51,922.38,1.00,0.71,0.00,0.71,1.08,1.00,0.85,0.00,0.85,1.24,24927.39,33791.31,26493.07,37346.35,29577.30,41445.49,29796.76,39500.61,33674.94,5184.00,15300.11,18898.51,33946.31,9336.00,15300.11,18898.51,33946.31,23981.81,16975.12,24693.81,573.01,759.63,0.16,0.45,0.54,0.89,0.25,0.39,0.46,0.68,0.61,0.58,1.00,1.00,1.00,1.00,0.62,0.61,0.74,0.85,0.98,1.13,0.42,0.61,0.90,1.00,0.61,0.87,0.99,0.60,0.93,1.00
DEU,276,2021,39212,53300,0.74,21224,18272,17236,1.16,1.00,50,45,0,0,0,,,,,5352.00,15884.72,19609.65,35352.45,9624.00,15884.72,19609.65,35352.45,,48379.70,0.11,0.33,0.41,0.73,0.20,0.33,0.41,0.73,,33515,42961,41398,0.78,0.81,0,52,130,52,0,0,,,,,357.00,357.00,0.00,357.00,571.55,448.41,448.41,0.00,448.41,769.88,930.38,0.38,0.38,0.00,0.38,0.61,0.48,0.48,0.00,0.48,0.83,40343,42961,53300,0.94,0.76,0,78,0,0,1,0,,,,,930.38,622.10,0.00,622.10,802.73,930.38,715.68,0.00,715.68,945.39,930.38,1.00,0.67,0.00,0.67,0.86,1.00,0.77,0.00,0.77,1.02,40751,42961,0.95,0,78,0,0,0,0,,,,,930.38,667.36,0.00,667.36,1023.81,930.38,787.24,0.00,787.24,1162.51,930.38,1.00,0.72,0.00,0.72,1.10,1.00,0.85,0.00,0.85,1.25,25508.84,34261.21,27272.32,37812.42,30197.87,41773.78,30599.70,39975.70,34330.70,5352.00,15884.72,19609.65,35352.45,9624.00,15884.72,19609.65,35352.45,24189.85,17294.85,24913.85,588.46,768.76,0.16,0.45,0.55,0.91,0.25,0.40,0.46,0.70,0.61,0.58,1.00,1.00,1.00,1.00,0.62,0.62,0.75,0.86,0.97,1.12,0.43,0.61,0.90,1.00,0.61,0.87,0.98,0.60,0.93,1.00
DEU,276,2022,39918,53482,0.75,21260,18436,17375,1.15,1.00,50,45,0,0,0,,,,,5388.00,15926.36,19656.04,35562.29,9708.00,15926.36,19656.04,35562.29,,49830.00,0.11,0.32,0.39,0.71,0.19,0.32,0.39,0.71,,34176,43905,42529,0.78,0.80,0,52,130,52,0,0,,,,,367.48,367.48,0.00,367.48,571.75,462.02,462.02,0.00,462.02,768.09,958.27,0.38,0.38,0.00,0.38,0.60,0.48,0.48,0.00,0.48,0.80,40712,43905,53482,0.93,0.76,0,78,0,0,1,0,,,,,958.27,644.49,0.00,644.49,809.45,958.27,737.13,0.00,737.13,948.18,958.27,1.00,0.67,0.00,0.67,0.84,1.00,0.77,0.00,0.77,0.99,43107,43905,0.98,0,78,0,0,0,0,,,,,958.27,691.52,0.00,691.52,1041.54,958.27,810.84,0.00,810.84,1180.92,958.27,1.00,0.72,0.00,0.72,1.09,1.00,0.85,0.00,0.85,1.23,26254.59,34993.88,28136.62,38693.38,31167.44,42727.99,31798.00,41220.00,35636.00,5388.00,15926.36,19656.04,35562.29,9708.00,15926.36,19656.04,35562.29,24915.00,18124.00,25694.00,611.50,792.69,0.15,0.44,0.53,0.88,0.24,0.39,0.45,0.67,0.60,0.58,1.00,1.00,1.00,1.00,0.59,0.60,0.73,0.84,0.95,1.10,0.41,0.59,0.89,1.00,0.60,0.87,0.98,0.59,0.92,1.00
DEU,276,2023,40042,53647,0.75,21518,18660,17567,1.15,1.00,50,45,0,0,0,,,,,6024.00,16811.97,20752.42,37628.32,10824.00,16811.97,20752.42,37628.32,,51320.00,0.12,0.33,0.40,0.73,0.21,0.33,0.40,0.73,,34550,44468,43131,0.78,0.80,0,52,130,52,0,0,,,,,382.65,382.65,0.00,382.65,600.69,480.97,480.97,0.00,480.97,809.29,986.92,0.39,0.39,0.00,0.39,0.61,0.49,0.49,0.00,0.49,0.82,41287,44468,53647,0.93,0.77,0,78,0,0,1,0,,,,,986.92,664.42,0.00,664.42,840.25,986.92,759.17,0.00,759.17,991.20,986.92,1.00,0.67,0.00,0.67,0.85,1.00,0.77,0.00,0.77,1.00,43317,44468,0.97,0,78,0,0,0,0,,,,,986.92,712.94,0.00,712.94,1076.32,986.92,835.09,0.00,835.09,1226.02,986.92,1.00,0.72,0.00,0.72,1.09,1.00,0.85,0.00,0.85,1.24,27325.23,36756.68,29293.04,40603.46,32302.55,44416.15,32799.00,42919.00,36785.00,6024.00,16811.97,20752.42,37628.32,10824.00,16811.97,20752.42,37628.32,25660.00,18550.00,26534.00,630.75,825.37,0.16,0.45,0.54,0.90,0.26,0.40,0.46,0.70,0.61,0.58,1.00,1.00,1.00,1.00,0.62,0.62,0.75,0.86,0.97,1.09,0.43,0.61,0.90,1.00,0.61,0.88,0.98,0.60,0.93,1.00
GRE,300,2000,4256,7321,0.56,1400,1869,2648,0.75,0.53,35,35,0,0,0,,,,,1647464.00,4923170.00,4923170.00,9504264.00,1788234.00,4923170.00,4923170.00,9514319.00,,5218422.69,0.32,0.94,0.94,1.82,0.34,0.94,0.94,1.82,,6130,4519,3996,1.00,1.53,6,52,104,40,0,0,,,,,50177.14,50177.14,14420.00,50177.14,129755.77,65230.28,65230.28,14420.00,65230.28,129755.77,100354.28,0.50,0.50,0.14,0.50,1.29,0.65,0.65,0.14,0.65,1.29,6130,4519,7321,1.00,0.84,3,104,52,14,0,0,,,,,19300.00,33630.77,6289.90,33630.77,33630.77,19300.00,33630.77,7547.88,33630.77,33630.77,100354.28,0.19,0.34,0.06,0.34,0.34,0.19,0.34,0.08,0.34,0.34,6130,4519,1.00,0,104,0,0,0,0,,,,,19300.00,33630.77,6289.90,33630.77,33630.77,19300.00,33630.77,7547.88,33630.77,33630.77,100354.28,0.19,0.34,0.06,0.34,0.34,0.19,0.34,0.08,0.34,0.34,3498952.41,3918087.12,3030789.17,3054379.22,3068746.74,3096499.74,4106585.44,4126012.54,4106585.44,1647464.00,4923170.00,4923170.00,9504264.00,1788234.00,4923170.00,4923170.00,9514319.00,2609211.35,2194346.74,2222099.74,78972.80,79346.39,0.40,1.10,1.10,1.90,0.44,1.10,1.10,1.90,0.64,0.82,0.19,0.19,0.24,0.24,0.68,0.89,0.44,0.44,0.46,0.46,1.10,0.76,0.31,0.35,0.66,0.31,0.35,0.86,0.31,0.35
GRE,300,2001,3864,7345,0.56,1432,1922,2658,0.75,0.54,35,35,0,0,0,,,,,1738128.00,5133380.00,5133380.00,9850232.00,1887508.00,5133380.00,5133380.00,9860902.00,,5100781.29,0.34,1.01,1.01,1.93,0.37,1.01,1.01,1.93,,5897,4621,4114,1.00,1.43,6,52,104,40,0,0,,,,,49045.97,49045.97,14420.00,49045.97,129755.77,63759.77,63759.77,14420.00,63759.77,129755.77,98091.95,0.50,0.50,0.15,0.50,1.32,0.65,0.65,0.15,0.65,1.32,5897,4621,7345,1.00,0.80,3,104,52,14,0,0,,,,,20400.00,35526.92,6289.90,35526.92,35526.92,20400.00,35526.92,7547.88,35526.92,35526.92,98091.95,0.21,0.36,0.06,0.36,0.36,0.21,0.36,0.08,0.36,0.36,5897,4621,1.00,0,104,0,0,0,0,,,,,20400.00,35526.92,6289.90,35526.92,35526.92,20400.00,35526.92,7547.88,35526.92,35526.92,98091.95,0.21,0.36,0.06,0.36,0.36,0.21,0.36,0.08,0.36,0.36,3420073.85,3835617.05,3068578.53,3101563.13,3068578.53,3101563.13,4102293.50,4125883.55,4102293.50,1738128.00,5133380.00,5133380.00,9850232.00,1887508.00,5133380.00,5133380.00,9860902.00,2550390.64,2144878.53,2172631.53,78890.26,79343.91,0.42,1.15,1.15,1.98,0.46,1.15,1.15,1.98,0.62,0.80,0.21,0.21,0.26,0.26,0.65,0.85,0.47,0.48,0.47,0.48,1.15,0.73,0.34,0.37,0.64,0.34,0.37,0.83,0.34,0.37
GRE,300,2002,4011,7277,0.56,1450,1903,2590,0.76,0.56,35,35,0,0,0,,,,,5040.00,15685.46,15685.46,25186.00,5417.86,15685.46,15685.46,25212.99,,17067.13,0.30,0.92,0.92,1.48,0.32,0.92,0.92,1.48,,5828,4667,4175,1.00,1.40,6,52,104,40,0,0,,,,,164.11,164.11,87.86,164.11,380.79,213.34,213.34,114.22,213.34,380.79,328.21,0.50,0.50,0.27,0.50,1.16,0.65,0.65,0.35,0.65,1.16,5828,4667,7277,1.00,0.80,3,104,52,14,0,0,,,,,59.15,103.03,22.92,103.03,103.03,59.15,103.03,27.51,103.03,103.03,328.21,0.18,0.31,0.07,0.31,0.31,0.18,0.31,0.08,0.31,0.31,5828,4667,1.00,0,104,0,0,0,0,,,,,59.15,103.03,22.92,103.03,103.03,59.15,103.03,27.51,103.03,103.03,328.21,0.18,0.31,0.07,0.31,0.31,0.18,0.31,0.08,0.31,0.31,11443.51,12804.99,9855.43,9936.87,9855.43,9936.87,13659.48,13716.49,13659.48,5040.00,15685.46,15685.46,25186.00,5417.86,15685.46,15685.46,25212.99,8533.57,7176.73,7258.17,262.68,263.78,0.37,1.08,1.08,1.57,0.40,1.08,1.08,1.57,0.62,0.81,0.18,0.18,0.23,0.22,0.66,0.86,0.41,0.41,0.41,0.41,1.08,0.74,0.30,0.32,0.64,0.30,0.32,0.83,0.30,0.32
GRE,300,2003,4030,7282,0.56,1511,1940,2606,0.78,0.58,35,35,0,0,0,,,,,5490.24,16528.96,16528.96,30083.76,5979.40,16528.96,16528.96,30118.70,,18291.41,0.30,0.90,0.90,1.64,0.33,0.90,0.90,1.65,,5983,4731,4259,1.00,1.40,6,52,104,40,0,0,,,,,175.88,175.88,92.38,175.88,380.79,228.64,228.64,120.09,228.64,380.79,351.76,0.50,0.50,0.26,0.50,1.08,0.65,0.65,0.34,0.65,1.08,5983,4731,7282,1.00,1.00,3,104,52,14,0,0,,,,,64.45,112.22,22.92,112.22,112.22,64.45,112.22,27.51,112.22,112.22,351.76,0.18,0.32,0.07,0.32,0.32,0.18,0.32,0.08,0.32,0.32,5983,4731,1.00,0,104,0,0,0,0,,,,,64.45,112.22,22.92,112.22,112.22,64.45,112.22,27.51,112.22,112.22,351.76,0.18,0.32,0.07,0.32,0.32,0.18,0.32,0.08,0.32,0.32,12264.39,13698.74,10587.44,10671.73,10609.24,10671.73,14278.15,14635.16,14278.15,5490.24,16528.96,16528.96,30083.76,5979.40,16528.96,16528.96,30118.70,9145.70,7691.54,7772.98,274.58,281.45,0.38,1.06,1.06,1.71,0.42,1.06,1.06,1.71,0.64,0.81,0.18,0.18,0.23,0.23,0.69,0.86,0.44,0.42,0.44,0.42,1.06,0.75,0.31,0.33,0.67,0.31,0.34,0.84,0.30,0.33
GRE,300,2004,4012,7294,0.56,1530,1974,2630,0.78,0.58,35,35,0,0,0,,,,,5764.78,17266.90,17266.90,27328.00,6279.28,17266.90,17266.90,27364.75,,18660.15,0.31,0.93,0.93,1.46,0.34,0.93,0.93,1.47,,5979,4829,4310,1.00,1.39,6,52,104,40,0,0,,,,,179.42,179.42,96.07,179.42,380.79,233.25,233.25,124.89,233.25,380.79,358.85,0.50,0.50,0.27,0.50,1.06,0.65,0.65,0.35,0.65,1.06,5979,4829,7294,1.00,1.00,3,104,52,14,0,0,,,,,67.65,117.81,22.92,117.81,117.81,67.65,117.81,27.51,117.81,117.81,358.85,0.19,0.33,0.06,0.33,0.33,0.19,0.33,0.08,0.33,0.33,5979,4829,1.00,0,104,0,0,0,0,,,,,67.65,117.81,22.92,117.81,117.81,67.65,117.81,27.51,117.81,117.81,358.85,0.19,0.33,0.06,0.33,0.33,0.19,0.33,0.08,0.33,0.33,12511.63,14080.11,10846.21,11078.56,10909.59,11078.56,14435.23,14922.39,14435.23,5764.78,17266.90,17266.90,27328.00,6279.28,17266.90,17266.90,27364.75,9330.08,7846.59,8028.25,277.60,286.97,0.40,1.08,1.08,1.65,0.43,1.08,1.08,1.65,0.65,0.81,0.19,0.19,0.24,0.24,0.71,0.88,0.46,0.44,0.46,0.44,1.08,0.76,0.32,0.35,0.68,0.32,0.35,0.85,0.32,0.34
GRE,300,2005,4059,7310,0.56,1545,1968,2629,0.78,0.59,35,35,0,0,0,,,,,5764.78,17941.56,17941.56,27328.00,6301.54,17941.56,17941.56,27366.34,,20258.74,0.28,0.89,0.89,1.35,0.31,0.89,0.89,1.35,,5941,4853,4361,1.00,1.36,6,52,104,40,0,0,,,,,194.80,194.80,101.69,194.80,472.38,253.23,253.23,132.20,253.23,472.38,389.59,0.50,0.50,0.26,0.50,1.21,0.65,0.65,0.34,0.65,1.21,5941,4853,7310,1.00,0.81,3,104,52,14,0,0,,,,,70.35,122.50,22.92,122.50,122.50,70.35,122.50,27.51,122.50,122.50,389.59,0.18,0.31,0.06,0.31,0.31,0.18,0.31,0.07,0.31,0.31,5941,4853,1.00,0,104,0,0,0,0,,,,,70.35,122.50,22.92,122.50,122.50,70.35,122.50,27.51,122.50,122.50,389.59,0.18,0.31,0.06,0.31,0.31,0.18,0.31,0.07,0.31,0.31,13583.49,15351.66,11674.15,11952.52,11598.19,11952.52,15526.32,16000.46,15526.32,5764.78,17941.56,17941.56,27328.00,6301.54,17941.56,17941.56,27366.34,10129.37,8518.80,8767.57,298.58,307.70,0.37,1.04,1.04,1.55,0.41,1.04,1.04,1.55,0.65,0.82,0.18,0.18,0.18,0.18,0.72,0.91,0.45,0.44,0.44,0.44,1.04,0.78,0.31,0.31,0.69,0.32,0.31,0.87,0.31,0.31
GRE,300,2006,4047,7334,0.55,1587,2008,2685,0.79,0.59,35,35,0,0,0,,,,,6235.18,19563.18,19563.18,30411.50,6805.96,19563.18,19563.18,30452.27,,20341.04,0.31,0.96,0.96,1.50,0.33,0.96,0.96,1.50,,6031,4887,4440,1.00,1.36,6,52,104,40,0,0,,,,,195.59,195.59,108.09,195.59,472.38,254.26,254.26,140.52,254.26,472.38,391.17,0.50,0.50,0.28,0.50,1.21,0.65,0.65,0.36,0.65,1.21,6031,4887,7334,1.00,0.82,3,104,52,14,0,0,,,,,73.15,127.38,22.92,127.38,127.38,73.15,127.38,27.51,127.38,127.38,391.17,0.19,0.33,0.06,0.33,0.33,0.19,0.33,0.07,0.33,0.33,6031,4887,1.00,0,104,0,0,0,0,,,,,73.15,127.38,22.92,127.38,127.38,73.15,127.38,27.51,127.38,127.38,391.17,0.19,0.33,0.06,0.33,0.33,0.19,0.33,0.07,0.33,0.33,13638.67,15413.01,11814.41,12113.98,11735.43,12113.98,15574.77,16048.91,15574.77,6235.18,19563.18,19563.18,30411.50,6805.96,19563.18,19563.18,30452.27,10170.52,8553.41,8802.18,299.51,308.63,0.40,1.11,1.11,1.74,0.44,1.11,1.11,1.74,0.65,0.82,0.19,0.19,0.19,0.19,0.72,0.91,0.46,0.46,0.45,0.46,1.11,0.78,0.32,0.32,0.69,0.33,0.32,0.87,0.32,0.32
GRE,300,2007,4109,7357,0.56,1575,2039,2740,0.77,0.57,35,35,0,0,0,,,,,6484.52,20511.12,20511.12,31629.50,7101.64,20511.12,20511.12,31673.58,,21397.88,0.30,0.96,0.96,1.48,0.33,0.96,0.96,1.48,,4476,4894,4476,0.91,1.00,6,52,104,40,0,0,,,,,205.75,205.75,114.07,205.75,472.38,267.47,267.47,148.29,267.47,472.38,411.50,0.50,0.50,0.28,0.50,1.15,0.65,0.65,0.36,0.65,1.15,6202,4894,7357,1.00,0.84,3,104,52,14,0,0,,,,,76.10,132.05,22.92,132.05,132.05,76.10,132.05,27.51,132.05,132.05,411.50,0.18,0.32,0.06,0.32,0.32,0.18,0.32,0.07,0.32,0.32,6202,4894,1.00,0,104,0,0,0,0,,,,,76.10,132.05,22.92,132.05,132.05,76.10,132.05,27.51,132.05,132.05,411.50,0.18,0.32,0.06,0.32,0.32,0.18,0.32,0.07,0.32,0.32,14347.28,16200.89,12431.16,12679.93,12306.12,12679.93,16256.89,16989.07,16256.89,6484.52,20511.12,20511.12,31629.50,7101.64,20511.12,20511.12,31673.58,10698.94,8997.81,9246.58,312.63,326.71,0.40,1.09,1.09,1.51,0.44,1.09,1.09,1.51,0.66,0.82,0.18,0.18,0.18,0.18,0.74,0.90,0.47,0.44,0.46,0.44,1.09,0.78,0.32,0.32,0.70,0.33,0.32,0.86,0.31,0.31
GRE,300,2008,4166,7378,0.56,1773,2065,2793,0.86,0.63,35,35,0,0,0,,,,,6682.06,21420.00,21420.00,32578.00,7320.46,21420.00,21420.00,32623.60,,24513.40,0.27,0.87,0.87,1.33,0.30,0.87,0.87,1.33,,4523,4910,4523,0.92,1.00,6,52,104,40,0,0,,,,,235.71,235.71,120.94,235.71,472.38,306.42,306.42,157.22,306.42,472.38,471.41,0.50,0.50,0.26,0.50,1.00,0.65,0.65,0.33,0.65,1.00,5779,4910,7378,1.00,0.78,3,104,52,14,0,0,,,,,79.95,139.22,22.92,139.22,139.22,79.95,139.22,27.51,139.22,139.22,471.41,0.17,0.30,0.05,0.30,0.30,0.17,0.30,0.06,0.30,0.30,5779,4910,1.00,0,104,0,0,0,0,,,,,79.95,139.22,22.92,139.22,139.22,79.95,139.22,27.51,139.22,139.22,471.41,0.17,0.30,0.05,0.30,0.30,0.17,0.30,0.06,0.30,0.30,16423.98,18510.96,13554.56,14163.80,13398.19,14119.57,18271.62,18709.03,18271.62,6682.06,21420.00,21420.00,32578.00,7320.46,21420.00,21420.00,32623.60,12256.70,10295.63,10544.10,351.38,359.79,0.37,1.03,1.03,1.46,0.40,1.03,1.03,1.47,0.67,0.85,0.17,0.17,0.17,0.17,0.77,0.98,0.41,0.44,0.39,0.44,1.03,0.82,0.30,0.29,0.72,0.29,0.28,0.91,0.31,0.30
GRE,300,2009,3824,7388,0.52,1655,2095,2847,0.79,0.58,35,35,0,0,0,,,,,6815.76,22324.12,22324.12,32578.00,7473.48,22324.12,22324.12,32624.98,,26518.63,0.26,0.84,0.84,1.23,0.28,0.84,0.84,1.23,,4459,4949,4459,0.90,1.00,6,52,104,40,0,0,,,,,254.99,254.99,127.99,254.99,472.38,331.48,331.48,166.38,331.48,472.38,509.97,0.50,0.50,0.25,0.50,0.93,0.65,0.65,0.33,0.65,0.93,5845,4949,7388,1.00,0.79,3,104,52,16,0,0,,,,,79.95,139.22,26.05,139.22,139.22,79.95,139.22,31.27,139.22,139.22,509.97,0.16,0.27,0.05,0.27,0.27,0.16,0.27,0.06,0.27,0.27,5845,4949,1.00,0,104,0,0,0,0,,,,,79.95,139.22,26.05,139.22,139.22,79.95,139.22,31.27,139.22,139.22,509.97,0.16,0.27,0.05,0.27,0.27,0.16,0.27,0.06,0.27,0.27,17767.48,20005.43,14212.93,14899.72,14068.14,14754.93,19279.17,19740.68,19279.17,6815.76,22324.12,22324.12,32578.00,7473.48,22324.12,22324.12,32624.98,13259.32,11137.82,11386.30,370.75,379.63,0.35,1.00,1.00,1.35,0.39,1.00,1.00,1.35,0.69,0.87,0.16,0.16,0.16,0.16,0.81,1.03,0.38,0.42,0.36,0.40,1.00,0.85,0.28,0.27,0.75,0.27,0.26,0.95,0.29,0.28
GRE,300,2010,3825,7382,0.52,1672,2130,2897,0.78,0.58,35,35,0,0,0,,,,,6815.76,23615.20,23615.20,33229.98,7509.60,24309.04,24309.04,33923.82,,25201.61,0.27,0.94,0.94,1.32,0.30,0.96,0.96,1.35,,4289,4936,4289,0.87,1.00,6,52,104,40,0,0,,,,,242.32,242.32,131.41,242.32,536.78,315.02,315.02,170.84,315.02,536.78,484.65,0.50,0.50,0.27,0.50,1.11,0.65,0.65,0.35,0.65,1.11,5941,4936,7382,1.00,0.80,3,104,52,17,0,0,,,,,79.95,139.22,26.05,139.22,139.22,79.95,139.22,31.27,139.22,139.22,484.65,0.16,0.29,0.05,0.29,0.29,0.16,0.29,0.06,0.29,0.29,5941,4936,1.00,0,104,0,0,0,0,,,,,79.95,139.22,26.05,139.22,139.22,79.95,139.22,31.27,139.22,139.22,484.65,0.16,0.29,0.05,0.29,0.29,0.16,0.29,0.06,0.29,0.29,16885.08,19067.40,13911.84,14496.58,13807.59,14496.58,19208.71,19935.25,19208.71,6815.76,23615.20,23615.20,33229.98,7509.60,24309.04,24309.04,33923.82,12600.81,10584.68,10830.12,369.40,383.37,0.35,1.10,1.10,1.44,0.39,1.12,1.12,1.46,0.66,0.82,0.16,0.16,0.16,0.16,0.73,0.90,0.39,0.40,0.37,0.40,1.11,0.78,0.28,0.28,0.69,0.28,0.27,0.86,0.28,0.28
GRE,300,2011,3800,7349,0.52,1719,2154,2926,0.80,0.59,35,35,0,0,0,,,,,6815.76,21245.76,26111.28,33229.98,7520.80,21245.76,26111.28,33935.02,,24382.88,0.28,0.87,1.07,1.36,0.31,0.87,1.07,1.39,,3963,4850,3963,0.82,1.00,6,52,104,40,0,0,,,,,234.45,234.45,132.47,234.45,383.41,304.79,304.79,172.20,304.79,536.78,468.90,0.50,0.50,0.28,0.50,0.82,0.65,0.65,0.37,0.65,1.14,5804,4850,7349,1.00,0.79,3,104,52,17,0,0,,,,,79.95,139.22,26.05,139.22,139.22,79.95,139.22,31.27,139.22,139.22,468.90,0.17,0.30,0.06,0.30,0.30,0.17,0.30,0.07,0.30,0.30,5804,4850,1.00,0,104,0,0,0,0,,,,,79.95,139.22,26.05,139.22,139.22,79.95,139.22,31.27,139.22,139.22,468.90,0.17,0.30,0.06,0.30,0.30,0.17,0.30,0.07,0.30,0.30,15858.17,18380.04,12883.14,13522.74,12861.01,13500.62,17849.78,18432.77,17849.78,6815.76,21245.76,26111.28,33229.98,7520.80,21245.76,26111.28,33935.02,12191.44,9661.87,10281.46,343.26,354.48,0.37,1.05,1.25,1.54,0.41,1.05,1.25,1.57,0.68,0.86,0.17,0.17,0.17,0.17,0.76,0.99,0.39,0.40,0.39,0.39,1.05,0.82,0.28,0.28,0.72,0.28,0.28,0.93,0.28,0.28
GRE,300,2012,3591,7280,0.49,2198,2179,2948,1.01,0.75,35,35,0,0,0,,,,,5842.08,18732.89,22642.19,28482.84,6446.40,18732.89,22642.19,29087.16,,22643.07,0.26,0.83,1.00,1.26,0.28,0.83,1.00,1.28,,3608,4813,3608,0.75,1.00,6,52,104,40,0,0,,,,,106.52,106.52,53.26,106.52,106.52,138.48,138.48,69.24,138.48,138.48,435.44,0.24,0.24,0.12,0.24,0.24,0.32,0.32,0.16,0.32,0.32,4813,4813,7280,1.00,0.67,3,104,52,17,0,0,,,,,79.95,139.22,26.05,139.22,139.22,79.95,139.22,31.27,139.22,139.22,435.44,0.18,0.32,0.06,0.32,0.32,0.18,0.32,0.07,0.32,0.32,4813,4813,1.00,0,104,0,0,0,0,,,,,79.95,139.22,26.05,139.22,139.22,79.95,139.22,31.27,139.22,139.22,435.44,0.18,0.32,0.06,0.32,0.32,0.18,0.32,0.07,0.32,0.32,11823.36,13330.90,12162.75,12799.44,12134.44,12771.12,16571.15,17151.70,16571.15,5842.08,18732.89,22642.19,28482.84,6446.40,18732.89,22642.19,29087.16,11321.53,9008.13,9627.72,318.68,329.84,0.35,1.01,1.19,1.47,0.38,1.01,1.19,1.49,0.33,0.42,0.18,0.18,0.18,0.18,0.37,0.49,0.42,0.42,0.41,0.42,1.01,0.40,0.30,0.30,0.35,0.30,0.30,0.46,0.30,0.30
GRE,300,2013,3425,7180,0.48,2164,2204,2969,0.98,0.73,40,40,0,0,0,,,,,5842.08,19982.07,24527.86,28482.84,6446.40,19982.07,24527.86,29087.16,,21414.97,0.27,0.93,1.15,1.33,0.30,0.93,1.15,1.36,,3438,4776,3438,0.72,1.00,6,52,104,40,0,0,,,,,106.52,106.52,53.26,106.52,106.52,138.48,138.48,69.24,138.48,138.48,411.83,0.26,0.26,0.13,0.26,0.26,0.34,0.34,0.17,0.34,0.34,4776,4776,7180,1.00,0.67,3,104,52,17,0,0,,,,,79.95,139.22,26.05,139.22,139.22,79.95,139.22,31.27,139.22,139.22,411.83,0.19,0.34,0.06,0.34,0.34,0.19,0.34,0.08,0.34,0.34,4776,4776,1.00,0,104,0,0,0,0,,,,,79.95,139.22,26.05,139.22,139.22,79.95,139.22,31.27,139.22,139.22,411.83,0.19,0.34,0.06,0.34,0.34,0.19,0.34,0.08,0.34,0.34,11710.27,12833.33,12028.55,12133.91,11870.40,12095.40,15868.75,16056.62,15868.75,5842.08,19982.07,24527.86,28482.84,6446.40,19982.07,24527.86,29087.16,10707.49,8940.75,9184.74,305.17,308.78,0.37,1.12,1.35,1.54,0.41,1.12,1.35,1.57,0.35,0.45,0.19,0.19,0.19,0.19,0.40,0.53,0.45,0.43,0.42,0.42,1.12,0.43,0.32,0.31,0.37,0.32,0.31,0.49,0.31,0.31
GRE,300,2014,3450,7088,0.49,2154,2230,2606,0.97,0.83,40,40,0,0,0,,,,,5842.08,18024.50,22988.95,28482.84,6446.40,18024.50,22988.95,29087.16,,21619.66,0.27,0.83,1.06,1.32,0.30,0.83,1.06,1.35,,3466,4736,3466,0.73,1.00,6,52,104,40,0,0,,,,,83.07,83.07,41.54,83.07,83.07,107.99,107.99,54.00,107.99,107.99,415.76,0.20,0.20,0.10,0.20,0.20,0.26,0.26,0.13,0.26,0.26,4736,4736,7088,1.00,0.68,3,104,52,17,0,0,,,,,79.95,139.22,26.05,139.22,139.22,79.95,139.22,31.27,139.22,139.22,415.76,0.19,0.33,0.06,0.33,0.33,0.19,0.33,0.08,0.33,0.33,4736,4736,1.00,0,104,0,0,0,0,,,,,79.95,139.22,26.05,139.22,139.22,79.95,139.22,31.27,139.22,139.22,415.76,0.19,0.33,0.06,0.33,0.33,0.19,0.33,0.08,0.33,0.33,11240.11,13025.42,12012.17,13170.47,11978.53,13136.83,16083.60,16272.59,16083.60,5842.08,18024.50,22988.95,28482.84,6446.40,18024.50,22988.95,29087.16,10809.83,9080.26,9325.71,309.30,312.93,0.36,1.01,1.25,1.52,0.40,1.01,1.25,1.55,0.27,0.35,0.19,0.19,0.19,0.19,0.31,0.53,0.42,0.55,0.41,0.55,1.01,0.36,0.34,0.34,0.29,0.31,0.30,0.44,0.37,0.37
GRE,300,2015,3530,7011,0.50,2152,2253,2633,0.96,0.82,40,40,0,0,0,,,,,5842.08,17049.23,21482.00,28482.84,6446.40,17049.23,21482.00,29087.16,,20852.10,0.28,0.82,1.03,1.37,0.31,0.82,1.03,1.39,,3543,4733,3543,0.75,1.00,6,52,104,40,0,0,,,,,83.07,83.07,41.54,83.07,83.07,107.99,107.99,54.00,107.99,107.99,401.00,0.21,0.21,0.10,0.21,0.21,0.27,0.27,0.13,0.27,0.27,4733,4733,7011,1.00,0.69,3,104,52,17,0,0,,,,,79.95,139.22,26.05,139.22,139.22,79.95,139.22,31.27,139.22,139.22,401.00,0.20,0.35,0.06,0.35,0.35,0.20,0.35,0.08,0.35,0.35,4733,4733,1.00,0,104,0,0,0,0,,,,,79.95,139.22,26.05,139.22,139.22,79.95,139.22,31.27,139.22,139.22,401.00,0.20,0.35,0.06,0.35,0.35,0.20,0.35,0.08,0.35,0.35,10969.86,13138.82,11918.61,13392.97,11803.82,13361.27,15720.28,17722.31,17082.31,5842.08,17049.23,21482.00,28482.84,6446.40,17049.23,21482.00,29087.16,10426.05,8810.01,10618.99,302.31,340.81,0.37,0.99,1.21,1.56,0.38,0.91,1.11,1.46,0.27,0.32,0.20,0.20,0.20,0.20,0.31,0.35,0.45,0.39,0.43,0.39,0.95,0.31,0.31,0.30,0.29,0.32,0.32,0.34,0.29,0.29
GRE,300,2016,3577,6934,0.52,2087,2277,2654,0.92,0.79,40,40,0,0,0,,,,,5842.08,16947.46,21379.84,28482.84,6446.40,16947.46,21379.84,28482.84,,21498.51,0.27,0.79,0.99,1.32,0.30,0.79,0.99,1.32,,3591,4728,3591,0.76,1.00,6,52,104,40,0,0,,,,,83.07,83.07,41.54,83.07,83.07,107.99,107.99,54.00,107.99,107.99,413.43,0.20,0.20,0.10,0.20,0.20,0.26,0.26,0.13,0.26,0.26,4728,4728,6934,1.00,0.69,3,104,52,17,0,0,,,,,79.95,139.22,26.05,139.22,139.22,79.95,139.22,31.27,139.22,139.22,413.43,0.19,0.34,0.06,0.34,0.34,0.19,0.34,0.08,0.34,0.34,4728,4728,1.00,0,104,0,0,0,0,,,,,79.95,139.22,26.05,139.22,139.22,79.95,139.22,31.27,139.22,139.22,413.43,0.19,0.34,0.06,0.34,0.34,0.19,0.34,0.08,0.34,0.34,11193.17,13309.97,11907.27,13591.53,11876.69,13560.94,15893.27,18046.05,17306.05,5842.08,16947.46,21379.84,28482.84,6446.40,16947.46,21379.84,28482.84,10749.25,8963.87,10730.26,305.64,347.04,0.37,0.96,1.17,1.51,0.37,0.88,1.08,1.38,0.27,0.31,0.19,0.19,0.19,0.19,0.32,0.35,0.42,0.39,0.42,0.39,0.92,0.31,0.30,0.30,0.30,0.31,0.31,0.33,0.29,0.29
GRE,300,2017,3646,6894,0.53,2049,2301,2679,0.89,0.76,40,40,0,0,0,,,,,0.00,14511.98,20130.66,0.00,0.00,14511.98,20130.66,0.00,,22787.17,0.00,0.64,0.88,0.00,0.00,0.64,0.88,0.00,,3663,4696,3663,0.78,1.00,6,52,104,40,0,0,,,,,83.07,83.07,41.54,83.07,83.07,107.99,107.99,54.00,107.99,107.99,438.21,0.19,0.19,0.09,0.19,0.19,0.25,0.25,0.12,0.25,0.25,4696,4696,6894,1.00,0.69,3,104,52,17,0,0,,,,,79.95,139.22,26.05,139.22,139.22,79.95,139.22,31.27,139.22,139.22,438.21,0.18,0.32,0.06,0.32,0.32,0.18,0.32,0.07,0.32,0.32,4696,4696,1.00,0,104,0,0,0,0,,,,,79.95,139.22,26.05,139.22,139.22,79.95,139.22,31.27,139.22,139.22,438.21,0.18,0.32,0.06,0.32,0.32,0.18,0.32,0.07,0.32,0.32,11584.68,13741.95,12299.58,14023.25,12271.25,13994.92,16673.05,18501.63,18081.63,0.00,14511.98,20130.66,0.00,0.00,14511.98,20130.66,0.00,11393.58,9365.08,10851.58,320.64,355.80,0.00,0.80,1.06,0.00,0.00,0.74,0.98,0.00,0.26,0.30,0.18,0.18,0.18,0.18,0.30,0.38,0.40,0.41,0.40,0.41,0.77,0.31,0.30,0.29,0.28,0.29,0.29,0.34,0.30,0.30
GRE,300,2018,3709,6854,0.54,2022,2324,2711,0.87,0.75,40,40,0,0,0,,,,,0.00,14676.11,19825.41,0.00,0.00,14676.11,19825.41,0.00,,24001.80,0.00,0.61,0.83,0.00,0.00,0.61,0.83,0.00,,3724,4649,3724,0.80,1.00,6,52,104,40,0,0,,,,,83.07,83.07,41.54,83.07,83.07,107.99,107.99,54.00,107.99,107.99,461.57,0.18,0.18,0.09,0.18,0.18,0.23,0.23,0.12,0.23,0.23,4649,4649,6854,1.00,0.69,3,104,52,17,0,0,,,,,79.95,139.22,26.05,139.22,139.22,79.95,139.22,31.27,139.22,139.22,461.57,0.17,0.30,0.06,0.30,0.30,0.17,0.30,0.07,0.30,0.30,4649,4649,1.00,0,104,0,0,0,0,,,,,79.95,139.22,26.05,139.22,139.22,79.95,139.22,31.27,139.22,139.22,461.57,0.17,0.30,0.06,0.30,0.30,0.17,0.30,0.07,0.30,0.30,11971.77,14536.83,12686.67,14818.13,12662.35,14793.81,16928.98,19112.29,18340.29,0.00,14676.11,19825.41,0.00,0.00,14676.11,19825.41,0.00,12000.90,9762.99,12329.29,325.56,367.54,0.00,0.79,1.03,0.00,0.00,0.73,0.95,0.00,0.26,0.29,0.17,0.17,0.17,0.17,0.31,0.33,0.41,0.37,0.40,0.36,0.76,0.30,0.28,0.28,0.28,0.29,0.29,0.31,0.27,0.27
GRE,300,2019,3785,6824,0.56,1988,2352,2750,0.84,0.72,40,40,0,0,0,,,,,0.00,14723.81,20126.48,0.00,0.00,14723.81,20126.48,0.00,,26200.66,0.00,0.56,0.77,0.00,0.00,0.56,0.77,0.00,,3800,4637,3800,0.82,1.00,6,52,104,40,0,0,,,,,83.07,83.07,41.54,83.07,83.07,107.99,107.99,54.00,107.99,107.99,503.86,0.16,0.16,0.08,0.16,0.16,0.21,0.21,0.11,0.21,0.21,3911,4637,6824,0.84,0.55,0,104,52,17,0,0,,,,,79.95,139.22,26.05,139.22,139.22,79.95,139.22,31.27,139.22,139.22,503.86,0.16,0.28,0.05,0.28,0.28,0.16,0.28,0.06,0.28,0.28,4637,4637,1.00,0,104,0,0,0,0,,,,,79.95,139.22,26.05,139.22,139.22,79.95,139.22,31.27,139.22,139.22,503.86,0.16,0.28,0.05,0.28,0.28,0.16,0.28,0.06,0.28,0.28,12211.54,14891.70,13401.12,15606.58,13385.26,15590.71,18155.11,20470.46,19698.46,0.00,14723.81,20126.48,0.00,0.00,14723.81,20126.48,0.00,13100.33,10498.66,12466.53,349.14,393.66,0.00,0.74,0.98,0.00,0.00,0.68,0.90,0.00,0.16,0.21,0.16,0.16,0.16,0.16,0.22,0.30,0.38,0.39,0.38,0.39,0.71,0.23,0.27,0.27,0.19,0.27,0.27,0.26,0.28,0.27
GRE,300,2020,3593,6805,0.53,1956,2385,2787,0.82,0.70,40,40,0,0,0,,,,,0.00,15324.80,44693.18,0.00,0.00,15324.80,44693.18,0.00,,24223.18,0.00,0.63,1.85,0.00,0.00,0.63,1.85,0.00,,3607,4387,3607,0.82,1.00,6,52,104,40,0,0,,,,,92.15,92.15,46.07,92.15,92.15,119.79,119.79,59.89,119.79,119.79,465.83,0.20,0.20,0.10,0.20,0.20,0.26,0.26,0.13,0.26,0.26,3593,4387,6805,0.82,0.53,0,104,52,17,0,0,,,,,79.95,139.22,26.05,139.22,139.22,79.95,139.22,31.27,139.22,139.22,465.83,0.17,0.30,0.06,0.30,0.30,0.17,0.30,0.07,0.30,0.30,4387,4387,1.00,0,104,0,0,0,0,,,,,79.95,139.22,26.05,139.22,139.22,79.95,139.22,31.27,139.22,139.22,465.83,0.17,0.30,0.06,0.30,0.30,0.17,0.30,0.07,0.30,0.30,11973.75,14655.46,12949.48,15090.62,12928.00,15069.15,17144.01,19371.64,18576.64,0.00,15324.80,44693.18,0.00,0.00,15324.80,44693.18,0.00,12111.59,10058.80,12659.98,329.69,372.53,0.00,0.82,0.00,0.00,0.00,0.76,0.00,0.00,0.20,0.26,0.17,0.17,0.17,0.17,0.27,0.30,0.41,0.36,0.40,0.36,0.79,0.26,0.28,0.28,0.23,0.29,0.29,0.28,0.27,0.27
GRE,300,2021,3811,6760,0.56,1943,2415,2819,0.80,0.69,50,40,0,0,0,,,,,0.00,15852.61,23229.65,0.00,0.00,15852.61,23229.65,0.00,,21800.86,0.00,0.73,1.07,0.00,0.00,0.73,1.07,0.00,,3823,4492,3823,0.85,1.00,6,52,104,40,0,0,,,,,92.15,92.15,46.07,92.15,92.15,119.79,119.79,59.89,119.79,119.79,419.25,0.22,0.22,0.11,0.22,0.22,0.29,0.29,0.14,0.29,0.29,3928,4492,6760,0.87,0.56,0,104,52,17,0,0,,,,,79.95,139.22,26.05,139.22,139.22,79.95,139.22,31.27,139.22,139.22,419.25,0.19,0.33,0.06,0.33,0.33,0.19,0.33,0.07,0.33,0.33,4492,4492,1.00,0,104,0,0,0,0,,,,,79.95,139.22,26.05,139.22,139.22,79.95,139.22,31.27,139.22,139.22,419.25,0.19,0.33,0.06,0.33,0.33,0.19,0.33,0.07,0.33,0.33,12329.95,13949.92,13313.22,14383.93,13295.10,14365.81,16134.60,18191.36,17396.36,0.00,15852.61,23229.65,0.00,0.00,15852.61,23229.65,0.00,10900.43,10975.77,11911.99,310.28,349.83,0.06,0.96,1.30,0.06,0.06,0.89,1.21,0.06,0.22,0.29,0.19,0.19,0.19,0.19,0.26,0.32,0.45,0.39,0.45,0.39,0.93,0.27,0.31,0.31,0.24,0.32,0.32,0.31,0.29,0.29
GRE,300,2022,4030,6658,0.56,1956,2373,2787,0.82,0.70,50,40,0,0,0,,,,,0.00,16893.79,25025.54,0.00,0.00,16893.79,25025.54,0.00,,22454.89,0.00,0.75,1.11,0.00,0.00,0.75,1.11,0.00,,4030,4609,4030,0.87,1.00,6,52,104,40,0,0,,,,,92.15,92.15,46.07,92.15,92.15,119.79,119.79,59.89,119.79,119.79,431.82,0.21,0.21,0.11,0.21,0.21,0.28,0.28,0.14,0.28,0.28,4141,4609,6658,0.90,0.56,0,104,52,17,0,0,,,,,79.95,139.22,26.05,139.22,139.22,79.95,139.22,31.27,139.22,139.22,431.82,0.19,0.32,0.06,0.32,0.32,0.19,0.32,0.07,0.32,0.32,4609,4609,1.00,0,104,0,0,0,0,,,,,79.95,139.22,26.05,139.22,139.22,79.95,139.22,31.27,139.22,139.22,431.82,0.19,0.32,0.06,0.32,0.32,0.19,0.32,0.07,0.32,0.32,12561.35,14198.01,13538.15,14631.90,13523.69,14617.44,16718.06,18833.16,18038.16,0.00,16893.79,25025.54,0.00,0.00,16893.79,25025.54,0.00,11227.44,11246.66,12167.40,321.50,362.18,0.06,0.97,1.33,0.06,0.06,0.90,1.23,0.06,0.21,0.28,0.19,0.19,0.19,0.19,0.24,0.30,0.42,0.37,0.42,0.37,0.94,0.26,0.29,0.29,0.23,0.30,0.30,0.29,0.28,0.28
GRE,300,2023,4078,6632,0.56,1908,2391,2812,0.80,0.68,50,40,0,0,0,,,,,0.00,17149.44,25873.18,0.00,0.00,17149.44,25873.18,0.00,,23128.53,0.00,0.74,1.12,0.00,0.00,0.74,1.12,0.00,,4078,4591,4078,0.89,1.00,6,52,104,40,0,0,,,,,110.55,110.55,55.28,110.55,110.55,143.72,143.72,71.86,143.72,143.72,444.78,0.25,0.25,0.12,0.25,0.25,0.32,0.32,0.16,0.32,0.32,4183,4591,6632,0.91,0.56,0,104,52,17,0,0,,,,,79.95,139.22,26.05,139.22,139.22,79.95,139.22,31.27,139.22,139.22,444.78,0.18,0.31,0.06,0.31,0.31,0.18,0.31,0.07,0.31,0.31,4591,4591,1.00,0,104,0,0,0,0,,,,,79.95,139.22,26.05,139.22,139.22,79.95,139.22,31.27,139.22,139.22,444.78,0.18,0.31,0.06,0.31,0.31,0.18,0.31,0.07,0.31,0.31,13174.98,14983.60,13766.30,14883.22,13755.13,14872.05,18392.23,20019.86,19896.86,0.00,17149.44,25873.18,0.00,0.00,17149.44,25873.18,0.00,11564.27,11520.88,12425.94,353.70,385.00,0.05,0.90,1.24,0.05,0.05,0.83,1.15,0.05,0.25,0.32,0.18,0.18,0.18,0.18,0.24,0.34,0.33,0.32,0.33,0.32,0.86,0.29,0.25,0.25,0.24,0.25,0.25,0.33,0.25,0.25
HUN,348,2000,3465,6961,0.50,1671,1531,1839,1.09,0.91,50,50,0,0,0,,,,,199200.00,825847.08,914647.84,0.00,199200.00,825847.08,914647.84,0.00,,1057632.00,0.19,0.78,0.86,0.00,0.19,0.78,0.86,0.00,,3465,4092,3807,0.85,0.91,0,39,208,29,0,0,,,,,7661.54,7661.54,3447.69,7661.54,7661.54,7661.54,7661.54,3447.69,7661.54,7661.54,20339.08,0.38,0.38,0.17,0.38,0.38,0.38,0.38,0.17,0.38,0.38,3465,4204,6961,0.82,0.50,0,52,0,0,0,0,,,,,14237.35,14237.35,3643.93,14237.35,0.00,14237.35,14237.35,3643.93,14237.35,0.00,20339.08,0.70,0.70,0.18,0.70,0.00,0.70,0.70,0.18,0.70,0.00,3465,4092,0.85,0,52,0,0,0,0,,,,,20339.08,20339.08,5884.62,20339.08,0.00,20339.08,20339.08,5884.62,20339.08,0.00,20339.08,1.00,1.00,0.29,1.00,0.00,1.00,1.00,0.29,1.00,0.00,492989.17,658589.17,591729.03,757329.03,722766.15,888366.15,689154.48,854754.48,689154.48,199200.00,825847.08,914647.84,0.00,199200.00,825847.08,914647.84,0.00,528816.00,372645.82,538245.82,13252.97,16437.59,0.25,0.92,1.01,0.00,0.25,0.92,1.01,0.00,0.38,0.38,0.70,0.70,1.00,1.00,0.38,0.38,0.69,0.69,1.11,1.11,0.92,0.38,0.70,1.00,0.38,0.70,1.00,0.38,0.70,1.00
HUN,348,2001,3473,6963,0.50,1668,1545,1853,1.08,0.90,50,50,0,0,0,,,,,220200.00,814834.12,902450.69,0.00,220200.00,814834.12,902450.69,0.00,,1213452.00,0.18,0.67,0.74,0.00,0.18,0.67,0.74,0.00,,3473,4103,3859,0.85,0.90,0,39,208,29,0,0,,,,,8469.23,8469.23,3811.15,8469.23,8469.23,8469.23,8469.23,3811.15,8469.23,8469.23,23335.62,0.36,0.36,0.16,0.36,0.36,0.36,0.36,0.16,0.36,0.36,3473,4204,6963,0.83,0.50,0,52,0,0,0,0,,,,,16334.93,16334.93,5715.98,16334.93,0.00,16334.93,16334.93,5715.98,16334.93,0.00,23335.62,0.70,0.70,0.24,0.70,0.00,0.70,0.70,0.24,0.70,0.00,3473,4103,0.85,0,52,0,0,0,0,,,,,23335.62,23335.62,9230.77,23335.62,0.00,23335.62,23335.62,9230.77,23335.62,0.00,23335.62,1.00,1.00,0.40,1.00,0.00,1.00,1.00,0.40,1.00,0.00,560181.99,768981.99,675732.29,884532.29,807122.20,1015922.20,753659.14,962459.14,753659.14,220200.00,814834.12,902450.69,0.00,220200.00,814834.12,902450.69,0.00,606726.00,427002.27,635802.27,14493.44,18508.83,0.25,0.84,0.93,0.00,0.25,0.84,0.93,0.00,0.36,0.36,0.70,0.70,1.00,1.00,0.41,0.41,0.76,0.76,1.16,1.16,0.84,0.39,0.73,1.00,0.39,0.73,1.00,0.39,0.73,1.00
HUN,348,2002,3480,6963,0.50,1664,1552,1863,1.07,0.89,50,50,0,0,0,,,,,241200.00,640089.61,771614.87,0.00,241200.00,640089.61,771614.87,0.00,,1365756.00,0.18,0.47,0.56,0.00,0.18,0.47,0.56,0.00,,3480,4110,3868,0.85,0.90,0,39,208,29,0,0,,,,,9276.92,9276.92,4174.62,9276.92,9276.92,9276.92,9276.92,4174.62,9276.92,9276.92,26264.54,0.35,0.35,0.16,0.35,0.35,0.35,0.35,0.16,0.35,0.35,3480,4204,6963,0.83,0.50,0,52,0,0,0,0,,,,,21011.63,18688.23,8210.06,18688.23,0.00,21011.63,18688.23,8210.06,18688.23,0.00,26264.54,0.80,0.71,0.31,0.71,0.00,0.80,0.71,0.31,0.71,0.00,3480,4110,0.85,0,52,0,0,0,0,,,,,26264.54,26264.54,11538.46,26264.54,0.00,26264.54,26264.54,11538.46,26264.54,0.00,26264.54,1.00,1.00,0.44,1.00,0.00,1.00,1.00,0.44,1.00,0.00,669826.71,895226.71,866438.48,1091838.48,916943.05,1142343.05,886213.54,1111613.54,886213.54,241200.00,640089.61,771614.87,0.00,241200.00,640089.61,771614.87,0.00,682878.00,496312.71,721712.71,17042.57,21377.18,0.27,0.72,0.87,0.00,0.27,0.72,0.87,0.00,0.35,0.35,0.80,0.80,1.00,1.00,0.45,0.45,0.95,0.95,1.08,1.08,0.72,0.40,0.87,1.00,0.40,0.87,1.00,0.40,0.87,1.00
HUN,348,2003,3521,6949,0.51,1657,1559,1880,1.06,0.88,50,50,0,0,0,,,,,259800.00,647601.13,780669.85,0.00,259800.00,647601.13,780669.85,0.00,,1551252.00,0.17,0.42,0.50,0.00,0.17,0.42,0.50,0.00,,3521,4166,3924,0.85,0.90,0,39,208,29,0,0,,,,,9456.92,9456.92,4496.54,9456.92,9456.92,9456.92,9456.92,4496.54,9456.92,9456.92,29831.77,0.32,0.32,0.15,0.32,0.32,0.32,0.32,0.15,0.32,0.32,3521,4204,6949,0.84,0.51,0,52,0,0,0,0,,,,,23865.42,21226.45,8210.06,21226.45,0.00,23865.42,21226.45,8210.06,21226.45,0.00,29831.77,0.80,0.71,0.28,0.71,0.00,0.80,0.71,0.28,0.71,0.00,3521,4166,0.85,0,52,0,0,0,0,,,,,29831.77,29831.77,11538.46,29831.77,0.00,29831.77,29831.77,11538.46,29831.77,0.00,29831.77,1.00,1.00,0.39,1.00,0.00,1.00,1.00,0.39,1.00,0.00,782073.25,1023673.25,1021788.71,1263388.71,1072608.89,1314208.89,1041583.84,1283183.84,1041583.84,259800.00,647601.13,780669.85,0.00,259800.00,647601.13,780669.85,0.00,775626.00,581467.30,823067.30,20030.46,24676.61,0.25,0.62,0.75,0.00,0.25,0.62,0.75,0.00,0.32,0.32,0.80,0.80,1.00,1.00,0.44,0.44,0.96,0.96,1.07,1.07,0.62,0.38,0.88,1.00,0.38,0.88,1.00,0.38,0.88,1.00
HUN,348,2004,3485,6944,0.50,1638,1567,1891,1.05,0.87,50,50,0,0,0,,,,,278400.00,658913.47,794306.65,0.00,278400.00,658913.47,794306.65,0.00,,1638228.00,0.17,0.40,0.48,0.00,0.17,0.40,0.48,0.00,,3485,4153,3894,0.84,0.89,0,39,208,29,0,0,,,,,9636.92,9636.92,4818.46,9636.92,9636.92,9636.92,9636.92,4818.46,9636.92,9636.92,31504.38,0.31,0.31,0.15,0.31,0.31,0.31,0.31,0.15,0.31,0.31,3485,4204,6944,0.83,0.50,0,52,0,0,0,0,,,,,25203.51,22416.58,8702.66,22416.58,0.00,25203.51,22416.58,8702.66,22416.58,0.00,31504.38,0.80,0.71,0.28,0.71,0.00,0.80,0.71,0.28,0.71,0.00,3485,4153,0.84,0,52,0,0,0,0,,,,,31504.38,31504.38,12230.77,31504.38,0.00,31504.38,31504.38,12230.77,31504.38,0.00,31504.38,1.00,1.00,0.39,1.00,0.00,1.00,1.00,0.39,1.00,0.00,819153.03,1068553.03,1089509.13,1338909.13,1135615.62,1385015.62,1111246.98,1360646.98,1111246.98,278400.00,658913.47,794306.65,0.00,278400.00,658913.47,794306.65,0.00,819114.00,613564.23,862964.23,21370.13,26166.29,0.25,0.59,0.71,0.00,0.25,0.59,0.71,0.00,0.31,0.31,0.80,0.80,1.00,1.00,0.41,0.41,0.96,0.96,1.05,1.05,0.59,0.36,0.88,1.00,0.36,0.88,1.00,0.36,0.88,1.00
HUN,348,2005,3486,6940,0.50,1643,1578,1912,1.04,0.86,50,50,0,0,0,,,,,296400.00,746654.38,900076.51,0.00,296400.00,746654.38,900076.51,0.00,,1754628.00,0.17,0.43,0.51,0.00,0.17,0.43,0.51,0.00,,3486,4204,3879,0.83,0.90,0,39,208,29,0,0,,,,,10260.00,10260.00,5130.00,10260.00,10260.00,10260.00,10260.00,5130.00,10260.00,10260.00,33742.85,0.30,0.30,0.15,0.30,0.30,0.30,0.30,0.15,0.30,0.30,3486,4204,6940,0.83,0.50,0,52,0,0,0,0,,,,,26994.28,24009.33,9359.47,24009.33,0.00,26994.28,24009.33,9359.47,24009.33,0.00,33742.85,0.80,0.71,0.28,0.71,0.00,0.80,0.71,0.28,0.71,0.00,3486,4204,0.83,0,52,0,0,0,0,,,,,33742.85,33742.85,13153.85,33742.85,0.00,33742.85,33742.85,13153.85,33742.85,0.00,33742.85,1.00,1.00,0.39,1.00,0.00,1.00,1.00,0.39,1.00,0.00,886284.03,1143484.03,1193247.92,1450447.92,1230027.62,1487227.62,1186161.74,1443361.74,1186161.74,296400.00,746654.38,900076.51,0.00,296400.00,746654.38,900076.51,0.00,877314.00,662520.09,919720.09,22810.80,27756.96,0.25,0.63,0.76,0.00,0.25,0.63,0.76,0.00,0.30,0.30,0.80,0.80,1.00,1.00,0.43,0.43,1.01,1.01,1.08,1.08,0.63,0.37,0.91,1.00,0.37,0.91,1.00,0.37,0.91,1.00
HUN,348,2006,3523,6932,0.51,1658,1591,1924,1.04,0.86,50,50,0,0,0,,,,,309600.00,793779.78,956885.22,0.00,309600.00,793779.78,956885.22,0.00,,1907940.00,0.16,0.42,0.50,0.00,0.16,0.42,0.50,0.00,,3523,4247,3904,0.83,0.90,0,39,208,52,0,0,,,,,17307.69,12885.67,8653.85,12885.67,12885.67,17307.69,12885.67,8653.85,12885.67,12885.67,36691.15,0.47,0.35,0.24,0.35,0.35,0.47,0.35,0.24,0.35,0.35,3523,4247,6932,0.83,0.51,0,52,0,0,0,0,,,,,29352.92,26107.17,10262.57,26107.17,0.00,29352.92,26107.17,10262.57,26107.17,0.00,36691.15,0.80,0.71,0.28,0.71,0.00,0.80,0.71,0.28,0.71,0.00,3523,4247,0.83,0,52,0,0,0,0,,,,,36691.15,36691.15,14423.08,36691.15,0.00,36691.15,36691.15,14423.08,36691.15,0.00,36691.15,1.00,1.00,0.39,1.00,0.00,1.00,1.00,0.39,1.00,0.00,988755.35,1276755.35,1270949.43,1558949.43,1310942.79,1598942.79,1256566.32,1544566.32,1256566.32,309600.00,793779.78,956885.22,0.00,309600.00,793779.78,956885.22,0.00,953970.00,714831.66,1002831.66,24164.74,29703.20,0.25,0.63,0.76,0.00,0.25,0.63,0.76,0.00,0.47,0.47,0.80,0.80,1.00,1.00,0.51,0.51,1.03,1.03,1.10,1.10,0.63,0.49,0.91,1.00,0.49,0.91,1.00,0.49,0.91,1.00
HUN,348,2007,3520,6931,0.51,1676,1605,1951,1.04,0.86,50,50,0,0,0,,,,,325560.00,866280.49,1044283.33,0.00,325560.00,866280.49,1044283.33,0.00,,2079696.00,0.16,0.42,0.50,0.00,0.16,0.42,0.50,0.00,,3520,4214,3872,0.84,0.91,0,39,208,52,0,0,,,,,18138.46,13504.18,9069.23,13504.18,13504.18,18138.46,13504.18,9069.23,13504.18,13504.18,39994.15,0.45,0.34,0.23,0.34,0.34,0.45,0.34,0.23,0.34,0.34,3520,4214,6931,0.84,0.51,0,52,0,0,0,0,,,,,31995.32,28457.38,10755.18,28457.38,0.00,31995.32,28457.38,10755.18,28457.38,0.00,39994.15,0.80,0.71,0.27,0.71,0.00,0.80,0.71,0.27,0.71,0.00,3520,4214,0.84,0,52,0,0,0,0,,,,,39994.15,39994.15,15115.38,39994.15,0.00,39994.15,39994.15,15115.38,39994.15,0.00,39994.15,1.00,1.00,0.38,1.00,0.00,1.00,1.00,0.38,1.00,0.00,1016387.99,1321187.99,1324311.75,1629111.75,1367905.38,1672705.38,1279518.12,1584318.12,1279518.12,325560.00,866280.49,1044283.33,0.00,325560.00,866280.49,1044283.33,0.00,1039848.00,742945.00,1047745.00,24606.12,30467.66,0.25,0.68,0.82,0.00,0.25,0.68,0.82,0.00,0.45,0.45,0.80,0.80,1.00,1.00,0.51,0.51,1.08,1.08,1.16,1.16,0.68,0.48,0.94,1.00,0.48,0.94,1.00,0.48,0.94,1.00
HUN,348,2008,3478,6913,0.50,1716,1624,1959,1.06,0.88,50,50,0,0,0,,,,,342000.00,959431.03,1189431.62,0.00,342000.00,959431.03,1189431.62,0.00,,2215257.00,0.15,0.43,0.54,0.00,0.15,0.43,0.54,0.00,,3478,4175,3818,0.83,0.91,0,39,208,52,0,0,,,,,19107.69,14225.78,9553.85,14225.78,14225.78,19107.69,14225.78,9553.85,14225.78,14225.78,42601.10,0.45,0.33,0.22,0.33,0.33,0.45,0.33,0.22,0.33,0.33,3478,4175,6913,0.83,0.50,0,52,0,0,0,0,,,,,34080.88,30312.32,11329.88,30312.32,0.00,34080.88,30312.32,11329.88,30312.32,0.00,42601.10,0.80,0.71,0.27,0.71,0.00,0.80,0.71,0.27,0.71,0.00,3478,4175,0.83,0,52,0,0,0,0,,,,,42601.10,42601.10,15923.08,42601.10,0.00,42601.10,42601.10,15923.08,42601.10,0.00,42601.10,1.00,1.00,0.37,1.00,0.00,1.00,1.00,0.37,1.00,0.00,1075979.34,1395179.34,1405030.39,1724230.39,1469145.04,1788345.04,1386072.72,1705272.72,1386072.72,342000.00,959431.03,1189431.62,0.00,342000.00,959431.03,1189431.62,0.00,1107628.50,787998.53,1107198.52,26655.24,32793.71,0.25,0.69,0.86,0.00,0.25,0.69,0.86,0.00,0.45,0.45,0.80,0.80,1.00,1.00,0.48,0.48,1.03,1.03,1.14,1.14,0.69,0.47,0.92,1.00,0.47,0.92,1.00,0.47,0.92,1.00
HUN,348,2009,3413,6898,0.49,1731,1640,1970,1.06,0.88,50,50,0,0,0,,,,,342000.00,1021355.79,1266201.36,0.00,342000.00,1021355.79,1266201.36,0.00,,2217012.00,0.15,0.46,0.57,0.00,0.15,0.46,0.57,0.00,,3413,4166,3717,0.82,0.92,0,39,208,52,0,0,,,,,19800.00,14741.21,9900.00,14741.21,14741.21,19800.00,14741.21,9900.00,14741.21,14741.21,42634.85,0.46,0.35,0.23,0.35,0.35,0.46,0.35,0.23,0.35,0.35,3413,4166,6898,0.82,0.49,0,52,0,0,0,0,,,,,29844.39,26072.85,10090.38,26072.85,66733.33,29844.39,26072.85,10090.38,26072.85,66733.33,42634.85,0.70,0.61,0.24,0.61,1.57,0.70,0.61,0.24,0.61,1.57,3413,4166,0.82,0,52,0,0,0,0,,,,,42634.85,42634.85,16500.00,42634.85,42634.85,42634.85,42634.85,16500.00,42634.85,42634.85,42634.85,1.00,1.00,0.39,1.00,1.00,1.00,1.00,0.39,1.00,1.00,1083975.36,1403175.36,1364206.02,1683406.02,1509842.65,1829042.65,1426704.52,1745904.52,1426704.52,342000.00,1021355.79,1266201.36,0.00,342000.00,1021355.79,1266201.36,0.00,1108506.00,788568.90,1107768.90,27436.63,33575.09,0.24,0.72,0.89,0.00,0.24,0.72,0.89,0.00,0.46,0.46,0.70,0.70,1.00,1.00,0.46,0.46,0.90,0.90,1.13,1.13,0.72,0.46,0.80,1.00,0.46,0.80,1.00,0.46,0.80,1.00
HUN,348,2010,3473,6874,0.51,1719,1663,1994,1.03,0.86,50,50,0,0,0,,,,,342000.00,1045658.47,1296330.03,0.00,342000.00,1045658.47,1296330.03,0.00,,2329604.00,0.15,0.45,0.56,0.00,0.15,0.45,0.56,0.00,,3473,4202,3701,0.83,0.94,0,39,208,52,0,0,,,,,20353.85,15153.55,10176.92,15153.55,15153.55,20353.85,15153.55,10176.92,15153.55,15153.55,44800.08,0.45,0.34,0.23,0.34,0.34,0.45,0.34,0.23,0.34,0.34,3473,4202,6874,0.83,0.51,0,52,0,0,0,0,,,,,31360.05,27396.97,10372.63,27396.97,68600.00,31360.05,27396.97,10372.63,27396.97,68600.00,44800.08,0.70,0.61,0.23,0.61,1.53,0.70,0.61,0.23,0.61,1.53,3473,4202,0.83,0,52,0,0,0,0,,,,,44800.08,44800.08,16961.54,44800.08,44800.08,44800.08,44800.08,16961.54,44800.08,44800.08,44800.08,1.00,1.00,0.38,1.00,1.00,1.00,1.00,0.38,1.00,1.00,1168005.01,1487205.01,1455035.98,1774235.98,1699169.97,2018369.97,1611809.82,1931009.82,1611809.82,342000.00,1045658.47,1296330.03,0.00,342000.00,1045658.47,1296330.03,0.00,1164802.00,805904.91,1125104.91,30996.34,37134.80,0.21,0.65,0.80,0.00,0.21,0.65,0.80,0.00,0.45,0.45,0.70,0.70,1.00,1.00,0.45,0.45,0.81,0.81,1.11,1.11,0.65,0.45,0.75,1.00,0.45,0.75,1.00,0.45,0.75,1.00
HUN,348,2011,3511,6857,0.51,1701,1671,2020,1.02,0.84,50,50,0,0,0,,,,,342000.00,1118616.88,1386778.45,0.00,342000.00,1118616.88,1386778.45,0.00,,2476369.05,0.14,0.45,0.56,0.00,0.14,0.45,0.56,0.00,,3511,4225,3724,0.83,0.94,0,39,208,52,0,0,,,,,21600.00,16081.32,10800.00,16081.32,16081.32,21600.00,16081.32,10800.00,16081.32,16081.32,47622.48,0.45,0.34,0.23,0.34,0.34,0.45,0.34,0.23,0.34,0.34,3511,4225,6857,0.83,0.51,0,52,0,0,0,0,,,,,33335.74,29122.98,11007.69,29122.98,36400.00,33335.74,29122.98,11007.69,29122.98,36400.00,47622.48,0.70,0.61,0.23,0.61,0.76,0.70,0.61,0.23,0.61,0.76,3511,4225,0.83,0,52,0,0,0,0,,,,,36400.00,36400.00,18000.00,36400.00,36400.00,36400.00,36400.00,18000.00,36400.00,36400.00,47622.48,0.76,0.76,0.38,0.76,0.76,0.76,0.76,0.38,0.76,0.76,1206445.17,1712543.46,1518438.07,2077638.07,1666263.98,2225463.98,1637607.63,2196807.63,1637607.63,342000.00,1118616.88,1386778.45,0.00,342000.00,1118616.88,1386778.45,0.00,1238184.52,842503.14,1281703.14,31492.45,42246.30,0.21,0.68,0.85,0.00,0.21,0.68,0.85,0.00,0.45,0.45,0.70,0.70,0.76,0.76,0.46,0.47,0.85,0.87,1.04,1.03,0.68,0.46,0.78,0.90,0.46,0.78,0.90,0.46,0.78,0.90
HUN,348,2012,3769,6816,0.55,1959,1676,2056,1.17,0.95,50,50,0,0,0,,,,,342000.00,1192573.02,1478463.82,0.00,342000.00,1192573.02,1478463.82,0.00,,2679044.60,0.13,0.45,0.55,0.00,0.13,0.45,0.55,0.00,,3769,4300,3793,0.88,0.99,0,13,156,51,0,0,,,,,21461.54,10583.77,5394.31,10583.77,10583.77,21461.54,10583.77,5394.31,10583.77,10583.77,51520.09,0.42,0.21,0.10,0.21,0.21,0.42,0.21,0.10,0.21,0.21,3769,4300,6816,0.88,0.55,0,52,0,0,0,0,,,,,36064.06,31506.52,13124.56,31506.52,43400.00,36064.06,31506.52,13124.56,31506.52,43400.00,51520.09,0.70,0.61,0.25,0.61,0.84,0.70,0.61,0.25,0.61,0.84,3769,4300,0.88,0,52,0,0,0,0,,,,,43400.00,43400.00,21461.54,43400.00,43400.00,43400.00,43400.00,21461.54,43400.00,43400.00,51520.09,0.84,0.84,0.42,0.84,0.84,0.84,0.84,0.42,0.84,0.84,1081018.89,1564247.38,1565489.41,2124689.41,1823345.66,2382545.66,1743756.29,2302956.29,1743756.29,342000.00,1192573.02,1478463.82,0.00,342000.00,1192573.02,1478463.82,0.00,1339522.30,877387.11,1410910.67,33533.77,44287.62,0.20,0.68,0.85,0.00,0.20,0.68,0.85,0.00,0.42,0.42,0.70,0.70,0.84,0.84,0.24,0.17,0.79,0.80,1.09,1.09,0.68,0.31,0.75,0.97,0.33,0.75,0.97,0.29,0.75,0.97
HUN,348,2013,3796,6776,0.56,2000,1702,2093,1.18,0.96,50,50,0,0,0,,,,,342000.00,1217089.55,1508857.59,0.00,342000.00,1217089.55,1508857.59,0.00,,2807172.82,0.12,0.43,0.54,0.00,0.12,0.43,0.54,0.00,,3796,4334,3860,0.88,0.98,0,13,156,51,0,0,,,,,22615.38,11152.79,5846.68,11152.79,11152.79,22615.38,11152.79,5846.68,11152.79,11152.79,53984.09,0.42,0.21,0.11,0.21,0.21,0.42,0.21,0.11,0.21,0.21,3796,4334,6776,0.88,0.56,0,52,0,0,0,0,,,,,37788.86,33013.35,13830.18,33013.35,45733.33,37788.86,33013.35,13830.18,33013.35,45733.33,53984.09,0.70,0.61,0.26,0.61,0.85,0.70,0.61,0.26,0.61,0.85,3796,4334,0.88,0,52,0,0,0,0,,,,,45733.33,45733.33,22615.38,45733.33,45733.33,45733.33,45733.33,22615.38,45733.33,45733.33,53984.09,0.85,0.85,0.42,0.85,0.85,0.85,0.85,0.42,0.85,0.85,1133928.82,1619524.44,1640360.64,2199560.64,1918165.10,2477365.10,1838698.20,2397898.20,1838698.20,342000.00,1217089.55,1508857.59,0.00,342000.00,1217089.55,1508857.59,0.00,1403586.41,919349.10,1358549.10,35359.58,46113.43,0.19,0.66,0.82,0.00,0.19,0.66,0.82,0.00,0.42,0.42,0.70,0.70,0.85,0.85,0.23,0.25,0.78,0.81,1.09,1.08,0.66,0.33,0.75,0.96,0.33,0.74,0.97,0.34,0.75,0.96
HUN,348,2014,3954,6720,0.59,2037,1732,1993,1.18,1.00,50,50,0,0,0,,,,,342000.00,1280181.64,1587074.50,0.00,342000.00,1280181.64,1587074.50,0.00,,2939960.25,0.12,0.44,0.54,0.00,0.12,0.44,0.54,0.00,,3954,4444,4070,0.89,0.97,0,13,156,51,0,0,,,,,23423.08,11551.11,6324.66,11551.11,11551.11,23423.08,11551.11,6324.66,11551.11,11551.11,56537.70,0.41,0.20,0.11,0.20,0.20,0.41,0.20,0.11,0.20,0.20,3954,4444,6720,0.89,0.59,0,52,0,0,0,0,,,,,39576.39,34574.98,14324.11,34574.98,47366.67,39576.39,34574.98,14324.11,34574.98,47366.67,56537.70,0.70,0.61,0.25,0.61,0.84,0.70,0.61,0.25,0.61,0.84,3954,4444,0.89,0,52,0,0,0,0,,,,,47366.67,47366.67,23423.08,47366.67,47366.67,47366.67,47366.67,23423.08,47366.67,47366.67,56537.70,0.84,0.84,0.41,0.84,0.84,0.84,0.84,0.41,0.84,0.84,1185080.27,1952262.37,1717954.46,2277154.46,1997324.98,2556524.98,1925673.96,2484873.96,1925673.96,342000.00,1280181.64,1587074.50,0.00,342000.00,1280181.64,1587074.50,0.00,1469980.12,962836.98,1402036.98,37032.19,47786.04,0.18,0.66,0.82,0.00,0.18,0.66,0.82,0.00,0.41,0.41,0.70,0.70,0.84,0.84,0.23,0.51,0.78,0.81,1.07,1.07,0.66,0.39,0.75,0.95,0.32,0.74,0.96,0.46,0.75,0.95
HUN,348,2015,3962,6664,0.59,2023,1764,2028,1.15,1.00,50,50,0,0,0,,,,,342000.00,1322150.81,1639104.77,0.00,342000.00,1322150.81,1639104.77,0.00,,3056440.45,0.11,0.43,0.54,0.00,0.11,0.43,0.54,0.00,,3962,4518,4176,0.88,0.95,0,13,156,51,0,0,,,,,24230.77,11949.42,6785.56,11949.42,11949.42,24230.77,11949.42,6785.56,11949.42,11949.42,58777.70,0.41,0.20,0.12,0.20,0.20,0.41,0.20,0.12,0.20,0.20,3962,4518,6664,0.88,0.59,0,52,0,0,0,0,,,,,41144.39,35944.82,14818.05,35944.82,49000.00,41144.39,35944.82,14818.05,35944.82,49000.00,58777.70,0.70,0.61,0.25,0.61,0.83,0.70,0.61,0.25,0.61,0.83,3962,4518,0.88,0,52,0,0,0,0,,,,,49000.00,49000.00,24230.77,49000.00,49000.00,49000.00,49000.00,24230.77,49000.00,49000.00,58777.70,0.83,0.83,0.41,0.83,0.83,0.83,0.83,0.41,0.83,0.83,1230891.10,1974603.43,1763184.08,2322384.08,2071144.25,2630344.25,2001968.49,2561168.49,2001968.49,342000.00,1322150.81,1639104.77,0.00,342000.00,1322150.81,1639104.77,0.00,1528220.23,1000984.25,1440184.25,38499.39,49253.24,0.17,0.66,0.82,0.00,0.17,0.66,0.82,0.00,0.41,0.41,0.70,0.70,0.83,0.83,0.23,0.48,0.76,0.79,1.07,1.06,0.66,0.38,0.74,0.95,0.32,0.73,0.95,0.44,0.74,0.95
HUN,348,2016,4027,6609,0.61,2015,1797,2056,1.12,0.98,50,50,0,0,0,,,,,342000.00,1385911.32,1718150.34,0.00,342000.00,1385911.32,1718150.34,0.00,,3235880.06,0.11,0.43,0.53,0.00,0.11,0.43,0.53,0.00,,4027,4586,4309,0.88,0.93,0,13,156,51,0,0,,,,,25615.38,12632.24,7092.83,12632.24,12632.24,25615.38,12632.24,7092.83,12632.24,12632.24,62228.46,0.41,0.20,0.11,0.20,0.20,0.41,0.20,0.11,0.20,0.20,4027,4586,6609,0.88,0.61,0,52,0,0,0,0,,,,,43559.92,38055.10,15664.79,38055.10,51800.00,43559.92,38055.10,15664.79,38055.10,51800.00,62228.46,0.70,0.61,0.25,0.61,0.83,0.70,0.61,0.25,0.61,0.83,4027,4586,0.88,0,52,0,0,0,0,,,,,51800.00,51800.00,25615.38,51800.00,51800.00,51800.00,51800.00,25615.38,51800.00,51800.00,62228.46,0.83,0.83,0.41,0.83,0.83,0.83,0.83,0.41,0.83,0.83,1322258.89,2148612.28,1892772.04,2511960.04,2220710.12,2839898.12,2151860.24,2771048.24,2151860.24,342000.00,1385911.32,1718150.34,0.00,342000.00,1385911.32,1718150.34,0.00,1617940.03,1075930.12,1545124.12,41381.93,53289.39,0.16,0.64,0.80,0.00,0.16,0.64,0.80,0.00,0.41,0.41,0.70,0.70,0.83,0.83,0.23,0.49,0.76,0.79,1.06,1.06,0.64,0.39,0.74,0.95,0.32,0.73,0.95,0.45,0.74,0.94
HUN,348,2017,4018,6546,0.61,2046,1828,2100,1.12,0.97,50,50,0,0,0,,,,,342000.00,1495860.13,1854456.73,0.00,342000.00,1495860.13,1854456.73,0.00,,3612841.26,0.09,0.41,0.51,0.00,0.09,0.41,0.51,0.00,,4018,4613,4373,0.87,0.92,0,13,156,51,0,0,,,,,29423.08,14510.01,7596.42,14510.01,14510.01,29423.08,14510.01,7596.42,14510.01,14510.01,69477.72,0.42,0.21,0.11,0.21,0.21,0.42,0.21,0.11,0.21,0.21,4018,4613,6546,0.87,0.61,0,52,0,0,0,0,,,,,48634.40,42488.30,17993.34,42488.30,59500.00,48634.40,42488.30,17993.34,42488.30,59500.00,69477.72,0.70,0.61,0.26,0.61,0.86,0.70,0.61,0.26,0.61,0.86,4018,4613,0.87,0,52,0,0,0,0,,,,,59500.00,59500.00,29423.08,59500.00,59500.00,59500.00,59500.00,29423.08,59500.00,59500.00,69477.72,0.86,0.86,0.42,0.86,0.86,0.86,0.86,0.42,0.86,0.86,1484214.92,2384821.50,2113268.97,2792468.97,2516219.72,3195419.72,2402539.44,3081739.44,2402539.44,342000.00,1495860.13,1854456.73,0.00,342000.00,1495860.13,1854456.73,0.00,1806420.63,1201269.72,1700469.72,46202.68,59264.22,0.14,0.62,0.77,0.00,0.14,0.62,0.77,0.00,0.42,0.42,0.70,0.70,0.86,0.86,0.24,0.50,0.76,0.79,1.09,1.08,0.62,0.39,0.74,0.97,0.33,0.73,0.98,0.46,0.75,0.97
HUN,348,2018,4038,6504,0.62,2027,1852,1999,1.09,1.00,50,50,0,0,0,,,,,342000.00,1689540.58,2094567.43,0.00,342000.00,1689540.58,2094567.43,0.00,,3990709.14,0.09,0.42,0.52,0.00,0.09,0.42,0.52,0.00,,4038,4642,4411,0.87,0.92,0,13,156,51,0,0,,,,,31846.15,15704.95,8219.49,15704.95,15704.95,31846.15,15704.95,8219.49,15704.95,15704.95,76744.41,0.41,0.20,0.11,0.20,0.20,0.41,0.20,0.11,0.20,0.20,4038,4642,6504,0.87,0.62,0,52,0,0,0,0,,,,,53721.08,46932.16,19475.15,46932.16,64400.00,53721.08,46932.16,19475.15,46932.16,64400.00,76744.41,0.70,0.61,0.25,0.61,0.84,0.70,0.61,0.25,0.61,0.84,4038,4642,0.87,0,52,0,0,0,0,,,,,64400.00,64400.00,31846.15,64400.00,64400.00,64400.00,64400.00,31846.15,64400.00,64400.00,76744.41,0.84,0.84,0.41,0.84,0.84,0.84,0.84,0.41,0.84,0.84,1633157.36,2603655.83,2334296.24,3073508.24,2750150.79,3489362.79,2653821.58,3393033.58,2653821.58,342000.00,1689540.58,2094567.43,0.00,342000.00,1689540.58,2094567.43,0.00,1995354.57,1326910.79,1856116.79,51035.03,65250.65,0.13,0.64,0.79,0.00,0.13,0.64,0.79,0.00,0.41,0.41,0.70,0.70,0.84,0.84,0.23,0.49,0.76,0.79,1.07,1.06,0.64,0.39,0.74,0.95,0.32,0.73,0.96,0.45,0.75,0.95
HUN,348,2019,4045,6461,0.63,2032,1890,2026,1.07,1.00,50,50,0,0,0,,,,,342000.00,1883307.57,2334785.41,0.00,342000.00,1883307.57,2334785.41,0.00,,4541850.87,0.08,0.41,0.51,0.00,0.08,0.41,0.51,0.00,,4045,4672,4436,0.87,0.91,0,13,156,51,0,0,,,,,34384.62,16956.80,8970.60,16956.80,16956.80,34384.62,16956.80,8970.60,16956.80,16956.80,87343.29,0.39,0.19,0.10,0.19,0.19,0.39,0.19,0.10,0.19,0.19,4045,4672,6461,0.87,0.63,0,52,0,0,0,0,,,,,61140.30,53413.78,21027.51,53413.78,69533.33,61140.30,53413.78,21027.51,53413.78,69533.33,87343.29,0.70,0.61,0.24,0.61,0.80,0.70,0.61,0.24,0.61,0.80,4045,4672,0.87,0,52,0,0,0,0,,,,,69533.33,69533.33,34384.62,69533.33,69533.33,69533.33,69533.33,34384.62,69533.33,69533.33,87343.29,0.80,0.80,0.39,0.80,0.80,0.80,0.80,0.39,0.80,0.80,1840822.95,2896293.45,2656677.06,3455865.06,3046852.08,3846040.08,3020330.83,3819518.83,3020330.83,342000.00,1883307.57,2334785.41,0.00,342000.00,1883307.57,2334785.41,0.00,2270925.44,1510165.41,2069359.41,58083.29,73452.29,0.11,0.62,0.77,0.00,0.11,0.62,0.77,0.00,0.39,0.39,0.70,0.70,0.80,0.80,0.22,0.47,0.76,0.79,1.02,1.02,0.62,0.37,0.74,0.91,0.31,0.73,0.91,0.43,0.75,0.91
HUN,348,2020,3972,6406,0.62,2054,1942,1942,1.06,1.00,50,50,0,0,0,,,,,342000.00,2105244.04,2609925.83,0.00,342000.00,2105244.04,2609925.83,0.00,,4913679.90,0.07,0.43,0.53,0.00,0.07,0.43,0.53,0.00,,3972,4658,4376,0.85,0.91,0,13,156,51,0,0,,,,,37153.85,18322.44,9824.13,18322.44,18322.44,37153.85,18322.44,9824.13,18322.44,18322.44,94493.84,0.39,0.19,0.10,0.19,0.19,0.39,0.19,0.10,0.19,0.19,3972,4658,6406,0.85,0.62,0,52,0,0,0,0,,,,,66145.69,57786.62,22721.01,57786.62,75133.33,66145.69,57786.62,22721.01,57786.62,75133.33,94493.84,0.70,0.61,0.24,0.61,0.80,0.70,0.61,0.24,0.61,0.80,3972,4658,0.85,0,52,0,0,0,0,,,,,75133.33,75133.33,37153.85,75133.33,75133.33,75133.33,75133.33,37153.85,75133.33,75133.33,94493.84,0.80,0.80,0.39,0.80,0.80,0.80,0.80,0.39,0.80,0.80,1991086.24,3123891.52,2874172.01,3673360.01,3294245.23,4093433.23,3267597.13,4066785.13,3267597.13,342000.00,2105244.04,2609925.83,0.00,342000.00,2105244.04,2609925.83,0.00,2456839.95,1633798.57,2192992.57,62838.41,78207.41,0.10,0.64,0.80,0.00,0.10,0.64,0.80,0.00,0.39,0.39,0.70,0.70,0.80,0.80,0.22,0.50,0.76,0.79,1.02,1.01,0.64,0.38,0.74,0.91,0.31,0.73,0.91,0.44,0.75,0.90
HUN,348,2021,3978,6337,0.63,2029,1977,1977,1.03,1.00,50,50,0,0,0,,,,,342000.00,2305839.16,2858608.82,0.00,342000.00,2305839.16,2858608.82,0.00,,5413679.90,0.06,0.43,0.53,0.00,0.06,0.43,0.53,0.00,,3978,4838,4535,0.82,0.88,0,13,156,51,0,0,,,,,38630.77,19050.79,10505.25,19050.79,19050.79,38630.77,19050.79,10505.25,19050.79,19050.79,104109.23,0.37,0.18,0.10,0.18,0.18,0.37,0.18,0.10,0.18,0.18,3978,4838,6337,0.82,0.63,0,52,0,0,0,0,,,,,72876.46,63666.80,22721.01,63666.80,75133.33,72876.46,63666.80,22721.01,63666.80,75133.33,104109.23,0.70,0.61,0.22,0.61,0.72,0.70,0.61,0.22,0.61,0.72,3978,4838,0.82,0,52,0,0,0,0,,,,,78120.00,78120.00,38630.77,78120.00,78120.00,78120.00,78120.00,38630.77,78120.00,78120.00,104109.23,0.75,0.75,0.37,0.75,0.75,0.75,0.75,0.37,0.75,0.75,2171538.98,3355328.51,3166638.36,3965826.36,3526500.57,4325688.57,3600097.13,4399285.13,3600097.13,342000.00,2305839.16,2858608.82,0.00,342000.00,2305839.16,2858608.82,0.00,2706839.95,1800048.57,2359242.57,69232.64,84601.64,0.09,0.64,0.79,0.00,0.09,0.64,0.79,0.00,0.37,0.37,0.70,0.70,0.75,0.75,0.21,0.49,0.76,0.79,0.96,0.96,0.64,0.36,0.74,0.86,0.29,0.73,0.85,0.43,0.74,0.86
HUN,348,2022,4006,6288,0.64,1997,1990,1990,1.00,1.00,50,50,0,0,0,,,,,342000.00,2510257.39,3112031.42,0.00,342000.00,2510257.39,3112031.42,0.00,,5913679.90,0.06,0.42,0.53,0.00,0.06,0.42,0.53,0.00,,4006,4885,4696,0.82,0.85,0,13,156,51,0,0,,,,,46153.85,22760.80,11563.62,22760.80,22760.80,46153.85,22760.80,11563.62,22760.80,22760.80,113724.61,0.41,0.20,0.10,0.20,0.20,0.41,0.20,0.10,0.20,0.20,4006,4642,6288,0.86,0.64,0,52,0,0,0,0,,,,,79607.23,69546.98,28224.85,69546.98,93333.33,79607.23,69546.98,28224.85,69546.98,93333.33,113724.61,0.70,0.61,0.25,0.61,0.82,0.70,0.61,0.25,0.61,0.82,4006,4885,0.82,0,52,0,0,0,0,,,,,93333.33,93333.33,46153.85,93333.33,93333.33,93333.33,93333.33,46153.85,93333.33,93333.33,113724.61,0.82,0.82,0.41,0.82,0.82,0.82,0.82,0.41,0.82,0.82,2410134.18,3664288.78,3459104.71,4258292.71,4028965.23,4828153.23,3932597.13,4731785.13,3932597.13,342000.00,2510257.39,3112031.42,0.00,342000.00,2510257.39,3112031.42,0.00,2956839.95,1966298.57,2525492.57,75626.87,90995.87,0.09,0.64,0.79,0.00,0.09,0.64,0.79,0.00,0.41,0.41,0.70,0.70,0.82,0.82,0.23,0.52,0.76,0.79,1.05,1.04,0.64,0.39,0.74,0.93,0.32,0.73,0.93,0.46,0.74,0.93
HUN,348,2023,3922,6235,0.63,1990,1972,1972,1.01,1.00,50,50,0,0,0,,,,,342000.00,2940141.51,3644969.96,0.00,342000.00,2940141.51,3644969.96,0.00,,6413679.90,0.05,0.46,0.57,0.00,0.05,0.46,0.57,0.00,,3922,4803,4724,0.82,0.83,0,13,156,51,0,0,,,,,53538.46,26402.53,12980.48,26402.53,26402.53,53538.46,26402.53,12980.48,26402.53,26402.53,123340.00,0.43,0.21,0.11,0.21,0.21,0.43,0.21,0.11,0.21,0.21,3922,4838,6235,0.81,0.63,0,52,0,0,0,0,,,,,86338.00,75427.15,32740.83,75427.15,108266.67,86338.00,75427.15,32740.83,75427.15,108266.67,123340.00,0.70,0.61,0.27,0.61,0.88,0.70,0.61,0.27,0.61,0.88,3922,4838,0.81,0,52,0,0,0,0,,,,,108266.67,108266.67,53538.46,108266.67,108266.67,108266.67,108266.67,53538.46,108266.67,108266.67,123340.00,0.88,0.88,0.43,0.88,0.88,0.88,0.88,0.43,0.88,0.88,2589048.29,3971473.71,3751571.05,4550759.05,4525241.90,5324429.90,4265097.13,5064285.13,4265097.13,342000.00,2940141.51,3644969.96,0.00,342000.00,2940141.51,3644969.96,0.00,3206839.95,2132548.57,2691742.57,82021.10,97390.10,0.08,0.69,0.85,0.00,0.08,0.69,0.85,0.00,0.43,0.43,0.70,0.70,0.88,0.88,0.21,0.54,0.76,0.78,1.12,1.11,0.69,0.41,0.74,1.00,0.32,0.73,1.00,0.49,0.74,0.99
ISL,352,2000,183,182,1.00,25,32,27,0.78,0.95,40,0,0,1,1,,,,,926736.90,926736.90,926736.90,640893.54,926736.90,926736.90,926736.90,640893.54,,1963800.00,0.47,0.47,0.47,0.33,0.47,0.47,0.47,0.33,,160,160,156,1.00,1.02,0,260,52,10,0,0,,,,,14997.50,14997.50,3749.38,14997.50,14997.50,16197.30,16252.30,4949.18,16252.30,16252.30,37765.38,0.40,0.40,0.10,0.40,0.40,0.43,0.43,0.13,0.43,0.43,156,160,182,0.98,0.86,15,52,0,9,0,0,,,,,40912.50,20191.10,4739.54,20191.10,20191.10,40912.50,21587.60,7317.69,21587.60,21587.60,37765.38,1.08,0.53,0.13,0.53,0.53,1.08,0.57,0.19,0.57,0.57,156,160,0.98,7,52,0,0,0,0,,,,,30529.70,29355.48,6050.96,29355.48,29355.48,33218.84,31941.19,8649.04,31941.19,31941.19,37765.38,0.81,0.78,0.16,0.78,0.78,0.88,0.85,0.23,0.85,0.85,1158842.83,1652124.87,1221009.06,1716060.94,1367857.35,1881964.82,1528793.34,2001467.99,1777270.44,926736.90,926736.90,926736.90,640893.54,926736.90,926736.90,926736.90,640893.54,981900.00,865199.17,1392782.27,29399.87,38489.77,0.33,0.53,0.53,0.53,0.50,0.63,0.63,0.63,0.40,0.43,1.08,1.08,0.81,0.88,0.44,0.43,0.54,0.53,0.76,0.80,0.58,0.42,0.81,0.81,0.42,0.81,0.78,0.43,0.81,0.84
ISL,352,2001,186,185,1.00,26,33,27,0.78,0.95,40,0,0,1,1,,,,,1017050.17,1017050.17,1017050.17,741702.96,1017050.17,1017050.17,1017050.17,741702.96,,2370000.00,0.43,0.43,0.43,0.31,0.43,0.43,0.43,0.31,,163,163,159,1.00,1.02,0,260,52,10,0,0,,,,,15685.00,15685.00,3921.25,15685.00,15685.00,16939.80,17046.60,5176.05,17046.60,17046.60,45576.92,0.34,0.34,0.09,0.34,0.34,0.37,0.37,0.11,0.37,0.37,159,163,185,0.98,0.86,15,52,0,9,0,0,,,,,49375.00,23836.48,4739.54,23836.48,23836.48,49375.00,25232.98,7317.69,25232.98,25232.98,45576.92,1.08,0.52,0.10,0.52,0.52,1.08,0.55,0.16,0.55,0.55,159,163,0.98,7,52,0,0,0,0,,,,,31289.71,30086.26,6192.31,30086.26,30086.26,33978.84,32671.97,8790.38,32671.97,32671.97,45576.92,0.69,0.66,0.14,0.66,0.66,0.75,0.72,0.19,0.72,0.72,1303071.77,1834643.35,1408167.98,1939746.38,1507679.48,2058192.88,1786246.48,2295589.25,2058892.48,1017050.17,1017050.17,1017050.17,741702.96,1017050.17,1017050.17,1017050.17,741702.96,1185000.00,1035926.32,1563695.24,34350.89,44145.95,0.29,0.50,0.50,0.50,0.46,0.58,0.58,0.58,0.34,0.37,1.08,1.08,0.69,0.75,0.36,0.37,0.50,0.51,0.63,0.68,0.54,0.36,0.79,0.68,0.35,0.79,0.66,0.37,0.80,0.71
ISL,352,2002,189,187,1.00,26,33,28,0.78,0.94,40,0,0,1,1,,,,,1312205.89,1312205.89,1312205.89,851389.08,1312205.89,1312205.89,1312205.89,851389.08,,2277709.00,0.58,0.58,0.58,0.37,0.58,0.58,0.58,0.37,,162,162,157,1.00,1.03,0,260,52,10,0,0,,,,,17020.00,17020.00,4255.00,17020.00,17020.00,18381.60,18449.60,5616.60,18449.60,18449.60,43802.10,0.39,0.39,0.10,0.39,0.39,0.42,0.42,0.13,0.42,0.42,157,162,187,0.97,0.84,15,52,0,9,0,0,,,,,47452.27,23226.98,5143.38,23226.98,23226.98,47452.27,24745.98,7947.69,24745.98,24745.98,43802.10,1.08,0.53,0.12,0.53,0.53,1.08,0.56,0.18,0.56,0.56,157,162,0.97,7,52,0,0,0,0,,,,,34186.04,32871.19,6575.96,32871.19,32871.19,37098.11,35671.25,9389.42,35671.25,35671.25,43802.10,0.78,0.75,0.15,0.75,0.75,0.85,0.81,0.21,0.81,0.81,1308315.24,1873346.16,1383121.80,1949008.29,1537232.46,2123589.84,1742191.11,2283804.59,2038613.91,1312205.89,1312205.89,1312205.89,851389.08,1312205.89,1312205.89,1312205.89,851389.08,1138854.50,994195.39,1577452.36,33503.68,43919.32,0.42,0.64,0.64,0.64,0.55,0.69,0.69,0.69,0.39,0.42,1.08,1.08,0.78,0.85,0.42,0.42,0.52,0.53,0.73,0.77,0.67,0.41,0.80,0.78,0.40,0.80,0.75,0.42,0.80,0.81
ISL,352,2003,190,188,1.00,27,34,28,0.79,0.95,40,0,0,1,1,,,,,1442155.20,1442155.20,1442155.20,935316.43,1442155.20,1442155.20,1442155.20,935316.43,,2694083.00,0.54,0.54,0.54,0.35,0.54,0.54,0.54,0.35,,159,159,153,1.00,1.04,0,260,52,10,0,0,,,,,17870.00,17870.00,4467.50,17870.00,17870.00,19299.60,19508.40,5897.10,19508.40,19508.40,51809.29,0.34,0.34,0.09,0.34,0.34,0.37,0.38,0.11,0.38,0.38,153,159,188,0.96,0.81,15,52,0,9,0,0,,,,,56126.73,27051.17,5304.92,27051.17,27051.17,56126.73,28619.17,8199.69,28619.17,28619.17,51809.29,1.08,0.52,0.10,0.52,0.52,1.08,0.55,0.16,0.55,0.55,153,159,0.96,7,52,0,0,0,0,,,,,40272.69,38723.74,6831.73,38723.74,38723.74,43275.33,41610.89,9732.69,41610.89,41610.89,51809.29,0.78,0.75,0.13,0.75,0.75,0.84,0.80,0.19,0.80,0.80,1463101.81,2065198.95,1581853.51,2182169.00,1768346.24,2389737.74,2013516.76,2588780.31,2335416.76,1442155.20,1442155.20,1442155.20,935316.43,1442155.20,1442155.20,1442155.20,935316.43,1347041.50,1164988.38,1604984.50,38721.48,49784.24,0.40,0.60,0.60,0.60,0.39,0.62,0.62,0.62,0.34,0.37,1.08,1.08,0.78,0.84,0.35,0.47,0.49,0.59,0.71,0.80,0.61,0.38,0.81,0.78,0.35,0.79,0.74,0.42,0.84,0.82
ISL,352,2004,192,191,1.00,26,34,29,0.77,0.93,40,0,0,1,1,,,,,1586163.62,1586163.62,1753259.52,1044349.33,1586163.62,1586163.62,1753259.52,1044349.33,,2859073.00,0.55,0.55,0.61,0.37,0.55,0.55,0.61,0.37,,159,159,153,1.00,1.04,0,260,52,10,0,0,,,,,20480.00,20480.00,5120.00,20480.00,20480.00,22118.40,22167.60,6758.40,22167.60,22167.60,54982.17,0.37,0.37,0.09,0.37,0.37,0.40,0.40,0.12,0.40,0.40,153,159,191,0.97,0.80,15,52,0,9,0,0,,,,,59564.02,28619.35,5466.46,28619.35,28619.35,59564.02,30236.35,8451.69,30236.35,30236.35,54982.17,1.08,0.52,0.10,0.52,0.52,1.08,0.55,0.15,0.55,0.55,153,159,0.97,7,52,0,0,0,0,,,,,39079.57,37576.51,6986.54,37576.51,37576.51,42172.77,40550.74,9975.00,40550.74,40550.74,54982.17,0.71,0.68,0.13,0.68,0.68,0.77,0.74,0.18,0.74,0.74,1565296.37,2182568.20,1664997.40,2280464.69,1808036.15,2445177.32,2124535.85,2714180.94,2454483.85,1586163.62,1586163.62,1753259.52,1044349.33,1586163.62,1586163.62,1753259.52,1044349.33,1429536.50,1224453.93,1693927.50,40856.46,52195.79,0.41,0.61,0.61,0.66,0.41,0.65,0.65,0.71,0.37,0.40,1.08,1.08,0.71,0.77,0.38,0.48,0.49,0.57,0.65,0.74,0.63,0.41,0.81,0.72,0.38,0.79,0.68,0.44,0.83,0.75
ISL,352,2005,194,193,1.00,27,35,29,0.77,0.92,40,0,0,1,1,,,,,1695290.26,1695290.26,1882634.90,1170904.03,1695290.26,1695290.26,1882634.90,1170904.03,,2949759.00,0.57,0.57,0.64,0.40,0.57,0.57,0.64,0.40,,163,163,159,1.00,1.03,0,260,52,10,0,0,,,,,21095.00,21095.00,5273.75,21095.00,21095.00,22782.60,23144.20,6961.35,23144.20,23144.20,56726.13,0.37,0.37,0.09,0.37,0.37,0.40,0.41,0.12,0.41,0.41,159,163,193,0.97,0.82,14,52,0,9,0,0,,,,,57356.42,29546.95,5676.46,29546.95,29546.95,57356.42,31226.95,8778.00,31226.95,31226.95,56726.13,1.01,0.52,0.10,0.52,0.52,1.01,0.55,0.15,0.55,0.55,159,163,0.97,7,52,0,0,0,0,,,,,45318.97,43575.93,7249.04,43575.93,43575.93,48662.97,46791.31,10479.81,46791.31,46791.31,56726.13,0.80,0.77,0.13,0.77,0.77,0.86,0.82,0.18,0.82,0.82,1630322.12,2271637.19,1736624.43,2371157.99,1963756.47,2623148.21,2215440.69,2822774.71,2555286.69,1695290.26,1695290.26,1882634.90,1170904.03,1695290.26,1695290.26,1882634.90,1170904.03,1474879.50,1274774.35,1747207.50,42604.63,54284.13,0.41,0.63,0.63,0.68,0.41,0.66,0.66,0.72,0.37,0.40,1.01,1.01,0.80,0.86,0.38,0.49,0.49,0.58,0.73,0.81,0.65,0.41,0.77,0.80,0.37,0.75,0.77,0.44,0.80,0.84
ISL,352,2006,200,200,1.00,27,35,29,0.77,0.92,40,0,0,1,1,,,,,1827693.39,1827693.39,2041937.22,1339023.91,1827693.39,1827693.39,2041937.22,1339023.91,,3188693.00,0.57,0.57,0.64,0.42,0.57,0.57,0.64,0.42,,171,171,165,1.00,1.03,0,156,52,10,0,0,,,,,25615.00,34201.45,6403.75,34201.45,34201.45,27664.20,36250.65,8452.95,36250.65,36250.65,61321.02,0.42,0.56,0.10,0.56,0.56,0.45,0.59,0.14,0.59,0.59,165,171,200,0.97,0.83,14,52,0,9,0,0,,,,,62002.36,31804.98,5886.46,31804.98,31804.98,62002.36,33547.98,9104.31,33547.98,33547.98,61321.02,1.01,0.52,0.10,0.52,0.52,1.01,0.55,0.15,0.55,0.55,165,171,0.97,7,52,0,0,0,0,,,,,47938.63,46094.84,7518.27,46094.84,46094.84,51408.03,49430.80,10870.19,49430.80,49430.80,61321.02,0.78,0.75,0.12,0.75,0.75,0.84,0.81,0.18,0.81,0.81,1956434.02,2633511.85,1880526.37,2551783.78,2115634.59,2813100.68,2406908.45,3049488.63,2755251.45,1827693.39,1827693.39,2041937.22,1339023.91,1827693.39,1827693.39,2041937.22,1339023.91,1594346.50,1374588.23,1894144.50,46286.70,58644.01,0.39,0.63,0.63,0.68,0.39,0.66,0.66,0.72,0.42,0.45,1.01,1.01,0.78,0.84,0.56,0.64,0.49,0.57,0.72,0.80,0.64,0.52,0.77,0.78,0.49,0.75,0.75,0.55,0.79,0.82
ISL,352,2007,208,207,1.00,27,36,30,0.77,0.92,40,0,0,1,1,,,,,1888457.81,1888457.81,2128855.47,1502485.38,1888457.81,1888457.81,2128855.47,1502485.38,,3846388.00,0.49,0.49,0.55,0.39,0.49,0.49,0.55,0.39,,177,177,172,1.00,1.02,0,156,52,13,0,0,,,,,26360.00,35279.93,6590.00,35279.93,35279.93,28468.80,37388.73,8698.80,37388.73,37388.73,73969.00,0.36,0.48,0.09,0.48,0.48,0.38,0.51,0.12,0.51,0.51,172,177,207,0.98,0.83,14,52,0,9,0,0,,,,,74790.88,37863.12,6174.00,37863.12,37863.12,74790.88,39679.62,9527.54,39679.62,39679.62,73969.00,1.01,0.51,0.08,0.51,0.51,1.01,0.54,0.13,0.54,0.54,172,177,0.98,7,52,0,0,0,0,,,,,49555.60,47649.62,7864.90,47649.62,47649.62,53171.30,51126.25,11358.17,51126.25,51126.25,73969.00,0.67,0.64,0.11,0.64,0.64,0.72,0.69,0.15,0.69,0.69,2252240.20,2969966.98,2254827.80,2966886.04,2418387.61,3158191.35,2906901.40,3588600.84,3292701.40,1888457.81,1888457.81,2128855.47,1502485.38,1888457.81,1888457.81,2128855.47,1502485.38,1923194.00,1643193.70,2222753.00,55901.95,69011.55,0.31,0.55,0.55,0.60,0.32,0.57,0.57,0.65,0.36,0.38,1.01,1.01,0.67,0.72,0.48,0.55,0.48,0.54,0.61,0.68,0.56,0.44,0.76,0.67,0.42,0.75,0.64,0.47,0.78,0.70
ISL,352,2008,215,213,1.00,28,36,30,0.76,0.92,40,0,0,1,1,,,,,2299127.48,2299127.48,2589849.62,1817013.36,2299127.48,2299127.48,2589849.62,1817013.36,,4097286.00,0.56,0.56,0.63,0.44,0.56,0.56,0.63,0.44,,180,180,174,1.00,1.03,0,156,52,13,0,0,,,,,27230.00,35714.93,6807.50,35714.93,35714.93,29408.40,37893.33,8985.90,37893.33,37893.33,78793.96,0.35,0.45,0.09,0.45,0.45,0.37,0.48,0.11,0.48,0.48,174,180,213,0.97,0.82,14,52,0,9,0,0,,,,,79669.45,40270.52,6461.54,40270.52,40270.52,79669.45,42160.52,9950.77,42160.52,42160.52,78793.96,1.01,0.51,0.08,0.51,0.51,1.01,0.54,0.13,0.54,0.54,174,180,0.97,7,52,0,0,0,0,,,,,53310.76,51260.35,8211.54,51260.35,51260.35,57072.76,54877.66,11846.15,54877.66,54877.66,78793.96,0.68,0.65,0.10,0.65,0.65,0.72,0.70,0.15,0.70,0.70,2364711.89,3117421.06,2398309.79,3145389.73,2581980.70,3357928.79,3093583.46,3809076.21,3501992.46,2299127.48,2299127.48,2589849.62,1817013.36,2299127.48,2299127.48,2589849.62,1817013.36,2048643.00,1747444.73,2357201.00,59491.99,73251.47,0.36,0.61,0.61,0.67,0.37,0.66,0.66,0.71,0.35,0.37,1.01,1.01,0.68,0.72,0.46,0.52,0.48,0.54,0.62,0.69,0.63,0.43,0.76,0.68,0.40,0.75,0.65,0.45,0.78,0.71
ISL,352,2009,218,216,1.00,25,37,30,0.66,0.82,40,0,0,1,1,,,,,2584325.52,2584325.52,2930929.95,2166277.71,2584325.52,2584325.52,2930929.95,2166277.71,,4209404.00,0.61,0.61,0.70,0.51,0.61,0.61,0.70,0.51,,177,177,163,1.00,1.09,0,156,52,13,0,0,,,,,34500.00,45248.62,8625.00,45248.62,45248.62,37260.00,48008.62,11385.00,48008.62,48008.62,80950.08,0.43,0.56,0.11,0.56,0.56,0.46,0.59,0.14,0.59,0.59,163,177,216,0.92,0.76,14,52,0,9,0,0,,,,,81849.52,41766.70,7366.15,41766.70,41766.70,81849.52,43950.70,11398.15,43950.70,43950.70,80950.08,1.01,0.52,0.09,0.52,0.52,1.01,0.54,0.14,0.54,0.54,163,177,0.92,7,52,0,0,0,0,,,,,63312.75,60877.64,8790.38,60877.64,60877.64,67659.95,65057.64,12990.38,65057.64,65057.64,80950.08,0.78,0.75,0.11,0.75,0.75,0.84,0.80,0.16,0.80,0.80,2615862.00,3502115.07,2510185.58,3385965.93,2822229.03,3721533.92,3205073.64,4036127.49,3711539.64,2584325.52,2584325.52,2930929.95,2166277.71,2584325.52,2584325.52,2930929.95,2166277.71,2104702.00,1832480.68,2430822.00,61636.03,77617.84,0.37,0.66,0.66,0.73,0.37,0.70,0.70,0.77,0.43,0.46,1.01,1.01,0.78,0.84,0.57,0.67,0.49,0.59,0.72,0.80,0.68,0.53,0.78,0.79,0.50,0.75,0.75,0.56,0.80,0.82
ISL,352,2010,216,213,1.00,26,38,31,0.69,0.85,40,0,0,1,1,,,,,2810383.64,2810383.64,3195973.25,2409935.07,2810383.64,2810383.64,3195973.25,2409935.07,,4353083.00,0.65,0.65,0.73,0.55,0.65,0.65,0.73,0.55,,177,177,162,1.00,1.09,0,156,52,13,0,0,,,,,34500.00,45248.62,8625.00,45248.62,45248.62,37260.00,48008.62,11385.00,48008.62,48008.62,83713.13,0.41,0.54,0.10,0.54,0.54,0.45,0.57,0.14,0.57,0.57,162,177,213,0.92,0.76,14,52,0,9,0,0,,,,,84643.28,43056.13,7366.15,43056.13,43056.13,84643.28,45240.13,11398.15,45240.13,45240.13,83713.13,1.01,0.51,0.09,0.51,0.51,1.01,0.54,0.14,0.54,0.54,162,177,0.92,7,52,0,0,0,0,,,,,67447.47,64853.34,9369.23,64853.34,64853.34,71794.67,69033.34,13569.23,69033.34,69033.34,83713.13,0.81,0.77,0.11,0.77,0.77,0.86,0.82,0.16,0.82,0.82,2661654.72,3569896.22,2573711.32,3471833.58,2913067.69,3833199.13,3250950.38,4106004.23,3781416.38,2810383.64,2810383.64,3195973.25,2409935.07,2810383.64,2810383.64,3195973.25,2409935.07,2176541.50,1876801.74,2484595.50,62518.28,78961.62,0.39,0.70,0.70,0.77,0.39,0.74,0.74,0.81,0.41,0.45,1.01,1.01,0.81,0.86,0.57,0.67,0.51,0.61,0.75,0.83,0.72,0.52,0.78,0.81,0.49,0.76,0.78,0.56,0.81,0.84
ISL,352,2011,216,213,1.00,27,39,31,0.68,0.85,40,0,0,1,1,,,,,3023603.49,3023603.49,3445312.48,2635681.23,3023603.49,3023603.49,3445312.48,2635681.23,,5577213.00,0.54,0.54,0.62,0.47,0.54,0.54,0.62,0.47,,177,177,163,1.00,1.08,0,156,52,13,0,0,,,,,37277.41,48022.04,9319.35,48022.04,48022.04,40259.60,51004.23,12301.54,51004.23,51004.23,107254.10,0.35,0.45,0.09,0.45,0.45,0.38,0.48,0.11,0.48,0.48,163,177,213,0.92,0.77,14,52,0,9,0,0,,,,,108445.81,54041.91,7366.15,54041.91,54041.91,108445.81,56225.91,11398.15,56225.91,56225.91,107254.10,1.01,0.50,0.07,0.50,0.50,1.01,0.52,0.11,0.52,0.52,163,177,0.92,7,52,0,0,0,0,,,,,69562.56,66887.07,9927.88,66887.07,66887.07,73909.76,71067.07,14127.88,71067.07,71067.07,107254.10,0.65,0.62,0.09,0.62,0.62,0.69,0.66,0.13,0.66,0.66,3082100.85,3984761.18,3110748.16,3999753.16,3310431.36,4230464.98,3999674.75,4854728.60,4530140.75,3023603.49,3023603.49,3445312.48,2635681.23,3023603.49,3023603.49,3445312.48,2635681.23,2788606.50,2287514.97,3094278.50,76916.82,93360.17,0.33,0.60,0.60,0.67,0.34,0.65,0.65,0.71,0.35,0.38,1.01,1.01,0.65,0.69,0.46,0.51,0.48,0.51,0.60,0.65,0.63,0.42,0.75,0.65,0.41,0.75,0.62,0.44,0.76,0.67
ISL,352,2012,216,213,1.00,27,40,32,0.67,0.84,40,0,0,1,1,,,,,3280761.27,3280761.27,3751143.35,2939887.98,3280761.27,3280761.27,3751143.35,2939887.98,,6079006.00,0.54,0.54,0.62,0.48,0.54,0.54,0.62,0.48,,177,177,165,1.00,1.07,0,156,52,13,0,0,,,,,38582.04,49702.75,9645.51,49702.75,49702.75,41668.61,52789.31,12732.07,52789.31,52789.31,116903.96,0.33,0.43,0.08,0.43,0.43,0.36,0.45,0.11,0.45,0.45,165,177,213,0.93,0.78,14,52,0,9,0,0,,,,,118202.89,58867.18,7960.62,58867.18,58867.18,118202.89,61226.18,12315.69,61226.18,61226.18,116903.96,1.01,0.50,0.07,0.50,0.50,1.01,0.52,0.11,0.52,0.52,165,177,0.93,7,52,0,0,0,0,,,,,72132.85,69358.51,10486.54,69358.51,69358.51,76824.93,73870.12,15023.08,73870.12,73870.12,116903.96,0.62,0.59,0.09,0.59,0.59,0.66,0.63,0.13,0.63,0.63,3296817.63,4229039.98,3369486.72,4289112.77,3532496.79,4485569.27,4339786.67,5222759.52,4898171.67,3280761.27,3280761.27,3751143.35,2939887.98,3280761.27,3280761.27,3751143.35,2939887.98,3039503.00,2474455.83,3343857.00,83457.44,100437.68,0.32,0.60,0.60,0.66,0.33,0.64,0.64,0.70,0.33,0.36,1.01,1.01,0.62,0.66,0.44,0.47,0.48,0.50,0.57,0.61,0.62,0.40,0.75,0.61,0.39,0.75,0.59,0.41,0.76,0.63
ISL,352,2013,218,214,1.00,31,42,33,0.73,0.92,40,0,0,1,1,,,,,3508050.05,3508050.05,4025531.21,3234257.23,3508050.05,3508050.05,4025531.21,3234257.23,,6191179.00,0.57,0.57,0.65,0.52,0.57,0.57,0.65,0.52,,182,182,171,1.00,1.06,0,156,52,13,0,0,,,,,39835.91,51318.02,9958.98,51318.02,51318.02,43022.78,54504.90,13145.85,54504.90,54504.90,119061.13,0.33,0.43,0.08,0.43,0.43,0.36,0.46,0.11,0.46,0.46,171,182,214,0.94,0.80,14,52,0,9,0,0,,,,,120384.04,60199.36,8561.54,60199.36,60199.36,120384.04,62740.36,13252.62,62740.36,62740.36,119061.13,1.01,0.51,0.07,0.51,0.51,1.01,0.53,0.11,0.53,0.53,171,182,0.94,7,52,0,0,0,0,,,,,89968.57,86508.24,10688.46,86508.24,86508.24,95022.65,91367.93,15575.00,91367.93,91367.93,119061.13,0.76,0.73,0.09,0.73,0.73,0.80,0.77,0.13,0.77,0.77,3385290.05,4384995.01,3452063.36,4440396.61,3860977.01,4875376.44,4437243.79,5376110.04,5019063.79,3508050.05,3508050.05,4025531.21,3234257.23,3508050.05,3508050.05,4025531.21,3234257.23,3095589.50,2536898.55,3433308.50,85331.61,103386.73,0.33,0.62,0.62,0.69,0.34,0.67,0.67,0.73,0.33,0.36,1.01,1.01,0.76,0.80,0.45,0.49,0.48,0.52,0.70,0.74,0.64,0.41,0.76,0.75,0.39,0.75,0.73,0.43,0.76,0.77
ISL,352,2014,220,216,1.00,32,43,34,0.74,0.92,40,0,0,1,1,,,,,3708552.62,3708552.62,4265479.65,3480793.96,3708552.62,3708552.62,4265479.65,3480793.96,,6856100.00,0.54,0.54,0.62,0.51,0.54,0.54,0.62,0.51,,183,183,174,1.00,1.06,0,156,52,13,0,0,,,,,41270.02,53165.47,10317.51,53165.47,53165.47,44571.62,56467.08,13619.11,56467.08,56467.08,131848.08,0.31,0.40,0.08,0.40,0.40,0.34,0.43,0.10,0.43,0.43,174,183,216,0.95,0.80,14,52,0,9,0,0,,,,,133313.06,66334.60,8871.69,66334.60,66334.60,133313.06,68966.60,13730.77,68966.60,68966.60,131848.08,1.01,0.50,0.07,0.50,0.50,1.01,0.52,0.10,0.52,0.52,174,183,0.95,7,52,0,0,0,0,,,,,97391.97,93646.13,10897.12,93646.13,93646.13,102627.05,98679.85,15958.65,98679.85,98679.85,131848.08,0.74,0.71,0.08,0.71,0.71,0.78,0.75,0.12,0.75,0.75,3666071.68,4680192.09,3795934.95,4798199.77,4223840.98,5263735.11,4903399.43,5864427.13,5509375.43,3708552.62,3708552.62,4265479.65,3480793.96,3708552.62,3708552.62,4265479.65,3480793.96,3428050.00,2778550.86,3751545.86,94296.14,112777.44,0.31,0.60,0.60,0.67,0.32,0.64,0.64,0.70,0.31,0.34,1.01,1.01,0.74,0.78,0.42,0.44,0.48,0.50,0.68,0.72,0.62,0.38,0.75,0.73,0.37,0.74,0.71,0.39,0.75,0.75
ISL,352,2015,222,218,1.00,33,44,35,0.73,0.92,40,0,0,1,1,,,,,3966264.81,3966264.81,4564173.62,3736930.03,3966264.81,3966264.81,4564173.62,3736930.03,,7440480.00,0.53,0.53,0.61,0.50,0.53,0.53,0.61,0.50,,189,189,180,1.00,1.05,0,130,52,13,0,0,,,,,42531.27,54771.98,10632.82,54771.98,54771.98,45933.77,58174.48,14035.32,58174.48,58174.48,143086.15,0.30,0.38,0.07,0.38,0.38,0.32,0.41,0.10,0.41,0.41,180,189,218,0.95,0.83,14,52,0,9,0,0,,,,,144676.00,71722.54,9136.62,71722.54,71722.54,144676.00,74431.54,14137.85,74431.54,74431.54,143086.15,1.01,0.50,0.06,0.50,0.50,1.01,0.52,0.10,0.52,0.52,180,189,0.95,7,52,0,0,0,0,,,,,99657.85,95824.86,11624.04,95824.86,95824.86,105046.08,101005.85,16833.65,101005.85,101005.85,143086.15,0.70,0.67,0.08,0.67,0.67,0.73,0.71,0.12,0.71,0.71,3883076.30,4959854.44,4066876.86,5131383.25,4444502.34,5547738.89,5276393.31,6298456.17,5887217.31,3966264.81,3966264.81,4564173.62,3736930.03,3966264.81,3966264.81,4564173.62,3736930.03,3720240.00,2972066.46,4007990.46,101469.10,121124.16,0.30,0.59,0.59,0.65,0.32,0.63,0.63,0.69,0.30,0.32,1.01,1.01,0.70,0.73,0.40,0.42,0.48,0.49,0.64,0.67,0.61,0.36,0.75,0.69,0.35,0.74,0.67,0.37,0.75,0.70
ISL,352,2016,225,220,1.00,33,46,37,0.72,0.91,40,0,0,1,1,,,,,4237123.13,4237123.13,4879769.74,4016541.31,4237123.13,4237123.13,4879769.74,4016541.31,,8456409.00,0.50,0.50,0.58,0.47,0.50,0.50,0.58,0.47,,194,194,188,1.00,1.03,0,130,52,13,0,0,,,,,46631.43,60072.24,11657.86,60072.24,60072.24,50361.95,63802.75,15388.37,63802.75,63802.75,162623.25,0.29,0.37,0.07,0.37,0.37,0.31,0.39,0.09,0.39,0.39,188,194,220,0.97,0.85,14,52,0,9,0,0,,,,,164430.18,80839.85,9136.62,80839.85,80839.85,164430.18,83548.85,14137.85,83548.85,83548.85,162623.25,1.01,0.50,0.06,0.50,0.50,1.01,0.51,0.09,0.51,0.51,188,194,0.97,7,52,0,0,0,0,,,,,110256.06,106015.44,12754.81,106015.44,106015.44,116173.37,111705.16,18475.96,111705.16,111705.16,162623.25,0.68,0.65,0.08,0.65,0.65,0.71,0.69,0.11,0.69,0.69,4330643.34,5438480.70,4574707.55,5664683.17,4978247.09,6116000.65,5987578.99,7034132.05,6610620.99,4237123.13,4237123.13,4879769.74,4016541.31,4237123.13,4237123.13,4879769.74,4016541.31,4228204.50,3316030.26,4376860.26,115145.75,135271.77,0.28,0.55,0.55,0.61,0.30,0.59,0.59,0.65,0.29,0.31,1.01,1.01,0.68,0.71,0.38,0.40,0.47,0.48,0.62,0.65,0.57,0.34,0.74,0.67,0.33,0.74,0.65,0.35,0.75,0.68
ISL,352,2017,230,224,1.00,32,47,38,0.68,0.85,40,0,0,1,1,,,,,5901017.30,5901017.30,6594316.38,4333119.22,5200145.30,5200145.30,5893444.38,4333119.22,,8903714.00,0.66,0.66,0.74,0.49,0.58,0.58,0.66,0.49,,196,196,190,1.00,1.03,0,130,52,13,0,0,,,,,50128.78,64577.66,12532.19,64577.66,64577.66,54139.08,68587.96,16542.50,68587.96,68587.96,171225.27,0.29,0.38,0.07,0.38,0.38,0.32,0.40,0.10,0.40,0.40,190,196,224,0.97,0.85,14,52,0,9,0,0,,,,,173127.77,85743.13,10777.85,85743.13,85743.13,173127.77,88949.13,16696.62,88949.13,88949.13,171225.27,1.01,0.50,0.06,0.50,0.50,1.01,0.52,0.10,0.52,0.52,190,196,0.97,7,52,0,0,0,0,,,,,119914.62,115302.51,14134.62,115302.51,115302.51,126388.85,121527.74,20394.23,121527.74,121527.74,171225.27,0.70,0.67,0.08,0.67,0.67,0.74,0.71,0.12,0.71,0.71,4591600.33,5729988.08,4848031.01,5971691.09,5332674.94,6505836.96,6352726.33,7423822.11,6987606.33,5901017.30,5901017.30,6594316.38,4333119.22,5200145.30,5200145.30,5893444.38,4333119.22,4451857.00,3479604.66,4565405.66,122167.81,142765.81,0.44,0.69,0.69,0.75,0.40,0.65,0.65,0.71,0.29,0.32,1.01,1.01,0.70,0.74,0.39,0.41,0.48,0.49,0.64,0.68,0.67,0.35,0.75,0.69,0.34,0.74,0.67,0.36,0.75,0.71
ISL,352,2018,238,232,1.00,34,49,39,0.69,0.87,40,0,0,1,1,,,,,6237886.56,6237886.56,6991568.44,4710511.72,5511694.56,5511694.56,6265376.44,4710511.72,,9152462.00,0.68,0.68,0.76,0.51,0.60,0.60,0.68,0.51,,199,199,193,1.00,1.03,0,130,52,13,0,0,,,,,52484.88,67612.85,13121.22,67612.85,67612.85,56683.67,71811.65,17320.01,71811.65,71811.65,176008.88,0.30,0.38,0.07,0.38,0.38,0.32,0.41,0.10,0.41,0.41,193,199,232,0.97,0.83,14,52,0,9,0,0,,,,,177964.54,88248.48,11281.85,88248.48,88248.48,177964.54,91608.48,17484.92,91608.48,91608.48,176008.88,1.01,0.50,0.06,0.50,0.50,1.01,0.52,0.10,0.52,0.52,193,199,0.97,7,52,0,0,0,0,,,,,134765.44,129582.15,14356.73,129582.15,129582.15,141420.67,135981.41,20791.35,135981.41,135981.41,176008.88,0.77,0.74,0.08,0.74,0.74,0.80,0.77,0.12,0.77,0.77,4734657.22,5925096.98,4979397.04,6154471.25,5657087.39,6881992.10,6524564.32,7644549.32,7171303.32,6237886.56,6237886.56,6991568.44,4710511.72,5511694.56,5511694.56,6265376.44,4710511.72,4576231.00,3571174.66,4707113.66,125472.39,147010.56,0.45,0.70,0.70,0.77,0.40,0.67,0.67,0.73,0.30,0.32,1.01,1.01,0.77,0.80,0.39,0.41,0.48,0.49,0.71,0.74,0.68,0.36,0.75,0.75,0.35,0.74,0.74,0.37,0.75,0.77
ISL,352,2019,244,238,1.00,35,51,40,0.70,0.87,40,0,0,1,1,,,,,6598208.99,6598208.99,7417679.56,5121691.06,5845784.99,5845784.99,6665255.56,5121691.06,,9626994.00,0.69,0.69,0.77,0.53,0.61,0.61,0.69,0.53,,203,203,195,1.00,1.04,0,130,52,13,0,0,,,,,64555.74,83162.94,16138.93,83162.94,83162.94,69720.19,88327.39,21303.39,88327.39,88327.39,185134.50,0.35,0.45,0.09,0.45,0.45,0.38,0.48,0.12,0.48,0.48,195,203,238,0.96,0.82,14,52,0,9,0,0,,,,,187191.55,92507.10,11281.85,92507.10,92507.10,187191.55,95867.10,17484.92,95867.10,95867.10,185134.50,1.01,0.50,0.06,0.50,0.50,1.01,0.52,0.09,0.52,0.52,195,203,0.96,7,52,0,0,0,0,,,,,149778.22,144017.51,14356.73,144017.51,144017.51,156433.45,150416.77,20791.35,150416.77,150416.77,185134.50,0.81,0.78,0.08,0.78,0.78,0.84,0.81,0.11,0.81,0.81,5179328.87,6457045.33,5229458.62,6458853.83,6074002.77,7353228.48,6860748.88,8035054.88,7538106.88,6598208.99,6598208.99,7417679.56,5121691.06,5845784.99,5845784.99,6665255.56,5121691.06,4813497.00,3754233.44,4945291.44,131937.48,154520.29,0.44,0.71,0.71,0.78,0.40,0.67,0.67,0.74,0.35,0.38,1.01,1.01,0.81,0.84,0.46,0.49,0.47,0.49,0.75,0.78,0.69,0.42,0.75,0.80,0.40,0.74,0.78,0.43,0.75,0.81
ISL,352,2020,249,243,1.00,37,52,42,0.70,0.88,40,3,0,1,1,,,,,6968528.99,6968528.99,7856641.28,5550701.77,6189860.99,6189860.99,7077973.28,5550701.77,,9247101.00,0.75,0.75,0.85,0.60,0.67,0.67,0.77,0.60,,202,202,189,1.00,1.07,0,130,52,13,0,0,,,,,66815.14,102369.26,16703.78,102369.26,102369.26,72160.35,107714.47,22049.00,107714.47,107714.47,177828.87,0.38,0.58,0.09,0.58,0.58,0.41,0.61,0.12,0.61,0.61,189,202,243,0.94,0.78,14,52,0,9,0,0,,,,,179804.74,89542.30,12102.46,89542.30,89542.30,179804.74,93140.30,18744.92,93140.30,93140.30,177828.87,1.01,0.50,0.07,0.50,0.50,1.01,0.52,0.11,0.52,0.52,189,202,0.94,7,52,0,0,0,0,,,,,154529.11,148585.68,15393.27,148585.68,148585.68,161671.65,155453.51,22299.04,155453.51,155453.51,177828.87,0.87,0.84,0.09,0.84,0.84,0.91,0.87,0.13,0.87,0.87,5426639.75,6769235.66,5108793.97,6420789.46,6073007.73,7421649.44,6657792.36,7894278.36,7313330.36,6968528.99,6968528.99,7856641.28,5550701.77,6189860.99,6189860.99,7077973.28,5550701.77,4623550.50,3684960.36,4938198.36,128034.47,151813.05,0.48,0.77,0.77,0.85,0.42,0.72,0.72,0.80,0.38,0.41,1.01,1.01,0.87,0.91,0.59,0.62,0.48,0.50,0.80,0.84,0.75,0.50,0.75,0.86,0.48,0.75,0.84,0.51,0.76,0.87
ISL,352,2021,252,245,1.00,38,54,43,0.70,0.88,40,3,0,1,1,,,,,7400000.05,7400000.05,8371686.92,6073042.95,6593300.05,6593300.05,7564986.92,6073042.95,,10103366.00,0.73,0.73,0.83,0.60,0.65,0.65,0.75,0.60,,208,208,196,1.00,1.06,0,130,52,13,0,0,,,,,70950.84,106187.75,17737.71,106187.75,106187.75,76626.91,111863.82,23413.78,111863.82,111863.82,194295.50,0.37,0.55,0.09,0.55,0.55,0.39,0.58,0.12,0.58,0.58,196,208,245,0.94,0.80,14,52,0,9,0,0,,,,,196454.34,97461.23,12535.38,97461.23,97461.23,196454.34,101192.23,19423.38,101192.23,101192.23,194295.50,1.01,0.50,0.06,0.50,0.50,1.01,0.52,0.10,0.52,0.52,196,208,0.94,7,52,0,0,0,0,,,,,162321.60,156078.46,15945.19,156078.46,156078.46,169728.68,163200.65,23106.73,163200.65,163200.65,194295.50,0.84,0.80,0.08,0.80,0.80,0.87,0.84,0.12,0.84,0.84,5829734.11,7106755.33,5570354.42,6813755.64,6516026.16,7797385.44,7273616.74,8440073.74,7883125.74,7400000.05,7400000.05,8371686.92,6073042.95,6593300.05,6593300.05,7564986.92,6073042.95,5051683.00,4062362.89,5245571.89,139877.24,162309.11,0.46,0.75,0.75,0.83,0.40,0.71,0.71,0.78,0.37,0.39,1.01,1.01,0.84,0.87,0.55,0.58,0.47,0.49,0.76,0.80,0.73,0.47,0.75,0.82,0.46,0.74,0.80,0.49,0.75,0.84
ISL,352,2022,257,250,1.00,40,56,45,0.70,0.88,40,3,0,1,1,,,,,7871109.91,7871109.91,8888983.60,6361710.55,7001985.91,7001985.91,8019859.60,6361710.55,,10959626.00,0.72,0.72,0.81,0.58,0.64,0.64,0.73,0.58,,218,218,209,1.00,1.04,0,130,52,13,0,0,,,,,74707.27,94421.18,18676.82,94421.18,94421.18,80683.85,100397.76,24653.40,100397.76,100397.76,210762.04,0.35,0.45,0.09,0.45,0.45,0.38,0.48,0.12,0.48,0.48,209,218,250,0.96,0.84,14,52,0,9,0,0,,,,,213103.84,105457.12,13110.46,105457.12,105457.12,213103.84,109356.12,20308.62,109356.12,109356.12,210762.04,1.01,0.50,0.06,0.50,0.50,1.01,0.52,0.10,0.52,0.52,209,218,0.96,7,52,0,0,0,0,,,,,157131.09,151087.59,16678.85,151087.59,151087.59,164536.32,158208.00,23840.38,158208.00,158208.00,210762.04,0.75,0.72,0.08,0.72,0.72,0.78,0.75,0.11,0.75,0.75,5961138.49,7249909.52,6018731.61,7271626.18,6754888.00,8042053.63,7870699.02,9042991.02,8517691.02,7871109.91,7871109.91,8888983.60,6361710.55,7001985.91,7001985.91,8019859.60,6361710.55,5479813.00,4387291.49,5577283.49,151359.60,173903.67,0.46,0.74,0.74,0.82,0.40,0.69,0.69,0.77,0.35,0.38,1.01,1.01,0.75,0.78,0.45,0.48,0.47,0.49,0.68,0.71,0.72,0.42,0.74,0.73,0.40,0.74,0.71,0.43,0.75,0.75
ISL,352,2023,266,259,1.00,40,58,47,0.69,0.87,40,3,0,1,1,,,,,8576665.75,8576665.75,9705029.67,7052274.55,7643221.75,7643221.75,8771585.67,7052274.55,,11066502.00,0.78,0.78,0.88,0.64,0.69,0.69,0.79,0.64,,227,227,219,1.00,1.03,0,130,52,13,0,0,,,,,76453.97,98490.76,19113.49,98490.76,98490.76,82570.29,104607.08,25229.81,104607.08,104607.08,212817.35,0.36,0.46,0.09,0.46,0.46,0.39,0.49,0.12,0.49,0.49,219,227,259,0.97,0.85,14,52,0,9,0,0,,,,,215181.98,107168.76,14499.69,107168.76,107168.76,215181.98,111480.76,22460.31,111480.76,111480.76,212817.35,1.01,0.50,0.07,0.50,0.50,1.01,0.52,0.11,0.52,0.52,219,227,0.97,7,52,0,0,0,0,,,,,171882.40,165271.54,18449.04,165271.54,165271.54,179619.09,172710.67,25933.65,172710.67,172710.67,212817.35,0.81,0.78,0.09,0.78,0.78,0.84,0.81,0.12,0.81,0.81,6160070.80,7567140.34,6177205.96,7552752.45,7114578.06,8522874.49,8059247.52,9347528.52,8775228.52,8576665.75,8576665.75,9705029.67,7052274.55,7643221.75,7643221.75,8771585.67,7052274.55,5533251.00,4518498.08,5824479.08,154985.53,179760.16,0.48,0.79,0.79,0.87,0.42,0.74,0.74,0.82,0.36,0.39,1.01,1.01,0.81,0.84,0.46,0.49,0.47,0.49,0.73,0.77,0.76,0.43,0.75,0.79,0.41,0.74,0.77,0.44,0.75,0.80
IRE,372,2000,1809,2525,0.72,255,398,398,0.64,0.64,48,10,0,1,1,,,,,5304.00,5304.00,5304.00,5304.00,8122.40,8351.20,8351.20,8351.20,,16873.71,0.31,0.31,0.31,0.31,0.48,0.49,0.49,0.49,,1809,1824,1343,0.99,1.35,3,65,52,39,0,0,,,,,77.50,77.50,34.80,77.50,77.50,150.90,150.90,91.70,150.90,134.40,324.49,0.24,0.24,0.11,0.24,0.24,0.47,0.47,0.28,0.47,0.41,1818,1824,2525,1.00,0.72,3,1872,52,39,0,0,,,,,77.50,77.50,34.80,77.50,77.50,150.90,150.90,78.50,150.90,150.90,324.49,0.24,0.24,0.11,0.24,0.24,0.47,0.47,0.24,0.47,0.47,2077,1824,1.00,3,26,0,0,0,0,,,,,77.50,77.50,77.50,77.50,77.50,150.90,125.52,125.52,125.52,125.52,324.49,0.24,0.24,0.24,0.24,0.24,0.47,0.39,0.39,0.39,0.39,8898.84,12317.35,8824.48,12394.00,8824.48,11922.10,13513.51,15567.51,14547.51,5304.00,5304.00,5304.00,5304.00,8122.40,8351.20,8351.20,8351.20,8436.85,7383.76,9005.87,259.88,299.38,0.38,0.38,0.38,0.38,0.56,0.57,0.57,0.57,0.24,0.47,0.24,0.47,0.24,0.47,0.25,0.50,0.24,0.52,0.24,0.44,0.48,0.36,0.36,0.35,0.24,0.24,0.24,0.48,0.49,0.45
IRE,372,2001,1829,2577,0.71,264,402,402,0.66,0.66,48,10,0,1,1,,,,,5824.00,5824.00,5824.00,5824.00,9058.40,9651.20,9651.20,9651.20,,18495.36,0.31,0.31,0.31,0.31,0.49,0.52,0.52,0.52,,1829,1868,1396,0.98,1.31,3,65,52,39,0,0,,,,,85.50,85.50,38.40,85.50,85.50,165.90,165.90,99.80,165.90,146.90,355.68,0.24,0.24,0.11,0.24,0.24,0.47,0.47,0.28,0.47,0.41,1837,1868,2577,0.98,0.71,3,1872,52,39,0,0,,,,,85.50,85.50,38.40,85.50,85.50,165.90,165.90,86.60,165.90,165.90,355.68,0.24,0.24,0.11,0.24,0.24,0.47,0.47,0.24,0.47,0.47,2109,1868,1.00,3,26,0,0,0,0,,,,,85.50,85.50,85.50,85.50,85.50,165.90,140.52,140.52,140.52,140.52,355.68,0.24,0.24,0.24,0.24,0.24,0.47,0.40,0.40,0.40,0.40,10148.20,14415.10,10080.60,14459.72,10080.60,13839.32,15371.17,18091.17,16471.17,5824.00,5824.00,5824.00,5824.00,9058.40,9651.20,9651.20,9651.20,9247.68,8435.58,10405.12,295.60,347.91,0.37,0.37,0.37,0.37,0.55,0.59,0.59,0.59,0.24,0.47,0.24,0.47,0.24,0.47,0.25,0.52,0.24,0.53,0.24,0.45,0.48,0.37,0.37,0.35,0.24,0.24,0.24,0.49,0.50,0.46
IRE,372,2002,1907,2638,0.72,276,407,407,0.68,0.68,48,10,0,1,1,,,,,8060.00,8060.00,8060.00,8060.00,12760.80,13577.20,13577.20,13577.20,,25170.31,0.32,0.32,0.32,0.32,0.51,0.54,0.54,0.54,,1907,1906,1435,1.00,1.33,3,65,52,39,0,0,,,,,118.80,118.80,53.40,118.80,118.80,231.20,231.20,138.10,231.20,203.50,484.04,0.25,0.25,0.11,0.25,0.25,0.48,0.48,0.29,0.48,0.42,1924,1906,2638,1.00,0.73,3,1872,52,39,0,0,,,,,118.80,118.80,53.40,118.80,118.80,231.20,231.20,121.30,231.20,231.20,484.04,0.25,0.25,0.11,0.25,0.25,0.48,0.48,0.25,0.48,0.48,2195,1906,1.00,3,26,0,0,0,0,,,,,118.80,118.80,118.80,118.80,118.80,231.20,198.89,198.89,198.89,198.89,484.04,0.25,0.25,0.25,0.25,0.25,0.48,0.41,0.41,0.41,0.41,13978.41,20435.05,13910.81,20435.05,13910.81,19645.45,21070.19,25412.59,22590.19,8060.00,8060.00,8060.00,8060.00,12760.80,13577.20,13577.20,13577.20,12585.16,11625.09,14784.53,405.20,488.70,0.38,0.38,0.38,0.38,0.56,0.60,0.60,0.60,0.25,0.48,0.25,0.48,0.25,0.48,0.25,0.53,0.24,0.53,0.24,0.46,0.49,0.38,0.37,0.36,0.25,0.24,0.24,0.50,0.50,0.47
IRE,372,2003,2002,2691,0.74,287,414,414,0.69,0.69,48,10,0,1,1,,,,,8580.00,8580.00,8580.00,8580.00,13629.20,14497.60,14497.60,14497.60,,26354.56,0.33,0.33,0.33,0.33,0.52,0.55,0.55,0.55,,2002,1946,1465,1.00,1.37,3,65,52,39,0,0,,,,,124.80,124.80,56.10,124.80,124.80,241.20,241.20,143.40,241.20,212.10,506.82,0.25,0.25,0.11,0.25,0.25,0.48,0.48,0.28,0.48,0.42,2010,1946,2691,1.00,0.75,3,1872,52,39,0,0,,,,,124.80,124.80,56.10,124.80,124.80,241.20,241.20,126.60,241.20,241.20,506.82,0.25,0.25,0.11,0.25,0.25,0.48,0.48,0.25,0.48,0.48,2302,1946,1.00,3,26,0,0,0,0,,,,,124.80,124.80,124.80,124.80,124.80,241.20,208.89,208.89,208.89,208.89,506.82,0.25,0.25,0.25,0.25,0.25,0.48,0.41,0.41,0.41,0.41,14672.02,21428.05,14604.42,21428.05,14604.42,20638.45,22086.53,26620.93,23606.53,8580.00,8580.00,8580.00,8580.00,13629.20,14497.60,14497.60,14497.60,13177.28,12203.27,15533.12,424.74,511.94,0.38,0.38,0.38,0.38,0.58,0.61,0.61,0.61,0.25,0.48,0.25,0.48,0.25,0.48,0.25,0.53,0.24,0.53,0.24,0.46,0.50,0.38,0.37,0.36,0.25,0.24,0.24,0.50,0.50,0.47
IRE,372,2004,2080,2740,0.76,292,420,420,0.70,0.70,48,10,0,1,1,,,,,9100.00,9100.00,9100.00,9100.00,14497.60,15418.00,15418.00,15418.00,,27558.88,0.33,0.33,0.33,0.33,0.53,0.56,0.56,0.56,,2080,2008,1496,1.00,1.39,3,65,52,39,0,0,,,,,134.80,134.80,60.60,134.80,134.80,257.80,257.80,152.20,257.80,226.40,529.98,0.25,0.25,0.11,0.25,0.25,0.49,0.49,0.29,0.49,0.43,2089,2008,2740,1.00,0.76,3,1872,52,39,0,0,,,,,134.80,134.80,60.60,134.80,134.80,257.80,257.80,135.40,257.80,257.80,529.98,0.25,0.25,0.11,0.25,0.25,0.49,0.49,0.26,0.49,0.49,2382,2008,1.00,3,26,0,0,0,0,,,,,134.80,134.80,134.80,134.80,134.80,257.80,225.49,225.49,225.49,225.49,529.98,0.25,0.25,0.25,0.25,0.25,0.49,0.43,0.43,0.43,0.43,15550.02,22543.79,15482.42,22543.79,15482.42,21754.19,23217.73,27896.13,24737.73,9100.00,9100.00,9100.00,9100.00,14497.60,15418.00,15418.00,15418.00,13779.44,12888.87,16243.15,446.49,536.46,0.38,0.38,0.38,0.38,0.59,0.62,0.62,0.62,0.25,0.49,0.25,0.49,0.25,0.49,0.26,0.54,0.25,0.54,0.25,0.47,0.50,0.38,0.38,0.37,0.26,0.25,0.25,0.51,0.51,0.48
IRE,372,2005,2177,2804,0.78,300,428,428,0.70,0.70,48,10,0,1,1,,,,,9724.00,9724.00,9724.00,9724.00,15537.60,16525.60,16525.60,16525.60,,28562.48,0.34,0.34,0.34,0.34,0.54,0.58,0.58,0.58,,2177,2100,1607,1.00,1.35,3,65,52,39,0,0,,,,,148.80,148.80,66.90,148.80,148.80,281.10,281.10,164.50,281.10,246.40,549.28,0.27,0.27,0.12,0.27,0.27,0.51,0.51,0.30,0.51,0.45,2186,2100,2804,1.00,0.78,3,1872,52,39,0,0,,,,,148.80,148.80,66.90,148.80,148.80,281.10,281.10,147.70,281.10,281.10,549.28,0.27,0.27,0.12,0.27,0.27,0.51,0.51,0.27,0.51,0.51,2476,2100,1.00,3,26,0,0,0,0,,,,,148.80,148.80,148.80,148.80,148.80,281.10,248.79,248.79,248.79,248.79,549.28,0.27,0.27,0.27,0.27,0.27,0.51,0.45,0.45,0.45,0.45,16480.71,23822.53,16413.11,23822.53,16413.11,23032.93,24250.40,29226.40,25830.40,9724.00,9724.00,9724.00,9724.00,15537.60,16525.60,16525.60,16525.60,14281.24,13550.20,16952.45,466.35,562.05,0.39,0.39,0.39,0.39,0.60,0.63,0.63,0.63,0.27,0.51,0.27,0.51,0.27,0.51,0.27,0.56,0.27,0.56,0.27,0.50,0.51,0.40,0.40,0.39,0.27,0.27,0.27,0.54,0.54,0.50
IRE,372,2006,2312,2884,0.80,328,432,432,0.76,0.76,48,10,0,1,1,,,,,10452.00,10452.00,10452.00,10452.00,19905.60,17815.20,17815.20,17815.20,,29640.65,0.35,0.35,0.35,0.35,0.67,0.60,0.60,0.60,,2312,2196,1697,1.00,1.36,3,65,52,39,0,0,,,,,165.80,165.80,74.50,165.80,165.80,309.40,309.40,179.40,309.40,270.70,570.01,0.29,0.29,0.13,0.29,0.29,0.54,0.54,0.31,0.54,0.47,2321,2196,2884,1.00,0.80,3,1872,52,39,0,0,,,,,165.80,165.80,74.50,165.80,165.80,309.40,309.40,162.60,309.40,309.40,570.01,0.29,0.29,0.13,0.29,0.29,0.54,0.54,0.29,0.54,0.54,2607,2196,1.00,3,26,0,0,0,0,,,,,165.80,165.80,165.80,165.80,165.80,309.40,277.09,277.09,277.09,277.09,570.01,0.29,0.29,0.29,0.29,0.29,0.54,0.49,0.49,0.49,0.49,17476.71,25224.92,17409.11,25224.92,17409.11,24435.32,25318.24,30548.24,26948.24,10452.00,10452.00,10452.00,10452.00,19905.60,17815.20,17815.20,17815.20,14820.33,14063.19,17663.19,486.89,587.47,0.39,0.39,0.39,0.39,0.71,0.65,0.65,0.65,0.29,0.54,0.29,0.54,0.29,0.54,0.30,0.59,0.30,0.59,0.30,0.53,0.52,0.43,0.43,0.41,0.30,0.29,0.29,0.56,0.56,0.53
IRE,372,2007,2415,2992,0.81,341,441,441,0.77,0.77,48,10,0,1,1,,,,,11284.00,11284.00,11284.00,11284.00,18137.60,19879.60,19879.60,19879.60,,29905.77,0.38,0.38,0.38,0.38,0.61,0.66,0.66,0.66,,2415,2293,1844,1.00,1.31,3,65,52,39,0,0,,,,,185.80,185.80,83.50,185.80,185.80,353.10,353.10,207.40,353.10,309.70,575.11,0.32,0.32,0.15,0.32,0.32,0.61,0.61,0.36,0.61,0.54,2423,2293,2992,1.00,0.81,3,1872,52,39,0,0,,,,,185.80,185.80,83.50,185.80,185.80,353.10,353.10,185.40,353.10,353.10,575.11,0.32,0.32,0.15,0.32,0.32,0.61,0.61,0.32,0.61,0.61,2722,2293,1.00,3,26,0,0,0,0,,,,,185.80,185.80,185.80,185.80,185.80,353.10,310.79,310.79,310.79,310.79,575.11,0.32,0.32,0.32,0.32,0.32,0.61,0.54,0.54,0.54,0.54,18359.61,27177.56,18292.01,27297.56,18292.01,26263.56,25914.43,32554.43,27674.43,11284.00,11284.00,11284.00,11284.00,18137.60,19879.60,19879.60,19879.60,14952.89,14187.79,18547.79,498.35,626.05,0.42,0.42,0.42,0.42,0.65,0.70,0.70,0.70,0.32,0.61,0.32,0.61,0.32,0.61,0.36,0.62,0.35,0.62,0.35,0.55,0.56,0.48,0.48,0.46,0.34,0.34,0.34,0.62,0.62,0.58
IRE,372,2008,2390,3070,0.78,355,450,450,0.79,0.79,48,10,0,1,1,,,,,12012.00,12012.00,12012.00,12012.00,19349.20,22011.60,22011.60,22011.60,,30489.04,0.39,0.39,0.39,0.39,0.63,0.72,0.72,0.72,,2390,2312,1814,1.00,1.32,3,65,52,39,0,0,,,,,197.80,197.80,88.90,197.80,197.80,377.10,377.10,222.00,377.10,330.90,586.33,0.34,0.34,0.15,0.34,0.34,0.64,0.64,0.38,0.64,0.56,2399,2312,3070,1.00,0.78,3,1872,52,39,0,0,,,,,197.80,197.80,88.90,197.80,197.80,377.10,377.10,198.00,377.10,377.10,586.33,0.34,0.34,0.15,0.34,0.34,0.64,0.64,0.34,0.64,0.64,2703,2312,1.00,3,26,0,0,0,0,,,,,197.80,197.80,197.80,197.80,197.80,443.60,397.45,397.45,397.45,397.45,586.33,0.34,0.34,0.34,0.34,0.34,0.76,0.68,0.68,0.68,0.68,18946.30,28182.25,18878.70,28302.25,18878.70,28799.51,26486.05,33340.05,28316.05,12012.00,12012.00,12012.00,12012.00,19349.20,22011.60,22011.60,22011.60,15244.52,14461.93,18965.93,509.35,641.15,0.43,0.43,0.43,0.43,0.68,0.75,0.75,0.75,0.34,0.64,0.34,0.64,0.34,0.76,0.37,0.64,0.37,0.65,0.37,0.68,0.59,0.50,0.50,0.54,0.36,0.35,0.35,0.64,0.65,0.72
IRE,372,2009,2260,3094,0.73,371,464,464,0.80,0.80,48,10,0,1,1,,,,,12376.00,12376.00,12376.00,12376.00,19905.60,22703.20,22703.20,22703.20,,31932.37,0.39,0.39,0.39,0.39,0.62,0.71,0.71,0.71,,2260,2260,1648,1.00,1.37,3,65,104,39,0,0,,,,,204.30,204.30,91.80,204.30,204.30,391.90,391.90,231.70,391.90,344.20,614.08,0.33,0.33,0.15,0.33,0.33,0.64,0.64,0.38,0.64,0.56,2269,2260,3094,1.00,0.73,3,104,52,39,0,0,,,,,204.30,204.30,91.80,204.30,204.30,391.90,391.90,205.70,391.90,391.90,614.08,0.33,0.33,0.15,0.33,0.33,0.64,0.64,0.33,0.64,0.64,2583,2260,1.00,3,26,0,0,0,0,,,,,204.30,204.30,204.30,204.30,204.30,391.90,341.90,341.90,341.90,341.90,614.08,0.33,0.33,0.33,0.33,0.33,0.64,0.56,0.56,0.56,0.56,18974.79,28927.57,18901.58,29185.48,18901.58,27980.77,26599.34,33763.73,28429.34,12376.00,12376.00,12376.00,12376.00,19905.60,22703.20,22703.20,22703.20,15966.18,14927.94,19587.14,511.53,649.30,0.44,0.44,0.44,0.44,0.68,0.75,0.75,0.75,0.33,0.64,0.33,0.64,0.33,0.64,0.35,0.66,0.34,0.68,0.34,0.59,0.60,0.49,0.50,0.48,0.34,0.34,0.34,0.65,0.66,0.62
IRE,372,2010,1832,3086,0.59,388,478,478,0.81,0.81,48,10,0,1,1,,,,,12376.00,12376.00,12376.00,12376.00,19957.60,22703.20,22703.20,22703.20,,32151.99,0.38,0.38,0.38,0.38,0.62,0.71,0.71,0.71,,1832,2206,1578,0.83,1.16,3,65,104,39,0,0,,,,,196.00,196.00,88.10,196.00,196.00,385.70,385.70,232.00,385.70,339.90,618.31,0.32,0.32,0.14,0.32,0.32,0.62,0.62,0.38,0.62,0.55,1841,2206,3086,0.83,0.60,3,104,52,39,0,0,,,,,196.00,196.00,88.10,196.00,196.00,385.70,385.70,202.20,385.70,385.70,618.31,0.32,0.32,0.14,0.32,0.32,0.62,0.62,0.33,0.62,0.62,2412,2206,1.00,3,26,0,0,0,0,,,,,196.00,196.00,196.00,196.00,196.00,385.70,328.39,328.39,328.39,328.39,618.31,0.32,0.32,0.32,0.32,0.32,0.62,0.53,0.53,0.53,0.53,19094.52,29284.67,19020.16,29673.93,19020.16,28183.93,26430.55,33686.62,28260.55,12376.00,12376.00,12376.00,12376.00,19957.60,22703.20,22703.20,22703.20,16076.00,14922.00,19435.03,508.28,647.82,0.44,0.44,0.44,0.44,0.68,0.76,0.76,0.76,0.32,0.62,0.32,0.62,0.32,0.62,0.36,0.69,0.36,0.72,0.36,0.61,0.60,0.50,0.50,0.48,0.34,0.34,0.34,0.66,0.67,0.62
IRE,372,2011,1819,3072,0.59,406,492,492,0.82,0.82,48,10,0,1,1,,,,,12376.00,12376.00,12376.00,12376.00,19957.60,22703.20,22703.20,22703.20,,31830.47,0.39,0.39,0.39,0.39,0.63,0.71,0.71,0.71,,1819,2182,1553,0.83,1.17,3,65,104,39,0,0,,,,,188.00,188.00,84.50,188.00,188.00,372.40,372.40,225.00,372.40,328.50,612.12,0.31,0.31,0.14,0.31,0.31,0.61,0.61,0.37,0.61,0.54,1828,2182,3072,0.84,0.60,3,104,52,39,0,0,,,,,188.00,188.00,84.50,188.00,188.00,372.40,372.40,195.20,372.40,372.40,612.12,0.31,0.31,0.14,0.31,0.31,0.61,0.61,0.32,0.61,0.61,2462,2182,1.00,3,26,0,0,0,0,,,,,188.00,188.00,188.00,188.00,188.00,372.40,315.09,315.09,315.09,315.09,612.12,0.31,0.31,0.31,0.31,0.31,0.61,0.51,0.51,0.51,0.51,18886.37,28509.22,18795.11,29093.18,18795.11,28005.48,25944.22,33180.09,27594.22,12376.00,12376.00,12376.00,12376.00,19957.60,22703.20,22703.20,22703.20,15915.24,14959.69,19751.56,498.93,638.08,0.43,0.43,0.43,0.43,0.67,0.74,0.74,0.74,0.31,0.61,0.31,0.61,0.31,0.61,0.36,0.65,0.35,0.70,0.35,0.61,0.59,0.48,0.49,0.47,0.33,0.33,0.33,0.63,0.65,0.61
IRE,372,2012,1827,3058,0.60,423,509,509,0.83,0.83,48,10,0,1,1,,,,,12142.00,12376.00,12376.00,12376.00,19723.60,22703.20,22703.20,22703.20,,32473.51,0.37,0.38,0.38,0.38,0.61,0.70,0.70,0.70,,1827,2174,1547,0.84,1.18,3,52,104,39,0,0,,,,,188.00,188.00,84.50,188.00,188.00,372.40,372.40,225.00,372.40,328.50,624.49,0.30,0.30,0.14,0.30,0.30,0.60,0.60,0.36,0.60,0.53,1836,2174,3058,0.84,0.60,3,104,52,39,0,0,,,,,188.00,188.00,84.50,188.00,188.00,372.40,372.40,195.20,372.40,372.40,624.49,0.30,0.30,0.14,0.30,0.30,0.60,0.60,0.31,0.60,0.60,2485,2174,1.00,3,26,0,0,0,0,,,,,188.00,188.00,188.00,188.00,188.00,372.40,315.09,315.09,315.09,315.09,624.49,0.30,0.30,0.30,0.30,0.30,0.60,0.50,0.50,0.50,0.50,19108.22,28518.71,19016.96,29053.67,19016.96,27965.97,26652.08,33463.23,28302.08,12142.00,12376.00,12376.00,12376.00,19723.60,22703.20,22703.20,22703.20,16236.75,15448.72,20112.02,512.54,643.52,0.42,0.42,0.42,0.42,0.65,0.73,0.73,0.73,0.30,0.60,0.30,0.60,0.30,0.60,0.33,0.63,0.32,0.67,0.32,0.59,0.57,0.46,0.47,0.45,0.31,0.31,0.31,0.61,0.63,0.59
IRE,372,2013,1857,3053,0.61,438,527,527,0.83,0.83,48,10,0,1,1,,,,,10592.40,12376.00,12376.00,12376.00,16952.00,22703.20,22703.20,22703.20,,32441.36,0.33,0.38,0.38,0.38,0.52,0.70,0.70,0.70,,1857,2192,1590,0.85,1.17,3,52,104,39,0,0,,,,,188.00,188.00,84.50,188.00,188.00,372.40,372.40,225.00,372.40,328.50,623.87,0.30,0.30,0.14,0.30,0.30,0.60,0.60,0.36,0.60,0.53,1866,2192,3053,0.85,0.61,3,104,52,39,0,0,,,,,188.00,188.00,84.50,188.00,188.00,372.40,372.40,195.20,372.40,372.40,623.87,0.30,0.30,0.14,0.30,0.30,0.60,0.60,0.31,0.60,0.60,2527,2192,1.00,3,26,0,0,0,0,,,,,188.00,188.00,188.00,188.00,188.00,372.40,315.09,315.09,315.09,315.09,623.87,0.30,0.30,0.30,0.30,0.30,0.60,0.51,0.51,0.51,0.51,18832.97,28089.36,18741.71,28644.14,18741.71,27556.44,26365.74,33108.70,28015.74,10592.40,12376.00,12376.00,12376.00,16952.00,22703.20,22703.20,22703.20,16220.68,15173.47,19678.33,507.03,636.71,0.38,0.43,0.43,0.43,0.58,0.73,0.73,0.73,0.30,0.60,0.30,0.60,0.30,0.60,0.33,0.63,0.32,0.67,0.32,0.59,0.58,0.46,0.47,0.45,0.31,0.31,0.31,0.61,0.63,0.59
IRE,372,2014,1930,3057,0.63,442,547,506,0.81,0.87,48,10,0,1,1,,,,,11190.40,12376.00,12376.00,12376.00,17820.40,22703.20,22703.20,22703.20,,33213.01,0.34,0.37,0.37,0.37,0.54,0.68,0.68,0.68,,1930,2199,1636,0.88,1.18,3,52,104,39,0,0,,,,,188.00,188.00,84.50,188.00,188.00,372.40,372.40,225.00,372.40,328.50,638.71,0.29,0.29,0.13,0.29,0.29,0.58,0.58,0.35,0.58,0.51,1939,2199,3057,0.88,0.63,6,104,52,39,0,0,,,,,188.00,188.00,84.50,188.00,188.00,372.40,372.40,195.20,372.40,372.40,638.71,0.29,0.29,0.13,0.29,0.29,0.58,0.58,0.31,0.58,0.58,2605,2199,1.00,3,26,0,0,0,0,,,,,188.00,188.00,188.00,188.00,188.00,372.40,315.09,315.09,315.09,315.09,638.71,0.29,0.29,0.29,0.29,0.29,0.58,0.49,0.49,0.49,0.49,19099.19,28195.85,19007.93,28713.77,19007.93,27626.07,26811.44,33321.67,28548.18,11190.40,12376.00,12376.00,12376.00,17820.40,22703.20,22703.20,22703.20,16606.51,15439.69,19888.99,515.60,640.80,0.39,0.42,0.42,0.42,0.60,0.72,0.72,0.72,0.29,0.58,0.29,0.58,0.29,0.58,0.32,0.62,0.31,0.66,0.31,0.58,0.57,0.45,0.46,0.44,0.31,0.30,0.30,0.60,0.62,0.58
IRE,372,2015,2024,3071,0.66,457,567,525,0.81,0.87,48,10,0,1,1,,,,,11856.00,12443.60,12443.60,12443.60,18912.40,22703.20,22703.20,22703.20,,32987.94,0.36,0.38,0.38,0.38,0.57,0.69,0.69,0.69,,2024,2220,1696,0.91,1.19,3,52,104,39,0,0,,,,,188.00,188.00,84.50,188.00,188.00,372.40,372.40,225.00,372.40,328.50,634.38,0.30,0.30,0.13,0.30,0.30,0.59,0.59,0.35,0.59,0.52,2032,2220,3071,0.92,0.66,6,104,52,39,0,0,,,,,188.00,188.00,84.50,188.00,188.00,372.40,372.40,195.20,372.40,372.40,634.38,0.30,0.30,0.13,0.30,0.30,0.59,0.59,0.31,0.59,0.59,2705,2220,1.00,6,26,0,0,0,0,,,,,188.00,188.00,188.00,188.00,188.00,372.40,315.09,315.09,315.09,315.09,634.38,0.30,0.30,0.30,0.30,0.30,0.59,0.50,0.50,0.50,0.50,19195.74,28406.73,19104.48,28923.34,19104.48,27835.64,26917.08,33449.23,28567.08,11856.00,12443.60,12443.60,12443.60,18912.40,22703.20,22703.20,22703.20,16493.97,15498.37,19895.29,517.64,643.25,0.41,0.42,0.42,0.42,0.63,0.73,0.73,0.73,0.30,0.59,0.30,0.59,0.30,0.59,0.32,0.63,0.32,0.67,0.32,0.59,0.57,0.46,0.47,0.45,0.31,0.31,0.31,0.61,0.63,0.59
IRE,372,2016,2123,3097,0.69,472,586,543,0.81,0.87,48,10,0,1,1,,,,,12012.00,12599.60,12599.60,12599.60,19172.40,22999.60,22999.60,22999.60,,33358.59,0.36,0.38,0.38,0.38,0.57,0.69,0.69,0.69,,2123,2260,1763,0.94,1.20,3,52,104,39,0,0,,,,,188.00,188.00,84.50,188.00,188.00,372.40,372.40,225.00,372.40,328.50,641.51,0.29,0.29,0.13,0.29,0.29,0.58,0.58,0.35,0.58,0.51,2132,2260,3097,0.94,0.69,6,104,52,39,0,0,,,,,188.00,188.00,84.50,188.00,188.00,372.40,372.40,195.20,372.40,372.40,641.51,0.29,0.29,0.13,0.29,0.29,0.58,0.58,0.30,0.58,0.58,2837,2260,1.00,6,26,0,0,0,0,,,,,188.00,188.00,188.00,188.00,188.00,372.40,315.09,315.09,315.09,315.09,641.51,0.29,0.29,0.29,0.29,0.29,0.58,0.49,0.49,0.49,0.49,19493.59,28870.20,19407.40,29362.57,19407.40,28252.52,27524.75,34124.30,29174.75,12012.00,12599.60,12599.60,12599.60,19172.40,22999.60,22999.60,22999.60,16679.29,15716.13,20166.90,529.32,656.24,0.40,0.42,0.42,0.42,0.63,0.72,0.72,0.72,0.29,0.58,0.29,0.58,0.29,0.58,0.32,0.62,0.31,0.66,0.31,0.58,0.57,0.45,0.46,0.44,0.31,0.30,0.30,0.60,0.62,0.58
IRE,372,2017,2213,3129,0.71,490,608,564,0.81,0.87,48,10,0,1,1,,,,,12272.00,12859.60,12859.60,12859.60,19604.00,23493.60,23493.60,23493.60,,33927.95,0.36,0.38,0.38,0.38,0.58,0.69,0.69,0.69,,2213,2282,1830,0.97,1.21,3,52,104,39,0,0,,,,,193.00,193.00,86.70,193.00,193.00,380.70,380.70,229.30,380.70,335.60,652.46,0.30,0.30,0.13,0.30,0.30,0.58,0.58,0.35,0.58,0.51,2222,2282,3129,0.97,0.71,6,104,52,39,0,0,,,,,193.00,193.00,86.70,193.00,193.00,380.70,380.70,199.50,380.70,380.70,652.46,0.30,0.30,0.13,0.30,0.30,0.58,0.58,0.31,0.58,0.58,2927,2282,1.00,6,26,0,0,0,0,,,,,193.00,193.00,193.00,193.00,193.00,380.70,323.39,323.39,323.39,323.39,652.46,0.30,0.30,0.30,0.30,0.30,0.58,0.50,0.50,0.50,0.50,19901.96,29194.80,19817.46,29641.39,19817.46,28523.89,28072.79,34353.75,29748.38,12272.00,12859.60,12859.60,12859.60,19604.00,23493.60,23493.60,23493.60,16963.97,16008.76,20268.10,539.86,660.65,0.41,0.42,0.42,0.42,0.63,0.73,0.73,0.73,0.30,0.58,0.30,0.58,0.30,0.58,0.32,0.63,0.32,0.67,0.32,0.59,0.57,0.46,0.47,0.45,0.31,0.31,0.31,0.61,0.62,0.58
IRE,372,2018,2297,3155,0.73,507,630,585,0.81,0.87,48,10,0,1,1,,,,,12532.00,13119.60,13119.60,13119.60,20035.60,23987.60,23987.60,23987.60,,34764.78,0.36,0.38,0.38,0.38,0.58,0.69,0.69,0.69,,2297,2316,1889,0.99,1.22,3,52,104,39,0,0,,,,,198.00,198.00,88.90,198.00,198.00,393.00,393.00,237.60,393.00,346.70,668.55,0.30,0.30,0.13,0.30,0.30,0.59,0.59,0.36,0.59,0.52,2306,2316,3155,1.00,0.73,6,104,52,39,0,0,,,,,198.00,198.00,88.90,198.00,198.00,393.00,393.00,205.80,393.00,393.00,668.55,0.30,0.30,0.13,0.30,0.30,0.59,0.59,0.31,0.59,0.59,3036,2316,1.00,6,26,0,0,0,0,,,,,198.00,198.00,198.00,198.00,198.00,393.00,331.85,331.85,331.85,331.85,668.55,0.30,0.30,0.30,0.30,0.30,0.59,0.50,0.50,0.50,0.50,20311.54,29719.98,20227.04,30186.40,20227.04,28993.90,28664.58,34909.41,30357.53,12532.00,13119.60,13119.60,13119.60,20035.60,23987.60,23987.60,23987.60,17382.39,16316.30,20643.03,551.24,671.33,0.40,0.42,0.42,0.42,0.63,0.73,0.73,0.73,0.30,0.59,0.30,0.59,0.30,0.59,0.32,0.64,0.32,0.67,0.32,0.59,0.57,0.46,0.47,0.45,0.31,0.31,0.31,0.61,0.63,0.59
IRE,372,2019,2406,3205,0.75,526,654,608,0.80,0.87,48,10,0,1,1,,,,,12792.00,13379.60,13379.60,13379.60,20467.20,24481.60,24481.60,24481.60,,35563.40,0.36,0.38,0.38,0.38,0.58,0.69,0.69,0.69,,2406,2358,1951,1.00,1.23,3,52,104,39,0,0,,,,,203.00,203.00,91.10,203.00,203.00,405.70,405.70,246.30,405.70,358.20,683.91,0.30,0.30,0.13,0.30,0.30,0.59,0.59,0.36,0.59,0.52,2415,2358,3205,1.00,0.75,6,104,52,39,0,0,,,,,203.00,203.00,91.10,203.00,203.00,405.70,405.70,212.30,405.70,405.70,683.91,0.30,0.30,0.13,0.30,0.30,0.59,0.59,0.31,0.59,0.59,3252,2358,1.00,6,26,0,0,0,0,,,,,203.00,203.00,203.00,203.00,203.00,405.70,340.32,340.32,340.32,340.32,683.91,0.30,0.30,0.30,0.30,0.30,0.59,0.50,0.50,0.50,0.50,20758.65,30267.65,20675.84,30738.00,20675.84,29454.50,29352.18,35454.86,31054.86,12792.00,13379.60,13379.60,13379.60,20467.20,24481.60,24481.60,24481.60,17781.70,16638.64,20950.43,564.47,681.82,0.40,0.42,0.42,0.42,0.63,0.72,0.72,0.72,0.30,0.59,0.30,0.59,0.30,0.59,0.32,0.64,0.32,0.67,0.32,0.59,0.57,0.46,0.47,0.45,0.31,0.31,0.31,0.62,0.63,0.59
IRE,372,2020,2380,3242,0.73,545,677,630,0.80,0.86,48,10,0,1,1,,,,,13052.00,13639.60,13639.60,13639.60,20467.20,24481.60,24481.60,24481.60,,36801.45,0.35,0.37,0.37,0.37,0.56,0.67,0.67,0.67,,2380,2339,1923,1.00,1.24,3,39,104,39,0,0,,,,,203.00,203.00,91.10,203.00,203.00,409.70,409.70,250.30,409.70,362.20,707.72,0.29,0.29,0.13,0.29,0.29,0.58,0.58,0.35,0.58,0.51,2389,2339,3242,1.00,0.74,6,104,52,39,0,0,,,,,203.00,203.00,91.10,203.00,203.00,409.70,409.70,214.30,409.70,409.70,707.72,0.29,0.29,0.13,0.29,0.29,0.58,0.58,0.30,0.58,0.58,3185,2339,1.00,6,26,0,0,0,0,,,,,203.00,203.00,203.00,203.00,203.00,409.70,340.47,340.47,340.47,340.47,707.72,0.29,0.29,0.29,0.29,0.29,0.58,0.48,0.48,0.48,0.48,21216.50,30804.02,21133.69,31299.85,21133.69,29940.85,30005.03,36355.32,31955.32,13052.00,13639.60,13639.60,13639.60,20467.20,24481.60,24481.60,24481.60,18400.72,17096.72,21544.70,577.02,699.14,0.40,0.42,0.42,0.42,0.61,0.70,0.70,0.70,0.29,0.58,0.29,0.58,0.29,0.58,0.32,0.63,0.31,0.66,0.31,0.57,0.56,0.45,0.46,0.44,0.30,0.30,0.30,0.60,0.62,0.57
IRE,372,2021,2519,3267,0.77,564,698,650,0.81,0.87,48,10,0,1,1,,,,,13312.00,13899.60,13899.60,13899.60,20467.20,24481.60,24481.60,24481.60,,38273.51,0.35,0.36,0.36,0.36,0.53,0.64,0.64,0.64,,2519,2444,2012,1.00,1.25,3,39,104,39,0,0,,,,,287.81,287.81,203.00,287.81,287.81,452.81,452.81,368.00,452.81,452.81,736.03,0.39,0.39,0.28,0.39,0.39,0.62,0.62,0.50,0.62,0.62,2527,2482,3267,1.00,0.77,3,104,52,39,0,0,,,,,203.00,203.00,91.10,203.00,203.00,413.70,413.70,216.30,413.70,413.70,736.03,0.28,0.28,0.12,0.28,0.28,0.56,0.56,0.29,0.56,0.56,3295,2482,1.00,3,26,0,0,0,0,,,,,203.00,203.00,203.00,203.00,203.00,413.70,340.62,340.62,340.62,340.62,736.03,0.28,0.28,0.28,0.28,0.28,0.56,0.46,0.46,0.46,0.46,23412.61,32181.56,21665.02,31935.19,21665.02,30500.69,30768.21,37412.91,33012.91,13312.00,13899.60,13899.60,13899.60,20467.20,24481.60,24481.60,24481.60,19136.75,17641.38,22251.28,591.70,719.48,0.40,0.41,0.41,0.41,0.59,0.68,0.68,0.68,0.39,0.62,0.28,0.56,0.28,0.56,0.44,0.65,0.31,0.64,0.31,0.54,0.55,0.53,0.45,0.42,0.42,0.29,0.29,0.64,0.60,0.55
IRE,372,2022,2479,3302,0.75,582,730,681,0.80,0.85,48,10,0,1,1,,,,,13624.00,14211.60,14211.60,14211.60,20898.80,24975.60,24975.60,24975.60,,39804.45,0.34,0.36,0.36,0.36,0.53,0.63,0.63,0.63,,2479,2563,2146,0.97,1.16,3,39,104,39,0,0,,,,,208.00,208.00,93.30,208.00,208.00,426.00,384.08,264.30,426.00,379.00,765.47,0.27,0.27,0.12,0.27,0.27,0.56,0.50,0.35,0.56,0.50,2486,2610,3302,0.95,0.75,3,104,52,39,0,0,,,,,208.00,208.00,93.30,208.00,208.00,426.00,426.00,223.00,426.00,426.00,765.47,0.27,0.27,0.12,0.27,0.27,0.56,0.56,0.29,0.56,0.56,3190,2610,1.00,3,26,0,0,0,0,,,,,208.00,208.00,208.00,208.00,208.00,426.00,349.08,349.08,349.08,349.08,765.47,0.27,0.27,0.27,0.27,0.27,0.56,0.46,0.46,0.46,0.46,22458.50,30974.89,22375.69,32224.63,22375.69,30714.63,31921.85,37582.74,34222.74,13624.00,14211.60,14211.60,14211.60,20898.80,24975.60,24975.60,24975.60,19902.22,18257.83,22466.14,613.88,722.74,0.39,0.41,0.41,0.41,0.58,0.67,0.67,0.67,0.27,0.56,0.27,0.56,0.27,0.56,0.31,0.56,0.30,0.65,0.30,0.55,0.54,0.42,0.44,0.42,0.29,0.29,0.29,0.56,0.60,0.55
IRE,372,2023,2553,3451,0.74,600,755,704,0.79,0.85,48,10,0,1,1,,,,,14040.00,14939.60,14939.60,14939.60,21372.00,26161.20,26161.20,26161.20,,41396.63,0.34,0.36,0.36,0.36,0.52,0.63,0.63,0.63,,2553,2640,2189,0.97,1.17,3,39,104,39,0,0,,,,,220.00,220.00,98.70,220.00,220.00,450.00,450.00,277.20,450.00,398.50,796.09,0.28,0.28,0.12,0.28,0.28,0.57,0.57,0.35,0.57,0.50,2561,2690,3451,0.95,0.74,3,104,52,39,0,0,,,,,220.00,220.00,98.70,220.00,220.00,450.00,450.00,235.60,450.00,450.00,796.09,0.28,0.28,0.12,0.28,0.28,0.57,0.57,0.30,0.57,0.57,3254,2690,1.00,3,26,0,0,0,0,,,,,220.00,220.00,220.00,220.00,220.00,450.00,369.23,369.23,369.23,369.23,796.09,0.28,0.28,0.28,0.28,0.28,0.57,0.46,0.46,0.46,0.46,23263.26,32838.16,23180.45,33264.95,23180.45,31679.45,32782.44,40001.77,35401.77,14040.00,14939.60,14939.60,14939.60,21372.00,26161.20,26161.20,26161.20,20698.31,18846.93,23230.38,630.43,769.26,0.40,0.42,0.42,0.42,0.59,0.70,0.70,0.70,0.28,0.57,0.28,0.57,0.28,0.57,0.37,0.69,0.36,0.71,0.36,0.61,0.56,0.47,0.48,0.45,0.32,0.32,0.32,0.63,0.64,0.59
ITA,380,2000,16498,38469,0.43,14353,10310,12081,1.39,1.00,40,40,0,0,0,,,,,9371700.00,21630000.00,15338.61,0.00,9371700.00,21630000.00,15338.61,0.00,,33300000.00,0.28,0.65,0.00,0.00,0.28,0.65,0.00,0.00,,11616,23565,21073,0.49,0.55,0,26,104,52,0,0,,,,,192263.28,192263.28,0.00,192263.28,192263.28,192263.28,192263.28,0.00,192263.28,192263.28,640384.62,0.30,0.30,0.00,0.30,0.30,0.30,0.30,0.00,0.30,0.30,14600,23565,38405,0.62,0.38,3,26,0,0,0,0,,,,,320192.31,410831.36,0.00,410831.36,0.00,320192.31,410831.36,0.00,410831.36,0.00,640384.62,0.50,0.64,0.00,0.64,0.00,0.50,0.64,0.00,0.64,0.00,21620,23565,0.92,3,1820,0,0,0,0,,,,,384230.77,432259.62,0.00,432259.62,0.00,384230.77,432259.62,0.00,432259.62,0.00,640384.62,0.60,0.68,0.00,0.68,0.00,0.60,0.68,0.00,0.68,0.00,16853415.12,23850967.12,21035933.92,27337485.92,21445985.00,27747537.00,23534530.00,28984082.00,24496082.00,9371700.00,21630000.00,15338.61,0.00,9371700.00,21630000.00,15338.61,0.00,16650000.00,13149765.00,20939865.00,452587.12,557386.19,0.40,0.78,0.00,0.00,0.38,0.79,0.00,0.00,0.30,0.30,0.50,0.50,0.60,0.60,0.36,0.36,0.76,0.80,0.80,0.85,0.79,0.33,0.64,0.71,0.33,0.63,0.70,0.33,0.65,0.72
ITA,380,2001,16444,38342,0.43,14783,10497,12297,1.41,1.00,40,40,0,0,0,,,,,9605700.00,22232000.00,15338.61,0.00,9605700.00,22232000.00,15338.61,0.00,,34800000.00,0.28,0.64,0.00,0.00,0.28,0.64,0.00,0.00,,11855,23771,21507,0.50,0.55,0,26,104,52,0,0,,,,,200923.79,200923.79,0.00,200923.79,200923.79,200923.79,200923.79,0.00,200923.79,200923.79,669230.77,0.30,0.30,0.00,0.30,0.30,0.30,0.30,0.00,0.30,0.30,14880,23771,38287,0.63,0.39,3,26,0,0,0,0,,,,,334615.38,429337.28,0.00,429337.28,0.00,334615.38,429337.28,0.00,429337.28,0.00,669230.77,0.50,0.64,0.00,0.64,0.00,0.50,0.64,0.00,0.64,0.00,21810,23771,0.92,3,1820,0,0,0,0,,,,,401538.46,451730.77,0.00,451730.77,0.00,401538.46,451730.77,0.00,451730.77,0.00,669230.77,0.60,0.68,0.00,0.68,0.00,0.60,0.68,0.00,0.68,0.00,17641577.88,24639129.88,22101579.69,28403131.69,22538835.00,28840387.00,24702680.00,30152232.00,25664232.00,9605700.00,22232000.00,15338.61,0.00,9605700.00,22232000.00,15338.61,0.00,17400000.00,13702340.00,21395892.00,475051.54,579850.62,0.39,0.77,0.00,0.00,0.37,0.78,0.00,0.00,0.30,0.30,0.50,0.50,0.60,0.60,0.36,0.37,0.76,0.80,0.80,0.85,0.77,0.33,0.64,0.71,0.33,0.63,0.70,0.34,0.65,0.73
ITA,380,2002,16397,38233,0.43,15213,10663,12465,1.43,1.00,40,40,0,0,0,,,,,5104.97,11836.16,15338.61,0.00,5104.97,11836.16,15338.61,0.00,,19082.88,0.27,0.62,0.80,0.00,0.27,0.62,0.80,0.00,,12028,23981,21821,0.50,0.55,0,26,104,52,0,0,,,,,146.90,146.90,0.00,146.90,146.90,146.90,146.90,0.00,146.90,146.90,366.98,0.40,0.40,0.00,0.40,0.40,0.40,0.40,0.00,0.40,0.40,16119,23981,38217,0.67,0.42,3,26,0,0,0,0,,,,,183.49,235.43,0.00,235.43,0.00,183.49,235.43,0.00,235.43,0.00,366.98,0.50,0.64,0.00,0.64,0.00,0.50,0.64,0.00,0.64,0.00,22003,23981,0.92,3,1820,0,0,0,0,,,,,220.19,247.71,0.00,247.71,0.00,220.19,247.71,0.00,247.71,0.00,366.98,0.60,0.67,0.00,0.67,0.00,0.60,0.67,0.00,0.67,0.00,10391.40,14616.86,12106.45,15922.81,12320.68,16137.04,13524.57,16392.69,14021.17,5104.97,11836.16,15338.61,0.00,5104.97,11836.16,15338.61,0.00,9541.44,7475.68,11670.34,260.09,315.24,0.38,0.75,0.94,0.00,0.36,0.76,0.95,0.00,0.40,0.40,0.50,0.50,0.60,0.60,0.48,0.62,0.77,0.90,0.80,0.95,0.75,0.48,0.67,0.74,0.44,0.63,0.70,0.51,0.70,0.77
ITA,380,2003,16383,38200,0.43,15642,10854,12647,1.44,1.00,40,40,0,0,0,,,,,5227.56,12259.11,15338.61,0.00,5227.56,12259.11,15338.61,0.00,,20183.42,0.26,0.61,0.76,0.00,0.26,0.61,0.76,0.00,,12153,24141,22047,0.50,0.55,0,26,104,52,0,0,,,,,155.38,155.38,0.00,155.38,155.38,155.38,155.38,0.00,155.38,155.38,388.14,0.40,0.40,0.00,0.40,0.40,0.40,0.40,0.00,0.40,0.40,16179,24141,38299,0.67,0.42,3,26,0,0,0,0,,,,,194.07,249.01,0.00,249.01,0.00,194.07,249.01,0.00,249.01,0.00,388.14,0.50,0.64,0.00,0.64,0.00,0.50,0.64,0.00,0.64,0.00,22149,24141,0.92,3,1820,0,0,0,0,,,,,232.89,262.00,0.00,262.00,0.00,232.89,262.00,0.00,262.00,0.00,388.14,0.60,0.67,0.00,0.67,0.00,0.60,0.67,0.00,0.67,0.00,9798.38,13273.96,11552.16,14060.88,11788.20,14005.68,13153.35,14992.71,13649.95,5227.56,12259.11,15338.61,0.00,5227.56,12259.11,15338.61,0.00,10091.71,6732.18,11317.04,252.95,288.32,0.30,0.71,0.88,0.00,0.33,0.72,0.89,0.00,0.40,0.40,0.50,0.50,0.60,0.60,0.48,0.53,0.75,0.75,0.79,0.73,0.71,0.45,0.62,0.68,0.44,0.63,0.69,0.47,0.62,0.67
ITA,380,2004,16468,38399,0.43,16072,11058,12816,1.45,1.00,40,40,0,0,0,,,,,5358.34,12778.29,15338.61,0.00,5358.34,12778.29,15338.61,0.00,,21429.31,0.25,0.60,0.72,0.00,0.25,0.60,0.72,0.00,,12327,24307,22362,0.51,0.55,0,26,104,52,0,0,,,,,164.97,164.97,0.00,164.97,164.97,164.97,164.97,0.00,164.97,164.97,412.10,0.40,0.40,0.00,0.40,0.40,0.40,0.40,0.00,0.40,0.40,16233,24307,38460,0.67,0.42,3,26,0,0,0,0,,,,,206.05,264.38,0.00,264.38,0.00,206.05,264.38,0.00,264.38,0.00,412.10,0.50,0.64,0.00,0.64,0.00,0.50,0.64,0.00,0.64,0.00,22301,24307,0.92,3,1820,0,0,0,0,,,,,247.26,278.17,0.00,278.17,0.00,247.26,278.17,0.00,278.17,0.00,412.10,0.60,0.68,0.00,0.68,0.00,0.60,0.68,0.00,0.68,0.00,10372.98,14238.92,12174.52,15990.88,12424.42,15850.42,13866.88,16735.00,14363.48,5358.34,12778.29,15338.61,0.00,5358.34,12778.29,15338.61,0.00,10714.66,7126.32,11711.18,266.67,321.83,0.29,0.70,0.84,0.00,0.32,0.71,0.84,0.00,0.40,0.40,0.50,0.50,0.60,0.60,0.48,0.50,0.75,0.85,0.79,0.82,0.70,0.45,0.65,0.70,0.44,0.62,0.69,0.45,0.68,0.71
ITA,380,2005,16521,38521,0.43,16502,11319,13026,1.46,1.00,40,40,0,0,0,,,,,5460.26,13421.29,15338.61,0.00,5460.26,13421.29,15338.61,0.00,,22031.49,0.25,0.61,0.70,0.00,0.25,0.61,0.70,0.00,,12351,24284,22407,0.51,0.55,0,26,104,52,0,0,,,,,169.60,169.60,0.00,169.60,169.60,169.60,169.60,0.00,169.60,169.60,423.68,0.40,0.40,0.00,0.40,0.40,0.40,0.40,0.00,0.40,0.40,16627,24284,38510,0.68,0.43,3,26,0,0,0,0,,,,,211.84,271.81,0.00,271.81,0.00,211.84,271.81,0.00,271.81,0.00,423.68,0.50,0.64,0.00,0.64,0.00,0.50,0.64,0.00,0.64,0.00,22344,24284,0.92,3,1820,0,0,0,0,,,,,254.21,285.99,0.00,285.99,0.00,254.21,285.99,0.00,285.99,0.00,423.68,0.60,0.67,0.00,0.67,0.00,0.60,0.67,0.00,0.67,0.00,10646.02,12847.04,12673.28,14874.30,12954.48,14765.14,14660.35,15913.13,14574.53,5460.26,13421.29,15338.61,0.00,5460.26,13421.29,15338.61,0.00,11015.75,7281.91,10287.67,281.93,306.02,0.28,0.69,0.79,0.00,0.27,0.69,0.79,0.00,0.40,0.40,0.50,0.50,0.60,0.60,0.46,0.45,0.73,0.82,0.77,0.80,0.69,0.43,0.64,0.69,0.43,0.62,0.68,0.43,0.66,0.70
ITA,380,2006,16511,38498,0.43,16849,11557,13199,1.46,1.00,40,40,0,0,0,,,,,5558.54,14097.97,16111.97,0.00,5558.54,14097.97,16111.97,0.00,,22737.50,0.24,0.62,0.71,0.00,0.24,0.62,0.71,0.00,,12545,24412,22757,0.51,0.55,0,30,104,52,0,0,,,,,218.80,218.80,0.00,218.80,218.80,218.80,218.80,0.00,218.80,218.80,437.26,0.50,0.50,0.00,0.50,0.50,0.50,0.50,0.00,0.50,0.50,16614,24412,38507,0.68,0.43,3,26,0,0,0,0,,,,,218.63,280.52,0.00,280.52,0.00,218.63,280.52,0.00,280.52,0.00,437.26,0.50,0.64,0.00,0.64,0.00,0.50,0.64,0.00,0.64,0.00,22691,24412,0.93,3,1820,0,0,0,0,,,,,262.36,295.15,0.00,295.15,0.00,262.36,295.15,0.00,295.15,0.00,437.26,0.60,0.67,0.00,0.67,0.00,0.60,0.67,0.00,0.67,0.00,11858.25,14059.51,13082.49,14893.39,13372.71,15183.61,15133.24,16386.26,15047.66,5558.54,14097.97,16111.97,0.00,5558.54,14097.97,16111.97,0.00,11368.75,7518.35,10524.11,291.02,315.12,0.27,0.70,0.81,0.00,0.27,0.70,0.80,0.00,0.50,0.50,0.50,0.50,0.60,0.60,0.57,0.60,0.73,0.75,0.77,0.79,0.70,0.54,0.62,0.69,0.54,0.62,0.68,0.55,0.62,0.70
ITA,380,2007,16518,38516,0.43,17196,11736,13438,1.47,1.00,40,40,0,0,0,,,,,5669.82,14765.04,16874.34,0.00,5669.82,14765.04,16874.34,0.00,,23381.20,0.24,0.63,0.72,0.00,0.24,0.63,0.72,0.00,,12620,24375,22894,0.52,0.55,0,30,104,52,0,0,,,,,224.99,224.99,0.00,224.99,224.99,224.99,224.99,0.00,224.99,224.99,449.64,0.50,0.50,0.00,0.50,0.50,0.50,0.50,0.00,0.50,0.50,16627,24375,38660,0.68,0.43,3,26,0,0,0,0,,,,,224.82,288.46,0.00,288.46,0.00,224.82,288.46,0.00,288.46,0.00,449.64,0.50,0.64,0.00,0.64,0.00,0.50,0.64,0.00,0.64,0.00,22828,24375,0.94,3,1820,0,0,0,0,,,,,269.78,303.51,0.00,303.51,0.00,269.78,303.51,0.00,303.51,0.00,449.64,0.60,0.68,0.00,0.68,0.00,0.60,0.68,0.00,0.68,0.00,13214.81,17699.72,14332.88,18585.71,14597.93,18793.10,16070.71,19716.58,16760.71,5669.82,14765.04,16874.34,0.00,5669.82,14765.04,16874.34,0.00,11690.60,10083.92,13681.12,309.05,379.17,0.26,0.76,0.78,0.00,0.30,0.77,0.79,0.00,0.50,0.50,0.50,0.50,0.60,0.60,0.52,0.67,0.71,0.81,0.75,0.85,0.77,0.55,0.63,0.70,0.51,0.60,0.68,0.58,0.66,0.72
ITA,380,2008,16642,38804,0.43,17543,11891,13657,1.48,1.00,40,40,0,0,0,,,,,5760.56,15366.81,17562.07,0.00,5760.56,15366.81,17562.07,0.00,,24170.27,0.24,0.64,0.73,0.00,0.24,0.64,0.73,0.00,,12728,24754,23090,0.51,0.55,8,30,104,52,0,0,,,,,234.29,234.29,0.00,234.29,234.29,234.29,234.29,0.00,234.29,234.29,464.81,0.50,0.50,0.00,0.50,0.50,0.50,0.50,0.00,0.50,0.50,16900,24754,38910,0.68,0.43,3,26,0,0,0,0,,,,,232.41,298.20,0.00,298.20,0.00,232.41,298.20,0.00,298.20,0.00,464.81,0.50,0.64,0.00,0.64,0.00,0.50,0.64,0.00,0.64,0.00,23043,24754,0.93,3,1820,0,0,0,0,,,,,278.89,313.75,0.00,313.75,0.00,278.89,313.75,0.00,313.75,0.00,464.81,0.60,0.68,0.00,0.68,0.00,0.60,0.68,0.00,0.68,0.00,13608.49,18006.15,14734.25,18886.70,15008.25,19102.85,16537.97,20068.45,17227.97,5760.56,15366.81,17562.07,0.00,5760.56,15366.81,17562.07,0.00,12085.14,10342.77,14038.22,318.04,385.93,0.26,0.70,0.79,0.00,0.30,0.71,0.80,0.00,0.50,0.50,0.50,0.50,0.60,0.60,0.53,0.66,0.71,0.80,0.75,0.84,0.70,0.55,0.63,0.70,0.52,0.60,0.68,0.58,0.65,0.72
ITA,380,2009,16733,39017,0.43,17890,12032,13874,1.49,1.00,40,40,0,0,0,,,,,5956.60,15924.97,18199.96,0.00,5956.60,15924.97,18199.96,0.00,,24947.34,0.24,0.64,0.73,0.00,0.24,0.64,0.73,0.00,,12512,24605,22698,0.51,0.55,8,30,104,52,0,0,,,,,238.32,238.32,0.00,238.32,238.32,238.32,238.32,0.00,238.32,238.32,479.76,0.50,0.50,0.00,0.50,0.50,0.50,0.50,0.00,0.50,0.50,16823,24605,39069,0.68,0.43,3,26,0,0,0,0,,,,,239.88,307.78,0.00,307.78,0.00,239.88,307.78,0.00,307.78,0.00,479.76,0.50,0.64,0.00,0.64,0.00,0.50,0.64,0.00,0.64,0.00,22518,24605,0.92,3,1820,0,0,0,0,,,,,287.85,323.84,0.00,323.84,0.00,287.85,323.84,0.00,323.84,0.00,479.76,0.60,0.67,0.00,0.67,0.00,0.60,0.67,0.00,0.67,0.00,13905.87,18270.30,15129.52,19233.69,15412.32,19458.46,16990.34,20457.43,17680.34,5956.60,15924.97,18199.96,0.00,5956.60,15924.97,18199.96,0.00,12473.67,10597.69,14389.88,326.74,393.41,0.26,0.70,0.80,0.00,0.30,0.71,0.80,0.00,0.50,0.50,0.50,0.50,0.60,0.60,0.52,0.64,0.71,0.80,0.75,0.84,0.71,0.54,0.63,0.70,0.51,0.60,0.68,0.57,0.65,0.72
ITA,380,2010,16707,39121,0.43,18237,12154,14059,1.50,1.00,40,40,0,0,0,,,,,5992.61,16417.49,18762.85,0.00,5992.61,16417.49,18762.85,0.00,,25643.19,0.23,0.64,0.73,0.00,0.23,0.64,0.73,0.00,,12283,24582,22526,0.50,0.55,8,52,104,52,0,0,,,,,238.32,238.32,0.00,238.32,238.32,238.32,238.32,0.00,238.32,238.32,493.14,0.48,0.48,0.00,0.48,0.48,0.48,0.48,0.00,0.48,0.48,16888,24582,39188,0.69,0.43,3,26,0,0,0,0,,,,,246.57,316.37,0.00,316.37,0.00,246.57,316.37,0.00,316.37,0.00,493.14,0.50,0.64,0.00,0.64,0.00,0.50,0.64,0.00,0.64,0.00,22333,24582,0.91,3,1820,0,0,0,0,,,,,295.88,332.87,0.00,332.87,0.00,295.88,332.87,0.00,332.87,0.00,493.14,0.60,0.68,0.00,0.68,0.00,0.60,0.68,0.00,0.68,0.00,14108.59,18494.00,15483.47,19592.29,15774.16,19824.78,17402.77,20872.82,18092.77,5992.61,16417.49,18762.85,0.00,5992.61,16417.49,18762.85,0.00,12821.59,10825.96,14704.79,334.67,401.40,0.26,0.71,0.80,0.00,0.29,0.72,0.81,0.00,0.48,0.48,0.50,0.50,0.60,0.60,0.50,0.61,0.71,0.79,0.75,0.83,0.71,0.52,0.63,0.70,0.49,0.60,0.68,0.55,0.65,0.72
ITA,380,2011,16669,39254,0.42,17967,12255,14230,1.47,1.00,40,40,0,0,0,,,,,6076.59,16923.13,19340.72,0.00,6076.59,16923.13,19340.72,0.00,,26258.63,0.23,0.64,0.74,0.00,0.23,0.64,0.74,0.00,,12269,24659,22598,0.50,0.54,8,52,104,52,0,0,,,,,247.86,247.86,0.00,247.86,247.86,247.86,247.86,0.00,247.86,247.86,504.97,0.49,0.49,0.00,0.49,0.49,0.49,0.49,0.00,0.49,0.49,16868,24659,39203,0.68,0.43,3,26,0,0,0,0,,,,,252.49,323.96,0.00,323.96,0.00,252.49,323.96,0.00,323.96,0.00,504.97,0.50,0.64,0.00,0.64,0.00,0.50,0.64,0.00,0.64,0.00,22417,24659,0.91,3,1820,0,0,0,0,,,,,302.98,340.86,0.00,340.86,0.00,302.98,340.86,0.00,340.86,0.00,504.97,0.60,0.68,0.00,0.68,0.00,0.60,0.68,0.00,0.68,0.00,14313.10,18638.35,15639.19,19701.66,15933.65,19924.81,17576.39,20985.41,18266.39,6076.59,16923.13,19340.72,0.00,6076.59,16923.13,19340.72,0.00,13129.32,10932.01,14983.30,338.01,403.57,0.26,0.71,0.81,0.00,0.29,0.72,0.82,0.00,0.49,0.49,0.50,0.50,0.60,0.60,0.51,0.61,0.71,0.79,0.75,0.82,0.72,0.52,0.62,0.69,0.50,0.60,0.68,0.55,0.64,0.71
ITA,380,2012,16594,39152,0.42,17697,12519,13340,1.41,1.00,42,42,0,0,0,,,,,6246.89,17427.22,19915.24,0.00,6246.89,17427.22,19915.24,0.00,,26899.71,0.23,0.65,0.74,0.00,0.23,0.65,0.74,0.00,,12062,25256,22565,0.48,0.53,8,52,104,52,0,0,,,,,258.50,258.50,0.00,258.50,258.50,258.50,258.50,0.00,258.50,258.50,517.30,0.50,0.50,0.00,0.50,0.50,0.50,0.50,0.00,0.50,0.50,16947,25256,39126,0.67,0.43,3,26,0,0,0,0,,,,,258.65,331.87,0.00,331.87,0.00,258.65,331.87,0.00,331.87,0.00,517.30,0.50,0.64,0.00,0.64,0.00,0.50,0.64,0.00,0.64,0.00,22304,25256,0.88,3,1820,0,0,0,0,,,,,310.38,349.18,0.00,349.18,0.00,310.38,349.18,0.00,349.18,0.00,517.30,0.60,0.68,0.00,0.68,0.00,0.60,0.68,0.00,0.68,0.00,15103.82,19562.49,16382.33,20579.26,16683.98,20822.34,18773.60,22489.97,19463.60,6246.89,17427.22,19915.24,0.00,6246.89,17427.22,19915.24,0.00,13449.85,11467.12,15273.42,361.03,432.50,0.25,0.69,0.78,0.00,0.28,0.70,0.79,0.00,0.50,0.50,0.50,0.50,0.60,0.60,0.50,0.59,0.67,0.74,0.71,0.77,0.69,0.52,0.60,0.67,0.50,0.59,0.66,0.55,0.62,0.68
ITA,380,2013,16393,39101,0.42,17426,12741,13548,1.37,1.00,42,42,0,0,0,,,,,6440.59,17907.93,20466.31,0.00,6440.59,17907.93,20466.31,0.00,,27463.86,0.23,0.65,0.75,0.00,0.23,0.65,0.75,0.00,,11818,25259,22190,0.47,0.53,8,52,104,13,0,0,,,,,258.30,258.30,0.00,258.30,258.30,258.30,258.30,0.00,258.30,258.30,528.15,0.49,0.49,0.00,0.49,0.49,0.49,0.49,0.00,0.49,0.49,16818,25259,39036,0.67,0.43,3,26,0,0,0,0,,,,,264.08,338.83,0.00,338.83,0.00,264.08,338.83,0.00,338.83,0.00,528.15,0.50,0.64,0.00,0.64,0.00,0.50,0.64,0.00,0.64,0.00,21852,25259,0.87,3,1820,0,0,0,0,,,,,316.89,356.50,0.00,356.50,0.00,316.89,356.50,0.00,356.50,0.00,528.15,0.60,0.67,0.00,0.67,0.00,0.60,0.67,0.00,0.67,0.00,15271.48,20006.76,16674.74,21126.90,16982.72,21374.98,19115.59,23076.23,19805.59,6440.59,17907.93,20466.31,0.00,6440.59,17907.93,20466.31,0.00,13731.93,11656.99,15528.73,367.61,443.77,0.25,0.69,0.78,0.00,0.28,0.70,0.79,0.00,0.49,0.49,0.50,0.50,0.60,0.60,0.48,0.59,0.67,0.74,0.71,0.77,0.70,0.51,0.60,0.67,0.49,0.59,0.66,0.54,0.62,0.69
ITA,380,2014,16259,38972,0.42,17156,12979,13741,1.32,1.00,42,42,0,0,0,,,,,6517.94,18341.97,20966.22,0.00,6517.94,18341.97,20966.22,0.00,,28130.58,0.23,0.65,0.75,0.00,0.23,0.65,0.75,0.00,,11833,25514,22278,0.46,0.53,8,52,104,13,0,0,,,,,266.05,266.05,0.00,266.05,266.05,266.05,266.05,0.00,266.05,266.05,540.97,0.49,0.49,0.00,0.49,0.49,0.49,0.49,0.00,0.49,0.49,16936,25514,38880,0.66,0.44,3,26,0,0,0,0,,,,,270.49,347.05,0.00,347.05,0.00,270.49,347.05,0.00,347.05,0.00,540.97,0.50,0.64,0.00,0.64,0.00,0.50,0.64,0.00,0.64,0.00,21922,25514,0.86,3,1820,0,0,0,0,,,,,324.58,365.16,0.00,365.16,0.00,324.58,365.16,0.00,365.16,0.00,540.97,0.60,0.67,0.00,0.67,0.00,0.60,0.67,0.00,0.67,0.00,15663.02,20402.68,17037.41,21493.62,17344.55,21740.67,19456.64,23419.82,20146.64,6517.94,18341.97,20966.22,0.00,6517.94,18341.97,20966.22,0.00,14065.29,11134.32,15830.45,374.17,450.38,0.25,0.69,0.78,0.00,0.28,0.70,0.79,0.00,0.49,0.49,0.50,0.50,0.60,0.60,0.54,0.60,0.71,0.75,0.75,0.78,0.69,0.53,0.61,0.68,0.52,0.60,0.67,0.55,0.62,0.69
ITA,380,2015,16179,38789,0.42,16886,13182,13941,1.28,1.00,42,42,0,0,0,,,,,6531.07,18754.42,21442.34,0.00,6531.07,18754.42,21442.34,0.00,,28848.59,0.23,0.65,0.74,0.00,0.23,0.65,0.74,0.00,,12556,25497,22464,0.49,0.56,8,104,208,13,0,0,,,,,300.00,291.18,0.00,291.18,291.18,300.00,291.18,0.00,291.18,291.18,554.78,0.54,0.52,0.00,0.52,0.52,0.54,0.52,0.00,0.52,0.52,17089,25497,38704,0.67,0.44,3,26,0,0,0,0,,,,,277.39,355.91,0.00,355.91,0.00,277.39,355.91,0.00,355.91,0.00,554.78,0.50,0.64,0.00,0.64,0.00,0.50,0.64,0.00,0.64,0.00,22465,25497,0.88,3,1820,0,0,0,0,,,,,332.87,374.48,0.00,374.48,0.00,332.87,374.48,0.00,374.48,0.00,554.78,0.60,0.67,0.00,0.67,0.00,0.60,0.67,0.00,0.67,0.00,16095.12,20726.81,17176.67,21584.29,17486.83,21834.15,19619.64,23532.59,20309.64,6531.07,18754.42,21442.34,0.00,6531.07,18754.42,21442.34,0.00,14424.30,11361.32,16155.39,377.30,452.55,0.33,0.76,0.85,0.00,0.32,0.77,0.85,0.00,0.54,0.54,0.50,0.50,0.60,0.60,0.57,0.62,0.70,0.74,0.74,0.77,0.76,0.57,0.61,0.68,0.56,0.60,0.67,0.58,0.62,0.68
ITA,380,2016,16065,38620,0.42,17065,13321,14072,1.28,1.00,42,42,0,0,0,,,,,6524.57,19146.33,21898.36,0.00,6524.57,19146.33,21898.36,0.00,,28998.11,0.22,0.66,0.76,0.00,0.22,0.66,0.76,0.00,,12924,25769,22757,0.50,0.57,8,104,208,13,0,0,,,,,300.00,291.18,0.00,291.18,291.18,300.00,291.18,0.00,291.18,291.18,557.66,0.54,0.52,0.00,0.52,0.52,0.54,0.52,0.00,0.52,0.52,17183,25769,38554,0.67,0.45,3,26,0,0,0,0,,,,,278.83,357.76,0.00,357.76,0.00,278.83,357.76,0.00,357.76,0.00,557.66,0.50,0.64,0.00,0.64,0.00,0.50,0.64,0.00,0.64,0.00,22758,25769,0.88,3,1820,0,0,0,0,,,,,334.59,376.42,0.00,376.42,0.00,334.59,376.42,0.00,376.42,0.00,557.66,0.60,0.68,0.00,0.68,0.00,0.60,0.68,0.00,0.68,0.00,16469.70,21100.22,17609.77,22015.39,17929.30,22261.62,20126.54,24024.20,20816.54,6524.57,19146.33,21898.36,0.00,6524.57,19146.33,21898.36,0.00,14499.06,11408.59,16223.05,387.05,462.00,0.32,0.77,0.86,0.00,0.31,0.78,0.86,0.00,0.54,0.54,0.50,0.50,0.60,0.60,0.58,0.63,0.71,0.74,0.75,0.77,0.77,0.57,0.61,0.68,0.56,0.61,0.67,0.58,0.62,0.69
ITA,380,2017,16042,38489,0.42,17245,13462,14248,1.28,1.00,42,42,0,0,0,,,,,6524.57,19462.24,22269.06,0.00,6524.57,19462.24,22269.06,0.00,,29188.64,0.22,0.67,0.76,0.00,0.22,0.67,0.76,0.00,,13446,25929,23022,0.52,0.58,8,104,208,13,0,0,,,,,300.00,291.18,0.00,291.18,291.18,300.00,291.18,0.00,291.18,291.18,561.32,0.53,0.52,0.00,0.52,0.52,0.53,0.52,0.00,0.52,0.52,17499,25929,38430,0.67,0.46,3,26,0,0,0,0,,,,,280.66,360.11,0.00,360.11,0.00,280.66,360.11,0.00,360.11,0.00,561.32,0.50,0.64,0.00,0.64,0.00,0.50,0.64,0.00,0.64,0.00,23023,25929,0.89,3,1820,0,0,0,0,,,,,336.79,378.89,0.00,378.89,0.00,336.79,378.89,0.00,378.89,0.00,561.32,0.60,0.68,0.00,0.68,0.00,0.60,0.68,0.00,0.68,0.00,16526.48,21142.56,17706.81,22083.97,18028.44,22345.08,20240.12,24121.83,20930.12,6524.57,19462.24,22269.06,0.00,6524.57,19462.24,22269.06,0.00,14594.32,11468.83,16309.28,389.23,463.88,0.32,0.77,0.86,0.00,0.31,0.78,0.87,0.00,0.53,0.53,0.50,0.50,0.60,0.60,0.58,0.62,0.71,0.74,0.75,0.77,0.78,0.57,0.61,0.68,0.56,0.61,0.67,0.58,0.62,0.69
ITA,380,2018,16004,38370,0.42,17377,13565,14376,1.28,1.00,42,42,0,0,0,,,,,6596.46,19715.21,22567.81,0.00,6596.46,19715.21,22567.81,0.00,,29456.34,0.22,0.67,0.77,0.00,0.22,0.67,0.77,0.00,,13816,25969,23214,0.53,0.60,8,104,208,13,0,0,,,,,303.30,294.38,0.00,294.38,294.38,303.30,294.38,0.00,294.38,294.38,566.47,0.54,0.52,0.00,0.52,0.52,0.54,0.52,0.00,0.52,0.52,17679,25969,38311,0.68,0.46,3,26,0,0,0,0,,,,,283.23,363.41,0.00,363.41,0.00,283.23,363.41,0.00,363.41,0.00,566.47,0.50,0.64,0.00,0.64,0.00,0.50,0.64,0.00,0.64,0.00,23215,25969,0.89,3,1820,0,0,0,0,,,,,339.88,382.37,0.00,382.37,0.00,339.88,382.37,0.00,382.37,0.00,566.47,0.60,0.68,0.00,0.68,0.00,0.60,0.68,0.00,0.68,0.00,16661.12,21260.64,17843.15,22216.67,18167.73,22467.76,20399.69,24264.20,21089.69,6596.46,19715.21,22567.81,0.00,6596.46,19715.21,22567.81,0.00,14728.17,11553.46,16430.43,392.30,466.62,0.32,0.78,0.87,0.00,0.31,0.78,0.87,0.00,0.54,0.54,0.50,0.50,0.60,0.60,0.58,0.62,0.71,0.74,0.75,0.77,0.78,0.57,0.61,0.68,0.56,0.61,0.67,0.58,0.62,0.69
ITA,380,2019,16035,38252,0.42,17541,13693,12309,1.28,1.00,42,42,0,0,0,,,,,6669.13,19836.23,22728.67,0.00,6669.13,19836.23,22728.67,0.00,,29750.56,0.22,0.67,0.76,0.00,0.22,0.67,0.76,0.00,,13993,25941,23360,0.54,0.60,8,104,208,13,0,0,,,,,303.30,294.38,0.00,294.38,294.38,303.30,294.38,0.00,294.38,294.38,572.13,0.53,0.51,0.00,0.51,0.51,0.53,0.51,0.00,0.51,0.51,17796,25941,38153,0.69,0.47,3,26,0,0,0,0,,,,,286.06,367.04,0.00,367.04,0.00,286.06,367.04,0.00,367.04,0.00,572.13,0.50,0.64,0.00,0.64,0.00,0.50,0.64,0.00,0.64,0.00,23360,25941,0.90,3,1820,0,0,0,0,,,,,343.28,386.19,0.00,386.19,0.00,343.28,386.19,0.00,386.19,0.00,572.13,0.60,0.68,0.00,0.68,0.00,0.60,0.68,0.00,0.68,0.00,16748.81,21359.05,17993.00,22362.59,18320.82,22623.37,20575.07,24441.47,21265.07,6669.13,19836.23,22728.67,0.00,6669.13,19836.23,22728.67,0.00,14875.28,11646.48,16563.58,395.67,470.03,0.32,0.77,0.87,0.00,0.31,0.78,0.87,0.00,0.53,0.53,0.50,0.50,0.60,0.60,0.57,0.61,0.71,0.74,0.75,0.77,0.78,0.56,0.61,0.68,0.55,0.61,0.67,0.57,0.62,0.68
ITA,380,2020,16067,38055,0.42,17754,13859,12436,1.28,1.00,42,42,0,0,0,,,,,6695.91,19985.29,22910.13,0.00,6695.91,19985.29,22910.13,0.00,,29967.61,0.22,0.67,0.76,0.00,0.22,0.67,0.76,0.00,,13677,25214,22903,0.54,0.60,8,104,208,13,0,0,,,,,308.17,299.11,0.00,299.11,299.11,308.17,299.11,0.00,299.11,299.11,576.30,0.53,0.52,0.00,0.52,0.52,0.53,0.52,0.00,0.52,0.52,17487,25214,37856,0.69,0.46,3,26,0,0,0,0,,,,,288.15,369.72,0.00,369.72,0.00,288.15,369.72,0.00,369.72,0.00,576.30,0.50,0.64,0.00,0.64,0.00,0.50,0.64,0.00,0.64,0.00,22904,25214,0.91,3,1820,0,0,0,0,,,,,345.78,389.00,0.00,389.00,0.00,345.78,389.00,0.00,389.00,0.00,576.30,0.60,0.67,0.00,0.67,0.00,0.60,0.67,0.00,0.67,0.00,17194.43,21787.89,18403.54,22757.22,18733.75,23026.81,21304.46,25160.92,21994.46,6695.91,19985.29,22910.13,0.00,6695.91,19985.29,22910.13,0.00,14983.81,12315.10,16539.75,409.70,483.86,0.31,0.78,0.87,0.00,0.30,0.79,0.87,0.00,0.53,0.53,0.50,0.50,0.60,0.60,0.54,0.61,0.68,0.72,0.71,0.75,0.78,0.56,0.60,0.67,0.54,0.59,0.66,0.57,0.61,0.68
ITA,380,2021,16099,37658,0.43,17859,13942,12489,1.28,1.00,42,42,0,0,0,,,,,6702.54,20077.45,23024.68,0.00,6702.54,20077.45,23024.68,0.00,,30866.64,0.22,0.65,0.75,0.00,0.22,0.65,0.75,0.00,,13811,24921,22554,0.55,0.61,8,104,208,13,0,0,,,,,308.17,299.11,0.00,299.11,299.11,308.17,299.11,0.00,299.11,299.11,593.59,0.52,0.50,0.00,0.50,0.50,0.52,0.50,0.00,0.50,0.50,17284,24921,37574,0.69,0.46,3,26,0,0,0,0,,,,,296.79,380.81,0.00,380.81,0.00,296.79,380.81,0.00,380.81,0.00,593.59,0.50,0.64,0.00,0.64,0.00,0.50,0.64,0.00,0.64,0.00,22638,24921,0.91,3,1820,0,0,0,0,,,,,356.15,400.67,0.00,400.67,0.00,356.15,400.67,0.00,400.67,0.00,593.59,0.60,0.68,0.00,0.68,0.00,0.60,0.68,0.00,0.68,0.00,17762.38,22322.78,19161.43,23451.13,19501.54,23717.29,22440.37,26204.77,23130.37,6702.54,20077.45,23024.68,0.00,6702.54,20077.45,23024.68,0.00,15433.32,13199.33,16942.94,431.55,503.94,0.30,0.77,0.86,0.00,0.29,0.78,0.86,0.00,0.52,0.52,0.50,0.50,0.60,0.60,0.49,0.58,0.65,0.70,0.68,0.73,0.77,0.53,0.59,0.65,0.51,0.57,0.64,0.55,0.60,0.67
ITA,380,2022,16026,37489,0.43,18000,14051,12578,1.28,1.00,42,42,0,0,0,,,,,6816.48,20254.81,23239.40,0.00,6816.48,20254.81,23239.40,0.00,,31792.64,0.21,0.64,0.73,0.00,0.21,0.64,0.73,0.00,,14479,25127,23099,0.58,0.63,8,104,208,13,0,0,,,,,313.41,304.19,0.00,304.19,304.19,313.41,304.19,0.00,304.19,304.19,611.40,0.51,0.50,0.00,0.50,0.50,0.51,0.50,0.00,0.50,0.50,17427,25127,37414,0.69,0.47,3,26,0,0,0,0,,,,,305.70,392.23,0.00,392.23,0.00,305.70,392.23,0.00,392.23,0.00,611.40,0.50,0.64,0.00,0.64,0.00,0.50,0.64,0.00,0.64,0.00,22825,25127,0.91,3,1820,0,0,0,0,,,,,366.84,412.69,0.00,412.69,0.00,366.84,412.69,0.00,412.69,0.00,611.40,0.60,0.67,0.00,0.67,0.00,0.60,0.67,0.00,0.67,0.00,18675.18,23565.18,20234.52,25124.52,20596.86,25486.86,23072.15,27972.15,23772.15,6816.48,20254.81,23239.40,0.00,6816.48,20254.81,23239.40,0.00,15896.32,13117.23,18010.79,443.70,537.93,0.22,0.65,0.74,0.00,0.24,0.66,0.75,0.00,0.51,0.51,0.50,0.50,0.60,0.60,0.56,0.56,0.71,0.71,0.75,0.75,0.65,0.54,0.61,0.68,0.54,0.61,0.68,0.54,0.61,0.68
ITA,380,2023,16019,37472,0.43,18166,14181,12681,1.28,1.00,42,42,0,0,0,,,,,7328.62,20506.09,23239.40,0.00,7328.62,20506.09,23239.40,0.00,,32746.42,0.22,0.63,0.71,0.00,0.22,0.63,0.71,0.00,,14915,25527,23580,0.58,0.63,8,104,208,13,0,0,,,,,339.46,329.48,0.00,329.48,329.48,339.46,329.48,0.00,329.48,329.48,629.74,0.54,0.52,0.00,0.52,0.52,0.54,0.52,0.00,0.52,0.52,17704,25527,37290,0.69,0.47,3,26,0,0,0,0,,,,,314.87,404.00,0.00,404.00,0.00,314.87,404.00,0.00,404.00,0.00,629.74,0.50,0.64,0.00,0.64,0.00,0.50,0.64,0.00,0.64,0.00,23189,25527,0.91,3,1820,0,0,0,0,,,,,377.84,425.07,0.00,425.07,0.00,377.84,425.07,0.00,425.07,0.00,629.74,0.60,0.67,0.00,0.67,0.00,0.60,0.67,0.00,0.67,0.00,19636.28,24866.28,20763.16,25993.16,21081.68,26311.68,23879.74,29129.74,24589.74,7328.62,20506.09,23239.40,0.00,7328.62,20506.09,23239.40,0.00,16373.21,14603.11,20012.32,459.23,560.19,0.29,0.71,0.78,0.00,0.28,0.72,0.79,0.00,0.54,0.54,0.50,0.50,0.60,0.60,0.61,0.62,0.71,0.72,0.74,0.75,0.72,0.58,0.61,0.67,0.57,0.61,0.67,0.58,0.61,0.67
JPN,392,2000,70491,86028,0.82,25875,22043,29536,1.17,0.88,40,25,0,0,0,,,,,699250.00,1494100.00,1682300.00,3023800.00,1398500.00,2429200.00,2717900.00,4059400.00,,4726709.36,0.15,0.32,0.36,0.64,0.30,0.51,0.58,0.86,,33905,67662,64463,0.50,0.53,7,30,52,26,0,0,,,,,48528.76,55994.72,9886.15,55994.72,39996.23,48528.76,55994.72,9886.15,55994.72,39996.23,90898.26,0.53,0.62,0.11,0.62,0.44,0.53,0.62,0.11,0.62,0.44,34633,67662,86028,0.51,0.40,3,78,0,0,0,0,,,,,54538.95,54538.95,12738.46,54538.95,1356923.08,54538.95,54538.95,12738.46,54538.95,1356923.08,90898.26,0.60,0.60,0.14,0.60,14.93,0.60,0.60,0.14,0.60,14.93,48493,67662,0.72,0,78,0,0,0,0,,,,,72718.61,72718.61,30380.00,72718.61,0.00,72718.61,72718.61,30380.00,72718.61,0.00,90898.26,0.80,0.80,0.33,0.80,0.00,0.80,0.80,0.33,0.80,0.00,3540291.35,3614316.35,3502441.48,3576466.48,3975112.41,4049137.41,3851653.49,4183223.10,4030123.10,699250.00,1494100.00,1682300.00,3023800.00,1398500.00,2429200.00,2717900.00,4059400.00,2363354.68,2084428.67,2158453.67,74070.26,80446.60,0.18,0.39,0.44,0.79,0.35,0.60,0.67,1.01,0.66,0.60,0.74,0.68,0.98,0.90,0.82,0.72,0.80,0.70,1.07,0.93,0.50,0.70,0.73,0.97,0.74,0.77,1.00,0.66,0.69,0.92
JPN,392,2001,70168,85672,0.82,26571,22867,30528,1.16,0.87,40,25,0,0,0,,,,,712075.00,1541900.00,1740300.00,3136600.00,1424150.00,2477000.00,2775900.00,4172200.00,,4715340.30,0.15,0.33,0.37,0.67,0.30,0.53,0.59,0.88,,34111,67518,64121,0.51,0.53,7,21,52,26,0,0,,,,,55012.30,44433.01,9886.15,44433.01,56111.54,55012.30,44433.01,9886.15,44433.01,56111.54,90679.62,0.61,0.49,0.11,0.49,0.62,0.61,0.49,0.11,0.49,0.62,34060,67518,85672,0.50,0.40,3,78,0,0,0,0,,,,,54407.77,54407.77,12738.46,54407.77,1356923.08,54407.77,54407.77,12738.46,54407.77,1356923.08,90679.62,0.60,0.60,0.14,0.60,14.96,0.60,0.60,0.14,0.60,14.96,48546,67518,0.72,0,78,0,0,0,0,,,,,72543.70,72543.70,30380.00,72543.70,0.00,72543.70,72543.70,30380.00,72543.70,0.00,90679.62,0.80,0.80,0.34,0.80,0.00,0.80,0.80,0.34,0.80,0.00,3234715.92,3308740.92,3494059.64,3568084.64,3965593.67,4039618.67,3842734.47,4173965.84,4020865.84,712075.00,1541900.00,1740300.00,3136600.00,1424150.00,2477000.00,2775900.00,4172200.00,2357670.15,2079457.55,2153482.55,73898.74,80268.57,0.19,0.40,0.45,0.82,0.35,0.62,0.69,1.04,0.74,0.69,0.74,0.68,0.98,0.90,0.66,0.57,0.80,0.70,1.07,0.93,0.51,0.66,0.73,0.97,0.70,0.77,1.00,0.63,0.69,0.92
JPN,392,2002,70460,85301,0.83,27659,23629,31602,1.17,0.88,40,25,0,0,0,,,,,712075.00,1591400.00,1802300.00,3136600.00,1424150.00,2526500.00,2837900.00,4172200.00,,4732524.48,0.15,0.34,0.38,0.66,0.30,0.53,0.60,0.88,,33962,66890,63303,0.51,0.54,7,21,52,26,0,0,,,,,46010.65,37162.45,9886.15,37162.45,46759.62,46010.65,37162.45,9886.15,37162.45,46759.62,91010.09,0.51,0.41,0.11,0.41,0.51,0.51,0.41,0.11,0.41,0.51,33602,66890,85301,0.50,0.39,3,78,0,0,0,0,,,,,54606.05,54606.05,12738.46,54606.05,1356923.08,54606.05,54606.05,12738.46,54606.05,1356923.08,91010.09,0.60,0.60,0.14,0.60,14.91,0.60,0.60,0.14,0.60,14.91,48579,66890,0.73,0,78,0,0,0,0,,,,,72808.07,72808.07,29750.00,72808.07,0.00,72808.07,72808.07,29750.00,72808.07,0.00,91010.09,0.80,0.80,0.33,0.80,0.00,0.80,0.80,0.33,0.80,0.00,3053195.08,3127220.08,3506728.67,3580753.67,3979981.12,4054006.12,3856215.45,4187958.06,4034858.06,712075.00,1591400.00,1802300.00,3136600.00,1424150.00,2526500.00,2837900.00,4172200.00,2366262.24,2086971.33,2160996.33,74157.99,80537.65,0.18,0.41,0.47,0.81,0.35,0.63,0.70,1.03,0.62,0.57,0.74,0.68,0.98,0.90,0.55,0.48,0.80,0.70,1.07,0.93,0.52,0.55,0.73,0.97,0.58,0.77,1.00,0.52,0.69,0.92
JPN,392,2003,70292,84990,0.83,28489,24312,32514,1.17,0.88,40,25,0,0,0,,,,,704100.00,1627300.00,1852296.00,3167696.00,1408200.00,2551100.00,2875392.00,4190792.00,,4766892.85,0.15,0.34,0.39,0.66,0.30,0.54,0.60,0.88,,34132,66663,63162,0.51,0.54,7,17,52,26,0,0,,,,,46344.79,30302.36,9794.62,30302.36,42173.08,46344.79,30302.36,9794.62,30302.36,42173.08,91671.02,0.51,0.33,0.11,0.33,0.46,0.51,0.33,0.11,0.33,0.46,33470,66663,84990,0.50,0.39,3,78,0,0,0,0,,,,,55002.61,55002.61,12738.46,55002.61,1356923.08,55002.61,55002.61,12738.46,55002.61,1356923.08,91671.02,0.60,0.60,0.14,0.60,14.80,0.60,0.60,0.14,0.60,14.80,48195,66663,0.72,0,78,0,0,0,0,,,,,73336.81,73336.81,29750.00,73336.81,0.00,73336.81,73336.81,29750.00,73336.81,0.00,91671.02,0.80,0.80,0.32,0.80,0.00,0.80,0.80,0.32,0.80,0.00,2853574.17,2927599.17,3495780.57,3569805.57,3972469.85,4046494.85,3819889.79,4149433.62,3996333.62,704100.00,1627300.00,1852296.00,3167696.00,1408200.00,2551100.00,2875392.00,4190792.00,2383446.42,2065712.71,2139737.71,73459.42,79796.80,0.18,0.43,0.48,0.83,0.35,0.64,0.72,1.05,0.63,0.58,0.75,0.69,1.00,0.92,0.45,0.39,0.82,0.71,1.09,0.95,0.53,0.51,0.74,0.99,0.54,0.78,1.00,0.49,0.70,0.93
JPN,392,2004,70293,84562,0.83,29240,24876,33442,1.18,0.87,40,25,0,0,0,,,,,702200.00,1460100.00,1670096.00,3155496.00,1404400.00,2383900.00,2693192.00,4178592.00,,4790950.71,0.15,0.30,0.35,0.66,0.29,0.50,0.56,0.87,,34694,66421,63286,0.52,0.55,7,17,52,26,0,0,,,,,46578.69,30455.30,9657.31,30455.30,41855.77,46578.69,30455.30,9657.31,30455.30,41855.77,92133.67,0.51,0.33,0.10,0.33,0.45,0.51,0.33,0.10,0.33,0.45,33718,66421,84562,0.51,0.40,3,78,0,0,0,0,,,,,55280.20,55280.20,12738.46,55280.20,1356923.08,55280.20,55280.20,12738.46,55280.20,1356923.08,92133.67,0.60,0.60,0.14,0.60,14.73,0.60,0.60,0.14,0.60,14.73,47922,66421,0.72,0,78,0,0,0,0,,,,,73706.93,73706.93,28980.00,73706.93,165340.00,73706.93,73706.93,28980.00,73706.93,165340.00,92133.67,0.80,0.80,0.31,0.80,1.79,0.80,0.80,0.31,0.80,1.79,2867886.57,3001911.57,3513334.10,3647359.10,3992429.17,4126454.17,3838443.77,4198287.07,3985187.07,702200.00,1460100.00,1670096.00,3155496.00,1404400.00,2383900.00,2693192.00,4178592.00,2395475.35,2076048.88,2210073.88,73816.23,80736.29,0.18,0.38,0.44,0.82,0.35,0.60,0.68,1.05,0.63,0.58,0.75,0.68,1.00,0.91,0.45,0.40,0.82,0.72,1.09,0.96,0.49,0.51,0.74,0.99,0.54,0.78,1.00,0.49,0.70,0.94
JPN,392,2005,70447,84012,0.84,29774,25761,34005,1.16,0.88,40,25,0,0,0,,,,,700200.00,1504900.00,1731496.00,3143196.00,1400400.00,2424400.00,2750292.00,4161992.00,,4770329.69,0.15,0.32,0.36,0.66,0.29,0.51,0.58,0.87,,35296,66506,63562,0.53,0.56,7,17,52,26,0,0,,,,,46378.21,30324.21,9657.31,30324.21,42173.08,46378.21,30324.21,9657.31,30324.21,42173.08,91737.11,0.51,0.33,0.11,0.33,0.46,0.51,0.33,0.11,0.33,0.46,34210,66506,84012,0.51,0.41,3,78,0,0,0,0,,,,,55042.27,55042.27,13569.23,55042.27,1356923.08,55042.27,55042.27,13569.23,55042.27,1356923.08,91737.11,0.60,0.60,0.15,0.60,14.79,0.60,0.60,0.15,0.60,14.79,48552,66506,0.73,0,78,0,0,0,0,,,,,73389.69,73389.69,28700.00,73389.69,168182.00,73389.69,73389.69,28700.00,73389.69,168182.00,91737.11,0.80,0.80,0.31,0.80,1.83,0.80,0.80,0.31,0.80,1.83,2849292.69,2983317.69,3491962.10,3625987.10,3968995.07,4103020.07,3811506.83,4170189.00,3957089.00,700200.00,1504900.00,1731496.00,3143196.00,1400400.00,2424400.00,2750292.00,4161992.00,2385164.85,2060863.20,2194888.20,73298.21,80195.94,0.18,0.39,0.45,0.82,0.35,0.61,0.70,1.05,0.63,0.58,0.75,0.69,1.00,0.92,0.45,0.40,0.82,0.72,1.09,0.97,0.50,0.52,0.74,0.99,0.54,0.78,1.00,0.49,0.71,0.94
JPN,392,2006,70383,83352,0.84,30492,26632,34393,1.14,0.89,40,25,0,0,0,,,,,696900.00,1545600.00,1792996.00,3128596.00,1393800.00,2463000.00,2809392.00,4144992.00,,4728331.19,0.15,0.33,0.38,0.66,0.29,0.52,0.59,0.88,,36138,66638,63888,0.54,0.57,7,17,52,26,0,0,,,,,45969.89,30057.23,9474.23,30057.23,40817.31,45969.89,30057.23,9474.23,30057.23,40817.31,90929.45,0.51,0.33,0.10,0.33,0.45,0.51,0.33,0.10,0.33,0.45,34957,66638,83352,0.52,0.42,3,78,0,0,0,0,,,,,54557.67,54557.67,13569.23,54557.67,1356923.08,54557.67,54557.67,13569.23,54557.67,1356923.08,90929.45,0.60,0.60,0.15,0.60,14.92,0.60,0.60,0.15,0.60,14.92,49185,66638,0.74,0,78,0,0,0,0,,,,,72743.56,72743.56,28700.00,72743.56,168182.00,72743.56,72743.56,28700.00,72743.56,168182.00,90929.45,0.80,0.80,0.32,0.80,1.85,0.80,0.80,0.32,0.80,1.85,2814476.88,2949223.76,3451488.17,3586235.04,3924321.29,4059068.16,3732174.29,4107820.73,3885458.23,696900.00,1545600.00,1792996.00,3128596.00,1393800.00,2463000.00,2809392.00,4144992.00,2364165.60,2032988.81,2167735.68,71772.58,78996.55,0.19,0.41,0.48,0.84,0.36,0.63,0.72,1.07,0.64,0.58,0.76,0.69,1.01,0.92,0.46,0.40,0.83,0.73,1.11,0.97,0.52,0.52,0.75,1.00,0.55,0.80,1.00,0.49,0.71,0.95
JPN,392,2007,70066,82683,0.85,31512,27521,35783,1.15,0.88,40,25,0,0,0,,,,,694900.00,1595100.00,1868396.00,3116396.00,1389800.00,2516100.00,2888392.00,4136392.00,,4731831.07,0.15,0.34,0.39,0.66,0.29,0.53,0.61,0.87,,37128,66843,64275,0.56,0.58,7,17,52,26,0,0,,,,,46003.91,30079.48,9520.00,30079.48,40961.54,46003.91,30079.48,9520.00,30079.48,40961.54,90996.75,0.51,0.33,0.10,0.33,0.45,0.51,0.33,0.10,0.33,0.45,35678,66843,82683,0.53,0.43,3,78,0,0,0,0,,,,,54598.05,54598.05,13569.23,54598.05,1356923.08,54598.05,54598.05,13569.23,54598.05,1356923.08,90996.75,0.60,0.60,0.15,0.60,14.91,0.60,0.60,0.15,0.60,14.91,50707,66843,0.76,0,78,0,0,0,0,,,,,72797.40,72797.40,28700.00,72797.40,168182.00,72797.40,72797.40,28700.00,72797.40,168182.00,90996.75,0.80,0.80,0.32,0.80,1.85,0.80,0.80,0.32,0.80,1.85,2773401.94,2926401.94,3410884.73,3563884.73,3884067.84,4037067.84,3792187.37,4095519.94,3861519.94,694900.00,1595100.00,1868396.00,3116396.00,1389800.00,2516100.00,2888392.00,4136392.00,2365915.54,1991335.41,2144335.41,72926.68,78760.00,0.18,0.42,0.49,0.82,0.36,0.65,0.75,1.07,0.63,0.58,0.75,0.69,1.00,0.92,0.43,0.40,0.79,0.73,1.05,0.97,0.54,0.51,0.74,0.99,0.53,0.77,1.00,0.49,0.71,0.95
JPN,392,2008,69358,81997,0.85,32778,28304,37038,1.16,0.88,40,25,0,0,0,,,,,693000.00,1637000.00,1953796.00,3104196.00,1386000.00,2558000.00,2973792.00,4124192.00,,4861326.44,0.14,0.34,0.40,0.64,0.29,0.53,0.61,0.85,,37818,66740,64092,0.57,0.59,7,17,104,52,0,0,,,,,47262.90,30902.66,9520.00,30902.66,40961.54,47262.90,30902.66,9520.00,30902.66,40961.54,93487.05,0.51,0.33,0.10,0.33,0.44,0.51,0.33,0.10,0.33,0.44,35402,66740,81997,0.53,0.43,3,78,0,0,0,0,,,,,62324.70,62324.70,8923.08,62324.70,186153.85,62324.70,62324.70,8923.08,62324.70,186153.85,93487.05,0.67,0.67,0.10,0.67,1.99,0.67,0.67,0.10,0.67,1.99,51313,66740,0.77,0,78,0,0,0,0,,,,,74789.64,74789.64,28560.00,74789.64,170065.00,74789.64,74789.64,28560.00,74789.64,170065.00,93487.05,0.80,0.80,0.31,0.80,1.82,0.80,0.80,0.31,0.80,1.82,2844142.96,3057142.96,3661115.87,3874115.87,3985204.30,4198204.30,3881626.53,4248930.36,3952626.53,693000.00,1637000.00,1953796.00,3104196.00,1386000.00,2558000.00,2973792.00,4124192.00,2430663.22,2040673.72,2253673.72,74646.66,81710.20,0.18,0.42,0.50,0.80,0.35,0.65,0.75,1.04,0.63,0.58,0.83,0.76,1.00,0.92,0.44,0.40,0.88,0.81,1.06,0.97,0.53,0.51,0.82,0.99,0.53,0.86,1.00,0.49,0.79,0.94
JPN,392,2009,68738,81356,0.84,33988,29125,38273,1.17,0.89,40,25,0,0,0,,,,,691000.00,1606500.00,1944996.00,3091996.00,1382000.00,2527500.00,2964992.00,4111992.00,,4474537.19,0.15,0.36,0.43,0.69,0.31,0.56,0.66,0.92,,37664,66500,63145,0.57,0.60,7,17,104,52,0,0,,,,,43502.44,28443.91,9382.69,28443.91,32261.54,43502.44,28443.91,9382.69,28443.91,32261.54,86048.79,0.51,0.33,0.11,0.33,0.37,0.51,0.33,0.11,0.33,0.37,35239,66500,81356,0.53,0.43,3,78,0,0,0,0,,,,,57365.86,57365.86,8923.08,57365.86,186153.85,57365.86,57365.86,8923.08,57365.86,186153.85,86048.79,0.67,0.67,0.10,0.67,2.16,0.67,0.67,0.10,0.67,2.16,52418,66500,0.79,0,78,0,0,0,0,,,,,68839.03,68839.03,28560.00,68839.03,170065.00,68839.03,68839.03,28560.00,68839.03,170065.00,86048.79,0.80,0.80,0.33,0.80,1.98,0.80,0.80,0.33,0.80,1.98,2622052.65,2835052.65,3374023.48,3587023.48,3672325.96,3885325.96,3595291.32,3949534.06,3655534.06,691000.00,1606500.00,1944996.00,3091996.00,1382000.00,2527500.00,2964992.00,4111992.00,2237268.60,1882511.09,2095511.09,69140.22,75952.58,0.19,0.45,0.54,0.86,0.38,0.69,0.81,1.12,0.63,0.57,0.83,0.76,1.00,0.91,0.43,0.40,0.87,0.80,1.04,0.97,0.57,0.51,0.82,0.98,0.53,0.85,1.00,0.49,0.78,0.94
JPN,392,2010,68258,80939,0.84,35060,29484,39387,1.19,0.89,40,25,0,0,0,,,,,689100.00,1555000.00,1908696.00,3079696.00,1378200.00,2476000.00,2928692.00,4099692.00,,4340793.30,0.16,0.36,0.44,0.71,0.32,0.57,0.67,0.94,,38243,66318,62982,0.58,0.61,7,17,104,52,0,0,,,,,42202.16,27593.72,9382.69,27593.72,32261.54,42202.16,27593.72,9382.69,27593.72,32261.54,83476.79,0.51,0.33,0.11,0.33,0.39,0.51,0.33,0.11,0.33,0.39,35154,66318,80939,0.53,0.43,3,78,0,0,0,0,,,,,55651.20,55651.20,8923.08,55651.20,186153.85,55651.20,55651.20,8923.08,55651.20,186153.85,83476.79,0.67,0.67,0.11,0.67,2.23,0.67,0.67,0.11,0.67,2.23,52789,66318,0.80,0,78,0,0,0,0,,,,,66781.44,66781.44,28280.00,66781.44,174685.00,66781.44,66781.44,28280.00,66781.44,174685.00,83476.79,0.80,0.80,0.34,0.80,2.09,0.80,0.80,0.34,0.80,2.09,2544126.90,2757126.90,3273621.33,3486621.33,3563007.55,3776007.55,3492326.54,3841649.53,3547649.53,689100.00,1555000.00,1908696.00,3079696.00,1378200.00,2476000.00,2928692.00,4099692.00,2170396.65,1826690.23,2039690.23,67160.13,73877.88,0.20,0.45,0.55,0.88,0.39,0.70,0.83,1.16,0.63,0.57,0.83,0.75,0.99,0.90,0.43,0.40,0.87,0.80,1.04,0.96,0.57,0.51,0.81,0.98,0.53,0.85,1.00,0.48,0.78,0.93
JPN,392,2011,67747,80425,0.84,35788,29760,38872,1.20,0.92,40,25,0,0,0,,,,,685200.00,1569200.00,1922992.00,3064292.00,1370400.00,2485800.00,2938184.00,4079484.00,,4431949.96,0.15,0.35,0.43,0.69,0.31,0.56,0.66,0.92,,38630,65955,62934,0.59,0.61,7,17,104,52,0,0,,,,,43088.40,28173.19,9153.85,28173.19,31500.00,43088.40,28173.19,9153.85,28173.19,31500.00,85229.81,0.51,0.33,0.11,0.33,0.37,0.51,0.33,0.11,0.33,0.37,35184,65955,80425,0.53,0.44,3,78,0,0,0,0,,,,,56819.87,56819.87,8923.08,56819.87,186153.85,56819.87,56819.87,8923.08,56819.87,186153.85,85229.81,0.67,0.67,0.10,0.67,2.18,0.67,0.67,0.10,0.67,2.18,52488,65955,0.80,0,78,0,0,0,0,,,,,68183.85,68183.85,28280.00,68183.85,174685.00,68183.85,68183.85,28280.00,68183.85,174685.00,85229.81,0.80,0.80,0.33,0.80,2.05,0.80,0.80,0.33,0.80,2.05,2576031.81,2921031.81,3320845.62,3665845.62,3616308.95,3961308.95,3523477.50,3891607.97,3579607.97,685200.00,1569200.00,1922992.00,3064292.00,1370400.00,2485800.00,2938184.00,4079484.00,2215974.98,1843528.97,2188528.97,67759.18,74838.61,0.19,0.45,0.55,0.87,0.38,0.69,0.82,1.14,0.64,0.58,0.84,0.76,1.01,0.91,0.44,0.43,0.88,0.87,1.06,1.04,0.57,0.52,0.84,1.00,0.54,0.86,1.00,0.50,0.81,0.98
JPN,392,2012,67356,79573,0.85,36497,30811,40796,1.18,0.89,40,25,0,0,0,,,,,681800.00,1545000.00,1894092.00,3049692.00,1363600.00,2459500.00,2906884.00,4062484.00,,4401564.41,0.15,0.35,0.43,0.69,0.31,0.56,0.66,0.92,,39014,65652,62797,0.59,0.62,7,17,104,52,0,0,,,,,42792.99,27980.03,10664.23,27980.03,33092.31,42792.99,27980.03,10664.23,27980.03,33092.31,84645.47,0.51,0.33,0.13,0.33,0.39,0.51,0.33,0.13,0.33,0.39,35408,65652,79573,0.54,0.44,3,78,0,0,0,0,,,,,56430.31,56430.31,8923.08,56430.31,186153.85,56430.31,56430.31,8923.08,56430.31,186153.85,84645.47,0.67,0.67,0.11,0.67,2.20,0.67,0.67,0.11,0.67,2.20,52742,65652,0.80,0,78,0,0,0,0,,,,,67716.38,67716.38,27720.00,67716.38,172256.00,67716.38,67716.38,27720.00,67716.38,172256.00,84645.47,0.80,0.80,0.33,0.80,2.04,0.80,0.80,0.33,0.80,2.04,2552232.95,2825232.95,3291940.30,3564940.30,3585377.93,3858377.93,3489691.37,3784090.03,3544090.03,681800.00,1545000.00,1894092.00,3049692.00,1363600.00,2459500.00,2906884.00,4062484.00,2200782.21,1824752.16,2097752.16,67109.45,72770.96,0.20,0.44,0.54,0.87,0.38,0.69,0.82,1.15,0.64,0.59,0.84,0.78,1.01,0.93,0.44,0.43,0.88,0.87,1.06,1.04,0.57,0.52,0.84,1.00,0.54,0.86,1.00,0.51,0.82,0.99
JPN,392,2013,67175,78399,0.86,36710,31926,41346,1.15,0.89,40,25,0,0,0,,,,,674800.00,1527800.00,1859100.00,3029400.00,1349600.00,2431400.00,2860000.00,4030300.00,,4397223.62,0.15,0.35,0.42,0.69,0.31,0.55,0.65,0.92,,39494,65928,63266,0.60,0.62,7,17,104,52,0,0,,,,,42750.79,27952.44,10618.46,27952.44,33023.08,42750.79,27952.44,10618.46,27952.44,33023.08,84561.99,0.51,0.33,0.13,0.33,0.39,0.51,0.33,0.13,0.33,0.39,35901,65928,78399,0.54,0.46,3,78,0,0,0,0,,,,,56374.66,56374.66,8923.08,56374.66,186153.85,56374.66,56374.66,8923.08,56374.66,186153.85,84561.99,0.67,0.67,0.11,0.67,2.20,0.67,0.67,0.11,0.67,2.20,53235,65928,0.81,0,78,0,0,0,0,,,,,67649.59,67649.59,27615.00,67649.59,172256.00,67649.59,67649.59,27615.00,67649.59,172256.00,84561.99,0.80,0.80,0.33,0.80,2.04,0.80,0.80,0.33,0.80,2.04,2511865.15,2864264.15,3250843.01,3603242.01,3543991.25,3896390.25,3478168.74,3832472.54,3532472.54,674800.00,1527800.00,1859100.00,3029400.00,1349600.00,2431400.00,2860000.00,4030300.00,2198611.81,1785101.80,2137500.80,66887.86,73701.39,0.19,0.44,0.53,0.87,0.38,0.69,0.81,1.14,0.64,0.58,0.84,0.76,1.01,0.92,0.43,0.43,0.87,0.86,1.04,1.04,0.56,0.52,0.83,1.00,0.53,0.85,1.00,0.50,0.81,0.98
JPN,392,2014,67134,77230,0.87,37145,33038,41750,1.12,0.89,40,25,0,0,0,,,,,669200.00,1516800.00,1821800.00,3011400.00,1338400.00,2415400.00,2817000.00,4006600.00,,4475357.90,0.15,0.34,0.41,0.67,0.30,0.54,0.63,0.90,,40136,66088,63712,0.61,0.63,7,17,104,52,0,0,,,,,43510.42,28449.12,10572.69,28449.12,32838.46,43510.42,28449.12,10572.69,28449.12,32838.46,86064.58,0.51,0.33,0.12,0.33,0.38,0.51,0.33,0.12,0.33,0.38,36645,66088,77230,0.55,0.47,3,78,0,0,0,0,,,,,57376.38,57376.38,8923.08,57376.38,186153.85,57376.38,57376.38,8923.08,57376.38,186153.85,86064.58,0.67,0.67,0.10,0.67,2.16,0.67,0.67,0.10,0.67,2.16,54293,66088,0.82,0,78,0,0,0,0,,,,,68851.66,68851.66,27510.00,68851.66,177597.00,68851.66,68851.66,27510.00,68851.66,177597.00,86064.58,0.80,0.80,0.32,0.80,2.06,0.80,0.80,0.32,0.80,2.06,2550748.51,2903147.51,3302857.27,3655256.27,3601214.46,3953613.46,3527694.67,3884231.33,3584231.33,669200.00,1516800.00,1821800.00,3011400.00,1338400.00,2415400.00,2817000.00,4006600.00,2237678.95,1811071.30,2163470.30,67840.28,74696.76,0.19,0.43,0.52,0.85,0.37,0.67,0.79,1.12,0.64,0.58,0.85,0.77,1.01,0.92,0.43,0.43,0.87,0.87,1.04,1.04,0.55,0.52,0.84,1.00,0.54,0.86,1.00,0.51,0.82,0.98
JPN,392,2015,67120,76282,0.88,38289,33868,42155,1.13,0.91,40,25,0,0,0,,,,,671900.00,1530400.00,1750696.00,3006496.00,1343800.00,2437500.00,2755292.00,4011092.00,,4484039.48,0.15,0.34,0.39,0.67,0.30,0.54,0.61,0.89,,40854,66251,64018,0.62,0.64,7,17,104,52,0,0,,,,,43594.83,28504.31,10526.92,28504.31,32792.31,43594.83,28504.31,10526.92,28504.31,32792.31,86231.53,0.51,0.33,0.12,0.33,0.38,0.51,0.33,0.12,0.33,0.38,37419,66251,76282,0.56,0.49,3,78,0,0,0,0,,,,,57487.69,57487.69,8923.08,57487.69,186153.85,57487.69,57487.69,8923.08,57487.69,186153.85,86231.53,0.67,0.67,0.10,0.67,2.16,0.67,0.67,0.10,0.67,2.16,55407,66251,0.84,0,78,0,0,0,0,,,,,68985.22,68985.22,27510.00,68985.22,177597.00,68985.22,68985.22,27510.00,68985.22,177597.00,86231.53,0.80,0.80,0.32,0.80,2.06,0.80,0.80,0.32,0.80,2.06,2551055.14,2903454.14,3304622.88,3657021.88,3603558.85,3955957.85,3525555.03,3881843.70,3581843.70,671900.00,1530400.00,1750696.00,3006496.00,1343800.00,2437500.00,2755292.00,4011092.00,2242019.74,1809943.06,2162342.06,67799.14,74650.84,0.19,0.43,0.50,0.85,0.38,0.68,0.77,1.12,0.64,0.58,0.85,0.77,1.02,0.92,0.43,0.43,0.87,0.87,1.05,1.04,0.56,0.52,0.84,1.00,0.54,0.86,1.00,0.51,0.82,0.98
JPN,392,2016,67130,75622,0.89,38329,34560,42610,1.11,0.90,40,25,0,0,0,,,,,670000.00,1529800.00,1749196.00,2994296.00,1340000.00,2436900.00,2753792.00,3998892.00,,4517298.88,0.15,0.34,0.39,0.66,0.30,0.54,0.61,0.89,,41552,66785,64702,0.62,0.64,7,17,104,52,0,0,,,,,43918.18,28715.74,10526.92,28715.74,32792.31,43918.18,28715.74,10526.92,28715.74,32792.31,86871.13,0.51,0.33,0.12,0.33,0.38,0.51,0.33,0.12,0.33,0.38,38612,66785,75622,0.58,0.51,3,78,0,0,0,0,,,,,57914.09,57914.09,8923.08,57914.09,213846.15,57914.09,57914.09,8923.08,57914.09,213846.15,86871.13,0.67,0.67,0.10,0.67,2.46,0.67,0.67,0.10,0.67,2.46,56292,66785,0.84,0,78,0,0,0,0,,,,,69496.91,69496.91,27440.00,69496.91,176533.00,69496.91,69496.91,27440.00,69496.91,176533.00,86871.13,0.80,0.80,0.32,0.80,2.03,0.80,0.80,0.32,0.80,2.03,2567935.13,2920334.13,3327092.30,3679491.30,3628245.56,3980644.56,3546879.77,3904107.21,3604107.21,670000.00,1529800.00,1749196.00,2994296.00,1340000.00,2436900.00,2753792.00,3998892.00,2258649.44,1821326.01,2173725.01,68209.23,75078.98,0.19,0.43,0.49,0.84,0.37,0.68,0.76,1.11,0.64,0.58,0.85,0.77,1.02,0.93,0.43,0.43,0.87,0.87,1.05,1.04,0.55,0.52,0.84,1.00,0.54,0.86,1.00,0.51,0.82,0.98
JPN,392,2017,67330,75085,0.90,39064,35087,42834,1.11,0.91,40,10,0,0,0,,,,,259300.00,1529100.00,1744092.00,2981292.00,518600.00,2435300.00,2747684.00,3984884.00,,4574101.45,0.06,0.33,0.38,0.65,0.11,0.53,0.60,0.87,,42832,67323,65424,0.64,0.65,7,17,104,52,0,0,,,,,44470.43,29076.82,10481.15,29076.82,33484.62,44470.43,29076.82,10481.15,29076.82,33484.62,87963.49,0.51,0.33,0.12,0.33,0.38,0.51,0.33,0.12,0.33,0.38,39689,67323,75085,0.59,0.53,3,78,0,0,0,0,,,,,58642.33,58642.33,8923.08,58642.33,213846.15,58642.33,58642.33,8923.08,58642.33,213846.15,87963.49,0.67,0.67,0.10,0.67,2.43,0.67,0.67,0.10,0.67,2.43,57484,67323,0.85,0,78,0,0,0,0,,,,,70370.79,70370.79,27440.00,70370.79,176533.00,70370.79,70370.79,27440.00,70370.79,176533.00,87963.49,0.80,0.80,0.31,0.80,2.01,0.80,0.80,0.31,0.80,2.01,2598518.37,2950917.37,3367221.53,3719620.53,3672161.62,4024560.62,3586597.53,3945639.28,3645639.28,259300.00,1529100.00,1744092.00,2981292.00,518600.00,2435300.00,2747684.00,3984884.00,2287050.73,1842521.04,2194920.04,68973.03,75877.68,0.07,0.43,0.49,0.83,0.14,0.67,0.75,1.09,0.64,0.59,0.85,0.77,1.02,0.93,0.43,0.43,0.87,0.87,1.05,1.05,0.55,0.52,0.84,1.00,0.54,0.86,1.00,0.51,0.82,0.99
JPN,392,2018,67460,74638,0.90,39054,35479,43081,1.10,0.91,40,10,0,0,0,,,,,252700.00,1530600.00,1744492.00,2969092.00,505400.00,2436800.00,2748084.00,3972684.00,,4641741.35,0.05,0.33,0.38,0.64,0.11,0.52,0.59,0.86,,43503,68492,66820,0.64,0.65,7,17,104,52,0,0,,,,,45128.04,29506.80,11305.00,29506.80,34407.69,45128.04,29506.80,11305.00,29506.80,34407.69,89264.26,0.51,0.33,0.13,0.33,0.39,0.51,0.33,0.13,0.33,0.39,40476,68492,74638,0.59,0.54,3,78,0,0,0,0,,,,,59509.50,59509.50,8923.08,59509.50,213846.15,59509.50,59509.50,8923.08,59509.50,213846.15,89264.26,0.67,0.67,0.10,0.67,2.40,0.67,0.67,0.10,0.67,2.40,58362,68492,0.85,0,78,0,0,0,0,,,,,71411.41,71411.41,27440.00,71411.41,176533.00,71411.41,71411.41,27440.00,71411.41,176533.00,89264.26,0.80,0.80,0.31,0.80,1.98,0.80,0.80,0.31,0.80,1.98,2635029.30,2987428.30,3415099.72,3767498.72,3724549.15,4076948.15,3634067.34,3995280.71,3695280.71,252700.00,1530600.00,1744492.00,2969092.00,505400.00,2436800.00,2748084.00,3972684.00,2320870.67,1867852.61,2220251.61,69885.91,76832.32,0.07,0.42,0.48,0.82,0.14,0.66,0.74,1.08,0.65,0.59,0.85,0.77,1.02,0.93,0.43,0.43,0.88,0.87,1.05,1.05,0.54,0.52,0.84,1.00,0.54,0.86,1.00,0.51,0.82,0.99
JPN,392,2019,67620,74268,0.91,40400,35754,43343,1.13,0.93,40,10,0,0,0,,,,,252900.00,1533400.00,1746896.00,2957596.00,505800.00,2440241.00,2751233.00,3961933.00,,4649962.77,0.05,0.33,0.38,0.64,0.11,0.52,0.59,0.85,,44131,69122,67496,0.64,0.65,7,17,104,52,0,0,,,,,45207.97,29559.06,11350.77,29559.06,34592.31,45207.97,29559.06,11350.77,29559.06,34592.31,89422.36,0.51,0.33,0.13,0.33,0.39,0.51,0.33,0.13,0.33,0.39,40848,69122,74268,0.59,0.55,3,78,0,0,0,0,,,,,59614.91,59614.91,8923.08,59614.91,213846.15,59614.91,59614.91,8923.08,59614.91,213846.15,89422.36,0.67,0.67,0.10,0.67,2.39,0.67,0.67,0.10,0.67,2.39,59567,69122,0.86,0,78,0,0,0,0,,,,,71537.89,71537.89,27440.00,71537.89,176533.00,71537.89,71537.89,27440.00,71537.89,176533.00,89422.36,0.80,0.80,0.31,0.80,1.97,0.80,0.80,0.31,0.80,1.97,2639559.91,2991958.91,3421011.99,3773410.99,3731009.51,4083408.51,3640011.62,4001500.11,3701500.11,252900.00,1533400.00,1746896.00,2957596.00,505800.00,2440241.00,2751233.00,3961933.00,2324981.38,1871024.40,2223423.40,70000.22,76951.93,0.07,0.42,0.48,0.81,0.14,0.66,0.74,1.07,0.65,0.59,0.85,0.77,1.02,0.93,0.43,0.43,0.88,0.87,1.05,1.05,0.54,0.52,0.84,1.00,0.54,0.86,1.00,0.51,0.82,0.99
JPN,392,2020,67560,73864,0.91,40510,36027,43407,1.12,0.93,40,10,0,0,0,,,,,253300.00,1536800.00,1749992.00,3051692.00,506600.00,2445500.00,2756384.00,4058084.00,,4466475.53,0.06,0.34,0.39,0.68,0.11,0.55,0.62,0.91,,44352,69022,67102,0.64,0.66,7,17,104,52,0,0,,,,,43424.07,28392.66,11442.31,28392.66,34938.46,43424.07,28392.66,11442.31,28392.66,34938.46,85893.76,0.51,0.33,0.13,0.33,0.41,0.51,0.33,0.13,0.33,0.41,40790,69022,73864,0.59,0.55,3,78,0,0,0,0,,,,,57262.51,57262.51,8923.08,57262.51,213846.15,57262.51,57262.51,8923.08,57262.51,213846.15,85893.76,0.67,0.67,0.10,0.67,2.49,0.67,0.67,0.10,0.67,2.49,60433,69022,0.88,0,78,0,0,0,0,,,,,68715.01,68715.01,27440.00,68715.01,176533.00,68715.01,68715.01,27440.00,68715.01,176533.00,85893.76,0.80,0.80,0.32,0.80,2.06,0.80,0.80,0.32,0.80,2.06,2538444.93,2890843.93,3289060.96,3641459.96,3586825.99,3939224.99,3507346.05,3862694.45,3562694.45,253300.00,1536800.00,1749992.00,3051692.00,506600.00,2445500.00,2756384.00,4058084.00,2233237.77,1800235.78,2152634.78,67448.96,74282.59,0.07,0.44,0.50,0.87,0.14,0.69,0.77,1.14,0.64,0.58,0.85,0.77,1.02,0.93,0.43,0.43,0.87,0.87,1.05,1.04,0.56,0.52,0.84,1.00,0.54,0.86,1.00,0.51,0.82,0.98
JPN,392,2021,67179,73447,0.91,40230,36214,43605,1.11,0.92,40,10,0,0,0,,,,,253300.00,1489800.00,1714592.00,3038992.00,506600.00,2398500.00,2720984.00,4045384.00,,5185181.00,0.05,0.29,0.33,0.59,0.10,0.46,0.52,0.78,,44632,69072,67124,0.65,0.66,7,21,104,52,0,0,,,,,50411.48,41531.31,11781.00,41531.31,35100.00,50411.48,41531.31,11781.00,41531.31,35100.00,99715.02,0.51,0.42,0.12,0.42,0.35,0.51,0.42,0.12,0.42,0.35,40819,69072,73447,0.59,0.56,3,78,0,0,0,0,,,,,66476.68,66476.68,8923.08,66476.68,213846.15,66476.68,66476.68,8923.08,66476.68,213846.15,99715.02,0.67,0.67,0.09,0.67,2.14,0.67,0.67,0.09,0.67,2.14,60681,69072,0.88,0,78,0,0,0,0,,,,,79772.02,79772.02,27440.00,79772.02,176533.00,79772.02,79772.02,27440.00,79772.02,176533.00,99715.02,0.80,0.80,0.28,0.80,1.77,0.80,0.80,0.28,0.80,1.77,3167323.32,3520022.32,3815903.04,4168602.04,4161581.78,4514280.78,4036986.96,4409084.96,4109084.96,253300.00,1489800.00,1714592.00,3038992.00,506600.00,2398500.00,2720984.00,4045384.00,2592590.50,2087509.38,2440208.38,77634.36,84790.10,0.06,0.37,0.42,0.75,0.12,0.58,0.66,0.98,0.65,0.59,0.86,0.78,1.03,0.94,0.55,0.55,0.89,0.88,1.06,1.05,0.48,0.59,0.85,1.00,0.60,0.87,1.00,0.57,0.83,1.00
JPN,392,2022,66897,73139,0.91,39760,36236,40690,1.10,0.98,40,10,0,0,0,,,,,253100.00,1440000.00,1657700.00,3025300.00,506200.00,2347000.00,2662300.00,4029900.00,,5154009.00,0.05,0.28,0.32,0.59,0.10,0.46,0.52,0.78,,44598,69019,67226,0.65,0.66,7,17,104,52,0,0,,,,,50108.42,32763.20,11794.73,32763.20,34661.54,50108.42,32763.20,11794.73,32763.20,34661.54,99115.56,0.51,0.33,0.12,0.33,0.35,0.51,0.33,0.12,0.33,0.35,40788,69019,73139,0.59,0.56,3,78,0,0,0,0,,,,,66077.04,66077.04,8923.08,66077.04,213846.15,66077.04,66077.04,8923.08,66077.04,213846.15,99115.56,0.67,0.67,0.09,0.67,2.16,0.67,0.67,0.09,0.67,2.16,60634,69019,0.88,0,78,0,0,0,0,,,,,79292.45,79292.45,27440.00,79292.45,176533.00,79292.45,79292.45,27440.00,79292.45,176533.00,99115.56,0.80,0.80,0.28,0.80,1.78,0.80,0.80,0.28,0.80,1.78,2832016.37,3184715.37,3698176.21,4050875.21,4041776.81,4394475.81,3857368.69,4229466.69,3929466.69,253100.00,1440000.00,1657700.00,3025300.00,506200.00,2347000.00,2662300.00,4029900.00,2577004.50,1980173.21,2332872.21,74180.17,81335.90,0.07,0.37,0.43,0.78,0.13,0.60,0.68,1.03,0.68,0.62,0.89,0.81,1.07,0.97,0.45,0.45,0.92,0.91,1.10,1.09,0.49,0.55,0.88,1.00,0.56,0.90,1.00,0.53,0.86,1.00
JPN,392,2023,66584,72797,0.91,41080,37439,41884,1.10,0.98,40,10,0,0,0,,,,,253100.00,1392800.00,1609000.00,3012500.00,506200.00,2299800.00,2613600.00,4017100.00,,5251660.00,0.05,0.27,0.31,0.57,0.10,0.44,0.50,0.76,,44748,69252,67469,0.65,0.66,7,17,104,52,0,0,,,,,51057.81,33383.95,12160.88,33383.95,35053.85,51057.81,33383.95,12160.88,33383.95,35053.85,100993.46,0.51,0.33,0.12,0.33,0.35,0.51,0.33,0.12,0.33,0.35,40925,69252,72797,0.59,0.56,3,78,0,0,0,0,,,,,67328.97,67328.97,8923.08,67328.97,213846.15,67328.97,67328.97,8923.08,67328.97,213846.15,100993.46,0.67,0.67,0.09,0.67,2.12,0.67,0.67,0.09,0.67,2.12,60838,69252,0.88,0,78,0,0,0,0,,,,,80794.77,80794.77,27440.00,80794.77,176533.00,80794.77,80794.77,27440.00,80794.77,176533.00,100993.46,0.80,0.80,0.27,0.80,1.75,0.80,0.80,0.27,0.80,1.75,2879906.10,3232605.10,3762476.74,4115175.74,4112587.40,4465286.40,3917639.03,4289737.03,3989737.03,253100.00,1392800.00,1609000.00,3012500.00,506200.00,2299800.00,2613600.00,4017100.00,2625830.00,2011923.40,2364622.40,75339.21,82494.94,0.06,0.36,0.41,0.77,0.13,0.58,0.66,1.01,0.68,0.62,0.89,0.82,1.07,0.98,0.46,0.45,0.92,0.91,1.10,1.09,0.47,0.55,0.88,1.00,0.57,0.91,1.00,0.53,0.86,1.00
KOR,410,2000,17329600,33939462,0.51,622457,3378095,5195151,0.18,0.12,42,10,0,0,0,,,,,0.00,9118249.14,10420856.16,16102166.08,0.00,9118249.14,10420856.16,16102166.08,,16102166.08,0.00,0.57,0.65,1.00,0.00,0.57,0.65,1.00,,6747,22151,11405,0.30,0.59,14,26,78,26,0,0,,,,,154828.52,154828.52,93996.00,154828.52,0.00,154828.52,154828.52,93996.00,154828.52,0.00,309657.04,0.50,0.50,0.30,0.50,0.00,0.50,0.50,0.30,0.50,0.00,0,0,0,1.00,1.00,0,0,0,0,0,0,,,,,0.00,0.00,0.00,0.00,0.00,0.00,0.00,0.00,0.00,0.00,309657.04,0.00,0.00,0.00,0.00,0.00,0.00,0.00,0.00,0.00,0.00,9486,22151,1.00,3,104,0,0,0,0,,,,,216759.93,216759.93,104440.00,216759.93,0.00,216759.93,216759.93,104440.00,216759.93,0.00,309657.04,0.70,0.70,0.34,0.70,0.00,0.70,0.70,0.34,0.70,0.00,11492965.28,11492965.28,7511660.48,7511660.48,13147418.60,13147418.60,14801446.16,14982946.16,14801446.16,0.00,9118249.14,10420856.16,16102166.08,0.00,9118249.14,10420856.16,16102166.08,8051083.04,7511660.48,7511660.48,284643.20,288133.58,0.00,0.62,0.70,1.09,0.00,0.62,0.70,1.09,0.54,0.54,0.00,0.00,0.76,0.75,0.55,0.53,0.00,0.00,0.77,0.75,0.62,0.54,0.00,0.76,0.55,0.00,0.77,0.54,0.00,0.75
KOR,410,2001,17407380,34284981,0.51,775370,3558254,5418249,0.22,0.14,42,10,0,0,0,,,,,0.00,10310115.82,11782989.50,17368093.60,0.00,10310115.82,11782989.50,17368093.60,,17368093.60,0.00,0.59,0.68,1.00,0.00,0.59,0.68,1.00,,6909,22511,11590,0.31,0.60,14,26,78,26,0,0,,,,,167000.90,167000.90,105840.00,167000.90,0.00,167000.90,167000.90,105840.00,167000.90,0.00,334001.80,0.50,0.50,0.32,0.50,0.00,0.50,0.50,0.32,0.50,0.00,0,0,0,1.00,1.00,0,0,0,0,0,0,,,,,0.00,0.00,0.00,0.00,0.00,0.00,0.00,0.00,0.00,0.00,334001.80,0.00,0.00,0.00,0.00,0.00,0.00,0.00,0.00,0.00,0.00,10581,22511,1.00,3,104,0,0,0,0,,,,,233801.26,233801.26,117600.00,233801.26,0.00,233801.26,233801.26,117600.00,233801.26,0.00,334001.80,0.70,0.70,0.35,0.70,0.00,0.70,0.70,0.35,0.70,0.00,12394594.62,12396524.52,8100285.76,8102215.66,14179118.52,14181048.42,15979481.21,16142831.21,15979481.21,0.00,10310115.82,11782989.50,17368093.60,0.00,10310115.82,11782989.50,17368093.60,8684046.80,8102215.66,8102215.66,307297.72,310439.06,0.00,0.57,0.65,0.91,0.00,0.57,0.65,0.92,0.54,0.54,0.00,0.00,0.76,0.75,0.54,0.53,0.00,0.00,0.77,0.76,0.57,0.54,0.00,0.76,0.54,0.00,0.77,0.54,0.00,0.75
KOR,410,2002,17650641,34481832,0.51,921550,3739192,5654612,0.25,0.16,42,10,0,0,0,,,,,0.00,11194703.52,12793946.88,19638315.84,0.00,11194703.52,12793946.88,19638315.84,,19638315.84,0.00,0.57,0.65,1.00,0.00,0.57,0.65,1.00,,7171,22982,11898,0.31,0.60,14,26,78,26,0,0,,,,,188829.96,188829.96,114660.00,188829.96,0.00,188829.96,188829.96,114660.00,188829.96,0.00,377659.92,0.50,0.50,0.30,0.50,0.00,0.50,0.50,0.30,0.50,0.00,0,0,0,1.00,1.00,0,0,0,0,0,0,,,,,0.00,0.00,0.00,0.00,0.00,0.00,0.00,0.00,0.00,0.00,377659.92,0.00,0.00,0.00,0.00,0.00,0.00,0.00,0.00,0.00,0.00,10571,22982,1.00,3,104,0,0,0,0,,,,,264361.94,264361.94,127400.00,264361.94,0.00,264361.94,264361.94,127400.00,264361.94,0.00,377659.92,0.70,0.70,0.34,0.70,0.00,0.70,0.70,0.34,0.70,0.00,13983759.54,14016901.88,9128132.00,9161274.34,16001542.54,16034684.88,17992100.77,18161439.61,17992100.77,0.00,11194703.52,12793946.88,19638315.84,0.00,11194703.52,12793946.88,19638315.84,9819157.92,9161274.34,9161274.34,346001.94,349258.45,0.00,0.58,0.65,0.95,0.00,0.58,0.66,0.96,0.55,0.54,0.00,0.00,0.76,0.76,0.55,0.54,0.00,0.00,0.77,0.76,0.58,0.54,0.00,0.76,0.55,0.00,0.77,0.54,0.00,0.76
KOR,410,2003,18354748,34614984,0.53,1052414,3922107,5872754,0.27,0.18,42,10,0,0,0,,,,,0.00,12294282.00,14050608.00,21323244.80,0.00,12294282.00,14050608.00,21323244.80,,21323244.80,0.00,0.58,0.66,1.00,0.00,0.58,0.66,1.00,,7203,23043,12051,0.31,0.60,14,26,78,26,0,0,,,,,205031.20,205031.20,126504.00,205031.20,0.00,205031.20,205031.20,126504.00,205031.20,0.00,410062.40,0.50,0.50,0.31,0.50,0.00,0.50,0.50,0.31,0.50,0.00,0,0,0,1.00,1.00,0,0,0,0,0,0,,,,,0.00,0.00,0.00,0.00,0.00,0.00,0.00,0.00,0.00,0.00,410062.40,0.00,0.00,0.00,0.00,0.00,0.00,0.00,0.00,0.00,0.00,10599,23043,1.00,3,104,0,0,0,0,,,,,287043.68,287043.68,140560.00,287043.68,0.00,287043.68,287043.68,140560.00,287043.68,0.00,410062.40,0.70,0.70,0.34,0.70,0.00,0.70,0.70,0.34,0.70,0.00,15151886.34,15300386.34,9879655.48,10028155.48,17342791.16,17491291.16,19468057.06,19646448.26,19468057.06,0.00,12294282.00,14050608.00,21323244.80,0.00,12294282.00,14050608.00,21323244.80,10661622.40,9929155.48,10077655.48,374385.71,377816.31,0.00,0.58,0.65,0.94,0.00,0.59,0.66,0.95,0.55,0.54,0.00,0.00,0.77,0.76,0.55,0.55,0.00,0.00,0.78,0.77,0.58,0.55,0.00,0.77,0.55,0.00,0.77,0.54,0.00,0.77
KOR,410,2004,18264736,34731978,0.53,1424083,4101022,6047834,0.35,0.24,42,10,0,0,0,,,,,0.00,13417404.00,15334176.00,23417680.00,0.00,13417404.00,15334176.00,23417680.00,,23417680.00,0.00,0.57,0.65,1.00,0.00,0.57,0.65,1.00,,7482,23544,14936,0.32,0.50,7,26,78,26,0,0,,,,,225170.00,225170.00,143136.00,225170.00,0.00,225170.00,225170.00,143136.00,225170.00,0.00,450340.00,0.50,0.50,0.32,0.50,0.00,0.50,0.50,0.32,0.50,0.00,0,0,0,1.00,1.00,0,0,0,0,0,0,,,,,0.00,0.00,0.00,0.00,0.00,0.00,0.00,0.00,0.00,0.00,450340.00,0.00,0.00,0.00,0.00,0.00,0.00,0.00,0.00,0.00,0.00,10473,23544,1.00,3,104,0,0,0,0,,,,,315238.00,315238.00,159040.00,315238.00,0.00,315238.00,315238.00,159040.00,315238.00,0.00,450340.00,0.70,0.70,0.35,0.70,0.00,0.70,0.70,0.35,0.70,0.00,16618180.94,16751830.94,10828095.22,10961745.22,19024283.22,19157933.22,21313927.27,21565032.77,21313927.27,0.00,13417404.00,15334176.00,23417680.00,0.00,13417404.00,15334176.00,23417680.00,11708840.00,10872645.22,11050845.22,409883.22,414712.17,0.00,0.58,0.65,0.94,0.00,0.58,0.66,0.95,0.55,0.54,0.00,0.00,0.77,0.76,0.55,0.54,0.00,0.00,0.78,0.77,0.58,0.55,0.00,0.77,0.55,0.00,0.77,0.54,0.00,0.77
KOR,410,2005,18510644,34841997,0.53,1651681,4270694,6216869,0.39,0.27,42,10,0,0,0,,,,,0.00,14444430.00,16507920.00,25556960.00,0.00,14444430.00,16507920.00,25556960.00,,25556960.00,0.00,0.57,0.65,1.00,0.00,0.57,0.65,1.00,,7966,23718,15186,0.34,0.52,7,26,78,26,0,0,,,,,245740.00,245740.00,156240.00,245740.00,0.00,245740.00,245740.00,156240.00,245740.00,0.00,491480.00,0.50,0.50,0.32,0.50,0.00,0.50,0.50,0.32,0.50,0.00,0,0,0,1.00,1.00,0,0,0,0,0,0,,,,,0.00,0.00,0.00,0.00,0.00,0.00,0.00,0.00,0.00,0.00,491480.00,0.00,0.00,0.00,0.00,0.00,0.00,0.00,0.00,0.00,0.00,12070,23718,1.00,3,104,0,0,0,0,,,,,344036.00,344036.00,173600.00,344036.00,0.00,344036.00,344036.00,173600.00,344036.00,0.00,491480.00,0.70,0.70,0.35,0.70,0.00,0.70,0.70,0.35,0.70,0.00,18137554.91,18256354.91,11818526.34,11937326.34,20763462.34,20882262.34,23273519.46,23510533.22,23273519.46,0.00,14444430.00,16507920.00,25556960.00,0.00,14444430.00,16507920.00,25556960.00,12778480.00,11858126.34,12016526.34,447567.68,452125.64,0.00,0.57,0.64,0.95,0.00,0.58,0.65,0.95,0.55,0.54,0.00,0.00,0.77,0.76,0.55,0.54,0.00,0.00,0.78,0.77,0.57,0.55,0.00,0.77,0.55,0.00,0.77,0.54,0.00,0.77
KOR,410,2006,19158789,35092206,0.55,1858769,4467162,6400902,0.42,0.29,42,10,0,0,0,,,,,0.00,15557942.40,17780505.60,27513200.00,0.00,15557942.40,17780505.60,27513200.00,,27513200.00,0.00,0.57,0.65,1.00,0.00,0.57,0.65,1.00,,8436,24024,15608,0.35,0.54,7,26,78,26,0,0,,,,,264550.00,264550.00,156240.00,264550.00,0.00,264550.00,264550.00,156240.00,264550.00,0.00,529100.00,0.50,0.50,0.30,0.50,0.00,0.50,0.50,0.30,0.50,0.00,0,0,0,1.00,1.00,0,0,0,0,0,0,,,,,0.00,0.00,0.00,0.00,0.00,0.00,0.00,0.00,0.00,0.00,529100.00,0.00,0.00,0.00,0.00,0.00,0.00,0.00,0.00,0.00,0.00,11689,24024,1.00,3,104,0,0,0,0,,,,,370370.00,370370.00,173600.00,370370.00,0.00,370370.00,370370.00,173600.00,370370.00,0.00,529100.00,0.70,0.70,0.33,0.70,0.00,0.70,0.70,0.33,0.70,0.00,19500548.33,19619348.33,12697834.04,12816634.04,22327454.04,22446254.04,24873486.23,25216776.36,24873486.23,0.00,15557942.40,17780505.60,27513200.00,0.00,15557942.40,17780505.60,27513200.00,13756600.00,12737434.04,12895834.04,478336.27,484938.01,0.00,0.57,0.64,0.95,0.00,0.58,0.65,0.95,0.55,0.55,0.00,0.00,0.77,0.76,0.56,0.55,0.00,0.00,0.79,0.78,0.57,0.55,0.00,0.78,0.56,0.00,0.78,0.55,0.00,0.77
KOR,410,2007,19702423,35357898,0.56,2110519,4659281,6622830,0.45,0.32,42,10,0,0,0,,,,,0.00,15412597.20,17614396.80,36417088.00,0.00,17212597.20,19414396.80,38217088.00,,29634176.00,0.00,0.52,0.59,1.23,0.00,0.58,0.66,1.29,,8942,24351,16094,0.37,0.56,7,26,78,26,0,0,,,,,284944.00,284944.00,157852.80,284944.00,0.00,284944.00,284944.00,157852.80,284944.00,0.00,569888.00,0.50,0.50,0.28,0.50,0.00,0.50,0.50,0.28,0.50,0.00,0,0,0,1.00,1.00,0,0,0,0,0,0,,,,,0.00,0.00,0.00,0.00,0.00,0.00,0.00,0.00,0.00,0.00,569888.00,0.00,0.00,0.00,0.00,0.00,0.00,0.00,0.00,0.00,0.00,12529,24351,1.00,3,104,0,0,0,0,,,,,398921.60,398921.60,194880.00,398921.60,0.00,398921.60,398921.60,194880.00,398921.60,0.00,569888.00,0.70,0.70,0.34,0.70,0.00,0.70,0.70,0.34,0.70,0.00,20930828.16,21049628.16,13603696.73,13722496.73,23975658.33,24094458.33,26287211.36,26930742.52,26474211.36,0.00,15412597.20,17614396.80,36417088.00,0.00,17212597.20,19414396.80,38217088.00,14817088.00,13603696.73,13781896.73,505523.30,517898.89,0.00,0.53,0.60,1.16,0.00,0.59,0.65,1.21,0.56,0.55,0.00,0.00,0.79,0.77,0.58,0.55,0.00,0.00,0.82,0.78,0.56,0.56,0.00,0.79,0.57,0.00,0.80,0.55,0.00,0.78
KOR,410,2008,19785229,35733681,0.55,2366626,4867075,6891673,0.49,0.34,42,10,0,0,0,,,,,1008000.00,13008996.00,14867424.00,36467424.00,1425527.27,14808996.00,16667424.00,38267424.00,,29357328.00,0.03,0.44,0.51,1.24,0.05,0.50,0.57,1.30,,9272,24551,16357,0.38,0.57,7,26,78,26,0,0,,,,,282282.00,282282.00,171007.20,282282.00,0.00,282282.00,282282.00,171007.20,282282.00,0.00,564564.00,0.50,0.50,0.30,0.50,0.00,0.50,0.50,0.30,0.50,0.00,0,0,0,1.00,1.00,0,0,0,0,0,0,,,,,0.00,0.00,0.00,0.00,0.00,0.00,0.00,0.00,0.00,0.00,564564.00,0.00,0.00,0.00,0.00,0.00,0.00,0.00,0.00,0.00,0.00,13490,24551,1.00,3,104,0,0,0,0,,,,,395194.80,395194.80,282282.00,395194.80,1016215.20,395194.80,395194.80,282282.00,395194.80,1016215.20,564564.00,0.70,0.70,0.50,0.70,1.80,0.70,0.70,0.50,0.70,1.80,20736953.23,20855753.23,13478273.23,13597073.23,23753338.03,23872138.03,26271051.43,26688635.62,26411868.05,1008000.00,13008996.00,14867424.00,36467424.00,1425527.27,14808996.00,16667424.00,38267424.00,14678664.00,13478273.23,13656473.23,505212.53,513242.99,0.04,0.46,0.52,1.17,0.05,0.52,0.58,1.22,0.56,0.55,0.00,0.00,0.78,0.77,0.57,0.55,0.00,0.00,0.80,0.78,0.49,0.56,0.00,0.78,0.56,0.00,0.79,0.55,0.00,0.78
KOR,410,2009,20100840,36019548,0.56,2602630,5075088,7192129,0.51,0.36,42,10,0,0,0,,,,,1008000.00,12878906.04,14718749.76,36467424.00,1425527.27,14678906.04,16518749.76,38267424.00,,29734848.00,0.03,0.43,0.50,1.23,0.05,0.49,0.56,1.29,,9654,24582,16586,0.39,0.58,7,26,78,26,0,0,,,,,285912.00,285912.00,181440.00,285912.00,0.00,285912.00,285912.00,181440.00,285912.00,0.00,571824.00,0.50,0.50,0.32,0.50,0.00,0.50,0.50,0.32,0.50,0.00,0,0,0,1.00,1.00,0,0,0,0,0,0,,,,,0.00,0.00,0.00,0.00,0.00,0.00,0.00,0.00,0.00,0.00,571824.00,0.00,0.00,0.00,0.00,0.00,0.00,0.00,0.00,0.00,0.00,13885,24582,1.00,3,104,0,0,0,0,,,,,400276.80,400276.80,285912.00,400276.80,1029283.20,400276.80,400276.80,285912.00,400276.80,1029283.20,571824.00,0.70,0.70,0.50,0.70,1.80,0.70,0.70,0.50,0.70,1.80,21005776.28,21139426.28,13653753.43,13787403.43,24060950.23,24194600.23,26723845.43,27207909.99,26908645.43,1008000.00,12878906.04,14718749.76,36467424.00,1425527.27,14678906.04,16518749.76,38267424.00,14867424.00,13653753.43,13831953.43,513920.10,523229.04,0.04,0.45,0.52,1.17,0.05,0.52,0.58,1.22,0.56,0.55,0.00,0.00,0.78,0.77,0.56,0.55,0.00,0.00,0.80,0.77,0.48,0.55,0.00,0.78,0.56,0.00,0.79,0.55,0.00,0.77
KOR,410,2010,20716472,36276129,0.57,2820649,5298977,7511017,0.53,0.38,42,10,0,0,0,,,,,1008000.00,13482472.50,15408540.00,37323000.00,1425527.27,15282472.50,17208540.00,39123000.00,,31446000.00,0.03,0.43,0.49,1.19,0.05,0.49,0.55,1.24,,10131,24956,17111,0.41,0.59,7,26,78,26,0,0,,,,,302365.38,302365.38,186429.60,302365.38,0.00,302365.38,302365.38,186429.60,302365.38,0.00,604730.77,0.50,0.50,0.31,0.50,0.00,0.50,0.50,0.31,0.50,0.00,0,0,0,1.00,1.00,0,0,0,0,0,0,,,,,0.00,0.00,0.00,0.00,0.00,0.00,0.00,0.00,0.00,0.00,604730.77,0.00,0.00,0.00,0.00,0.00,0.00,0.00,0.00,0.00,0.00,14199,24956,1.00,3,104,0,0,0,0,,,,,423311.54,423311.54,302365.38,423311.54,1088515.38,423311.54,423311.54,302365.38,423311.54,1088515.38,604730.77,0.70,0.70,0.50,0.70,1.80,0.70,0.70,0.50,0.70,1.80,22172257.07,22305907.07,14397147.18,14530797.18,25403247.18,25536897.18,28077829.34,28667455.38,28279231.85,1008000.00,13482472.50,15408540.00,37323000.00,1425527.27,15282472.50,17208540.00,39123000.00,15723000.00,14397147.18,14575347.18,539958.26,551297.22,0.04,0.45,0.51,1.14,0.05,0.51,0.57,1.20,0.56,0.55,0.00,0.00,0.78,0.77,0.57,0.55,0.00,0.00,0.80,0.78,0.48,0.56,0.00,0.78,0.56,0.00,0.79,0.55,0.00,0.77
KOR,410,2011,21390265,36594976,0.58,3015244,5543633,7846593,0.54,0.38,42,10,0,0,0,,,,,1008000.00,14577790.50,16660332.00,39675600.00,1425527.27,16377790.50,18460332.00,41475600.00,,34351200.00,0.03,0.42,0.48,1.15,0.04,0.48,0.54,1.21,,10675,25389,17596,0.42,0.61,7,26,78,26,0,0,,,,,330300.00,330300.00,195955.20,330300.00,0.00,330300.00,330300.00,195955.20,330300.00,0.00,660600.00,0.50,0.50,0.30,0.50,0.00,0.50,0.50,0.30,0.50,0.00,0,0,0,1.00,1.00,0,0,0,0,0,0,,,,,0.00,0.00,0.00,0.00,0.00,0.00,0.00,0.00,0.00,0.00,660600.00,0.00,0.00,0.00,0.00,0.00,0.00,0.00,0.00,0.00,0.00,14362,25389,1.00,3,104,0,0,0,0,,,,,462420.00,462420.00,330300.00,462420.00,1189080.00,462420.00,462420.00,330300.00,462420.00,1189080.00,660600.00,0.70,0.70,0.50,0.70,1.80,0.70,0.70,0.50,0.70,1.80,24149665.97,24283315.97,15656237.40,15789887.40,27679157.40,27812807.40,30286444.03,31195167.86,30533944.03,1008000.00,14577790.50,16660332.00,39675600.00,1425527.27,16377790.50,18460332.00,41475600.00,17175600.00,15656237.40,15864137.40,582431.62,599907.07,0.03,0.45,0.51,1.12,0.05,0.50,0.56,1.17,0.57,0.55,0.00,0.00,0.79,0.77,0.58,0.55,0.00,0.00,0.82,0.78,0.48,0.56,0.00,0.79,0.57,0.00,0.81,0.55,0.00,0.78
KOR,410,2012,21845425,36823182,0.59,3310211,5787363,8165167,0.57,0.41,42,10,0,0,0,,,,,1008000.00,15153768.00,17318592.00,41380200.00,1425527.27,16953768.00,19118592.00,43180200.00,,36080400.00,0.03,0.42,0.48,1.15,0.04,0.47,0.53,1.20,,11152,25781,17921,0.43,0.62,7,26,78,26,0,0,,,,,346926.92,346926.92,207748.80,346926.92,0.00,346926.92,346926.92,207748.80,346926.92,0.00,693853.85,0.50,0.50,0.30,0.50,0.00,0.50,0.50,0.30,0.50,0.00,0,0,0,1.00,1.00,0,0,0,0,0,0,,,,,0.00,0.00,0.00,0.00,0.00,0.00,0.00,0.00,0.00,0.00,693853.85,0.00,0.00,0.00,0.00,0.00,0.00,0.00,0.00,0.00,0.00,15548,25781,1.00,3,104,0,0,0,0,,,,,485697.69,485697.69,346926.92,485697.69,1248936.92,485697.69,485697.69,346926.92,485697.69,1248936.92,693853.85,0.70,0.70,0.50,0.70,1.80,0.70,0.70,0.50,0.70,1.80,25309435.16,25443085.16,16388457.14,16522107.14,29016597.14,29150247.14,31572303.86,32530890.46,31819803.86,1008000.00,15153768.00,17318592.00,41380200.00,1425527.27,16953768.00,19118592.00,43180200.00,18040200.00,16388457.14,16581507.14,607159.69,625594.05,0.03,0.45,0.50,1.12,0.05,0.50,0.55,1.16,0.57,0.55,0.00,0.00,0.80,0.78,0.59,0.56,0.00,0.00,0.83,0.79,0.47,0.57,0.00,0.80,0.58,0.00,0.82,0.56,0.00,0.78
KOR,410,2013,22276792,37017029,0.60,3440693,6032959,7936112,0.57,0.43,42,10,0,0,0,,,,,1008000.00,15599403.75,17827890.00,42646200.00,1425527.27,17399403.75,19627890.00,44446200.00,,37532400.00,0.03,0.42,0.47,1.14,0.04,0.46,0.52,1.18,,11571,26108,18365,0.44,0.63,7,26,78,26,0,0,,,,,360888.46,360888.46,220449.60,360888.46,0.00,360888.46,360888.46,220449.60,360888.46,0.00,721776.92,0.50,0.50,0.31,0.50,0.00,0.50,0.50,0.31,0.50,0.00,0,0,0,1.00,1.00,0,0,0,0,0,0,,,,,0.00,0.00,0.00,0.00,0.00,0.00,0.00,0.00,0.00,0.00,721776.92,0.00,0.00,0.00,0.00,0.00,0.00,0.00,0.00,0.00,0.00,15449,26108,1.00,3,104,0,0,0,0,,,,,505243.85,505243.85,360888.46,505243.85,1299198.46,505243.85,505243.85,360888.46,505243.85,1299198.46,721776.92,0.70,0.70,0.50,0.70,1.80,0.70,0.70,0.50,0.70,1.80,26316918.43,26450568.43,17036929.42,17170579.42,30173269.42,30306919.42,32708197.70,33725514.06,32955697.70,1008000.00,15599403.75,17827890.00,42646200.00,1425527.27,17399403.75,19627890.00,44446200.00,18766200.00,17036929.42,17229979.42,629003.80,648567.58,0.03,0.44,0.50,1.11,0.04,0.49,0.55,1.15,0.57,0.56,0.00,0.00,0.80,0.78,0.59,0.56,0.00,0.00,0.84,0.79,0.47,0.57,0.00,0.80,0.58,0.00,0.82,0.56,0.00,0.79
KOR,410,2014,22670370,37254974,0.61,3586805,6293990,8273921,0.57,0.43,42,10,0,0,0,,,,,2400000.00,15934128.00,18210432.00,43852800.00,3394112.55,17734128.00,20010432.00,45652800.00,,38745600.00,0.06,0.41,0.47,1.13,0.09,0.46,0.52,1.18,,11931,26836,18959,0.44,0.63,7,26,78,26,0,0,,,,,372553.85,372553.85,236325.60,372553.85,0.00,372553.85,372553.85,236325.60,372553.85,0.00,745107.69,0.50,0.50,0.32,0.50,0.00,0.50,0.50,0.32,0.50,0.00,0,0,0,1.00,1.00,0,0,0,0,0,0,,,,,0.00,0.00,0.00,0.00,0.00,0.00,0.00,0.00,0.00,0.00,745107.69,0.00,0.00,0.00,0.00,0.00,0.00,0.00,0.00,0.00,0.00,17062,26836,1.00,3,104,0,0,0,0,,,,,521575.38,521575.38,372553.85,521575.38,1341193.85,521575.38,521575.38,372553.85,521575.38,1341193.85,745107.69,0.70,0.70,0.50,0.70,1.80,0.70,0.70,0.50,0.70,1.80,27470763.63,27529490.90,17890807.58,17949534.86,31451767.58,31510494.86,33626839.63,34699339.63,33874339.63,2400000.00,15934128.00,18210432.00,43852800.00,3394112.55,17734128.00,20010432.00,45652800.00,19372800.00,17890807.58,17949534.86,646669.99,667294.99,0.07,0.44,0.50,1.11,0.10,0.49,0.54,1.15,0.58,0.56,0.00,0.00,0.81,0.78,0.61,0.57,0.00,0.00,0.86,0.81,0.46,0.58,0.00,0.81,0.59,0.00,0.83,0.57,0.00,0.80
KOR,410,2015,23126923,37424014,0.62,3832188,6560196,8611241,0.58,0.45,42,10,0,0,0,,,,,2400000.00,16065378.00,18360432.00,45002400.00,3394112.55,17865378.00,20160432.00,46802400.00,,39484800.00,0.06,0.41,0.47,1.14,0.09,0.45,0.51,1.19,,12363,27153,19402,0.46,0.64,7,26,78,26,0,0,,,,,379661.54,379661.54,253108.80,379661.54,0.00,379661.54,379661.54,253108.80,379661.54,0.00,759323.08,0.50,0.50,0.33,0.50,0.00,0.50,0.50,0.33,0.50,0.00,0,0,0,1.00,1.00,0,0,0,0,0,0,,,,,0.00,0.00,0.00,0.00,0.00,0.00,0.00,0.00,0.00,0.00,759323.08,0.00,0.00,0.00,0.00,0.00,0.00,0.00,0.00,0.00,0.00,17969,27153,1.00,3,104,0,0,0,0,,,,,531526.15,531526.15,379661.54,531526.15,1366781.54,531526.15,531526.15,379661.54,531526.15,1366781.54,759323.08,0.70,0.70,0.50,0.70,1.80,0.70,0.70,0.50,0.70,1.80,27578386.29,28042036.29,17815661.01,18279311.01,31635341.01,32098991.01,34241551.86,35314051.86,34489051.86,2400000.00,16065378.00,18360432.00,45002400.00,3394112.55,17865378.00,20160432.00,46802400.00,19742400.00,17815661.01,18279311.01,658491.38,679116.38,0.07,0.43,0.49,1.12,0.09,0.48,0.54,1.16,0.58,0.56,0.00,0.00,0.81,0.78,0.59,0.57,0.00,0.00,0.84,0.81,0.46,0.58,0.00,0.81,0.59,0.00,0.82,0.57,0.00,0.80
KOR,410,2016,23436610,37473059,0.63,4135292,6831400,9144539,0.61,0.45,42,10,0,0,0,,,,,2400000.00,16390122.00,18731568.00,46400400.00,3394112.55,18190122.00,20531568.00,48200400.00,,40720800.00,0.06,0.40,0.46,1.14,0.08,0.45,0.50,1.18,,12655,27418,19669,0.46,0.64,7,26,78,26,0,0,,,,,391546.15,391546.15,273520.80,391546.15,0.00,391546.15,391546.15,273520.80,391546.15,0.00,783092.31,0.50,0.50,0.35,0.50,0.00,0.50,0.50,0.35,0.50,0.00,0,0,0,1.00,1.00,0,0,0,0,0,0,,,,,0.00,0.00,0.00,0.00,0.00,0.00,0.00,0.00,0.00,0.00,783092.31,0.00,0.00,0.00,0.00,0.00,0.00,0.00,0.00,0.00,0.00,18432,27418,1.00,3,104,0,0,0,0,,,,,548164.62,548164.62,391546.15,548164.62,1409566.15,548164.62,548164.62,391546.15,548164.62,1409566.15,783092.31,0.70,0.70,0.50,0.70,1.80,0.70,0.70,0.50,0.70,1.80,28430022.28,28893672.28,18361692.61,18825342.61,32613972.61,33077622.61,35197813.83,36270313.83,35445313.83,2400000.00,16390122.00,18731568.00,46400400.00,3394112.55,18190122.00,20531568.00,48200400.00,20360400.00,18361692.61,18825342.61,676881.04,697506.04,0.06,0.43,0.49,1.12,0.09,0.48,0.53,1.16,0.58,0.56,0.00,0.00,0.81,0.79,0.60,0.58,0.00,0.00,0.85,0.82,0.45,0.58,0.00,0.81,0.59,0.00,0.83,0.57,0.00,0.80
KOR,410,2017,23444286,37454263,0.63,4475143,7114779,9567895,0.63,0.47,42,10,0,0,0,,,,,2400000.00,17007422.25,19437054.00,48299400.00,3394112.55,18807422.25,21237054.00,50099400.00,,42718800.00,0.06,0.40,0.46,1.13,0.08,0.44,0.50,1.17,,12959,27748,19934,0.47,0.65,7,26,78,26,0,0,,,,,410757.69,410757.69,293479.20,410757.69,0.00,410757.69,410757.69,293479.20,410757.69,0.00,821515.38,0.50,0.50,0.36,0.50,0.00,0.50,0.50,0.36,0.50,0.00,0,0,0,1.00,1.00,0,0,0,0,0,0,,,,,0.00,0.00,0.00,0.00,0.00,0.00,0.00,0.00,0.00,0.00,821515.38,0.00,0.00,0.00,0.00,0.00,0.00,0.00,0.00,0.00,0.00,18560,27748,1.00,3,104,0,0,0,0,,,,,575060.77,575060.77,410757.69,575060.77,1478727.69,575060.77,575060.77,410757.69,575060.77,1478727.69,821515.38,0.70,0.70,0.50,0.70,1.80,0.70,0.70,0.50,0.70,1.80,29815128.55,30278778.55,19252787.89,19716437.89,34204367.89,34668017.89,36757698.32,37830198.32,37005198.32,2400000.00,17007422.25,19437054.00,48299400.00,3394112.55,18807422.25,21237054.00,50099400.00,21359400.00,19252787.89,19716437.89,706878.81,727503.81,0.06,0.43,0.48,1.11,0.09,0.47,0.52,1.15,0.58,0.56,0.00,0.00,0.81,0.79,0.60,0.58,0.00,0.00,0.85,0.83,0.45,0.58,0.00,0.82,0.59,0.00,0.83,0.57,0.00,0.81
KOR,410,2018,23978146,37470606,0.64,4596690,7440931,9353167,0.62,0.49,42,10,0,0,0,,,,,3000000.00,17387055.00,19870920.00,50158800.00,4242640.69,19187055.00,21670920.00,51958800.00,,44157600.00,0.07,0.39,0.45,1.14,0.10,0.43,0.49,1.18,,13432,27895,20084,0.48,0.67,7,26,78,26,0,0,,,,,424592.31,424592.31,341560.80,424592.31,0.00,424592.31,424592.31,341560.80,424592.31,0.00,849184.62,0.50,0.50,0.40,0.50,0.00,0.50,0.50,0.40,0.50,0.00,0,0,0,1.00,1.00,0,0,0,0,0,0,,,,,0.00,0.00,0.00,0.00,0.00,0.00,0.00,0.00,0.00,0.00,849184.62,0.00,0.00,0.00,0.00,0.00,0.00,0.00,0.00,0.00,0.00,19073,27895,1.00,3,104,0,0,0,0,,,,,594429.23,594429.23,424592.31,594429.23,1528532.31,594429.23,594429.23,424592.31,594429.23,1528532.31,849184.62,0.70,0.70,0.50,0.70,1.80,0.70,0.70,0.50,0.70,1.80,30818968.69,31282618.69,19900880.78,20364530.78,35356040.78,35819690.78,37858066.55,38930566.55,38105566.55,3000000.00,17387055.00,19870920.00,50158800.00,4242640.69,19187055.00,21670920.00,51958800.00,22078800.00,19900880.78,20364530.78,728039.74,748664.74,0.07,0.42,0.48,1.12,0.11,0.47,0.52,1.15,0.58,0.57,0.00,0.00,0.82,0.79,0.61,0.59,0.00,0.00,0.86,0.83,0.45,0.59,0.00,0.83,0.60,0.00,0.84,0.58,0.00,0.81
KOR,410,2019,23922028,37589552,0.64,4961143,7684919,9753749,0.65,0.51,42,10,0,0,0,,,,,3000000.00,17436835.50,19927812.00,51550800.00,4242640.69,19236835.50,21727812.00,53350800.00,,44781600.00,0.07,0.39,0.45,1.15,0.09,0.43,0.49,1.19,,13864,28186,20440,0.49,0.68,7,26,78,26,0,0,,,,,516710.77,516710.77,378756.00,516710.77,0.00,516710.77,516710.77,378756.00,516710.77,0.00,861184.62,0.60,0.60,0.44,0.60,0.00,0.60,0.60,0.44,0.60,0.00,0,0,0,1.00,1.00,0,0,0,0,0,0,,,,,0.00,0.00,0.00,0.00,0.00,0.00,0.00,0.00,0.00,0.00,861184.62,0.00,0.00,0.00,0.00,0.00,0.00,0.00,0.00,0.00,0.00,18725,28186,1.00,3,104,0,0,0,0,,,,,602829.23,602829.23,430592.31,602829.23,1550132.31,602829.23,602829.23,430592.31,602829.23,1550132.31,861184.62,0.70,0.70,0.50,0.70,1.80,0.70,0.70,0.50,0.70,1.80,33432527.79,34296177.79,20145679.44,21009329.44,35819239.44,36682889.44,38292445.44,39764945.44,38539945.44,3000000.00,17436835.50,19927812.00,51550800.00,4242640.69,19236835.50,21727812.00,53350800.00,22390800.00,20145679.44,21009329.44,736393.18,764710.49,0.07,0.42,0.47,1.13,0.10,0.46,0.52,1.16,0.70,0.68,0.00,0.00,0.82,0.79,0.73,0.71,0.00,0.00,0.86,0.84,0.44,0.70,0.00,0.83,0.72,0.00,0.84,0.69,0.00,0.81
KOR,410,2020,23850899,37378502,0.64,5345805,8075536,9963077,0.66,0.54,42,10,0,0,0,,,,,3600000.00,18064200.00,20644800.00,53640000.00,5091168.82,19864200.00,22444800.00,55440000.00,,46920000.00,0.08,0.39,0.44,1.14,0.11,0.42,0.48,1.18,,14112,28012,20332,0.50,0.69,7,30,78,30,0,0,,,,,541384.62,541384.62,346348.80,541384.62,0.00,541384.62,541384.62,346348.80,541384.62,0.00,902307.69,0.60,0.60,0.38,0.60,0.00,0.60,0.60,0.38,0.60,0.00,0,0,0,1.00,1.00,0,0,0,0,0,0,,,,,0.00,0.00,0.00,0.00,0.00,0.00,0.00,0.00,0.00,0.00,902307.69,0.00,0.00,0.00,0.00,0.00,0.00,0.00,0.00,0.00,0.00,18975,28012,0.68,3,104,0,0,0,0,,,,,631615.38,631615.38,451153.85,631615.38,1624153.85,631615.38,631615.38,451153.85,631615.38,1624153.85,902307.69,0.70,0.70,0.50,0.70,1.80,0.70,0.70,0.50,0.70,1.80,35100808.30,36999458.30,21024808.30,22923458.30,37446808.30,39345458.30,39818576.45,42326076.45,40066076.45,3600000.00,18064200.00,20644800.00,53640000.00,5091168.82,19864200.00,22444800.00,55440000.00,23460000.00,21024808.30,22923458.30,765741.85,813963.01,0.08,0.41,0.47,1.12,0.12,0.46,0.51,1.15,0.71,0.67,0.00,0.00,0.82,0.78,0.75,0.73,0.00,0.00,0.87,0.85,0.44,0.71,0.00,0.83,0.73,0.00,0.85,0.70,0.00,0.81
KOR,410,2021,24131528,36992897,0.65,4475143,8542313,10531041,0.52,0.42,42,10,0,0,0,,,,,3600000.00,18711688.67,21384787.05,55800000.00,5091168.82,20511688.67,23184787.05,57600000.00,,49160430.00,0.07,0.38,0.43,1.14,0.10,0.42,0.47,1.17,,14550,28310,20753,0.51,0.70,7,30,78,30,0,0,,,,,541384.62,541384.62,390656.00,541384.62,0.00,541384.62,541384.62,390656.00,541384.62,0.00,945392.88,0.57,0.57,0.41,0.57,0.00,0.57,0.57,0.41,0.57,0.00,0,0,0,1.00,1.00,0,0,0,0,0,0,,,,,0.00,0.00,0.00,0.00,0.00,0.00,0.00,0.00,0.00,0.00,945392.88,0.00,0.00,0.00,0.00,0.00,0.00,0.00,0.00,0.00,0.00,19379,28310,0.68,3,104,0,0,0,0,,,,,631615.38,631615.38,472696.44,631615.38,1701707.19,631615.38,631615.38,472696.44,631615.38,1701707.19,945392.88,0.67,0.67,0.50,0.67,1.80,0.67,0.67,0.50,0.67,1.80,36059800.87,37558450.87,21983800.87,23482450.87,38405800.87,39904450.87,41479009.26,43586509.26,41726509.26,3600000.00,18711688.67,21384787.05,55800000.00,5091168.82,20511688.67,23184787.05,57600000.00,24580215.00,21983800.87,23482450.87,797673.25,838202.10,0.07,0.38,0.44,1.01,0.10,0.42,0.47,1.05,0.68,0.65,0.00,0.00,0.79,0.75,0.72,0.70,0.00,0.00,0.84,0.82,0.40,0.69,0.00,0.80,0.70,0.00,0.82,0.67,0.00,0.79
KOR,410,2022,24304130,36655085,0.66,4596690,8900662,10975816,0.52,0.42,42,10,0,0,0,,,,,3600000.00,19379825.00,22148371.43,59478000.00,5091168.82,21179825.00,23948371.43,61278000.00,,51507840.53,0.07,0.38,0.43,1.15,0.10,0.41,0.46,1.19,,14899,28922,21502,0.52,0.69,7,30,78,30,0,0,,,,,567235.73,567235.73,410368.00,567235.73,0.00,567235.73,567235.73,410368.00,567235.73,0.00,990535.39,0.57,0.57,0.41,0.57,0.00,0.57,0.57,0.41,0.57,0.00,0,0,0,1.00,1.00,0,0,0,0,0,0,,,,,0.00,0.00,0.00,0.00,0.00,0.00,0.00,0.00,0.00,0.00,990535.39,0.00,0.00,0.00,0.00,0.00,0.00,0.00,0.00,0.00,0.00,20174,28922,0.70,3,104,0,0,0,0,,,,,693374.78,693374.78,495267.70,693374.78,1782963.71,693374.78,693374.78,495267.70,693374.78,1782963.71,990535.39,0.70,0.70,0.50,0.70,1.80,0.70,0.70,0.50,0.70,1.80,37701402.85,39233574.75,22953273.85,24485445.75,40981018.03,42513189.93,43215647.63,45323147.63,43463147.63,3600000.00,19379825.00,22148371.43,59478000.00,5091168.82,21179825.00,23948371.43,61278000.00,25753920.27,22953273.85,24485445.75,831070.15,871598.99,0.08,0.38,0.43,1.03,0.11,0.42,0.47,1.06,0.68,0.65,0.00,0.00,0.83,0.80,0.73,0.71,0.00,0.00,0.89,0.87,0.40,0.69,0.00,0.85,0.71,0.00,0.86,0.68,0.00,0.83
KOR,410,2023,24199940,36398725,0.66,4961143,9310774,11425598,0.53,0.43,42,10,0,0,0,,,,,3600000.00,20069104.53,22936119.47,63168000.00,5091168.82,21869104.53,24736119.47,64968000.00,,53967339.92,0.07,0.37,0.42,1.17,0.09,0.41,0.46,1.20,,15200,29203,20086,0.52,0.76,7,30,78,30,0,0,,,,,594321.24,594321.24,430976.00,594321.24,0.00,594321.24,594321.24,430976.00,594321.24,0.00,1037833.46,0.57,0.57,0.42,0.57,0.00,0.57,0.57,0.42,0.57,0.00,0,0,0,0.00,0.00,0,0,0,0,0,0,,,,,0.00,0.00,0.00,0.00,0.00,0.00,0.00,0.00,0.00,0.00,1037833.46,0.00,0.00,0.00,0.00,0.00,0.00,0.00,0.00,0.00,0.00,22120,29203,0.76,3,104,0,0,0,0,,,,,693374.78,693374.78,518916.73,693374.78,1868100.23,693374.78,693374.78,518916.73,693374.78,1868100.23,1037833.46,0.67,0.67,0.50,0.67,1.80,0.67,0.67,0.50,0.67,1.80,39494394.12,44593044.12,24042041.96,29140691.96,42069786.14,47168436.14,45240711.68,50948211.68,45488211.68,3600000.00,20069104.53,22936119.47,63168000.00,5091168.82,21869104.53,24736119.47,64968000.00,26983669.96,24042041.96,29140691.96,870013.69,979773.30,0.07,0.41,0.46,1.14,0.11,0.44,0.49,1.17,0.68,0.61,0.00,0.00,0.80,0.71,0.73,0.71,0.00,0.00,0.85,0.83,0.42,0.68,0.00,0.80,0.71,0.00,0.82,0.66,0.00,0.77
LVA,428,2000,1048,1600,0.65,514,353,535,1.45,0.96,50,10,0,0,0,,,,,360.00,611.29,784.79,0.00,360.00,611.29,784.79,0.00,,1686.36,0.21,0.36,0.47,0.00,0.21,0.36,0.47,0.00,,800,1098,800,0.73,1.00,0,39,52,39,0,0,,,,,17.84,15.61,0.00,18.44,0.00,17.84,15.61,0.00,18.44,0.00,32.43,0.55,0.48,0.00,0.57,0.00,0.55,0.48,0.00,0.57,0.00,942,1098,1600,0.86,0.59,1,52,0,0,0,0,,,,,25.48,25.91,0.00,25.91,0.00,25.48,25.91,0.00,25.91,0.00,32.43,0.79,0.80,0.00,0.80,0.00,0.79,0.80,0.00,0.80,0.00,800,1098,0.73,1,52,0,0,0,0,,,,,25.48,25.91,0.00,25.91,0.00,25.48,25.91,0.00,25.91,0.00,32.43,0.79,0.80,0.00,0.80,0.00,0.79,0.80,0.00,0.80,0.00,1107.25,1331.47,1206.70,1459.60,1206.70,1459.60,1213.94,1466.84,1245.44,360.00,611.29,784.79,0.00,360.00,611.29,784.79,0.00,843.18,638.47,812.17,23.35,28.21,0.30,0.50,0.65,0.00,0.29,0.49,0.63,0.00,0.76,0.63,0.79,0.79,0.79,0.79,0.81,0.79,0.99,0.99,0.99,0.99,0.50,0.75,0.89,0.89,0.79,0.89,0.89,0.71,0.89,0.89
LVA,428,2001,1041,1567,0.66,505,348,529,1.45,0.95,50,10,0,0,0,,,,,360.00,652.71,838.28,0.00,360.00,652.71,838.28,0.00,,1779.12,0.20,0.37,0.47,0.00,0.20,0.37,0.47,0.00,,790,1084,790,0.73,1.00,0,39,52,39,0,0,,,,,18.82,16.47,0.00,19.46,0.00,18.82,16.47,0.00,19.46,0.00,34.21,0.55,0.48,0.00,0.57,0.00,0.55,0.48,0.00,0.57,0.00,934,1084,1567,0.86,0.60,1,52,0,0,0,0,,,,,26.88,27.33,0.00,27.33,0.00,26.88,27.33,0.00,27.33,0.00,34.21,0.79,0.80,0.00,0.80,0.00,0.79,0.80,0.00,0.80,0.00,790,1084,0.73,1,52,0,0,0,0,,,,,26.88,27.33,0.00,27.33,0.00,26.88,27.33,0.00,27.33,0.00,34.21,0.79,0.80,0.00,0.80,0.00,0.79,0.80,0.00,0.80,0.00,1161.23,1396.00,1266.14,1519.04,1266.14,1519.04,1277.25,1530.15,1308.75,360.00,652.71,838.28,0.00,360.00,652.71,838.28,0.00,889.56,670.12,843.82,24.56,29.43,0.28,0.51,0.66,0.00,0.28,0.50,0.64,0.00,0.77,0.64,0.79,0.79,0.79,0.79,0.81,0.80,0.98,0.98,0.98,0.98,0.50,0.75,0.88,0.88,0.79,0.88,0.88,0.72,0.88,0.88
LVA,428,2002,1046,1553,0.67,497,351,489,1.42,1.00,50,10,0,0,0,,,,,396.00,586.04,795.33,0.00,396.00,586.04,795.33,0.00,,1869.56,0.21,0.31,0.43,0.00,0.21,0.31,0.43,0.00,,821,1104,821,0.74,1.00,0,39,52,39,0,0,,,,,19.77,17.30,0.00,20.45,0.00,19.77,17.30,0.00,20.45,0.00,35.95,0.55,0.48,0.00,0.57,0.00,0.55,0.48,0.00,0.57,0.00,951,1104,1553,0.86,0.61,1,52,0,0,0,0,,,,,28.25,28.72,0.00,28.72,0.00,28.25,28.72,0.00,28.72,0.00,35.95,0.79,0.80,0.00,0.80,0.00,0.79,0.80,0.00,0.80,0.00,821,1104,0.74,1,52,0,0,0,0,,,,,28.25,28.72,0.00,28.72,0.00,28.25,28.72,0.00,28.72,0.00,35.95,0.79,0.80,0.00,0.80,0.00,0.79,0.80,0.00,0.80,0.00,1213.85,1458.91,1324.10,1577.00,1324.10,1577.00,1338.97,1591.87,1370.47,396.00,586.04,795.33,0.00,396.00,586.04,795.33,0.00,934.78,700.99,874.69,25.75,30.61,0.30,0.44,0.59,0.00,0.29,0.43,0.58,0.00,0.77,0.65,0.79,0.79,0.79,0.79,0.80,0.81,0.98,0.98,0.98,0.98,0.43,0.76,0.88,0.88,0.79,0.88,0.88,0.73,0.88,0.88
LVA,428,2003,1052,1543,0.68,488,357,491,1.37,0.99,50,10,0,0,0,,,,,429.00,762.80,980.39,0.00,429.00,762.80,980.39,0.00,,2053.57,0.21,0.37,0.48,0.00,0.21,0.37,0.48,0.00,,825,1085,825,0.76,1.00,0,39,52,39,0,0,,,,,21.72,19.01,0.00,22.46,0.00,21.72,19.01,0.00,22.46,0.00,39.49,0.55,0.48,0.00,0.57,0.00,0.55,0.48,0.00,0.57,0.00,954,1085,1543,0.88,0.62,1,52,0,0,0,0,,,,,31.03,31.55,0.00,31.55,0.00,31.03,31.55,0.00,31.55,0.00,39.49,0.79,0.80,0.00,0.80,0.00,0.79,0.80,0.00,0.80,0.00,825,1085,0.76,1,52,0,0,0,0,,,,,31.03,31.55,0.00,31.55,0.00,31.03,31.55,0.00,31.55,0.00,39.49,0.79,0.80,0.00,0.80,0.00,0.79,0.80,0.00,0.80,0.00,1320.92,1573.82,1442.02,1694.92,1442.02,1694.92,1464.56,1717.46,1496.06,429.00,762.80,980.39,0.00,429.00,762.80,980.39,0.00,1026.79,763.78,937.48,28.16,33.03,0.29,0.52,0.67,0.00,0.29,0.51,0.66,0.00,0.77,0.66,0.79,0.79,0.79,0.79,0.80,0.82,0.97,0.97,0.97,0.97,0.52,0.76,0.88,0.88,0.78,0.88,0.88,0.74,0.88,0.88
LVA,428,2004,1048,1533,0.68,482,362,477,1.33,1.00,50,10,0,0,0,,,,,462.00,842.48,1084.05,0.00,462.00,842.48,1084.05,0.00,,2246.32,0.21,0.38,0.48,0.00,0.21,0.38,0.48,0.00,,831,1088,831,0.76,1.00,0,39,52,39,0,0,,,,,23.76,20.79,0.00,24.57,0.00,23.76,20.79,0.00,24.57,0.00,43.20,0.55,0.48,0.00,0.57,0.00,0.55,0.48,0.00,0.57,0.00,961,1088,1533,0.88,0.63,1,52,0,0,0,0,,,,,33.94,34.51,0.00,34.51,0.00,33.94,34.51,0.00,34.51,0.00,43.20,0.79,0.80,0.00,0.80,0.00,0.79,0.80,0.00,0.80,0.00,831,1088,0.76,1,52,0,0,0,0,,,,,33.94,34.51,0.00,34.51,0.00,33.94,34.51,0.00,34.51,0.00,43.20,0.79,0.80,0.00,0.80,0.00,0.79,0.80,0.00,0.80,0.00,1433.08,1685.98,1565.54,1818.44,1565.54,1818.44,1596.11,1849.01,1627.61,462.00,842.48,1084.05,0.00,462.00,842.48,1084.05,0.00,1123.16,829.56,1003.26,30.69,35.56,0.29,0.53,0.68,0.00,0.28,0.52,0.67,0.00,0.77,0.67,0.79,0.79,0.79,0.79,0.79,0.81,0.96,0.96,0.96,0.96,0.52,0.76,0.87,0.87,0.78,0.87,0.87,0.74,0.87,0.87
LVA,428,2005,1046,1517,0.69,476,367,479,1.30,0.99,50,10,0,0,0,,,,,462.00,991.14,1276.56,0.00,462.00,991.14,1276.56,0.00,,2724.05,0.17,0.36,0.47,0.00,0.17,0.36,0.47,0.00,,861,1081,861,0.80,1.00,0,39,52,39,0,0,,,,,28.81,25.21,0.00,29.79,0.00,28.81,25.21,0.00,29.79,0.00,52.39,0.55,0.48,0.00,0.57,0.00,0.55,0.48,0.00,0.57,0.00,972,1081,1517,0.90,0.64,1,52,0,0,0,0,,,,,41.16,41.85,0.00,41.85,0.00,41.16,41.85,0.00,41.85,0.00,52.39,0.79,0.80,0.00,0.80,0.00,0.79,0.80,0.00,0.80,0.00,861,1081,0.80,1,52,0,0,0,0,,,,,41.16,41.85,0.00,41.85,0.00,41.16,41.85,0.00,41.85,0.00,52.39,0.79,0.80,0.00,0.80,0.00,0.79,0.80,0.00,0.80,0.00,1741.06,2053.32,1901.70,2222.10,1901.70,2222.10,1937.16,2257.56,1991.16,462.00,991.14,1276.56,0.00,462.00,991.14,1276.56,0.00,1362.03,1007.58,1327.98,37.25,43.41,0.24,0.51,0.66,0.00,0.23,0.50,0.64,0.00,0.77,0.66,0.79,0.79,0.79,0.79,0.79,0.78,0.96,0.96,0.96,0.96,0.50,0.75,0.87,0.87,0.78,0.87,0.87,0.72,0.87,0.87
LVA,428,2006,1101,1505,0.73,472,372,472,1.27,1.00,50,10,0,0,0,,,,,594.00,1180.68,1522.07,0.00,594.00,1180.68,1522.07,0.00,,3219.98,0.18,0.37,0.47,0.00,0.18,0.37,0.47,0.00,,911,1109,911,0.82,1.00,0,39,52,39,0,0,,,,,34.06,29.80,0.00,35.22,0.00,34.06,29.80,0.00,35.22,0.00,61.92,0.55,0.48,0.00,0.57,0.00,0.55,0.48,0.00,0.57,0.00,1031,1109,1505,0.93,0.69,1,52,0,0,0,0,,,,,48.65,49.47,0.00,49.47,0.00,48.65,49.47,0.00,49.47,0.00,61.92,0.79,0.80,0.00,0.80,0.00,0.79,0.80,0.00,0.80,0.00,911,1109,0.82,1,52,0,0,0,0,,,,,48.65,49.47,0.00,49.47,0.00,48.65,49.47,0.00,49.47,0.00,61.92,0.79,0.80,0.00,0.80,0.00,0.79,0.80,0.00,0.80,0.00,2173.63,2398.30,2363.51,2719.91,2363.51,2719.91,2347.64,2704.04,2413.64,594.00,1180.68,1522.07,0.00,594.00,1180.68,1522.07,0.00,1609.99,1248.82,1605.22,45.15,52.00,0.25,0.50,0.65,0.00,0.25,0.49,0.63,0.00,0.75,0.65,0.79,0.79,0.79,0.79,0.84,0.72,1.01,1.01,1.01,1.01,0.50,0.74,0.90,0.90,0.80,0.90,0.90,0.69,0.90,0.90
LVA,428,2007,1122,1491,0.75,467,377,465,1.24,1.00,50,10,0,0,0,,,,,594.00,1470.16,1896.87,0.00,594.00,1470.16,1896.87,0.00,,4189.89,0.14,0.35,0.45,0.00,0.14,0.35,0.45,0.00,,941,1126,941,0.84,1.00,0,39,52,39,0,0,,,,,44.32,38.78,0.00,45.83,0.00,44.32,38.78,0.00,45.83,0.00,80.57,0.55,0.48,0.00,0.57,0.00,0.55,0.48,0.00,0.57,0.00,1057,1126,1491,0.94,0.71,1,52,0,0,0,0,,,,,63.31,64.37,0.00,64.37,0.00,63.31,64.37,0.00,64.37,0.00,80.57,0.79,0.80,0.00,0.80,0.00,0.79,0.80,0.00,0.80,0.00,941,1126,0.84,1,52,0,0,0,0,,,,,63.31,64.37,0.00,64.37,0.00,63.31,64.37,0.00,64.37,0.00,80.57,0.79,0.80,0.00,0.80,0.00,0.79,0.80,0.00,0.80,0.00,2737.99,3125.79,2985.07,3511.27,2985.07,3511.27,3009.60,3535.80,3114.60,594.00,1470.16,1896.87,0.00,594.00,1470.16,1896.87,0.00,2094.95,1579.80,2106.00,57.88,68.00,0.20,0.49,0.63,0.00,0.19,0.47,0.61,0.00,0.77,0.65,0.79,0.79,0.79,0.79,0.81,0.71,0.98,0.98,0.98,0.98,0.48,0.74,0.88,0.88,0.79,0.88,0.88,0.68,0.88,0.88
LVA,428,2008,1109,1479,0.75,465,379,455,1.23,1.00,50,10,0,0,0,,,,,594.00,1952.00,2524.32,0.00,594.00,1952.00,2524.32,0.00,,5023.19,0.12,0.39,0.50,0.00,0.12,0.39,0.50,0.00,,947,1143,947,0.83,1.00,0,26,52,39,0,0,,,,,53.13,39.85,0.00,54.94,0.00,53.13,39.85,0.00,54.94,0.00,96.60,0.55,0.41,0.00,0.57,0.00,0.55,0.41,0.00,0.57,0.00,1055,1143,1479,0.92,0.71,1,52,0,0,0,0,,,,,75.90,77.18,0.00,77.18,0.00,75.90,77.18,0.00,77.18,0.00,96.60,0.79,0.80,0.00,0.80,0.00,0.79,0.80,0.00,0.80,0.00,947,1143,0.83,1,52,0,0,0,0,,,,,75.90,77.18,0.00,77.18,0.00,75.90,77.18,0.00,77.18,0.00,96.60,0.79,0.80,0.00,0.80,0.00,0.79,0.80,0.00,0.80,0.00,3230.20,3532.78,3699.09,4414.29,3699.09,4414.29,3668.33,4383.53,3836.33,594.00,1952.00,2524.32,0.00,594.00,1952.00,2524.32,0.00,2511.59,1954.16,2496.75,70.54,84.30,0.16,0.53,0.69,0.00,0.15,0.51,0.66,0.00,0.75,0.63,0.79,0.79,0.79,0.79,0.74,0.55,1.02,1.02,1.02,1.02,0.52,0.67,0.90,0.90,0.75,0.90,0.90,0.59,0.90,0.90
LVA,428,2009,975,1453,0.67,474,379,447,1.25,1.00,50,10,0,0,0,,,,,594.00,2491.94,3234.13,0.00,594.00,2491.94,3234.13,0.00,,4866.07,0.12,0.51,0.66,0.00,0.12,0.51,0.66,0.00,,804,1101,804,0.73,1.00,0,39,52,39,0,0,,,,,51.47,38.60,0.00,53.22,0.00,51.47,38.60,0.00,53.22,0.00,93.58,0.55,0.41,0.00,0.57,0.00,0.55,0.41,0.00,0.57,0.00,908,1101,1453,0.82,0.63,1,26,0,0,0,0,,,,,73.53,74.76,0.00,74.76,0.00,73.53,74.76,0.00,74.76,0.00,93.58,0.79,0.80,0.00,0.80,0.00,0.79,0.80,0.00,0.80,0.00,804,1101,0.73,1,26,0,0,0,0,,,,,73.53,74.76,0.00,74.76,0.00,73.53,74.76,0.00,74.76,0.00,93.58,0.79,0.80,0.00,0.80,0.00,0.79,0.80,0.00,0.80,0.00,3053.45,3409.69,3546.56,4260.20,3546.56,4260.20,3582.16,4295.80,3756.04,594.00,2491.94,3234.13,0.00,594.00,2491.94,3234.13,0.00,2433.03,1877.33,2406.06,68.89,82.61,0.17,0.70,0.87,0.00,0.16,0.66,0.83,0.00,0.75,0.62,0.79,0.79,0.79,0.79,0.69,0.53,0.98,0.98,0.98,0.98,0.68,0.65,0.88,0.88,0.72,0.88,0.88,0.58,0.88,0.88
LVA,428,2010,921,1417,0.65,476,377,448,1.26,1.00,50,10,0,0,0,,,,,594.00,2561.47,3330.23,0.00,594.00,2561.47,3330.23,0.00,,4864.00,0.12,0.53,0.68,0.00,0.12,0.53,0.68,0.00,,753,1056,753,0.71,1.00,0,39,52,39,0,0,,,,,51.45,38.58,0.00,53.20,0.00,51.45,38.58,0.00,53.20,0.00,93.54,0.55,0.41,0.00,0.57,0.00,0.55,0.41,0.00,0.57,0.00,851,1056,1417,0.81,0.60,1,26,0,0,0,0,,,,,73.49,74.73,0.00,74.73,0.00,73.49,74.73,0.00,74.73,0.00,93.54,0.79,0.80,0.00,0.80,0.00,0.79,0.80,0.00,0.80,0.00,753,1056,0.71,1,26,0,0,0,0,,,,,73.49,74.73,0.00,74.73,0.00,73.49,74.73,0.00,74.73,0.00,93.54,0.79,0.80,0.00,0.80,0.00,0.79,0.80,0.00,0.80,0.00,2859.31,3408.32,3293.91,4075.59,3293.91,4075.59,3384.62,4166.30,3581.18,594.00,2561.47,3330.23,0.00,594.00,2561.47,3330.23,0.00,2432.00,1746.91,2405.12,65.09,80.12,0.18,0.74,0.91,0.00,0.17,0.70,0.86,0.00,0.79,0.64,0.79,0.79,0.79,0.79,0.68,0.57,0.94,0.95,0.94,0.95,0.72,0.67,0.87,0.87,0.73,0.87,0.87,0.61,0.87,0.87
LVA,428,2011,934,1382,0.68,482,375,449,1.29,1.00,50,10,0,0,0,,,,,594.00,1866.39,2424.38,0.00,594.00,1866.39,2424.38,0.00,,5126.66,0.12,0.36,0.47,0.00,0.12,0.36,0.47,0.00,,764,1028,764,0.74,1.00,0,39,52,39,0,0,,,,,54.22,40.67,0.00,56.07,0.00,54.22,40.67,0.00,56.07,0.00,98.59,0.55,0.41,0.00,0.57,0.00,0.55,0.41,0.00,0.57,0.00,862,1028,1382,0.84,0.62,1,26,0,0,0,0,,,,,77.46,78.77,0.00,78.77,0.00,77.46,78.77,0.00,78.77,0.00,98.59,0.79,0.80,0.00,0.80,0.00,0.79,0.80,0.00,0.80,0.00,764,1028,0.74,1,26,0,0,0,0,,,,,77.46,78.77,0.00,78.77,0.00,77.46,78.77,0.00,78.77,0.00,98.59,0.79,0.80,0.00,0.80,0.00,0.79,0.80,0.00,0.80,0.00,3038.40,3530.74,3516.95,4338.95,3516.95,4338.95,3557.05,4379.05,3767.05,594.00,1866.39,2424.38,0.00,594.00,1866.39,2424.38,0.00,2563.33,1846.02,2473.36,68.40,84.21,0.17,0.52,0.68,0.00,0.16,0.50,0.64,0.00,0.79,0.64,0.79,0.79,0.79,0.79,0.70,0.55,0.98,0.98,0.98,0.98,0.51,0.67,0.88,0.88,0.74,0.88,0.88,0.60,0.88,0.88
LVA,428,2012,946,1352,0.70,482,374,452,1.29,1.00,50,10,0,0,0,,,,,594.00,1855.53,2410.45,0.00,594.00,1855.53,2410.45,0.00,,5296.90,0.11,0.35,0.46,0.00,0.11,0.35,0.46,0.00,,776,1031,776,0.75,1.00,0,26,52,39,0,0,,,,,56.02,42.02,0.00,57.93,0.00,56.02,42.02,0.00,57.93,0.00,101.86,0.55,0.41,0.00,0.57,0.00,0.55,0.41,0.00,0.57,0.00,876,1031,1352,0.85,0.65,1,26,0,0,0,0,,,,,80.04,81.38,0.00,81.38,0.00,80.04,81.38,0.00,81.38,0.00,101.86,0.79,0.80,0.00,0.80,0.00,0.79,0.80,0.00,0.80,0.00,776,1031,0.75,0,26,0,0,0,0,,,,,80.04,81.38,0.00,81.38,0.00,80.04,81.38,0.00,81.38,0.00,101.86,0.79,0.80,0.00,0.80,0.00,0.79,0.80,0.00,0.80,0.00,3130.33,3641.61,3624.77,4446.77,3624.77,4446.77,3670.68,4492.68,3880.68,594.00,1855.53,2410.45,0.00,594.00,1855.53,2410.45,0.00,2648.45,1902.84,2549.12,70.59,86.40,0.16,0.51,0.66,0.00,0.15,0.48,0.62,0.00,0.79,0.65,0.79,0.79,0.79,0.79,0.69,0.56,0.97,0.98,0.97,0.98,0.49,0.67,0.88,0.88,0.74,0.88,0.88,0.61,0.88,0.88
LVA,428,2013,964,1332,0.72,476,374,453,1.27,1.00,50,10,0,0,0,,,,,594.00,1946.01,2529.22,0.00,594.00,1946.01,2529.22,0.00,,5642.24,0.11,0.34,0.45,0.00,0.11,0.34,0.45,0.00,,790,1014,790,0.78,1.00,0,39,52,39,0,0,,,,,59.68,52.22,0.00,61.71,0.00,59.68,52.22,0.00,61.71,0.00,108.50,0.55,0.48,0.00,0.57,0.00,0.55,0.48,0.00,0.57,0.00,894,1014,1332,0.88,0.67,1,26,0,0,0,0,,,,,85.25,86.69,0.00,86.69,0.00,85.25,86.69,0.00,86.69,0.00,108.50,0.79,0.80,0.00,0.80,0.00,0.79,0.80,0.00,0.80,0.00,790,1014,0.78,0,26,0,0,0,0,,,,,85.25,86.69,0.00,86.69,0.00,85.25,86.69,0.00,86.69,0.00,108.50,0.79,0.80,0.00,0.80,0.00,0.79,0.80,0.00,0.80,0.00,3525.07,4060.46,3880.34,4763.54,3880.34,4763.54,3946.01,4829.21,4176.41,594.00,1946.01,2529.22,0.00,594.00,1946.01,2529.22,0.00,2821.12,2037.81,2702.80,75.88,92.87,0.15,0.49,0.64,0.00,0.14,0.47,0.61,0.00,0.79,0.64,0.79,0.79,0.79,0.79,0.78,0.64,0.97,0.97,0.97,0.97,0.48,0.71,0.88,0.88,0.78,0.88,0.88,0.64,0.88,0.88
LVA,428,2014,956,1295,0.74,472,379,449,1.25,1.00,50,15,0,0,0,,,,,845.16,3015.32,3910.33,0.00,845.16,3015.32,3910.33,0.00,,8561.09,0.10,0.35,0.46,0.00,0.10,0.35,0.46,0.00,,782,992,782,0.79,1.00,0,39,52,39,0,0,,,,,90.55,79.23,0.00,93.64,0.00,90.55,79.23,0.00,93.64,0.00,164.64,0.55,0.48,0.00,0.57,0.00,0.55,0.48,0.00,0.57,0.00,885,992,1295,0.89,0.68,1,26,0,0,0,0,,,,,129.36,131.53,0.00,131.53,0.00,129.36,131.53,0.00,131.53,0.00,164.64,0.79,0.80,0.00,0.80,0.00,0.79,0.80,0.00,0.80,0.00,782,992,0.79,0,26,0,0,0,0,,,,,129.36,131.53,0.00,131.53,0.00,129.36,131.53,0.00,131.53,0.00,164.64,0.79,0.80,0.00,0.80,0.00,0.79,0.80,0.00,0.80,0.00,5403.64,6164.22,5942.69,7524.03,5942.69,7524.03,6039.26,7737.98,6514.46,845.16,3015.32,3910.33,0.00,845.16,3015.32,3910.33,0.00,4280.55,3127.63,4104.21,116.14,148.81,0.14,0.50,0.64,0.00,0.13,0.46,0.59,0.00,0.78,0.61,0.79,0.79,0.79,0.79,0.78,0.57,0.97,0.94,0.97,0.94,0.48,0.68,0.87,0.87,0.78,0.88,0.88,0.59,0.86,0.86
LVA,428,2015,975,1274,0.77,467,381,445,1.23,1.00,50,15,0,0,0,,,,,845.16,3301.32,4272.34,0.00,845.16,3301.32,4272.34,0.00,,9315.46,0.09,0.35,0.46,0.00,0.09,0.35,0.46,0.00,,783,994,783,0.79,1.00,0,39,52,39,0,0,,,,,98.53,86.21,0.00,101.89,0.00,98.53,86.21,0.00,101.89,0.00,179.14,0.55,0.48,0.00,0.57,0.00,0.55,0.48,0.00,0.57,0.00,896,994,1274,0.90,0.70,1,26,0,0,0,0,,,,,140.76,143.12,0.00,143.12,0.00,140.76,143.12,0.00,143.12,0.00,179.14,0.79,0.80,0.00,0.80,0.00,0.79,0.80,0.00,0.80,0.00,783,994,0.79,0,26,0,0,0,0,,,,,140.76,143.12,0.00,143.12,0.00,140.76,143.12,0.00,143.12,0.00,179.14,0.79,0.80,0.00,0.80,0.00,0.79,0.80,0.00,0.80,0.00,5865.41,6819.88,6489.17,8265.05,6489.17,8265.05,6626.75,8402.63,7082.15,845.16,3301.32,4272.34,0.00,845.16,3301.32,4272.34,0.00,4657.73,3416.87,4578.35,127.44,161.59,0.13,0.50,0.63,0.00,0.12,0.47,0.59,0.00,0.77,0.61,0.79,0.79,0.79,0.79,0.76,0.59,0.96,0.96,0.96,0.96,0.48,0.68,0.87,0.87,0.77,0.87,0.87,0.60,0.87,0.87
LVA,428,2016,971,1254,0.77,461,382,440,1.21,1.00,50,15,0,0,0,,,,,845.16,3509.79,4557.56,0.00,845.16,3509.79,4557.56,0.00,,10000.50,0.08,0.35,0.46,0.00,0.08,0.35,0.46,0.00,,778,989,778,0.79,1.00,0,39,52,39,0,0,,,,,105.77,92.55,0.00,109.38,0.00,105.77,92.55,0.00,109.38,0.00,192.32,0.55,0.48,0.00,0.57,0.00,0.55,0.48,0.00,0.57,0.00,893,989,1254,0.90,0.71,1,26,0,0,0,0,,,,,151.11,153.65,0.00,153.65,0.00,151.11,153.65,0.00,153.65,0.00,192.32,0.79,0.80,0.00,0.80,0.00,0.79,0.80,0.00,0.80,0.00,778,989,0.79,0,26,0,0,0,0,,,,,151.11,153.65,0.00,153.65,0.00,151.11,153.65,0.00,153.65,0.00,192.32,0.79,0.80,0.00,0.80,0.00,0.79,0.80,0.00,0.80,0.00,6266.29,7291.27,6935.93,8794.61,6935.93,8794.61,7098.84,8474.52,7098.84,845.16,3509.79,4557.56,0.00,845.16,3509.79,4557.56,0.00,5000.25,3652.92,4884.90,136.52,162.97,0.12,0.49,0.61,0.00,0.12,0.49,0.61,0.00,0.77,0.65,0.79,0.79,0.79,0.79,0.76,0.67,0.95,1.09,0.95,1.09,0.49,0.71,0.90,0.90,0.77,0.87,0.87,0.66,0.94,0.94
LVA,428,2017,970,1230,0.79,457,382,434,1.20,1.00,50,15,0,0,0,,,,,845.16,3808.38,4935.19,0.00,845.16,3808.38,4935.19,0.00,,10748.03,0.08,0.35,0.46,0.00,0.08,0.35,0.46,0.00,,782,980,782,0.80,1.00,0,39,69,52,0,0,,,,,113.68,99.47,0.00,117.56,0.00,113.68,99.47,0.00,117.56,0.00,206.69,0.55,0.48,0.00,0.57,0.00,0.55,0.48,0.00,0.57,0.00,895,980,1230,0.91,0.73,1,26,0,0,0,0,,,,,162.40,165.13,0.00,165.13,0.00,162.40,165.13,0.00,165.13,0.00,206.69,0.79,0.80,0.00,0.80,0.00,0.79,0.80,0.00,0.80,0.00,782,980,0.80,0,26,0,0,0,0,,,,,162.40,165.13,0.00,165.13,0.00,162.40,165.13,0.00,165.13,0.00,206.69,0.79,0.80,0.00,0.80,0.00,0.79,0.80,0.00,0.80,0.00,6620.95,7805.67,7340.64,9199.32,7340.64,9199.32,7572.61,8948.29,7572.61,845.16,3808.38,4935.19,0.00,845.16,3808.38,4935.19,0.00,5374.02,3869.10,5219.42,145.63,172.08,0.11,0.49,0.61,0.00,0.11,0.49,0.61,0.00,0.78,0.66,0.79,0.79,0.79,0.79,0.74,0.69,0.94,1.07,0.94,1.07,0.49,0.72,0.89,0.89,0.76,0.86,0.86,0.68,0.93,0.93
LVA,428,2018,973,1216,0.80,453,382,430,1.18,1.00,50,15,0,0,0,,,,,845.16,4192.60,5417.70,0.00,845.16,4192.60,5417.70,0.00,,11908.09,0.07,0.35,0.45,0.00,0.07,0.35,0.45,0.00,,805,982,805,0.82,1.00,0,39,69,52,0,0,,,,,125.95,110.21,0.00,130.24,0.00,125.95,110.21,0.00,130.24,0.00,229.00,0.55,0.48,0.00,0.57,0.00,0.55,0.48,0.00,0.57,0.00,909,982,1216,0.93,0.75,1,26,26,13,0,0,,,,,179.93,182.95,0.00,182.95,0.00,179.93,182.95,0.00,182.95,0.00,229.00,0.79,0.80,0.00,0.80,0.00,0.79,0.80,0.00,0.80,0.00,805,982,0.82,0,26,0,0,0,0,,,,,179.93,182.95,0.00,182.95,0.00,179.93,182.95,0.00,182.95,0.00,229.00,0.79,0.80,0.00,0.80,0.00,0.79,0.80,0.00,0.80,0.00,8006.87,8574.16,8267.40,10117.08,8267.40,10117.08,8523.62,9993.30,8523.62,845.16,4192.60,5417.70,0.00,845.16,4192.60,5417.70,0.00,5954.04,4853.63,5808.78,163.92,192.18,0.10,0.49,0.64,0.00,0.10,0.49,0.64,0.00,0.77,0.66,0.79,0.79,0.79,0.79,0.86,0.66,0.93,1.03,0.93,1.03,0.49,0.74,0.88,0.88,0.81,0.86,0.86,0.66,0.91,0.91
LVA,428,2019,971,1204,0.81,450,382,426,1.18,1.00,50,15,0,0,0,,,,,845.16,4692.11,6051.19,0.00,845.16,4692.11,6051.19,0.00,,12893.14,0.07,0.36,0.47,0.00,0.07,0.36,0.47,0.00,,805,971,805,0.83,1.00,0,39,69,52,0,0,,,,,136.37,119.32,0.00,141.02,0.00,136.37,119.32,0.00,141.02,0.00,247.94,0.55,0.48,0.00,0.57,0.00,0.55,0.48,0.00,0.57,0.00,910,971,1204,0.94,0.76,1,26,26,13,0,0,,,,,194.81,198.09,0.00,198.09,963.48,194.81,198.09,0.00,198.09,963.48,247.94,0.79,0.80,0.00,0.80,3.89,0.79,0.80,0.00,0.80,3.89,805,971,0.83,0,26,0,0,0,0,,,,,194.81,198.09,0.00,198.09,963.48,194.81,198.09,0.00,198.09,963.48,247.94,0.79,0.80,0.00,0.80,3.89,0.79,0.80,0.00,0.80,3.89,8163.06,9249.54,8821.94,10887.62,8821.94,10887.62,9201.31,10834.99,9201.31,845.16,4692.11,6051.19,0.00,845.16,4692.11,6051.19,0.00,6446.57,5060.65,6267.13,176.95,208.37,0.07,0.41,0.53,0.00,0.07,0.41,0.53,0.00,0.77,0.65,0.79,0.79,0.79,0.79,0.75,0.65,0.91,1.01,0.91,1.01,0.41,0.71,0.87,0.87,0.76,0.85,0.85,0.65,0.90,0.90
LVA,428,2020,961,1190,0.81,448,386,422,1.16,1.00,50,15,0,0,0,,,,,1056.00,5432.30,6993.86,0.00,1056.00,5432.30,6993.86,0.00,,13771.99,0.08,0.39,0.51,0.00,0.08,0.39,0.51,0.00,,780,972,780,0.80,1.00,0,35,69,52,0,0,,,,,145.67,109.25,0.00,129.11,0.00,145.67,109.25,0.00,129.11,0.00,264.85,0.55,0.41,0.00,0.49,0.00,0.55,0.41,0.00,0.49,0.00,893,972,1190,0.92,0.75,1,26,26,13,0,0,,,,,208.09,211.59,0.00,211.59,963.48,208.09,211.59,0.00,211.59,963.48,264.85,0.79,0.80,0.00,0.80,3.64,0.79,0.80,0.00,0.80,3.64,780,972,0.80,0,26,0,0,0,0,,,,,208.09,211.59,0.00,211.59,963.48,208.09,211.59,0.00,211.59,963.48,264.85,0.79,0.80,0.00,0.80,3.64,0.79,0.80,0.00,0.80,3.64,8387.36,9378.69,9454.43,11664.11,9454.43,11664.11,9845.72,11575.40,9845.72,1056.00,5432.30,6993.86,0.00,1056.00,5432.30,6993.86,0.00,6885.99,5546.89,6658.21,189.34,222.60,0.09,0.44,0.57,0.00,0.09,0.44,0.57,0.00,0.77,0.65,0.79,0.79,0.79,0.79,0.66,0.55,0.91,1.02,0.91,1.02,0.44,0.66,0.87,0.87,0.72,0.85,0.85,0.60,0.90,0.90
LVA,428,2021,927,1176,0.79,439,386,411,1.14,1.00,50,15,0,0,0,,,,,1632.00,6236.46,8365.72,0.00,1632.00,6236.46,8365.72,0.00,,14600.00,0.11,0.43,0.57,0.00,0.11,0.43,0.57,0.00,,756,940,756,0.80,1.00,0,35,69,52,0,0,,,,,154.42,115.82,0.00,136.88,0.00,154.42,115.82,0.00,136.88,0.00,280.77,0.55,0.41,0.00,0.49,0.00,0.55,0.41,0.00,0.49,0.00,870,940,1176,0.92,0.74,1,26,26,13,0,0,,,,,220.60,224.31,0.00,224.31,963.48,220.60,224.31,0.00,224.31,963.48,280.77,0.79,0.80,0.00,0.80,3.43,0.79,0.80,0.00,0.80,3.43,756,940,0.80,0,26,0,0,0,0,,,,,224.62,224.62,0.00,224.62,628.85,224.62,224.62,0.00,224.62,628.85,280.77,0.80,0.80,0.00,0.80,2.24,0.80,0.80,0.00,0.80,2.24,8898.05,9954.43,10260.00,12469.68,10265.90,12475.58,10762.08,12491.76,10762.08,1632.00,6236.46,8365.72,0.00,1632.00,6236.46,8365.72,0.00,7300.00,5886.80,7063.18,206.96,240.23,0.12,0.46,0.62,0.00,0.12,0.46,0.62,0.00,0.75,0.64,0.79,0.79,0.80,0.80,0.62,0.53,0.90,1.00,0.90,1.00,0.46,0.63,0.87,0.87,0.68,0.84,0.85,0.59,0.89,0.90
LVA,428,2022,952,1178,0.81,438,386,411,1.13,1.00,50,15,0,0,0,,,,,1632.00,6310.89,8801.10,0.00,1632.00,6310.89,8801.10,0.00,,15500.00,0.11,0.41,0.57,0.00,0.11,0.41,0.57,0.00,,772,956,772,0.81,1.00,0,35,69,52,0,0,,,,,163.94,122.96,0.00,145.31,0.00,163.94,122.96,0.00,145.31,0.00,298.08,0.55,0.41,0.00,0.49,0.00,0.55,0.41,0.00,0.49,0.00,891,956,1178,0.93,0.76,1,26,26,13,0,0,,,,,234.20,238.14,0.00,238.14,963.48,234.20,238.14,0.00,238.14,963.48,298.08,0.79,0.80,0.00,0.80,3.23,0.79,0.80,0.00,0.80,3.23,772,956,0.81,0,26,0,0,0,0,,,,,238.46,238.46,0.00,238.46,628.85,238.46,238.46,0.00,238.46,628.85,298.08,0.80,0.80,0.00,0.80,2.11,0.80,0.80,0.00,0.80,2.11,9651.45,11633.12,10978.29,14278.29,10984.40,14284.40,11481.35,14181.35,11481.35,1632.00,6310.89,8801.10,0.00,1632.00,6310.89,8801.10,0.00,7750.00,6454.58,8436.25,220.80,272.72,0.11,0.44,0.61,0.00,0.11,0.44,0.61,0.00,0.74,0.60,0.79,0.79,0.80,0.80,0.64,0.56,0.90,1.02,0.90,1.02,0.44,0.63,0.87,0.88,0.69,0.84,0.85,0.58,0.90,0.91
LVA,428,2023,942,1188,0.79,437,395,408,1.11,1.00,50,15,0,0,0,,,,,1884.00,6482.37,9498.75,0.00,1884.00,6482.37,9498.75,0.00,,17000.00,0.11,0.38,0.56,0.00,0.11,0.38,0.56,0.00,,724,951,724,0.76,1.00,0,35,69,52,0,0,,,,,179.81,134.86,0.00,159.38,0.00,179.81,134.86,0.00,159.38,0.00,326.92,0.55,0.41,0.00,0.49,0.00,0.55,0.41,0.00,0.49,0.00,890,951,1188,0.94,0.75,1,26,26,13,0,0,,,,,256.87,261.19,0.00,261.19,963.48,256.87,261.19,0.00,261.19,963.48,326.92,0.79,0.80,0.00,0.80,2.95,0.79,0.80,0.00,0.80,2.95,724,951,0.76,0,26,0,0,0,0,,,,,261.54,261.54,0.00,261.54,721.15,261.54,261.54,0.00,261.54,721.15,326.92,0.80,0.80,0.00,0.80,2.21,0.80,0.80,0.00,0.80,2.21,10599.94,12613.75,11976.82,15276.82,11983.41,15283.41,12508.84,15208.84,12508.84,1884.00,6482.37,9498.75,0.00,1884.00,6482.37,9498.75,0.00,8500.00,7093.69,9107.50,240.55,292.48,0.12,0.41,0.60,0.00,0.12,0.41,0.60,0.00,0.75,0.61,0.79,0.79,0.80,0.80,0.65,0.57,0.90,1.01,0.90,1.01,0.41,0.65,0.87,0.88,0.70,0.84,0.85,0.59,0.90,0.91
LTU,440,2000,1300,2319,0.56,742,483,719,1.54,1.00,50,15,0,0,0,,,,,1500.00,3746.95,4717.70,14286.00,1500.00,3746.95,4717.70,14286.00,,11460.00,0.13,0.33,0.41,1.25,0.13,0.33,0.41,1.25,,1140,1672,1140,0.68,1.00,7,26,156,104,0,0,,,,,36.92,36.92,27.69,36.92,50.77,36.92,36.92,27.69,36.92,50.77,220.38,0.17,0.17,0.13,0.17,0.23,0.17,0.17,0.13,0.17,0.23,1140,1672,2319,0.68,0.49,0,17,52,13,0,0,,,,,176.31,139.55,34.27,139.55,328.96,176.31,139.55,34.27,139.55,328.96,220.38,0.80,0.63,0.16,0.63,1.49,0.80,0.63,0.16,0.63,1.49,1140,1672,0.68,0,1820,0,0,0,0,,,,,220.38,220.38,53.70,220.38,751.85,220.38,220.38,53.70,220.38,751.85,220.38,1.00,1.00,0.24,1.00,3.41,1.00,1.00,0.24,1.00,3.41,5201.40,5201.40,7246.64,7246.64,8654.70,8654.70,7980.00,7980.00,7980.00,1500.00,3746.95,4717.70,14286.00,1500.00,3746.95,4717.70,14286.00,5730.00,3667.20,3782.04,153.46,153.46,0.19,0.47,0.59,1.79,0.19,0.47,0.59,1.79,0.24,0.24,0.80,0.80,1.00,1.00,0.36,0.34,0.83,0.83,1.16,1.16,0.47,0.29,0.81,1.00,0.30,0.81,1.00,0.29,0.81,1.00
LTU,440,2001,1274,2315,0.55,737,485,698,1.52,1.00,50,15,0,0,0,,,,,1500.00,3752.66,4723.41,14286.00,1500.00,3752.66,4723.41,14286.00,,11556.00,0.13,0.32,0.41,1.24,0.13,0.32,0.41,1.24,,1096,1636,1096,0.67,1.00,7,26,156,104,0,0,,,,,41.77,41.77,31.15,41.77,57.69,41.77,41.77,31.15,41.77,57.69,222.23,0.19,0.19,0.14,0.19,0.26,0.19,0.19,0.14,0.19,0.26,1096,1636,2315,0.67,0.47,0,17,52,13,0,0,,,,,177.78,140.72,34.27,140.72,328.96,177.78,140.72,34.27,140.72,328.96,222.23,0.80,0.63,0.15,0.63,1.48,0.80,0.63,0.15,0.63,1.48,1096,1636,0.67,0,1820,0,0,0,0,,,,,222.23,222.23,55.36,222.23,775.11,222.23,222.23,55.36,222.23,775.11,222.23,1.00,1.00,0.25,1.00,3.49,1.00,1.00,0.25,1.00,3.49,5358.12,5358.12,7297.72,7297.72,8717.58,8717.58,8076.00,8076.00,8076.00,1500.00,3752.66,4723.41,14286.00,1500.00,3752.66,4723.41,14286.00,5778.00,3697.92,3812.76,155.31,155.31,0.19,0.46,0.58,1.77,0.19,0.46,0.58,1.77,0.27,0.27,0.80,0.80,1.00,1.00,0.38,0.36,0.82,0.82,1.15,1.15,0.46,0.32,0.81,1.00,0.32,0.81,1.00,0.32,0.81,1.00
LTU,440,2002,1305,2299,0.57,715,500,693,1.43,1.00,50,15,0,0,0,,,,,1500.00,3759.50,4730.25,14286.00,1500.00,3759.50,4730.25,14286.00,,11784.00,0.13,0.32,0.40,1.21,0.13,0.32,0.40,1.21,,1126,1624,1126,0.69,1.00,7,26,156,104,0,0,,,,,41.77,41.77,31.15,41.77,57.69,41.77,41.77,31.15,41.77,57.69,226.62,0.18,0.18,0.14,0.18,0.25,0.18,0.18,0.14,0.18,0.25,1126,1624,2299,0.69,0.49,0,17,52,13,0,0,,,,,188.09,128.96,34.27,128.96,407.78,188.09,128.96,34.27,128.96,407.78,226.62,0.83,0.57,0.15,0.57,1.80,0.83,0.57,0.15,0.57,1.80,1126,1624,0.69,0,1820,0,0,0,0,,,,,226.62,226.62,57.08,226.62,799.08,226.62,226.62,57.08,226.62,799.08,226.62,1.00,1.00,0.25,1.00,3.53,1.00,1.00,0.25,1.00,3.53,5431.08,5431.08,7165.71,7165.71,8866.92,8866.92,8304.00,8304.00,8304.00,1500.00,3759.50,4730.25,14286.00,1500.00,3759.50,4730.25,14286.00,5892.00,3770.88,3885.72,159.69,159.69,0.18,0.45,0.57,1.72,0.18,0.45,0.57,1.72,0.26,0.26,0.83,0.83,1.00,1.00,0.37,0.35,0.75,0.74,1.12,1.13,0.45,0.31,0.79,1.00,0.31,0.79,1.00,0.31,0.79,1.00
LTU,440,2003,1320,2294,0.58,694,512,710,1.36,0.98,50,15,0,0,0,,,,,1500.00,3767.84,4738.59,14286.00,1500.00,3767.84,4738.59,14286.00,,12192.00,0.12,0.31,0.39,1.17,0.12,0.31,0.39,1.17,,1164,1636,1164,0.71,1.00,7,26,156,104,0,0,,,,,41.77,41.77,31.15,41.77,57.69,41.77,41.77,31.15,41.77,57.69,234.46,0.18,0.18,0.13,0.18,0.25,0.18,0.18,0.13,0.18,0.25,1164,1636,2294,0.71,0.51,0,17,52,13,0,0,,,,,194.60,133.42,34.27,133.42,407.78,194.60,133.42,34.27,133.42,407.78,234.46,0.83,0.57,0.15,0.57,1.74,0.83,0.57,0.15,0.57,1.74,1164,1636,0.71,0,1820,0,0,0,0,,,,,234.46,234.46,58.84,234.46,823.79,234.46,234.46,58.84,234.46,823.79,234.46,1.00,1.00,0.25,1.00,3.51,1.00,1.00,0.25,1.00,3.51,5195.88,5195.88,7008.29,7008.29,8768.40,8768.40,8712.00,8712.00,8712.00,1500.00,3767.84,4738.59,14286.00,1500.00,3767.84,4738.59,14286.00,6096.00,3535.68,3650.52,167.54,167.54,0.17,0.43,0.54,1.64,0.17,0.43,0.54,1.64,0.25,0.25,0.83,0.83,1.00,1.00,0.32,0.31,0.67,0.66,1.01,1.01,0.43,0.28,0.75,1.00,0.29,0.75,1.00,0.28,0.75,1.00
LTU,440,2004,1339,2276,0.59,689,524,699,1.31,0.99,50,15,0,0,0,,,,,1500.00,3783.07,4753.82,14286.00,1500.00,3783.07,4753.82,14286.00,,14144.00,0.11,0.27,0.34,1.01,0.11,0.27,0.34,1.01,,1159,1594,1159,0.73,1.00,7,26,156,104,0,0,,,,,41.77,41.77,31.15,41.77,57.69,41.77,41.77,31.15,41.77,57.69,272.00,0.15,0.15,0.11,0.15,0.21,0.15,0.15,0.11,0.15,0.21,1159,1594,2276,0.73,0.51,0,17,52,13,0,0,,,,,225.76,154.78,34.27,154.78,407.78,225.76,154.78,34.27,154.78,407.78,272.00,0.83,0.57,0.13,0.57,1.50,0.83,0.57,0.13,0.57,1.50,1159,1594,0.73,0,1820,0,0,0,0,,,,,272.00,272.00,60.66,272.00,849.27,272.00,272.00,60.66,272.00,849.27,272.00,1.00,1.00,0.22,1.00,3.12,1.00,1.00,0.22,1.00,3.12,6186.28,6186.28,8370.81,8370.81,10412.72,10412.72,10664.00,10664.00,10664.00,1500.00,3783.07,4753.82,14286.00,1500.00,3783.07,4753.82,14286.00,7072.00,4526.08,4640.92,205.08,205.08,0.14,0.35,0.45,1.34,0.14,0.35,0.45,1.34,0.20,0.20,0.83,0.83,1.00,1.00,0.27,0.26,0.63,0.62,0.96,0.96,0.35,0.23,0.73,0.98,0.24,0.73,0.98,0.23,0.72,0.98
LTU,440,2005,1370,2250,0.61,680,531,671,1.28,1.00,50,15,0,0,0,,,,,2400.00,4332.41,5689.53,17334.00,2400.00,4332.41,5689.53,17334.00,,15620.80,0.15,0.28,0.36,1.11,0.15,0.28,0.36,1.11,,1188,1565,1188,0.76,1.00,7,26,156,78,0,0,,,,,133.82,108.15,31.15,108.15,159.92,133.82,108.15,31.15,108.15,159.92,300.40,0.45,0.36,0.10,0.36,0.53,0.45,0.36,0.10,0.36,0.53,1188,1565,2250,0.76,0.53,0,17,52,13,0,0,,,,,249.33,170.94,41.92,170.94,498.91,249.33,170.94,41.92,170.94,498.91,300.40,0.83,0.57,0.14,0.57,1.66,0.83,0.57,0.14,0.57,1.66,1188,1565,0.76,0,1820,0,0,0,0,,,,,300.40,300.40,62.54,300.40,875.54,300.40,300.40,62.54,300.40,875.54,300.40,1.00,1.00,0.21,1.00,2.91,1.00,1.00,0.21,1.00,2.91,8384.78,10109.78,9124.92,10849.92,11380.02,13105.02,11145.71,13100.39,11145.71,2400.00,4332.41,5689.53,17334.00,2400.00,4332.41,5689.53,17334.00,7810.40,6147.06,8101.74,214.34,251.93,0.22,0.39,0.51,1.56,0.22,0.39,0.51,1.56,0.62,0.53,0.83,0.83,1.00,1.00,0.45,0.40,0.60,0.55,1.05,1.00,0.39,0.50,0.70,1.00,0.54,0.71,1.00,0.47,0.69,1.00
LTU,440,2006,1421,2209,0.64,665,536,665,1.24,1.00,50,15,0,0,0,,,,,2400.00,5367.28,6724.40,18354.00,2400.00,5367.28,6724.40,18354.00,,16644.00,0.14,0.32,0.40,1.10,0.14,0.32,0.40,1.10,,1186,1517,1186,0.78,1.00,7,26,156,78,0,0,,,,,151.37,123.04,38.08,123.04,195.78,151.37,123.04,38.08,123.04,195.78,320.08,0.47,0.38,0.12,0.38,0.61,0.47,0.38,0.12,0.38,0.61,1186,1517,2209,0.78,0.54,0,17,52,13,0,0,,,,,265.66,182.14,41.92,182.14,712.72,265.66,182.14,41.92,182.14,712.72,320.08,0.83,0.57,0.13,0.57,2.23,0.83,0.57,0.13,0.57,2.23,1186,1517,0.78,0,1820,0,0,0,0,,,,,320.08,320.08,62.54,320.08,1250.77,320.08,320.08,62.54,320.08,1250.77,320.08,1.00,1.00,0.20,1.00,3.91,1.00,1.00,0.20,1.00,3.91,9296.89,11021.89,9934.73,11659.73,12445.14,14170.14,12195.48,13920.48,12195.48,2400.00,5367.28,6724.40,18354.00,2400.00,5367.28,6724.40,18354.00,8322.00,6619.74,8344.74,234.53,267.70,0.20,0.44,0.55,1.50,0.20,0.44,0.55,1.50,0.65,0.57,0.83,0.83,1.00,1.00,0.48,0.48,0.59,0.59,1.04,1.04,0.44,0.54,0.71,1.00,0.56,0.71,1.00,0.52,0.71,1.00
LTU,440,2007,1467,2188,0.67,663,541,663,1.23,1.00,50,15,0,0,0,,,,,3792.00,7726.13,9660.72,24183.60,3792.00,7726.13,9660.72,24183.60,,20724.00,0.18,0.37,0.47,1.17,0.18,0.37,0.47,1.17,,1240,1516,1240,0.82,1.00,7,26,156,78,0,0,,,,,174.74,142.88,47.31,142.88,219.05,174.74,142.88,47.31,142.88,219.05,398.54,0.44,0.36,0.12,0.36,0.55,0.44,0.36,0.12,0.36,0.55,1240,1516,2188,0.82,0.57,0,17,52,13,0,0,,,,,330.79,226.79,52.44,226.79,891.56,330.79,226.79,52.44,226.79,891.56,398.54,0.83,0.57,0.13,0.57,2.24,0.83,0.57,0.13,0.57,2.24,1240,1516,0.82,0,1820,0,0,0,0,,,,,398.54,398.54,78.23,398.54,1564.62,398.54,398.54,78.23,398.54,1564.62,398.54,1.00,1.00,0.20,1.00,3.93,1.00,1.00,0.20,1.00,3.93,11486.75,13280.75,12594.70,14388.70,15854.46,17648.46,15543.60,17337.60,15543.60,3792.00,7726.13,9660.72,24183.60,3792.00,7726.13,9660.72,24183.60,10362.00,8290.20,10084.20,298.92,333.42,0.24,0.50,0.62,1.56,0.24,0.50,0.62,1.56,0.58,0.52,0.83,0.83,1.00,1.00,0.44,0.44,0.59,0.59,1.04,1.04,0.50,0.50,0.71,1.00,0.51,0.71,1.00,0.48,0.71,1.00
LTU,440,2008,1463,2169,0.67,670,546,661,1.23,1.00,50,15,0,0,0,,,,,3792.00,7892.85,9861.53,24966.60,3792.00,7892.85,9861.53,24966.60,,24420.00,0.16,0.32,0.40,1.02,0.16,0.32,0.40,1.02,,1260,1515,1260,0.83,1.00,7,26,156,78,0,0,,,,,212.92,176.13,65.77,176.13,228.42,212.92,176.13,65.77,176.13,228.42,469.62,0.45,0.38,0.14,0.38,0.49,0.45,0.38,0.14,0.38,0.49,1260,1515,2169,0.83,0.58,0,17,52,13,0,0,,,,,389.78,267.24,54.69,267.24,929.69,389.78,267.24,54.69,267.24,929.69,469.62,0.83,0.57,0.12,0.57,1.98,0.83,0.57,0.12,0.57,1.98,1260,1515,0.83,0,1820,0,0,0,0,,,,,469.62,469.62,81.58,469.62,1631.54,469.62,469.62,81.58,469.62,1631.54,469.62,1.00,1.00,0.17,1.00,3.47,1.00,1.00,0.17,1.00,3.47,13953.52,15747.52,15115.53,16909.53,19114.50,20908.50,18748.20,20542.20,18748.20,3792.00,7892.85,9861.53,24966.60,3792.00,7892.85,9861.53,24966.60,12210.00,9834.90,11628.90,360.54,395.04,0.20,0.42,0.53,1.33,0.20,0.42,0.53,1.33,0.59,0.54,0.83,0.83,1.00,1.00,0.46,0.46,0.59,0.59,1.04,1.04,0.42,0.51,0.71,1.00,0.53,0.71,1.00,0.50,0.71,1.00
LTU,440,2009,1309,2154,0.61,681,548,661,1.24,1.00,50,15,0,0,0,,,,,3792.00,8087.12,10099.30,25965.60,3792.00,8087.12,10099.30,25965.60,,23346.57,0.16,0.35,0.43,1.11,0.16,0.35,0.43,1.11,,1160,1528,1160,0.76,1.00,7,26,156,78,0,0,,,,,240.37,206.04,80.77,206.04,240.37,240.37,206.04,80.77,206.04,240.37,448.97,0.54,0.46,0.18,0.46,0.54,0.54,0.46,0.18,0.46,0.54,1160,1528,2154,0.76,0.54,0,17,52,13,0,0,,,,,251.42,233.88,57.55,233.88,920.80,251.42,233.88,57.55,233.88,920.80,448.97,0.56,0.52,0.13,0.52,2.05,0.56,0.52,0.13,0.52,2.05,1160,1528,0.76,0,1820,0,0,0,0,,,,,448.97,448.97,85.85,448.97,1716.92,448.97,448.97,85.85,448.97,1716.92,448.97,1.00,1.00,0.19,1.00,3.82,1.00,1.00,0.19,1.00,3.82,14445.46,17325.46,14641.82,17521.82,19227.59,22107.59,18177.00,20511.00,18177.00,3792.00,8087.12,10099.30,25965.60,3792.00,8087.12,10099.30,25965.60,11673.28,9655.50,11989.50,349.56,394.44,0.21,0.44,0.56,1.43,0.21,0.44,0.56,1.43,0.69,0.61,0.56,0.56,1.00,1.00,0.56,0.63,0.59,0.65,1.12,1.19,0.44,0.62,0.59,1.00,0.62,0.57,1.00,0.62,0.60,1.00
LTU,440,2010,1253,2127,0.59,685,545,662,1.26,1.00,50,15,0,0,0,,,,,4320.00,8079.66,10063.32,22491.00,4320.00,8079.66,10063.32,22491.00,,23322.46,0.19,0.35,0.43,0.96,0.19,0.35,0.43,0.96,,1112,1518,1112,0.73,1.00,7,26,156,78,0,0,,,,,150.00,150.00,80.77,150.00,150.00,150.00,150.00,80.77,150.00,150.00,448.51,0.33,0.33,0.18,0.33,0.33,0.33,0.33,0.18,0.33,0.33,1112,1518,2127,0.73,0.52,0,17,52,13,0,0,,,,,251.42,233.88,45.25,233.88,579.21,251.42,233.88,45.25,233.88,579.21,448.51,0.56,0.52,0.10,0.52,1.29,0.56,0.52,0.10,0.52,1.29,1112,1518,0.73,0,1820,0,0,0,0,,,,,448.51,448.51,67.50,448.51,1350.00,448.51,448.51,67.50,448.51,1350.00,448.51,1.00,1.00,0.15,1.00,3.01,1.00,1.00,0.15,1.00,3.01,12979.70,15313.70,14633.02,16967.02,19208.91,21542.91,18159.40,20493.40,18159.40,4320.00,8079.66,10063.32,22491.00,4320.00,8079.66,10063.32,22491.00,11661.23,9646.70,11980.70,349.22,394.10,0.24,0.44,0.55,1.24,0.24,0.44,0.55,1.24,0.43,0.38,0.56,0.56,1.00,1.00,0.39,0.39,0.59,0.59,1.12,1.12,0.44,0.40,0.57,1.00,0.41,0.57,1.00,0.39,0.57,1.00
LTU,440,2011,1304,2053,0.64,691,545,664,1.27,1.00,50,15,0,0,0,,,,,4320.00,8126.44,10110.11,22491.00,4320.00,8126.44,10110.11,22491.00,,23109.76,0.19,0.35,0.44,0.97,0.19,0.35,0.44,0.97,,1121,1482,1121,0.76,1.00,7,26,156,78,0,0,,,,,150.00,150.00,80.77,150.00,150.00,150.00,150.00,80.77,150.00,150.00,444.42,0.34,0.34,0.18,0.34,0.34,0.34,0.34,0.18,0.34,0.34,1121,1482,2053,0.76,0.55,0,17,52,13,0,0,,,,,248.87,231.51,45.25,231.51,579.21,248.87,231.51,45.25,231.51,579.21,444.42,0.56,0.52,0.10,0.52,1.30,0.56,0.52,0.10,0.52,1.30,1121,1482,0.76,0,1820,0,0,0,0,,,,,444.42,444.42,67.50,444.42,1080.00,444.42,444.42,67.50,444.42,1080.00,444.42,1.00,1.00,0.15,1.00,2.43,1.00,1.00,0.15,1.00,2.43,12902.06,15236.06,14504.81,16838.81,19044.06,21378.06,18004.12,20338.12,18004.12,4320.00,8126.44,10110.11,22491.00,4320.00,8126.44,10110.11,22491.00,11554.88,9569.06,11903.06,346.23,391.12,0.24,0.45,0.56,1.25,0.24,0.45,0.56,1.25,0.43,0.38,0.56,0.56,1.00,1.00,0.40,0.40,0.59,0.59,1.12,1.12,0.45,0.40,0.57,1.00,0.41,0.57,1.00,0.39,0.57,1.00
LTU,440,2012,1342,2016,0.67,688,543,640,1.27,1.00,50,15,0,0,0,,,,,4320.00,8933.92,11104.49,26784.00,4320.00,8933.92,11104.49,26784.00,,24202.79,0.18,0.37,0.46,1.11,0.18,0.37,0.46,1.11,,1135,1473,1135,0.77,1.00,7,26,156,78,0,0,,,,,150.00,150.00,80.77,150.00,150.00,150.00,150.00,80.77,150.00,150.00,465.44,0.32,0.32,0.17,0.32,0.32,0.32,0.32,0.17,0.32,0.32,1135,1473,2016,0.77,0.56,0,17,52,13,0,0,,,,,260.65,242.46,57.55,242.46,589.31,260.65,242.46,57.55,242.46,589.31,465.44,0.56,0.52,0.12,0.52,1.27,0.56,0.52,0.12,0.52,1.27,1135,1473,0.77,0,1820,0,0,0,0,,,,,465.44,465.44,85.85,465.44,1098.83,465.44,465.44,85.85,465.44,1098.83,465.44,1.00,1.00,0.18,1.00,2.36,1.00,1.00,0.18,1.00,2.36,13301.02,15365.02,15137.21,17471.21,19891.16,22225.16,18802.04,21136.04,18802.04,4320.00,8933.92,11104.49,26784.00,4320.00,8933.92,11104.49,26784.00,12101.40,9968.02,12302.02,361.58,406.46,0.23,0.48,0.59,1.42,0.23,0.48,0.59,1.42,0.41,0.37,0.56,0.56,1.00,1.00,0.38,0.35,0.59,0.59,1.12,1.12,0.48,0.38,0.57,1.00,0.40,0.57,1.00,0.36,0.57,1.00
LTU,440,2013,1348,1993,0.68,685,542,644,1.26,1.00,50,15,0,0,0,,,,,4320.00,9008.31,11178.88,26784.00,4320.00,9008.31,11178.88,26784.00,,25451.96,0.17,0.35,0.44,1.05,0.17,0.35,0.44,1.05,,1141,1465,1141,0.78,1.00,8,26,156,78,0,0,,,,,150.00,150.00,80.77,150.00,150.00,150.00,150.00,80.77,150.00,150.00,489.46,0.31,0.31,0.17,0.31,0.31,0.31,0.31,0.17,0.31,0.31,1141,1465,1993,0.78,0.57,0,17,52,13,0,0,,,,,274.10,254.97,57.55,254.97,589.31,274.10,254.97,57.55,254.97,589.31,489.46,0.56,0.52,0.12,0.52,1.20,0.56,0.52,0.12,0.52,1.20,1141,1465,0.78,0,1820,0,0,0,0,,,,,489.46,489.46,85.85,489.46,1098.83,489.46,489.46,85.85,489.46,1098.83,489.46,1.00,1.00,0.18,1.00,2.24,1.00,1.00,0.18,1.00,2.24,13756.97,15193.97,15859.96,17296.96,20859.27,21399.27,19713.93,20253.93,19713.93,4320.00,9008.31,11178.88,26784.00,4320.00,9008.31,11178.88,26784.00,12725.98,10423.97,10963.97,379.11,389.50,0.22,0.46,0.57,1.36,0.22,0.46,0.57,1.36,0.40,0.39,0.56,0.56,1.00,1.00,0.36,0.46,0.59,0.68,1.12,1.12,0.46,0.40,0.60,1.00,0.38,0.57,1.00,0.42,0.62,1.00
LTU,440,2014,1377,1971,0.70,682,543,646,1.26,1.00,50,15,0,0,0,,,,,4320.00,9090.08,11260.65,26784.00,4320.00,9090.08,11260.65,26784.00,,26611.91,0.16,0.34,0.42,1.01,0.16,0.34,0.42,1.01,,1159,1477,1159,0.78,1.00,8,26,156,78,0,0,,,,,150.00,150.00,80.77,150.00,150.00,150.00,150.00,80.77,150.00,150.00,511.77,0.29,0.29,0.16,0.29,0.29,0.29,0.29,0.16,0.29,0.29,1159,1477,1971,0.78,0.59,0,17,52,13,0,0,,,,,286.59,266.59,57.55,266.59,589.31,286.59,266.59,57.55,266.59,589.31,511.77,0.56,0.52,0.11,0.52,1.15,0.56,0.52,0.11,0.52,1.15,1159,1477,0.78,0,1820,0,0,0,0,,,,,511.77,511.77,85.85,511.77,1098.83,511.77,511.77,85.85,511.77,1098.83,511.77,1.00,1.00,0.17,1.00,2.15,1.00,1.00,0.17,1.00,2.15,14240.59,15497.59,16708.94,18325.94,21878.73,22598.73,20681.19,21401.19,20681.19,4320.00,9090.08,11260.65,26784.00,4320.00,9090.08,11260.65,26784.00,13305.96,11087.59,11807.59,397.72,411.56,0.21,0.44,0.54,1.30,0.21,0.44,0.54,1.30,0.38,0.36,0.56,0.56,1.00,1.00,0.33,0.38,0.59,0.68,1.12,1.12,0.44,0.36,0.60,1.00,0.35,0.57,1.00,0.37,0.62,1.00
LTU,440,2015,1405,1949,0.72,678,547,631,1.24,1.00,50,15,0,0,0,,,,,1296.00,2713.95,3357.83,7867.80,1296.00,2713.95,3357.83,7867.80,,8262.94,0.16,0.33,0.41,0.95,0.16,0.33,0.41,0.95,,1171,1469,1171,0.80,1.00,8,26,156,78,0,0,,,,,43.38,43.38,23.54,43.38,43.38,43.38,43.38,23.54,43.38,43.38,158.90,0.27,0.27,0.15,0.27,0.27,0.27,0.27,0.15,0.27,0.27,1171,1469,1949,0.80,0.60,0,17,52,13,0,0,,,,,127.12,85.22,16.79,85.22,171.88,127.12,85.22,16.79,85.22,171.88,158.90,0.80,0.54,0.11,0.54,1.08,0.80,0.54,0.11,0.54,1.08,1171,1469,0.80,0,1820,0,0,0,0,,,,,158.90,158.90,25.04,158.90,320.49,158.90,158.90,25.04,158.90,320.49,158.90,1.00,1.00,0.16,1.00,2.02,1.00,1.00,0.16,1.00,2.02,4324.05,4802.25,5210.28,5688.48,6763.93,6979.93,6392.10,6608.10,6392.10,1296.00,2713.95,3357.83,7867.80,1296.00,2713.95,3357.83,7867.80,4131.47,3413.31,3629.31,122.93,127.08,0.20,0.42,0.53,1.23,0.20,0.42,0.53,1.23,0.35,0.34,0.80,0.80,1.00,1.00,0.31,0.39,0.60,0.69,1.12,1.12,0.42,0.35,0.72,1.00,0.33,0.70,1.00,0.37,0.75,1.00
LTU,440,2016,1417,1916,0.74,674,549,632,1.23,1.00,50,15,0,0,0,,,,,1344.00,2748.31,3413.06,8090.70,1344.00,2748.31,3413.06,8090.70,,9095.15,0.15,0.30,0.38,0.89,0.15,0.30,0.38,0.89,,1193,1478,1193,0.81,1.00,8,26,156,78,0,0,,,,,71.88,70.08,23.54,70.08,71.88,71.88,70.08,23.54,70.08,71.88,174.91,0.41,0.40,0.13,0.40,0.41,0.41,0.40,0.13,0.40,0.41,1193,1478,1916,0.81,0.62,0,17,52,13,0,0,,,,,139.93,93.80,17.21,93.80,176.24,139.93,93.80,17.21,93.80,176.24,174.91,0.80,0.54,0.10,0.54,1.01,0.80,0.54,0.10,0.54,1.01,1193,1478,0.81,0,1820,0,0,0,0,,,,,174.91,174.91,25.67,174.91,328.62,174.91,174.91,25.67,174.91,328.62,174.91,1.00,1.00,0.15,1.00,1.88,1.00,1.00,0.15,1.00,1.88,5333.51,5811.71,5747.11,6441.31,7431.94,7863.94,7022.66,7454.66,7022.66,1344.00,2748.31,3413.06,8090.70,1344.00,2748.31,3413.06,8090.70,4547.57,3798.43,4230.43,135.05,143.36,0.19,0.39,0.49,1.15,0.19,0.39,0.49,1.15,0.53,0.50,0.80,0.80,1.00,1.00,0.48,0.49,0.60,0.69,1.13,1.13,0.39,0.50,0.72,1.00,0.50,0.70,1.00,0.50,0.74,1.00
LTU,440,2017,1414,1876,0.75,671,550,624,1.22,1.00,50,15,0,0,0,,,,,1440.00,2882.25,3594.02,8658.00,1440.00,2882.25,3594.02,8658.00,,9922.81,0.15,0.29,0.36,0.87,0.15,0.29,0.36,0.87,,1192,1458,1192,0.82,1.00,8,39,130,52,0,0,,,,,112.15,103.57,26.31,103.57,181.92,112.15,103.57,26.31,103.57,181.92,190.82,0.59,0.54,0.14,0.54,0.95,0.59,0.54,0.14,0.54,0.95,1192,1458,1876,0.82,0.64,0,17,52,13,0,0,,,,,152.66,102.34,11.46,102.34,152.75,152.66,102.34,11.46,102.34,152.75,190.82,0.80,0.54,0.06,0.54,0.80,0.80,0.54,0.06,0.54,0.80,1192,1458,0.82,0,1820,0,0,0,0,,,,,190.82,190.82,21.36,190.82,284.82,190.82,190.82,21.36,190.82,284.82,190.82,1.00,1.00,0.11,1.00,1.49,1.00,1.00,0.11,1.00,1.49,6541.32,7469.83,6360.71,7342.91,8143.65,8863.65,7697.12,8417.12,7697.12,1440.00,2882.25,3594.02,8658.00,1440.00,2882.25,3594.02,8658.00,4961.40,4298.56,4961.40,148.02,161.87,0.19,0.37,0.47,1.12,0.19,0.37,0.47,1.12,0.76,0.69,0.80,0.80,1.00,1.00,0.66,0.73,0.61,0.69,1.13,1.13,0.37,0.71,0.72,1.00,0.71,0.70,1.00,0.71,0.74,1.00
LTU,440,2018,1420,1836,0.77,672,552,618,1.22,1.00,50,15,0,0,0,,,,,1835.04,3477.44,4459.50,10060.69,1835.04,3477.44,4459.50,10060.69,,10795.94,0.17,0.32,0.41,0.93,0.17,0.32,0.41,0.93,,1214,1465,1214,0.83,1.00,8,39,130,52,0,0,,,,,121.60,112.21,27.69,112.21,195.14,121.60,112.21,27.69,112.21,195.14,207.61,0.59,0.54,0.13,0.54,0.94,0.59,0.54,0.13,0.54,0.94,1214,1465,1836,0.83,0.66,0,17,52,13,0,0,,,,,166.09,111.35,16.48,111.35,219.75,166.09,111.35,16.48,111.35,219.75,207.61,0.80,0.54,0.08,0.54,1.06,0.80,0.54,0.08,0.54,1.06,1214,1465,0.83,0,1820,0,0,0,0,,,,,207.61,207.61,30.73,207.61,409.75,207.61,207.61,30.73,207.61,409.75,207.61,1.00,1.00,0.15,1.00,1.97,1.00,1.00,0.15,1.00,1.97,7137.04,8221.84,6985.21,8070.01,8925.04,10009.84,8439.22,9524.02,8439.22,1835.04,3477.44,4459.50,10060.69,1835.04,3477.44,4459.50,10060.69,5397.97,4741.61,5826.41,162.29,183.15,0.22,0.41,0.53,1.19,0.22,0.41,0.53,1.19,0.75,0.66,0.80,0.80,1.00,1.00,0.65,0.65,0.61,0.61,1.13,1.13,0.41,0.68,0.70,1.00,0.70,0.70,1.00,0.66,0.70,1.00
LTU,440,2019,1435,1820,0.79,668,552,604,1.21,1.00,50,15,0,0,0,,,,,1975.08,3745.53,4792.14,10825.47,1975.08,3745.53,4792.14,10825.47,,14995.63,0.13,0.25,0.32,0.72,0.13,0.25,0.32,0.72,,1218,1470,1218,0.83,1.00,8,39,130,52,0,0,,,,,114.00,105.58,29.80,105.58,166.48,114.00,105.58,29.80,105.58,166.48,288.38,0.40,0.37,0.10,0.37,0.58,0.40,0.37,0.10,0.37,0.58,1218,1470,1820,0.83,0.67,0,17,52,13,0,0,,,,,178.97,119.98,10.37,119.98,178.16,178.97,119.98,10.37,119.98,178.16,288.38,0.62,0.42,0.04,0.42,0.62,0.62,0.42,0.04,0.42,0.62,1218,1470,0.83,0,1820,0,0,0,0,,,,,223.72,223.72,24.92,223.72,428.22,223.72,223.72,24.92,223.72,428.22,288.38,0.78,0.78,0.09,0.78,1.48,0.78,0.78,0.09,0.78,1.48,7516.11,9203.31,7024.70,8711.90,8575.70,10262.90,9542.29,11229.49,9542.29,1975.08,3745.53,4792.14,10825.47,1975.08,3745.53,4792.14,10825.47,7497.81,5231.04,6918.24,183.51,215.95,0.21,0.39,0.50,1.13,0.21,0.39,0.50,1.13,0.62,0.53,0.62,0.62,0.78,0.78,0.53,0.53,0.42,0.42,0.78,0.78,0.39,0.55,0.52,0.78,0.58,0.52,0.78,0.53,0.52,0.78
LTU,440,2020,1422,1815,0.78,660,556,609,1.19,1.00,50,15,0,0,0,,,,,2171.40,4096.93,5229.50,11717.22,2171.40,4096.93,5229.50,11717.22,,16248.48,0.13,0.25,0.32,0.72,0.13,0.25,0.32,0.72,,1198,1484,1198,0.81,1.00,8,39,130,52,0,0,,,,,133.80,123.67,32.60,123.67,179.85,133.80,123.67,32.60,123.67,179.85,312.47,0.43,0.40,0.10,0.40,0.58,0.43,0.40,0.10,0.40,0.58,1198,1484,1815,0.81,0.66,0,17,52,13,0,0,,,,,193.92,130.00,14.60,130.00,250.83,193.92,130.00,14.60,130.00,250.83,312.47,0.62,0.42,0.05,0.42,0.80,0.62,0.42,0.05,0.42,0.80,1198,1484,0.81,0,1820,0,0,0,0,,,,,242.41,242.41,35.09,242.41,602.91,242.41,242.41,35.09,242.41,602.91,312.47,0.78,0.78,0.11,0.78,1.93,0.78,0.78,0.11,0.78,1.93,8440.34,11245.86,7759.71,10565.23,9416.92,12222.44,10449.68,13255.20,10449.68,2171.40,4096.93,5229.50,11717.22,2171.40,4096.93,5229.50,11717.22,8124.24,5843.24,8648.76,200.96,254.91,0.21,0.39,0.50,1.12,0.21,0.39,0.50,1.12,0.67,0.52,0.62,0.62,0.78,0.78,0.56,0.56,0.42,0.42,0.78,0.78,0.39,0.58,0.52,0.78,0.61,0.52,0.78,0.54,0.52,0.78
LTU,440,2021,1455,1834,0.79,664,560,619,1.19,1.00,50,15,0,0,0,,,,,2379.48,4537.72,5778.22,12824.75,2379.48,4537.72,5778.22,12824.75,,16735.94,0.14,0.27,0.35,0.77,0.14,0.27,0.35,0.77,,1210,1473,1210,0.82,1.00,7,39,130,52,0,0,,,,,152.67,140.85,34.48,140.85,193.85,152.67,140.85,34.48,140.85,193.85,321.84,0.47,0.44,0.11,0.44,0.60,0.47,0.44,0.11,0.44,0.60,1210,1473,1876,0.82,0.64,0,17,52,13,0,0,,,,,199.74,133.90,26.63,133.90,355.05,199.74,133.90,26.63,133.90,355.05,321.84,0.62,0.42,0.08,0.42,1.10,0.62,0.42,0.08,0.42,1.10,1210,1473,0.82,0,1820,0,0,0,0,,,,,249.69,249.69,40.00,249.69,426.70,249.69,249.69,40.00,249.69,426.70,321.84,0.78,0.78,0.12,0.78,1.33,0.78,0.78,0.12,0.78,1.33,9042.12,11710.92,7979.64,10648.44,9692.59,12361.39,10760.09,13428.89,10760.09,2379.48,4537.72,5778.22,12824.75,2379.48,4537.72,5778.22,12824.75,8367.97,5998.72,8667.52,206.92,258.25,0.22,0.42,0.54,1.19,0.22,0.42,0.54,1.19,0.74,0.59,0.62,0.62,0.78,0.78,0.64,0.64,0.42,0.42,0.78,0.78,0.42,0.65,0.52,0.78,0.69,0.52,0.78,0.62,0.52,0.78
LTU,440,2022,1494,1828,0.82,669,561,600,1.19,1.00,50,15,0,0,0,,,,,2710.08,5312.56,6747.59,15178.48,2710.08,5312.56,6747.59,15178.48,,17238.01,0.16,0.31,0.39,0.88,0.16,0.31,0.39,0.88,,1247,1511,1247,0.83,1.00,7,39,130,52,0,0,,,,,163.34,150.92,39.20,150.92,212.94,163.34,150.92,39.20,150.92,212.94,331.50,0.49,0.46,0.12,0.46,0.64,0.49,0.46,0.12,0.46,0.64,1247,1511,1836,0.83,0.68,0,17,52,13,0,0,,,,,205.73,137.92,29.39,137.92,391.87,205.73,137.92,29.39,137.92,391.87,331.50,0.62,0.42,0.09,0.42,1.18,0.62,0.42,0.09,0.42,1.18,1247,1511,0.83,0,1820,0,0,0,0,,,,,257.18,257.18,44.15,257.18,470.95,257.18,257.18,44.15,257.18,470.95,331.50,0.78,0.78,0.13,0.78,1.42,0.78,0.78,0.13,0.78,1.42,9498.22,12428.72,8445.69,11376.19,10110.81,13041.31,11148.49,14078.99,11148.49,2710.08,5312.56,6747.59,15178.48,2710.08,5312.56,6747.59,15178.48,8619.01,6510.50,9441.00,214.39,270.75,0.24,0.48,0.61,1.36,0.24,0.48,0.61,1.36,0.76,0.60,0.62,0.62,0.78,0.78,0.64,0.64,0.42,0.42,0.78,0.78,0.48,0.66,0.52,0.78,0.70,0.52,0.78,0.62,0.52,0.78
LTU,440,2023,1518,1858,0.82,673,571,603,1.18,1.00,50,15,0,0,0,,,,,2954.52,5672.12,7191.72,15390.81,2954.52,5672.12,7191.72,15390.81,,17755.16,0.17,0.32,0.41,0.87,0.17,0.32,0.41,0.87,,1270,1547,1270,0.82,1.00,7,39,130,52,0,0,,,,,172.97,160.18,45.11,160.18,239.94,172.97,160.18,45.11,160.18,239.94,341.45,0.51,0.47,0.13,0.47,0.70,0.51,0.47,0.13,0.47,0.70,1270,1547,1820,0.82,0.70,0,17,52,13,0,0,,,,,211.90,142.06,32.12,142.06,551.96,211.90,142.06,32.12,142.06,551.96,341.45,0.62,0.42,0.09,0.42,1.62,0.62,0.42,0.09,0.42,1.62,1270,1547,0.82,0,1820,0,0,0,0,,,,,264.89,264.89,49.75,264.89,663.35,264.89,264.89,49.75,264.89,663.35,341.45,0.78,0.78,0.15,0.78,1.94,0.78,0.78,0.15,0.78,1.94,9963.28,13232.56,8896.22,12165.50,10560.18,13829.46,11597.16,14866.44,11597.16,2954.52,5672.12,7191.72,15390.81,2954.52,5672.12,7191.72,15390.81,8877.58,6870.93,10140.21,223.02,285.89,0.25,0.49,0.62,1.33,0.25,0.49,0.62,1.33,0.78,0.61,0.62,0.62,0.78,0.78,0.65,0.65,0.43,0.43,0.78,0.78,0.49,0.67,0.52,0.78,0.71,0.52,0.78,0.63,0.52,0.78
LUX,442,2000,185,289,0.64,119,56,56,2.13,1.00,50,40,0,0,0,,,,,247566.00,787387.42,832017.40,2292276.00,247566.00,787387.42,832017.40,2292276.00,,1050000.00,0.24,0.75,0.79,2.18,0.24,0.75,0.79,2.18,,185,184,164,1.00,1.13,0,52,52,26,0,0,,,,,16153.85,16153.85,0.00,16153.85,28170.72,17163.46,17163.46,0.00,17163.46,28170.72,20192.31,0.80,0.80,0.00,0.80,1.40,0.85,0.85,0.00,0.85,1.40,185,184,289,1.00,0.64,0,52,0,0,0,0,,,,,20192.31,20192.31,11088.20,20192.31,55440.99,20192.31,20192.31,11088.20,20192.31,55440.99,20192.31,1.00,1.00,0.55,1.00,2.75,1.00,1.00,0.55,1.00,2.75,185,184,1.00,0,52,0,0,0,0,,,,,20192.31,18738.46,11088.20,18738.46,55440.99,20192.31,18738.46,11088.20,18738.46,55440.99,20192.31,1.00,0.93,0.55,0.93,2.75,1.00,0.93,0.55,0.93,2.75,734545.43,1003640.62,799652.03,1071405.00,824440.03,1106842.50,799652.03,1071405.00,880761.30,247566.00,787387.42,832017.40,2292276.00,247566.00,787387.42,832017.40,2292276.00,525000.00,450197.85,619642.50,15377.92,20603.94,0.31,0.86,0.90,1.94,0.28,0.86,0.90,2.08,0.80,0.85,1.00,1.00,1.00,1.00,0.81,0.85,1.00,1.00,1.07,1.08,0.86,0.83,1.00,1.00,0.81,1.00,1.00,0.85,1.00,1.00
LUX,442,2001,190,295,0.64,121,57,57,2.12,1.00,50,40,0,0,0,,,,,261660.00,826493.63,902291.76,2422788.00,261660.00,826493.63,902291.76,2422788.00,,1060000.00,0.25,0.78,0.85,2.29,0.25,0.78,0.85,2.29,,190,188,172,1.00,1.11,0,52,52,26,0,0,,,,,16307.69,16307.69,0.00,16307.69,29296.44,17326.92,17326.92,0.00,17326.92,29296.44,20384.62,0.80,0.80,0.00,0.80,1.44,0.85,0.85,0.00,0.85,1.44,190,188,295,1.00,0.64,0,52,0,0,0,0,,,,,20384.62,20384.62,11718.43,20384.62,58592.15,20384.62,20384.62,11718.43,20384.62,58592.15,20384.62,1.00,1.00,0.57,1.00,2.87,1.00,1.00,0.57,1.00,2.87,190,188,1.00,0,52,0,0,0,0,,,,,20384.62,18916.92,11718.43,18916.92,58592.15,20384.62,18916.92,11718.43,18916.92,58592.15,20384.62,1.00,0.93,0.57,0.93,2.87,1.00,0.93,0.57,0.93,2.87,762016.86,1015310.00,830157.00,1083680.00,856592.34,1119720.00,830157.00,1083680.00,910906.50,261660.00,826493.63,902291.76,2422788.00,261660.00,826493.63,902291.76,2422788.00,530000.00,462712.00,627880.00,15964.56,20840.00,0.31,0.89,0.96,2.49,0.28,0.88,0.96,2.17,0.80,0.85,1.00,1.00,1.00,1.00,0.81,0.85,1.00,1.00,1.07,1.08,0.88,0.83,1.00,1.00,0.81,1.00,1.00,0.85,1.00,1.00
LUX,442,2002,193,298,0.65,124,58,58,2.13,1.00,50,40,0,0,0,,,,,6648.60,20710.05,23309.36,61560.96,6648.60,20710.05,23309.36,61560.96,,27248.00,0.24,0.76,0.86,2.26,0.24,0.76,0.86,2.26,,193,193,173,1.00,1.11,0,52,52,26,0,0,,,,,419.20,419.20,0.00,419.20,755.21,445.40,445.40,0.00,445.40,755.21,524.00,0.80,0.80,0.00,0.80,1.44,0.85,0.85,0.00,0.85,1.44,193,193,298,1.00,0.65,0,52,0,0,0,0,,,,,524.00,524.00,302.08,524.00,1510.42,524.00,524.00,302.08,524.00,1510.42,524.00,1.00,1.00,0.58,1.00,2.88,1.00,1.00,0.58,1.00,2.88,193,193,1.00,0,52,0,0,0,0,,,,,524.00,486.27,302.08,486.27,1510.42,524.00,486.27,302.08,486.27,1510.42,524.00,1.00,0.93,0.58,0.93,2.88,1.00,0.93,0.58,0.93,2.88,20067.30,26779.99,21940.20,28538.50,22652.45,29458.12,21940.20,28538.50,23468.81,6648.60,20710.05,23309.36,61560.96,6648.60,20710.05,23309.36,61560.96,13624.00,11903.69,16815.05,421.93,548.82,0.30,0.86,0.95,2.03,0.28,0.85,0.95,2.20,0.80,0.85,1.00,1.00,1.00,1.00,0.81,0.85,1.00,1.00,1.07,1.08,0.85,0.83,1.00,1.00,0.81,1.00,1.00,0.85,1.00,1.00
LUX,442,2003,195,301,0.65,126,59,59,2.14,1.00,50,40,0,0,0,,,,,7142.46,23158.45,26774.50,66133.80,7142.46,23158.45,26774.50,66133.80,,28059.20,0.25,0.83,0.95,2.36,0.25,0.83,0.95,2.36,,195,193,172,1.00,1.13,0,52,52,26,0,0,,,,,431.68,431.68,0.00,431.68,797.88,458.66,458.66,0.00,458.66,797.88,539.60,0.80,0.80,0.00,0.80,1.48,0.85,0.85,0.00,0.85,1.48,195,193,301,1.00,0.65,0,52,0,0,0,0,,,,,539.60,539.60,319.15,539.60,1595.77,539.60,539.60,319.15,539.60,1595.77,539.60,1.00,1.00,0.59,1.00,2.96,1.00,1.00,0.59,1.00,2.96,195,193,1.00,0,52,0,0,0,0,,,,,539.60,500.75,319.15,500.75,1595.77,539.60,500.75,319.15,500.75,1595.77,539.60,1.00,0.93,0.59,0.93,2.96,1.00,0.93,0.59,0.93,2.96,20630.10,27611.47,22532.62,29423.39,23257.07,30363.37,22532.62,29423.39,24169.30,7142.46,23158.45,26774.50,66133.80,7142.46,23158.45,26774.50,66133.80,14029.60,12280.83,17343.91,433.32,565.83,0.31,0.92,1.04,2.09,0.29,0.92,1.05,2.26,0.80,0.85,1.00,1.00,1.00,1.00,0.81,0.85,1.00,1.00,1.07,1.08,0.92,0.83,1.00,1.00,0.81,1.00,1.00,0.85,1.00,1.00
LUX,442,2004,197,306,0.64,129,60,60,2.16,1.00,50,40,0,0,0,,,,,7577.28,24028.40,28459.96,70159.92,7577.28,24028.40,28459.96,70159.92,,29494.40,0.26,0.81,0.96,2.38,0.26,0.81,0.96,2.38,,197,198,173,0.99,1.14,0,52,52,26,0,0,,,,,453.76,453.76,0.00,453.76,814.46,482.12,482.12,0.00,482.12,814.46,567.20,0.80,0.80,0.00,0.80,1.44,0.85,0.85,0.00,0.85,1.44,197,198,306,0.99,0.64,0,52,0,0,0,0,,,,,567.20,567.20,325.78,567.20,1628.91,567.20,567.20,325.78,567.20,1628.91,567.20,1.00,1.00,0.57,1.00,2.87,1.00,1.00,0.57,1.00,2.87,197,198,0.99,0,52,0,0,0,0,,,,,567.20,526.36,325.78,526.36,1628.91,567.20,526.36,325.78,526.36,1628.91,567.20,1.00,0.93,0.57,0.93,2.87,1.00,0.93,0.57,0.93,2.87,21510.39,28865.81,23476.14,30770.41,24221.14,31758.47,23476.14,30770.41,25287.22,7577.28,24028.40,28459.96,70159.92,7577.28,24028.40,28459.96,70159.92,14747.20,12844.29,18073.07,451.46,591.74,0.32,0.91,1.05,2.11,0.29,0.91,1.06,2.27,0.80,0.85,1.00,1.00,1.00,1.00,0.82,0.85,1.00,1.00,1.07,1.08,0.91,0.83,1.00,1.00,0.81,1.00,1.00,0.85,1.00,1.00
LUX,442,2005,198,310,0.64,132,61,61,2.17,1.00,50,40,0,0,0,,,,,7921.80,24712.17,29851.50,73350.00,7921.80,24712.17,29851.50,73350.00,,30534.40,0.26,0.81,0.98,2.40,0.26,0.81,0.98,2.40,,198,202,178,0.98,1.11,0,52,52,26,0,0,,,,,469.76,469.76,0.00,469.76,846.21,499.12,499.12,0.00,499.12,846.21,587.20,0.80,0.80,0.00,0.80,1.44,0.85,0.85,0.00,0.85,1.44,198,202,310,0.98,0.64,0,52,0,0,0,0,,,,,587.20,587.20,338.49,587.20,1692.43,587.20,587.20,338.49,587.20,1692.43,587.20,1.00,1.00,0.58,1.00,2.88,1.00,1.00,0.58,1.00,2.88,198,202,0.98,0,52,0,0,0,0,,,,,587.20,544.92,338.49,544.92,1692.43,587.20,544.92,338.49,544.92,1692.43,587.20,1.00,0.93,0.58,0.93,2.88,1.00,0.93,0.58,0.93,2.88,22060.65,29653.64,24053.92,31621.96,24863.06,32667.76,24053.92,31621.96,26024.70,7921.80,24712.17,29851.50,73350.00,7921.80,24712.17,29851.50,73350.00,15267.20,13227.12,18499.80,462.58,608.11,0.32,0.92,1.07,2.14,0.30,0.91,1.08,2.28,0.80,0.85,1.00,1.00,1.00,1.00,0.82,0.85,1.00,1.00,1.07,1.08,0.91,0.83,1.00,1.00,0.81,1.00,1.00,0.85,1.00,1.00
LUX,442,2006,202,317,0.64,136,62,62,2.19,1.00,50,40,0,0,0,,,,,8119.74,25191.85,31026.22,75183.00,8119.74,25191.85,31026.22,75183.00,,30513.60,0.27,0.83,1.02,2.46,0.27,0.83,1.02,2.46,,202,205,180,0.99,1.12,0,52,52,26,0,0,,,,,469.44,469.44,0.00,469.44,867.36,498.78,498.78,0.00,498.78,867.36,586.80,0.80,0.80,0.00,0.80,1.48,0.85,0.85,0.00,0.85,1.48,202,205,317,0.99,0.64,0,52,0,0,0,0,,,,,586.80,586.80,346.94,586.80,1734.72,586.80,586.80,346.94,586.80,1734.72,586.80,1.00,1.00,0.59,1.00,2.96,1.00,1.00,0.59,1.00,2.96,202,205,0.99,0,52,0,0,0,0,,,,,586.80,544.55,346.94,544.55,1734.72,586.80,544.55,346.94,544.55,1734.72,586.80,1.00,0.93,0.59,0.93,2.96,1.00,0.93,0.59,0.93,2.96,22058.69,29787.24,24050.95,31754.22,24859.91,32799.31,24050.95,31754.22,26019.14,8119.74,25191.85,31026.22,75183.00,8119.74,25191.85,31026.22,75183.00,15256.80,13229.38,18641.00,462.52,610.66,0.33,0.93,1.10,2.18,0.31,0.93,1.12,2.32,0.80,0.85,1.00,1.00,1.00,1.00,0.82,0.85,1.00,1.00,1.07,1.08,0.93,0.83,1.00,1.00,0.81,1.00,1.00,0.85,1.00,1.00
LUX,442,2007,206,322,0.64,139,63,63,2.21,1.00,50,40,0,0,0,,,,,8322.72,25866.05,32512.86,77062.20,8322.72,25866.05,32512.86,77062.20,,30825.60,0.27,0.84,1.05,2.50,0.27,0.84,1.05,2.50,,206,211,188,0.98,1.10,0,52,52,26,0,0,,,,,474.24,474.24,0.00,474.24,905.93,503.88,503.88,0.00,503.88,905.93,592.80,0.80,0.80,0.00,0.80,1.53,0.85,0.85,0.00,0.85,1.53,206,211,322,0.98,0.64,0,52,0,0,0,0,,,,,592.80,592.80,362.37,592.80,1811.86,592.80,592.80,362.37,592.80,1811.86,592.80,1.00,1.00,0.61,1.00,3.06,1.00,1.00,0.61,1.00,3.06,206,211,0.98,0,52,0,0,0,0,,,,,592.80,592.80,362.37,592.80,1811.86,592.80,592.80,362.37,592.80,1811.86,592.80,1.00,1.00,0.61,1.00,3.06,1.00,1.00,0.61,1.00,3.06,22246.98,30037.30,24250.55,32024.39,25868.78,34189.89,24250.55,32024.39,26261.50,8322.72,25866.05,32512.86,77062.20,8322.72,25866.05,32512.86,77062.20,15412.80,13354.34,18777.09,466.36,615.85,0.34,0.95,1.13,2.21,0.31,0.94,1.15,2.34,0.80,0.85,1.00,1.00,1.00,1.00,0.82,0.85,1.00,1.00,1.15,1.16,0.94,0.83,1.00,1.00,0.81,1.00,1.00,0.85,1.00,1.00
LUX,442,2008,212,328,0.65,143,64,64,2.25,1.00,50,40,0,0,0,,,,,8404.26,26523.60,34016.55,77817.12,8404.26,26523.60,34016.55,77817.12,,31366.40,0.27,0.85,1.08,2.48,0.27,0.85,1.08,2.48,,212,213,189,1.00,1.12,0,52,52,26,0,0,,,,,482.56,482.56,0.00,482.56,928.58,512.72,512.72,0.00,512.72,928.58,603.20,0.80,0.80,0.00,0.80,1.54,0.85,0.85,0.00,0.85,1.54,212,213,328,1.00,0.65,0,52,0,0,0,0,,,,,603.20,603.20,371.43,603.20,1857.15,603.20,603.20,371.43,603.20,1857.15,603.20,1.00,1.00,0.62,1.00,3.08,1.00,1.00,0.62,1.00,3.08,212,213,1.00,0,52,0,0,0,0,,,,,603.20,603.20,371.43,603.20,1857.15,603.20,603.20,371.43,603.20,1857.15,603.20,1.00,1.00,0.62,1.00,3.08,1.00,1.00,0.62,1.00,3.08,23057.42,32585.36,25107.72,34445.16,26478.11,36090.26,25107.72,34445.16,27311.52,8404.26,26523.60,34016.55,77817.12,8404.26,26523.60,34016.55,77817.12,15683.20,13879.66,21207.37,482.84,662.41,0.33,0.93,1.13,2.15,0.30,0.92,1.16,2.26,0.80,0.85,1.00,1.00,1.00,1.00,0.82,0.86,1.00,1.00,1.12,1.12,0.93,0.83,1.00,1.00,0.81,1.00,1.00,0.85,1.00,1.00
LUX,442,2009,214,336,0.64,147,65,65,2.28,1.00,50,40,0,0,0,,,,,8865.06,27649.48,36189.47,82083.84,8865.06,27649.48,36189.47,82083.84,,32068.11,0.28,0.86,1.13,2.56,0.28,0.86,1.13,2.56,,214,226,198,0.95,1.08,0,52,52,26,0,0,,,,,493.36,493.36,0.00,493.36,970.82,524.19,524.19,0.00,524.19,970.82,616.69,0.80,0.80,0.00,0.80,1.57,0.85,0.85,0.00,0.85,1.57,214,226,336,0.95,0.64,0,52,0,0,0,0,,,,,616.69,616.69,388.33,616.69,1941.65,616.69,616.69,388.33,616.69,1941.65,616.69,1.00,1.00,0.63,1.00,3.15,1.00,1.00,0.63,1.00,3.15,214,226,0.95,0,52,0,0,0,0,,,,,616.69,616.69,388.33,616.69,1941.65,616.69,616.69,388.33,616.69,1941.65,616.69,1.00,1.00,0.63,1.00,3.15,1.00,1.00,0.63,1.00,3.15,24013.65,33495.24,26174.82,35411.40,27713.70,37211.65,26174.82,35411.40,28277.76,8865.06,27649.48,36189.47,82083.84,8865.06,27649.48,36189.47,82083.84,16034.06,14487.30,21751.92,503.36,680.99,0.34,0.95,1.18,2.21,0.32,0.95,1.20,2.36,0.80,0.85,1.00,1.00,1.00,1.00,0.82,0.86,1.00,1.00,1.13,1.13,0.95,0.83,1.00,1.00,0.81,1.00,1.00,0.85,1.00,1.00
LUX,442,2010,218,343,0.64,155,66,66,2.36,1.00,50,40,0,0,0,,,,,9086.58,28039.82,36351.83,84134.76,9086.58,28039.82,36351.83,84134.76,,32622.10,0.28,0.86,1.11,2.58,0.28,0.86,1.11,2.58,,218,229,202,0.95,1.08,0,52,52,26,0,0,,,,,501.88,501.88,0.00,501.88,995.08,533.25,533.25,0.00,533.25,995.08,627.35,0.80,0.80,0.00,0.80,1.59,0.85,0.85,0.00,0.85,1.59,218,229,343,0.95,0.64,0,52,0,0,0,0,,,,,627.35,627.35,398.03,627.35,1990.17,627.35,627.35,398.03,627.35,1990.17,627.35,1.00,1.00,0.63,1.00,3.17,1.00,1.00,0.63,1.00,3.17,218,229,0.95,0,52,0,0,0,0,,,,,627.35,627.35,398.03,627.35,1990.17,627.35,627.35,398.03,627.35,1990.17,627.35,1.00,1.00,0.63,1.00,3.17,1.00,1.00,0.63,1.00,3.17,24358.61,33908.15,26540.20,35847.58,28095.10,37678.92,26540.20,35847.58,28713.94,9086.58,28039.82,36351.83,84134.76,9086.58,28039.82,36351.83,84134.76,16311.05,14711.03,21995.87,510.39,689.38,0.35,0.95,1.17,2.22,0.32,0.94,1.19,2.37,0.80,0.85,1.00,1.00,1.00,1.00,0.82,0.86,1.00,1.00,1.13,1.13,0.95,0.83,1.00,1.00,0.81,1.00,1.00,0.85,1.00,1.00
LUX,442,2011,224,351,0.64,161,67,67,2.40,1.00,50,40,0,0,0,,,,,9401.40,28722.31,37023.00,87050.28,9401.40,28722.31,37023.00,87050.28,,33633.39,0.28,0.85,1.10,2.59,0.28,0.85,1.10,2.59,,224,234,204,0.96,1.10,0,52,52,26,0,0,,,,,517.44,517.44,0.00,517.44,1013.98,549.78,549.78,0.00,549.78,1013.98,646.80,0.80,0.80,0.00,0.80,1.57,0.85,0.85,0.00,0.85,1.57,224,234,351,0.96,0.64,0,52,0,0,0,0,,,,,646.80,646.80,405.59,646.80,2027.95,646.80,646.80,405.59,646.80,2027.95,646.80,1.00,1.00,0.63,1.00,3.14,1.00,1.00,0.63,1.00,3.14,224,234,0.96,0,52,0,0,0,0,,,,,646.80,646.80,405.59,646.80,2027.95,646.80,646.80,405.59,646.80,2027.95,646.80,1.00,1.00,0.63,1.00,3.14,1.00,1.00,0.63,1.00,3.14,24921.43,34628.98,27139.19,36605.93,28730.11,38502.25,27139.19,36605.93,29472.29,9401.40,28722.31,37023.00,87050.28,9401.40,28722.31,37023.00,87050.28,16816.69,15093.71,22424.51,521.91,703.96,0.35,0.94,1.15,2.22,0.32,0.94,1.18,2.36,0.80,0.85,1.00,1.00,1.00,1.00,0.82,0.86,1.00,1.00,1.13,1.13,0.94,0.83,1.00,1.00,0.81,1.00,1.00,0.86,1.00,1.00
LUX,442,2012,229,362,0.63,166,69,69,2.42,1.00,50,40,0,0,0,,,,,9636.36,29485.33,37850.92,89225.76,9636.36,29485.33,37850.92,89225.76,,31741.30,0.30,0.93,1.19,2.81,0.30,0.93,1.19,2.81,,229,246,214,0.93,1.07,0,52,52,26,0,0,,,,,488.33,488.33,0.00,488.33,1045.81,518.85,518.85,0.00,518.85,1045.81,610.41,0.80,0.80,0.00,0.80,1.71,0.85,0.85,0.00,0.85,1.71,229,246,362,0.93,0.63,0,52,0,0,0,0,,,,,610.41,610.41,418.33,610.41,2091.63,610.41,610.41,418.33,610.41,2091.63,610.41,1.00,1.00,0.69,1.00,3.43,1.00,1.00,0.69,1.00,3.43,229,246,0.93,0,52,0,0,0,0,,,,,610.41,610.41,418.33,610.41,2091.63,610.41,610.41,418.33,610.41,2091.63,610.41,1.00,1.00,0.69,1.00,3.43,1.00,1.00,0.69,1.00,3.43,23765.94,33228.06,25905.92,35126.28,27441.29,36919.79,25905.92,35126.28,27992.64,9636.36,29485.33,37850.92,89225.76,9636.36,29485.33,37850.92,89225.76,15870.65,14344.99,21598.10,498.19,675.51,0.38,1.01,1.23,2.36,0.35,1.01,1.26,2.52,0.80,0.85,1.00,1.00,1.00,1.00,0.81,0.86,1.00,1.00,1.13,1.13,1.01,0.83,1.00,1.00,0.81,1.00,1.00,0.85,1.00,1.00
LUX,442,2013,234,371,0.63,171,70,70,2.44,1.00,50,40,0,0,0,,,,,9969.48,30461.38,39039.12,92309.88,9969.48,30461.38,39039.12,92309.88,,32067.52,0.31,0.95,1.22,2.88,0.31,0.95,1.22,2.88,,234,251,216,0.93,1.08,0,52,52,26,0,0,,,,,493.35,493.35,0.00,493.35,1088.03,524.18,524.18,0.00,524.18,1088.03,616.68,0.80,0.80,0.00,0.80,1.76,0.85,0.85,0.00,0.85,1.76,234,251,371,0.93,0.63,0,52,0,0,0,0,,,,,616.68,616.68,435.21,616.68,2176.06,616.68,616.68,435.21,616.68,2176.06,616.68,1.00,1.00,0.71,1.00,3.53,1.00,1.00,0.71,1.00,3.53,234,251,0.93,0,52,0,0,0,0,,,,,616.68,616.68,435.21,616.68,2176.06,616.68,616.68,435.21,616.68,2176.06,616.68,1.00,1.00,0.71,1.00,3.53,1.00,1.00,0.71,1.00,3.53,23832.41,33433.22,25947.60,35330.95,27470.88,37137.58,25947.60,35330.95,28197.31,9969.48,30461.38,39039.12,92309.88,9969.48,30461.38,39039.12,92309.88,16033.76,14439.60,21743.95,498.99,679.44,0.39,1.03,1.24,2.38,0.36,1.03,1.28,2.55,0.80,0.85,1.00,1.00,1.00,1.00,0.82,0.86,1.00,1.00,1.13,1.13,1.03,0.83,1.00,1.00,0.81,1.00,1.00,0.86,1.00,1.00
LUX,442,2014,239,380,0.63,178,72,72,2.46,1.00,50,40,0,0,0,,,,,10313.16,30694.29,39291.56,95492.28,10313.16,30694.29,39291.56,95492.28,,32328.50,0.32,0.95,1.22,2.95,0.32,0.95,1.22,2.95,,239,258,222,0.93,1.07,0,52,52,26,0,0,,,,,497.36,497.36,0.00,497.36,1108.29,528.45,528.45,0.00,528.45,1108.29,621.70,0.80,0.80,0.00,0.80,1.78,0.85,0.85,0.00,0.85,1.78,239,258,380,0.93,0.63,0,52,0,0,0,0,,,,,621.70,621.70,443.31,621.70,2216.57,621.70,621.70,443.31,621.70,2216.57,621.70,1.00,1.00,0.71,1.00,3.57,1.00,1.00,0.71,1.00,3.57,239,258,0.93,0,52,0,0,0,0,,,,,621.70,621.70,443.31,621.70,2216.57,621.70,621.70,443.31,621.70,2216.57,621.70,1.00,1.00,0.71,1.00,3.57,1.00,1.00,0.71,1.00,3.57,23990.84,33628.16,26118.44,35536.56,27648.98,37357.90,26118.44,35536.56,28402.92,10313.16,30694.29,39291.56,95492.28,10313.16,30694.29,39291.56,95492.28,16164.25,14543.39,21860.16,502.28,683.40,0.40,1.03,1.24,2.43,0.37,1.03,1.28,2.59,0.80,0.85,1.00,1.00,1.00,1.00,0.82,0.86,1.00,1.00,1.13,1.13,1.03,0.83,1.00,1.00,0.81,1.00,1.00,0.86,1.00,1.00
LUX,442,2015,244,389,0.63,185,75,75,2.48,1.00,50,40,0,0,0,,,,,10356.78,30384.67,38994.53,95896.32,10356.78,30384.67,38994.53,95896.32,,32654.72,0.32,0.93,1.19,2.94,0.32,0.93,1.19,2.94,,244,274,230,0.89,1.06,0,52,52,26,0,0,,,,,502.38,502.38,0.00,502.38,1109.40,533.78,533.78,0.00,533.78,1109.40,627.98,0.80,0.80,0.00,0.80,1.77,0.85,0.85,0.00,0.85,1.77,244,274,389,0.89,0.63,0,52,0,0,0,0,,,,,627.98,627.98,443.76,627.98,2218.80,627.98,627.98,443.76,627.98,2218.80,627.98,1.00,1.00,0.71,1.00,3.53,1.00,1.00,0.71,1.00,3.53,244,274,0.89,0,52,0,0,0,0,,,,,627.98,627.98,443.76,627.98,2218.80,627.98,627.98,443.76,627.98,2218.80,627.98,1.00,1.00,0.71,1.00,3.53,1.00,1.00,0.71,1.00,3.53,24039.54,33718.42,26166.34,35627.93,27705.96,37467.64,26166.34,35627.93,28494.29,10356.78,30384.67,38994.53,95896.32,10356.78,30384.67,38994.53,95896.32,16327.36,14589.12,21921.41,503.20,685.15,0.40,1.02,1.23,2.44,0.37,1.02,1.27,2.59,0.80,0.85,1.00,1.00,1.00,1.00,0.82,0.86,1.00,1.00,1.13,1.13,1.02,0.83,1.00,1.00,0.81,1.00,1.00,0.86,1.00,1.00
LUX,442,2016,250,399,0.62,191,77,77,2.49,1.00,50,40,0,0,0,,,,,10327.68,30208.98,38846.76,95626.92,10327.68,30208.98,38846.76,95626.92,,33017.50,0.31,0.91,1.18,2.90,0.31,0.91,1.18,2.90,,250,277,233,0.90,1.07,0,52,52,26,0,0,,,,,507.96,507.96,0.00,507.96,1109.40,539.71,539.71,0.00,539.71,1109.40,634.95,0.80,0.80,0.00,0.80,1.75,0.85,0.85,0.00,0.85,1.75,250,277,399,0.90,0.62,0,52,0,0,0,0,,,,,634.95,634.95,443.76,634.95,2218.80,634.95,634.95,443.76,634.95,2218.80,634.95,1.00,1.00,0.70,1.00,3.49,1.00,1.00,0.70,1.00,3.49,250,277,0.90,0,52,0,0,0,0,,,,,634.95,634.95,443.76,634.95,2218.80,634.95,634.95,443.76,634.95,2218.80,634.95,1.00,1.00,0.70,1.00,3.49,1.00,1.00,0.70,1.00,3.49,24255.40,33984.99,26399.27,35909.20,27949.00,37769.11,26399.27,35909.20,28775.56,10327.68,30208.98,38846.76,95626.92,10327.68,30208.98,38846.76,95626.92,16508.75,14729.75,22079.31,507.68,690.56,0.39,1.00,1.22,2.41,0.36,1.00,1.25,2.56,0.80,0.85,1.00,1.00,1.00,1.00,0.82,0.86,1.00,1.00,1.13,1.13,1.00,0.83,1.00,1.00,0.81,1.00,1.00,0.86,1.00,1.00
LUX,442,2017,257,411,0.63,197,79,79,2.49,1.00,50,40,0,0,0,,,,,10630.50,30740.82,39591.52,98430.60,10630.50,30740.82,39591.52,98430.60,,32075.83,0.33,0.96,1.23,3.07,0.33,0.96,1.23,3.07,,257,286,243,0.90,1.06,0,52,52,26,0,0,,,,,493.47,493.47,0.00,493.47,1153.03,524.32,524.32,0.00,524.32,1153.03,616.84,0.80,0.80,0.00,0.80,1.87,0.85,0.85,0.00,0.85,1.87,257,286,411,0.90,0.63,0,52,0,0,0,0,,,,,616.84,616.84,461.21,616.84,2306.07,616.84,616.84,461.21,616.84,2306.07,616.84,1.00,1.00,0.75,1.00,3.74,1.00,1.00,0.75,1.00,3.74,257,286,0.90,0,52,0,0,0,0,,,,,616.84,616.84,461.21,616.84,2306.07,616.84,616.84,461.21,616.84,2306.07,616.84,1.00,1.00,0.75,1.00,3.74,1.00,1.00,0.75,1.00,3.74,24544.56,30223.79,26780.72,32133.56,28379.30,33959.62,26780.72,32133.56,28566.68,10630.50,30740.82,39591.52,98430.60,10630.50,30740.82,39591.52,98430.60,16037.92,14794.42,18532.02,515.01,617.95,0.41,1.04,1.26,2.47,0.39,1.04,1.30,2.71,0.80,0.85,1.00,1.00,1.00,1.00,0.81,0.86,1.00,1.00,1.13,1.13,1.04,0.83,1.00,1.00,0.81,1.00,1.00,0.85,1.00,1.00
LUX,442,2018,264,419,0.63,203,81,81,2.52,1.00,50,40,0,0,0,,,,,10682.70,31196.49,40292.90,98913.72,10682.70,31196.49,40292.90,98913.72,,32430.88,0.33,0.96,1.24,3.05,0.33,0.96,1.24,3.05,,264,295,254,0.90,1.04,0,52,52,26,0,0,,,,,498.94,498.94,0.00,498.94,1153.03,530.12,530.12,0.00,530.12,1153.03,623.67,0.80,0.80,0.00,0.80,1.85,0.85,0.85,0.00,0.85,1.85,264,295,419,0.90,0.63,0,52,0,0,0,0,,,,,623.67,623.67,461.21,623.67,2306.07,623.67,623.67,461.21,623.67,2306.07,623.67,1.00,1.00,0.74,1.00,3.70,1.00,1.00,0.74,1.00,3.70,264,295,0.90,0,52,0,0,0,0,,,,,623.67,623.67,461.21,623.67,2306.07,623.67,623.67,461.21,623.67,2306.07,623.67,1.00,1.00,0.74,1.00,3.70,1.00,1.00,0.74,1.00,3.70,24769.58,30486.32,27023.98,32413.99,28633.29,34260.26,27023.98,32413.99,28847.11,10682.70,31196.49,40292.90,98913.72,10682.70,31196.49,40292.90,98913.72,16215.44,14934.64,18687.44,519.69,623.35,0.41,1.04,1.27,2.46,0.38,1.04,1.31,2.69,0.80,0.85,1.00,1.00,1.00,1.00,0.81,0.86,1.00,1.00,1.13,1.13,1.04,0.83,1.00,1.00,0.81,1.00,1.00,0.85,1.00,1.00
LUX,442,2019,271,427,0.64,210,82,82,2.55,1.00,50,40,0,0,0,,,,,11049.06,31329.30,40476.14,102306.00,11049.06,31329.30,40476.14,102306.00,,33073.07,0.33,0.95,1.22,3.09,0.33,0.95,1.22,3.09,,271,304,262,0.89,1.03,0,52,52,26,0,0,,,,,508.82,508.82,0.00,508.82,1194.87,540.62,540.62,0.00,540.62,1194.87,636.02,0.80,0.80,0.00,0.80,1.88,0.85,0.85,0.00,0.85,1.88,271,304,427,0.89,0.64,0,78,0,0,0,0,,,,,636.02,636.02,477.95,636.02,2389.73,636.02,636.02,477.95,636.02,2389.73,636.02,1.00,1.00,0.75,1.00,3.76,1.00,1.00,0.75,1.00,3.76,271,304,0.89,0,78,0,0,0,0,,,,,636.02,636.02,477.95,636.02,2389.73,636.02,636.02,477.95,636.02,2389.73,636.02,1.00,1.00,0.75,1.00,3.76,1.00,1.00,0.75,1.00,3.76,26019.62,31277.68,27876.79,33334.03,29505.50,35214.64,27876.79,33334.03,29767.15,11049.06,31329.30,40476.14,102306.00,11049.06,31329.30,40476.14,102306.00,16536.53,15191.30,18971.60,536.09,641.04,0.41,1.03,1.23,2.45,0.38,1.04,1.28,2.67,0.80,0.85,1.00,1.00,1.00,1.00,0.85,0.86,1.00,1.00,1.13,1.13,1.04,0.84,1.00,1.00,0.83,1.00,1.00,0.85,1.00,1.00
LUX,442,2020,276,435,0.63,218,85,85,2.57,1.00,50,40,0,0,0,,,,,11356.62,31604.91,40907.05,105153.72,11356.62,31604.91,40907.05,105153.72,,32422.94,0.35,0.97,1.26,3.24,0.35,0.97,1.26,3.24,,276,311,262,0.89,1.05,0,52,52,26,0,0,,,,,498.81,498.81,0.00,498.81,1235.76,529.99,529.99,0.00,529.99,1235.76,623.52,0.80,0.80,0.00,0.80,1.98,0.85,0.85,0.00,0.85,1.98,276,311,435,0.89,0.63,0,78,0,0,0,0,,,,,623.52,623.52,494.31,623.52,2471.53,623.52,623.52,494.31,623.52,2471.53,623.52,1.00,1.00,0.79,1.00,3.96,1.00,1.00,0.79,1.00,3.96,276,311,0.89,0,78,0,0,0,0,,,,,623.52,623.52,494.31,623.52,2471.53,623.52,623.52,494.31,623.52,2471.53,623.52,1.00,1.00,0.79,1.00,3.96,1.00,1.00,0.79,1.00,3.96,25610.57,30754.16,27525.35,32883.13,29134.42,34760.35,27525.35,32883.13,29316.25,11356.62,31604.91,40907.05,105153.72,11356.62,31604.91,40907.05,105153.72,16211.47,14937.53,18689.99,529.33,632.37,0.43,1.05,1.26,2.54,0.40,1.06,1.31,2.76,0.80,0.85,1.00,1.00,1.00,1.00,0.85,0.85,1.00,1.00,1.13,1.13,1.06,0.84,1.00,1.00,0.82,1.00,1.00,0.85,1.00,1.00
LUX,442,2021,281,441,0.64,225,87,87,2.60,1.00,50,40,0,0,0,,,,,11450.58,32694.21,42316.74,106023.96,11450.58,32694.21,42316.74,106023.96,,37610.61,0.30,0.87,1.13,2.82,0.30,0.87,1.13,2.82,,281,320,272,0.88,1.03,0,52,52,26,0,0,,,,,578.62,578.62,0.00,578.62,1270.34,614.79,614.79,0.00,614.79,1270.34,723.28,0.80,0.80,0.00,0.80,1.76,0.85,0.85,0.00,0.85,1.76,281,320,441,0.88,0.64,0,78,0,0,0,0,,,,,723.28,723.28,508.14,723.28,2540.69,723.28,723.28,508.14,723.28,2540.69,723.28,1.00,1.00,0.70,1.00,3.51,1.00,1.00,0.70,1.00,3.51,281,320,0.88,0,78,0,0,0,0,,,,,723.28,723.28,508.14,723.28,2540.69,723.28,723.28,508.14,723.28,2540.69,723.28,1.00,1.00,0.70,1.00,3.51,1.00,1.00,0.70,1.00,3.51,28386.85,34551.14,30543.24,36583.84,32300.42,38694.72,30543.24,36583.84,33016.96,11450.58,32694.21,42316.74,106023.96,11450.58,32694.21,42316.74,106023.96,18805.31,17492.53,21059.41,587.37,703.54,0.39,0.97,1.17,2.30,0.36,0.97,1.20,2.47,0.80,0.85,1.00,1.00,1.00,1.00,0.83,0.87,1.00,1.00,1.13,1.14,0.97,0.84,1.00,1.00,0.82,1.00,1.00,0.86,1.00,1.00
LUX,442,2022,288,448,0.64,233,89,89,2.62,1.00,50,40,0,0,0,,,,,11913.36,33539.18,43412.81,110308.68,11913.36,33539.18,43412.81,110308.68,,39115.03,0.30,0.86,1.11,2.82,0.30,0.86,1.11,2.82,,288,324,275,0.89,1.05,0,52,52,26,0,0,,,,,601.77,601.77,0.00,601.77,1302.09,639.38,639.38,0.00,639.38,1302.09,752.21,0.80,0.80,0.00,0.80,1.73,0.85,0.85,0.00,0.85,1.73,288,324,448,0.89,0.64,0,78,0,0,0,0,,,,,752.21,752.21,520.83,752.21,2604.17,752.21,752.21,520.83,752.21,2604.17,752.21,1.00,1.00,0.69,1.00,3.46,1.00,1.00,0.69,1.00,3.46,288,324,0.89,0,78,0,0,0,0,,,,,752.21,752.21,520.83,752.21,2604.17,752.21,752.21,520.83,752.21,2604.17,752.21,1.00,1.00,0.69,1.00,3.46,1.00,1.00,0.69,1.00,3.46,29605.51,36064.31,31994.39,38353.37,33791.69,40533.92,31994.39,38353.37,34697.09,11913.36,33539.18,43412.81,110308.68,11913.36,33539.18,43412.81,110308.68,19557.52,18153.40,21809.68,615.28,737.56,0.39,0.96,1.15,2.29,0.36,0.95,1.18,2.43,0.80,0.85,1.00,1.00,1.00,1.00,0.83,0.86,1.00,1.00,1.13,1.13,0.96,0.83,1.00,1.00,0.81,1.00,1.00,0.86,1.00,1.00
LUX,442,2023,288,448,0.64,233,89,89,2.62,1.00,50,40,0,0,0,,,,,12367.50,33487.77,45943.66,114513.96,12367.50,33487.77,45943.66,114513.96,,40288.49,0.31,0.83,1.14,2.84,0.31,0.83,1.14,2.84,,288,324,275,0.89,1.05,0,52,52,26,0,0,,,,,619.82,619.82,0.00,619.82,1377.35,658.56,658.56,0.00,658.56,1377.35,752.21,0.82,0.82,0.00,0.82,1.83,0.88,0.88,0.00,0.88,1.83,288,324,448,0.89,0.64,0,78,0,0,0,0,,,,,752.21,752.21,550.94,752.21,2754.69,752.21,752.21,550.94,752.21,2754.69,752.21,1.00,1.00,0.73,1.00,3.66,1.00,1.00,0.73,1.00,3.66,288,324,0.89,0,78,0,0,0,0,,,,,752.21,752.21,550.94,752.21,2754.69,752.21,752.21,550.94,752.21,2754.69,752.21,1.00,1.00,0.73,1.00,3.66,1.00,1.00,0.73,1.00,3.66,29926.03,36658.84,32109.10,38553.16,33890.58,40733.71,32487.26,39026.25,35369.97,12367.50,33487.77,45943.66,114513.96,12367.50,33487.77,45943.66,114513.96,20144.24,18666.62,22322.90,624.76,750.50,0.40,0.95,1.19,2.35,0.37,0.94,1.21,2.49,0.82,0.88,1.00,1.00,1.00,1.00,0.85,0.90,1.01,1.01,1.14,1.14,0.95,0.86,1.00,1.00,0.84,1.00,1.00,0.89,1.00,1.00
MLT,470,2000,142,257,0.55,33,46,57,0.72,0.59,41,0,0,0,0,,,,,0.00,2592.13,2592.13,4481.14,0.00,2592.13,2592.13,4481.14,,3848.00,0.00,0.67,0.67,1.16,0.00,0.67,0.67,1.16,,126,152,126,0.83,1.00,0,26,104,50,0,0,,,,,11.12,11.12,11.12,11.12,11.12,20.32,20.32,20.32,20.32,20.32,74.00,0.15,0.15,0.15,0.15,0.15,0.27,0.27,0.27,0.27,0.27,142,152,257,0.94,0.55,3,52,104,50,0,0,,,,,21.54,21.54,21.54,21.54,21.54,33.40,33.40,33.40,33.40,33.40,74.00,0.29,0.29,0.29,0.29,0.29,0.45,0.45,0.45,0.45,0.45,142,152,0.94,0,52,1,1,0,0,,,,,74.00,74.00,37.78,74.00,0.00,74.00,74.00,50.22,74.00,0.00,74.00,1.00,1.00,0.51,1.00,0.00,1.00,1.00,0.68,1.00,0.00,2020.72,3181.08,2291.64,3482.05,3655.60,4416.26,3463.20,4245.98,3463.20,0.00,2592.13,2592.13,4481.14,0.00,2592.13,2592.13,4481.14,1924.00,1731.60,2713.52,66.60,81.65,0.00,0.75,0.75,1.27,0.00,0.75,0.75,1.27,0.15,0.27,0.29,0.29,1.00,1.00,0.17,0.31,0.32,0.50,1.11,1.11,0.75,0.22,0.35,1.00,0.16,0.31,1.00,0.29,0.40,1.00
MLT,470,2001,146,266,0.55,35,48,59,0.72,0.59,41,0,0,0,0,,,,,0.00,2800.13,2800.13,4539.77,0.00,2800.13,2800.13,4539.77,,4160.00,0.00,0.67,0.67,1.09,0.00,0.67,0.67,1.09,,129,158,129,0.82,1.00,0,26,104,50,0,0,,,,,11.68,11.68,11.68,11.68,11.68,21.14,21.14,21.14,21.14,21.14,80.00,0.15,0.15,0.15,0.15,0.15,0.26,0.26,0.26,0.26,0.26,146,158,266,0.93,0.55,3,52,104,50,0,0,,,,,22.44,22.44,22.44,22.44,22.44,34.76,34.76,34.76,34.76,34.76,80.00,0.28,0.28,0.28,0.28,0.28,0.43,0.43,0.43,0.43,0.43,146,158,0.93,0,52,1,1,0,0,,,,,80.00,80.00,39.32,80.00,0.00,80.00,80.00,52.26,80.00,0.00,80.00,1.00,1.00,0.49,1.00,0.00,1.00,1.00,0.65,1.00,0.00,2175.68,3324.20,2455.44,3637.60,3928.00,4654.57,3720.00,4470.49,3720.00,0.00,2800.13,2800.13,4539.77,0.00,2800.13,2800.13,4539.77,2080.00,1872.00,2837.77,71.54,85.97,0.00,0.75,0.75,1.20,0.00,0.75,0.75,1.20,0.15,0.26,0.28,0.28,1.00,1.00,0.16,0.30,0.32,0.49,1.11,1.11,0.75,0.22,0.34,1.00,0.16,0.30,1.00,0.28,0.39,1.00
MLT,470,2002,148,269,0.55,36,50,61,0.72,0.59,42,0,0,0,0,,,,,0.00,3351.87,3351.87,4598.40,0.00,3351.87,3351.87,4598.40,,4472.00,0.00,0.75,0.75,1.03,0.00,0.75,0.75,1.03,,127,159,127,0.80,1.00,0,26,104,50,0,0,,,,,12.24,12.24,12.24,12.24,12.24,21.96,21.96,21.96,21.96,21.96,86.00,0.14,0.14,0.14,0.14,0.14,0.26,0.26,0.26,0.26,0.26,148,159,269,0.93,0.55,3,52,104,50,0,0,,,,,23.34,23.34,23.34,23.34,23.34,36.12,36.12,36.12,36.12,36.12,86.00,0.27,0.27,0.27,0.27,0.27,0.42,0.42,0.42,0.42,0.42,148,159,0.93,0,52,1,1,0,0,,,,,86.00,86.00,40.86,86.00,0.00,86.00,86.00,54.30,86.00,0.00,86.00,1.00,1.00,0.48,1.00,0.00,1.00,1.00,0.63,1.00,0.00,2330.64,3467.32,2619.24,3793.15,4192.60,4885.08,3969.00,4687.20,3969.00,0.00,3351.87,3351.87,4598.40,0.00,3351.87,3351.87,4598.40,2236.00,2012.40,2962.02,76.33,90.14,0.00,0.84,0.84,1.14,0.00,0.84,0.84,1.14,0.14,0.26,0.27,0.27,1.00,1.00,0.16,0.29,0.31,0.48,1.11,1.11,0.84,0.21,0.33,1.00,0.15,0.29,1.00,0.27,0.38,1.00
MLT,470,2003,148,272,0.54,36,51,62,0.71,0.59,42,0,0,0,0,,,,,0.00,3360.55,3360.55,4641.82,0.00,3360.55,3360.55,4641.82,,4784.00,0.00,0.70,0.70,0.97,0.00,0.70,0.70,0.97,,128,160,128,0.80,1.00,0,26,104,50,0,0,,,,,21.12,21.12,21.12,21.12,21.12,22.50,22.50,22.50,22.50,22.50,92.00,0.23,0.23,0.23,0.23,0.23,0.24,0.24,0.24,0.24,0.24,148,160,272,0.92,0.54,3,52,104,50,0,0,,,,,23.91,23.91,23.91,23.91,23.91,37.02,37.02,37.02,37.02,37.02,92.00,0.26,0.26,0.26,0.26,0.26,0.40,0.40,0.40,0.40,0.40,148,160,0.92,0,52,1,1,0,0,,,,,92.00,92.00,41.85,92.00,0.00,92.00,92.00,55.62,92.00,0.00,92.00,1.00,1.00,0.45,1.00,0.00,1.00,1.00,0.60,1.00,0.00,2701.92,3604.00,2774.46,3938.11,4472.20,5130.60,4233.00,4918.91,4233.00,0.00,3360.55,3360.55,4641.82,0.00,3360.55,3360.55,4641.82,2392.00,2152.80,3086.28,81.40,94.59,0.00,0.79,0.79,1.08,0.00,0.79,0.79,1.08,0.23,0.24,0.26,0.26,1.00,1.00,0.26,0.28,0.30,0.46,1.11,1.12,0.79,0.26,0.32,1.00,0.25,0.28,1.00,0.26,0.36,1.00
MLT,470,2004,145,275,0.53,38,52,62,0.73,0.61,42,0,0,0,0,,,,,0.00,3351.91,3351.91,4917.68,0.00,3351.91,3351.91,4917.68,,4784.00,0.00,0.70,0.70,1.03,0.00,0.70,0.70,1.03,,125,157,125,0.80,1.00,0,26,104,50,0,0,,,,,15.00,15.00,15.00,15.00,15.00,23.04,23.04,23.04,23.04,23.04,92.00,0.16,0.16,0.16,0.16,0.16,0.25,0.25,0.25,0.25,0.25,145,157,275,0.93,0.53,3,52,104,50,0,0,,,,,24.48,24.48,24.48,24.48,24.48,37.92,37.92,37.92,37.92,37.92,92.00,0.27,0.27,0.27,0.27,0.27,0.41,0.41,0.41,0.41,0.41,145,157,0.93,0,52,1,1,0,0,,,,,92.00,92.00,42.84,92.00,0.00,92.00,92.00,56.94,92.00,0.00,92.00,1.00,1.00,0.47,1.00,0.00,1.00,1.00,0.62,1.00,0.00,2542.80,3428.47,2789.28,3780.54,4472.20,4987.47,4233.00,4769.80,4233.00,0.00,3351.91,3351.91,4917.68,0.00,3351.91,3351.91,4917.68,2392.00,2152.80,2883.35,81.40,91.73,0.00,0.79,0.79,1.14,0.00,0.79,0.79,1.14,0.16,0.25,0.27,0.27,1.00,1.00,0.19,0.29,0.31,0.48,1.11,1.12,0.79,0.22,0.33,1.00,0.18,0.29,1.00,0.27,0.37,1.00
MLT,470,2005,148,278,0.53,39,54,63,0.73,0.62,42,30,0,0,0,,,,,0.00,3470.40,3470.40,5126.20,0.00,3470.40,3470.40,5126.20,,4992.00,0.00,0.70,0.70,1.03,0.00,0.70,0.70,1.03,,128,159,128,0.80,1.00,0,26,104,50,0,0,,,,,15.54,15.54,15.54,15.54,15.54,23.82,23.82,23.82,23.82,23.82,96.00,0.16,0.16,0.16,0.16,0.16,0.25,0.25,0.25,0.25,0.25,148,159,278,0.93,0.53,3,52,104,50,0,0,,,,,25.38,25.38,25.38,25.38,25.38,39.18,39.18,39.18,39.18,39.18,96.00,0.26,0.26,0.26,0.26,0.26,0.41,0.41,0.41,0.41,0.41,148,159,0.93,0,52,1,1,0,0,,,,,96.00,96.00,44.28,96.00,0.00,96.00,96.00,58.80,96.00,0.00,96.00,1.00,1.00,0.46,1.00,0.00,1.00,1.00,0.61,1.00,0.00,2650.44,3532.11,2897.90,3895.52,4414.00,5136.08,4164.40,4908.95,4389.00,0.00,3470.40,3470.40,5126.20,0.00,3470.40,3470.40,5126.20,2496.00,2246.40,2968.52,80.08,94.40,0.00,0.82,0.82,1.23,0.00,0.79,0.79,1.14,0.16,0.25,0.26,0.26,1.00,1.00,0.21,0.29,0.34,0.48,1.13,1.12,0.81,0.23,0.34,1.00,0.19,0.30,1.00,0.27,0.37,1.00
MLT,470,2006,150,280,0.54,41,56,66,0.74,0.62,42,30,0,0,0,,,,,0.00,3687.00,3687.00,5065.36,0.00,3687.00,3687.00,5065.36,,5408.00,0.00,0.68,0.68,0.94,0.00,0.68,0.68,0.94,,130,161,130,0.80,1.00,0,26,104,50,0,0,,,,,16.14,16.14,16.14,16.14,16.14,24.78,24.78,24.78,24.78,24.78,104.00,0.16,0.16,0.16,0.16,0.16,0.24,0.24,0.24,0.24,0.24,150,161,280,0.93,0.54,3,52,104,50,0,0,,,,,26.40,26.40,26.40,26.40,26.40,40.74,40.74,40.74,40.74,40.74,104.00,0.25,0.25,0.25,0.25,0.25,0.39,0.39,0.39,0.39,0.39,150,161,0.93,0,52,1,1,0,0,,,,,104.00,104.00,45.84,104.00,0.00,104.00,104.00,61.20,104.00,0.00,104.00,1.00,1.00,0.44,1.00,0.00,1.00,1.00,0.59,1.00,0.00,2849.69,3725.17,3076.44,4102.78,5137.60,5433.32,4867.20,5187.25,4701.00,0.00,3687.00,3687.00,5065.36,0.00,3687.00,3687.00,5065.36,2704.00,2433.60,3138.88,93.60,99.75,0.00,0.74,0.74,1.04,0.00,0.78,0.78,1.05,0.16,0.24,0.25,0.25,1.00,1.00,0.17,0.29,0.26,0.47,1.11,1.12,0.76,0.21,0.31,1.00,0.16,0.26,1.00,0.26,0.36,1.00
MLT,470,2007,154,282,0.55,43,56,72,0.77,0.60,42,30,0,0,0,,,,,0.00,3831.52,3831.52,5126.20,0.00,3831.52,3831.52,5126.20,,5408.00,0.00,0.71,0.71,0.95,0.00,0.71,0.71,0.95,,133,165,133,0.80,1.00,0,26,104,50,0,0,,,,,16.68,16.68,16.68,16.68,16.68,25.50,25.50,25.50,25.50,25.50,104.00,0.16,0.16,0.16,0.16,0.16,0.25,0.25,0.25,0.25,0.25,154,165,282,0.93,0.55,3,52,104,50,0,0,,,,,27.18,27.18,27.18,27.18,27.18,42.00,42.00,42.00,42.00,42.00,104.00,0.26,0.26,0.26,0.26,0.26,0.40,0.40,0.40,0.40,0.40,154,165,0.93,0,52,1,1,0,0,,,,,104.00,104.00,47.46,104.00,0.00,104.00,104.00,63.06,104.00,0.00,104.00,1.00,1.00,0.46,1.00,0.00,1.00,1.00,0.61,1.00,0.00,2867.28,3742.21,3116.18,4132.60,4813.90,5463.32,4543.50,5217.25,4731.00,0.00,3831.52,3831.52,5126.20,0.00,3831.52,3831.52,5126.20,2704.00,2433.60,3138.88,87.38,100.33,0.00,0.82,0.82,1.07,0.00,0.81,0.81,1.06,0.16,0.25,0.26,0.26,1.00,1.00,0.21,0.29,0.32,0.48,1.13,1.12,0.82,0.23,0.33,1.00,0.18,0.29,1.00,0.27,0.37,1.00
MLT,470,2008,158,285,0.55,46,57,73,0.81,0.64,42,30,0,0,0,,,,,0.00,9285.32,9285.32,11732.56,0.00,9285.32,9285.32,11732.56,,13312.00,0.00,0.70,0.70,0.88,0.00,0.70,0.70,0.88,,136,168,136,0.81,1.00,0,26,104,50,0,0,,,,,39.84,39.84,39.84,39.84,39.84,60.96,60.96,60.96,60.96,60.96,256.00,0.16,0.16,0.16,0.16,0.16,0.24,0.24,0.24,0.24,0.24,158,168,285,0.94,0.55,3,52,104,50,0,0,,,,,64.92,64.92,64.92,64.92,64.92,100.32,100.32,100.32,100.32,100.32,256.00,0.25,0.25,0.25,0.25,0.25,0.39,0.39,0.39,0.39,0.39,158,168,0.94,0,52,1,1,0,0,,,,,256.00,256.00,113.34,256.00,0.00,256.00,256.00,150.54,256.00,0.00,256.00,1.00,1.00,0.44,1.00,0.00,1.00,1.00,0.59,1.00,0.00,7026.24,9046.65,7649.23,9977.91,11872.10,13374.49,11206.50,12768.80,11694.00,0.00,9285.32,9285.32,11732.56,0.00,9285.32,9285.32,11732.56,6656.00,5990.40,7604.33,215.51,245.55,0.00,0.81,0.81,1.00,0.00,0.79,0.79,1.00,0.16,0.24,0.25,0.25,1.00,1.00,0.20,0.28,0.32,0.46,1.13,1.12,0.80,0.22,0.32,1.00,0.18,0.29,1.00,0.26,0.36,1.00
MLT,470,2009,158,287,0.55,49,58,76,0.83,0.64,42,30,0,0,0,,,,,0.00,9438.01,9438.01,11833.44,0.00,9438.01,9438.01,11833.44,,13404.62,0.00,0.70,0.70,0.88,0.00,0.70,0.70,0.88,,136,170,136,0.80,1.00,0,26,104,50,0,0,,,,,40.98,40.98,40.98,40.98,40.98,62.64,62.64,62.64,62.64,62.64,257.78,0.16,0.16,0.16,0.16,0.16,0.24,0.24,0.24,0.24,0.24,158,170,287,0.93,0.55,3,52,104,50,0,0,,,,,66.78,66.78,66.78,66.78,66.78,103.20,103.20,103.20,103.20,103.20,257.78,0.26,0.26,0.26,0.26,0.26,0.40,0.40,0.40,0.40,0.40,158,170,0.93,0,52,1,1,0,0,,,,,257.78,257.78,116.58,257.78,0.00,257.78,257.78,154.92,257.78,0.00,257.78,1.00,1.00,0.45,1.00,0.00,1.00,1.00,0.60,1.00,0.00,7097.56,9612.19,7768.36,10540.21,11998.70,13851.33,11328.47,13261.53,11838.47,0.00,9438.01,9438.01,11833.44,0.00,9438.01,9438.01,11833.44,6702.31,6032.08,8178.99,217.86,255.03,0.00,0.82,0.82,1.00,0.00,0.80,0.80,1.00,0.16,0.24,0.26,0.26,1.00,1.00,0.20,0.28,0.33,0.46,1.13,1.12,0.81,0.22,0.33,1.00,0.18,0.29,1.00,0.26,0.36,1.00
MLT,470,2010,160,287,0.56,57,62,80,0.92,0.71,42,30,0,0,0,,,,,0.00,9863.15,9863.15,11964.48,0.00,9863.15,9863.15,11964.48,,14257.76,0.00,0.69,0.69,0.84,0.00,0.69,0.69,0.84,,138,172,138,0.80,1.00,0,26,104,50,0,0,,,,,42.60,42.60,42.60,42.60,42.60,65.10,65.10,65.10,65.10,65.10,274.19,0.16,0.16,0.16,0.16,0.16,0.24,0.24,0.24,0.24,0.24,160,172,287,0.93,0.56,3,52,104,50,0,0,,,,,69.42,69.42,69.42,69.42,69.42,107.28,107.28,107.28,107.28,107.28,274.19,0.25,0.25,0.25,0.25,0.25,0.39,0.39,0.39,0.39,0.39,160,172,0.93,0,52,1,1,0,0,,,,,274.19,274.19,121.20,274.19,0.00,274.19,274.19,161.10,274.19,0.00,274.19,1.00,1.00,0.44,1.00,0.00,1.00,1.00,0.59,1.00,0.00,7523.59,10006.32,8155.84,10971.40,12681.21,14436.58,11968.32,13809.24,12478.32,0.00,9863.15,9863.15,11964.48,0.00,9863.15,9863.15,11964.48,7128.88,6415.99,8516.83,230.16,265.56,0.00,0.81,0.81,0.96,0.00,0.79,0.79,0.96,0.16,0.24,0.25,0.25,1.00,1.00,0.20,0.28,0.31,0.46,1.13,1.12,0.80,0.22,0.32,1.00,0.18,0.28,1.00,0.26,0.36,1.00
MLT,470,2011,164,287,0.57,59,65,84,0.90,0.70,42,30,0,0,0,,,,,0.00,9896.70,9896.70,11923.92,0.00,9896.70,9896.70,11923.92,,14260.17,0.00,0.69,0.69,0.84,0.00,0.69,0.69,0.84,,143,176,143,0.81,1.00,0,26,104,50,0,0,,,,,42.90,42.90,42.90,42.90,42.90,65.58,65.58,65.58,65.58,65.58,274.23,0.16,0.16,0.16,0.16,0.16,0.24,0.24,0.24,0.24,0.24,164,176,287,0.94,0.57,3,52,104,50,0,0,,,,,69.36,69.36,69.36,69.36,69.36,108.12,108.12,108.12,108.12,108.12,274.23,0.25,0.25,0.25,0.25,0.25,0.39,0.39,0.39,0.39,0.39,164,176,0.94,0,52,1,1,0,0,,,,,274.23,274.23,69.66,274.23,0.00,274.23,274.23,162.30,274.23,0.00,274.23,1.00,1.00,0.25,1.00,0.00,1.00,1.00,0.59,1.00,0.00,7532.48,10025.46,8155.42,10998.77,12683.14,14445.44,11970.13,13817.99,12480.13,0.00,9896.70,9896.70,11923.92,0.00,9896.70,9896.70,11923.92,7130.09,6417.08,8524.99,230.19,265.73,0.00,0.81,0.81,0.95,0.00,0.79,0.79,0.96,0.16,0.24,0.25,0.25,1.00,1.00,0.20,0.28,0.31,0.47,1.13,1.12,0.80,0.22,0.32,1.00,0.18,0.28,1.00,0.26,0.36,1.00
MLT,470,2012,171,288,0.59,58,69,87,0.85,0.67,42,30,0,0,0,,,,,0.00,10371.32,10371.32,12145.96,0.00,10371.32,10371.32,12145.96,,15299.11,0.00,0.68,0.68,0.79,0.00,0.68,0.68,0.79,,149,182,149,0.82,1.00,0,26,104,50,0,0,,,,,44.22,44.22,44.22,44.22,44.22,67.56,67.56,67.56,67.56,67.56,294.21,0.15,0.15,0.15,0.15,0.15,0.23,0.23,0.23,0.23,0.23,171,182,288,0.94,0.59,3,52,104,50,0,0,,,,,72.06,72.06,72.06,72.06,72.06,111.42,111.42,111.42,111.42,111.42,294.21,0.24,0.24,0.24,0.24,0.24,0.38,0.38,0.38,0.38,0.38,171,182,0.94,0,52,1,1,0,0,,,,,294.21,294.21,125.82,294.21,0.00,294.21,294.21,167.22,294.21,0.00,294.21,1.00,1.00,0.43,1.00,0.00,1.00,1.00,0.57,1.00,0.00,7989.43,10511.26,8604.69,11514.78,13434.38,15187.23,12669.42,14514.07,13259.33,0.00,10371.32,10371.32,12145.96,0.00,10371.32,10371.32,12145.96,7649.56,6884.60,8965.49,243.64,279.12,0.00,0.80,0.80,0.92,0.00,0.78,0.78,0.91,0.15,0.23,0.24,0.24,1.00,1.00,0.19,0.28,0.30,0.46,1.13,1.12,0.79,0.21,0.31,1.00,0.17,0.27,1.00,0.25,0.35,1.00
MLT,470,2013,179,290,0.62,59,72,90,0.83,0.66,42,30,0,0,0,,,,,0.00,10675.84,10675.84,12257.24,0.00,10675.84,10675.84,12257.24,,15748.72,0.00,0.68,0.68,0.78,0.00,0.68,0.68,0.78,,155,190,155,0.81,1.00,0,26,104,50,0,0,,,,,45.36,45.36,45.36,45.36,45.36,69.30,69.30,69.30,69.30,69.30,302.86,0.15,0.15,0.15,0.15,0.15,0.23,0.23,0.23,0.23,0.23,179,190,290,0.94,0.62,3,52,104,50,0,0,,,,,73.92,73.92,73.92,73.92,73.92,114.30,114.30,114.30,114.30,114.30,302.86,0.24,0.24,0.24,0.24,0.24,0.38,0.38,0.38,0.38,0.38,179,190,0.94,0,52,1,1,0,0,,,,,302.86,302.86,129.30,302.86,0.00,302.86,302.86,171.54,302.86,0.00,302.86,1.00,1.00,0.43,1.00,0.00,1.00,1.00,0.57,1.00,0.00,8266.28,10672.77,8934.40,11526.87,13993.98,15105.74,13206.54,14412.80,13596.54,0.00,10675.84,10675.84,12257.24,0.00,10675.84,10675.84,12257.24,7874.36,7086.92,9143.61,253.97,277.17,0.00,0.79,0.79,0.89,0.00,0.79,0.79,0.90,0.15,0.23,0.24,0.24,1.00,1.00,0.19,0.29,0.30,0.45,1.13,1.13,0.79,0.22,0.31,1.00,0.17,0.27,1.00,0.26,0.35,1.00
MLT,470,2014,187,293,0.64,61,76,94,0.81,0.65,43,35,0,0,0,,,,,0.00,11055.60,11055.60,12388.28,0.00,11055.60,11055.60,12388.28,,15950.40,0.00,0.69,0.69,0.78,0.00,0.69,0.69,0.78,,163,198,163,0.82,1.00,0,26,104,50,0,0,,,,,46.32,46.32,46.32,46.32,46.32,70.80,70.80,70.80,70.80,70.80,306.74,0.15,0.15,0.15,0.15,0.15,0.23,0.23,0.23,0.23,0.23,187,198,293,0.94,0.64,3,52,104,50,0,0,,,,,75.54,75.54,75.54,75.54,75.54,116.76,116.76,116.76,116.76,116.76,306.74,0.25,0.25,0.25,0.25,0.25,0.38,0.38,0.38,0.38,0.38,187,198,0.94,0,52,1,1,0,0,,,,,306.74,306.74,131.82,306.74,0.00,306.74,306.74,175.20,306.74,0.00,306.74,1.00,1.00,0.43,1.00,0.00,1.00,1.00,0.57,1.00,0.00,8382.00,10813.38,9045.83,11685.70,14140.28,15276.45,13342.76,14574.64,13747.80,0.00,11055.60,11055.60,12388.28,0.00,11055.60,11055.60,12388.28,7975.20,7177.68,9270.88,256.59,280.28,0.00,0.81,0.81,0.89,0.00,0.80,0.80,0.90,0.15,0.23,0.25,0.25,1.00,1.00,0.20,0.29,0.30,0.46,1.13,1.13,0.81,0.22,0.31,1.00,0.17,0.27,1.00,0.26,0.35,1.00
MLT,470,2015,194,298,0.65,63,79,97,0.80,0.65,43,35,0,0,0,,,,,0.00,11127.12,11127.12,12348.24,0.00,11127.12,11127.12,12348.24,,15964.14,0.00,0.70,0.70,0.77,0.00,0.70,0.70,0.77,,168,206,168,0.82,1.00,0,26,104,50,0,0,,,,,47.34,47.34,47.34,47.34,47.34,72.30,72.30,72.30,72.30,72.30,307.00,0.15,0.15,0.15,0.15,0.15,0.24,0.24,0.24,0.24,0.24,194,206,298,0.95,0.65,3,52,104,50,0,0,,,,,77.16,77.16,77.16,77.16,77.16,119.28,119.28,119.28,119.28,119.28,307.00,0.25,0.25,0.25,0.25,0.25,0.39,0.39,0.39,0.39,0.39,194,206,0.95,0,52,1,1,0,0,,,,,307.00,307.00,134.64,307.00,0.00,307.00,307.00,179.04,307.00,0.00,307.00,1.00,1.00,0.44,1.00,0.00,1.00,1.00,0.58,1.00,0.00,8414.70,10924.86,9161.79,11816.54,14224.90,15363.11,13426.69,14660.68,13758.10,0.00,11127.12,11127.12,12348.24,0.00,11127.12,11127.12,12348.24,7982.07,7183.86,9279.92,258.21,281.94,0.00,0.81,0.81,0.89,0.00,0.81,0.81,0.89,0.15,0.24,0.25,0.25,1.00,1.00,0.20,0.31,0.32,0.47,1.13,1.13,0.81,0.22,0.32,1.00,0.18,0.28,1.00,0.27,0.36,1.00
MLT,470,2016,205,302,0.68,66,82,100,0.80,0.65,43,35,0,0,0,,,,,0.00,11194.76,11194.76,12439.24,0.00,11194.76,11194.76,12439.24,,16174.79,0.00,0.69,0.69,0.77,0.00,0.69,0.69,0.77,,177,215,177,0.82,1.00,0,26,104,50,0,0,,,,,47.82,47.82,47.82,47.82,47.82,73.08,73.08,73.08,73.08,73.08,311.05,0.15,0.15,0.15,0.15,0.15,0.23,0.23,0.23,0.23,0.23,205,215,302,0.95,0.68,3,52,104,50,0,0,,,,,78.00,78.00,78.00,78.00,78.00,120.54,120.54,120.54,120.54,120.54,311.05,0.25,0.25,0.25,0.25,0.25,0.39,0.39,0.39,0.39,0.39,205,215,0.95,0,52,1,1,0,0,,,,,311.05,311.05,136.08,311.05,0.00,311.05,311.05,180.90,311.05,0.00,311.05,1.00,1.00,0.44,1.00,0.00,1.00,1.00,0.58,1.00,0.00,8521.98,11018.21,9259.35,11919.00,14372.35,15497.47,13563.61,14785.78,14036.09,0.00,11194.76,11194.76,12439.24,0.00,11194.76,11194.76,12439.24,8087.40,7278.66,9374.26,260.84,284.34,0.00,0.81,0.81,0.89,0.00,0.80,0.80,0.89,0.15,0.23,0.25,0.25,1.00,1.00,0.20,0.30,0.32,0.47,1.13,1.13,0.80,0.22,0.32,1.00,0.18,0.28,1.00,0.27,0.36,1.00
MLT,470,2017,217,308,0.70,68,85,104,0.80,0.66,43,35,0,0,0,,,,,0.00,11515.62,11515.62,12500.08,0.00,11515.62,11515.62,12500.08,,17414.02,0.00,0.66,0.66,0.72,0.00,0.66,0.66,0.72,,185,226,185,0.82,1.00,0,26,104,50,0,0,,,,,48.30,48.30,48.30,48.30,48.30,73.86,73.86,73.86,73.86,73.86,334.88,0.14,0.14,0.14,0.14,0.14,0.22,0.22,0.22,0.22,0.22,217,226,308,0.96,0.70,3,52,104,50,0,0,,,,,81.84,81.84,81.84,81.84,81.84,124.08,124.08,124.08,124.08,124.08,334.88,0.24,0.24,0.24,0.24,0.24,0.37,0.37,0.37,0.37,0.37,217,226,0.96,0,52,1,1,0,0,,,,,334.88,334.88,137.52,334.88,0.00,334.88,334.88,182.76,334.88,0.00,334.88,1.00,1.00,0.41,1.00,0.00,1.00,1.00,0.55,1.00,0.00,9092.11,11546.72,9913.92,12499.90,15344.81,16339.58,14474.11,15573.36,14965.51,0.00,11515.62,11515.62,12500.08,0.00,11515.62,11515.62,12500.08,8707.01,7836.31,9875.91,278.35,299.49,0.00,0.79,0.79,0.84,0.00,0.77,0.77,0.84,0.14,0.22,0.24,0.24,1.00,1.00,0.19,0.29,0.31,0.46,1.13,1.13,0.78,0.21,0.32,1.00,0.17,0.28,1.00,0.26,0.35,1.00
MLT,470,2018,234,317,0.74,68,88,107,0.78,0.64,43,35,0,0,0,,,,,0.00,11934.35,11934.35,12664.92,0.00,11934.35,11934.35,12664.92,,17807.87,0.00,0.67,0.67,0.71,0.00,0.67,0.67,0.71,,202,243,202,0.83,1.00,0,26,104,50,0,0,,,,,48.78,48.78,48.78,48.78,48.78,74.64,74.64,74.64,74.64,74.64,342.46,0.14,0.14,0.14,0.14,0.14,0.22,0.22,0.22,0.22,0.22,234,243,317,0.96,0.74,3,52,104,50,0,0,,,,,79.68,79.68,79.68,79.68,79.68,123.06,123.06,123.06,123.06,123.06,342.46,0.23,0.23,0.23,0.23,0.23,0.36,0.36,0.36,0.36,0.36,234,243,0.96,0,52,1,1,0,0,,,,,342.46,342.46,138.96,342.46,0.00,342.46,342.46,184.62,342.46,0.00,342.46,1.00,1.00,0.41,1.00,0.00,1.00,1.00,0.54,1.00,0.00,9281.82,11698.87,10013.88,12617.89,15620.51,16581.29,14730.12,15797.75,15260.90,0.00,11934.35,11934.35,12664.92,0.00,11934.35,11934.35,12664.92,8903.93,8013.54,10042.80,283.27,303.80,0.00,0.80,0.80,0.84,0.00,0.78,0.78,0.83,0.14,0.22,0.23,0.23,1.00,1.00,0.19,0.29,0.30,0.45,1.13,1.14,0.79,0.21,0.30,1.00,0.17,0.27,1.00,0.25,0.34,1.00
MLT,470,2019,249,327,0.76,70,90,110,0.77,0.64,43,35,0,0,0,,,,,0.00,12600.84,12600.84,12847.44,0.00,12600.84,12600.84,12847.44,,19111.59,0.00,0.66,0.66,0.67,0.00,0.66,0.66,0.67,,212,259,212,0.82,1.00,0,26,104,50,0,0,,,,,49.44,49.44,49.44,49.44,49.44,75.66,75.66,75.66,75.66,75.66,367.53,0.13,0.13,0.13,0.13,0.13,0.21,0.21,0.21,0.21,0.21,249,259,327,0.96,0.76,3,52,104,50,0,0,,,,,80.76,80.76,80.76,80.76,80.76,124.74,124.74,124.74,124.74,124.74,367.53,0.22,0.22,0.22,0.22,0.22,0.34,0.34,0.34,0.34,0.34,249,259,0.96,0,52,1,1,0,0,,,,,367.53,367.53,140.82,367.53,0.00,367.53,367.53,187.14,367.53,0.00,367.53,1.00,1.00,0.38,1.00,0.00,1.00,1.00,0.51,1.00,0.00,9834.47,12151.25,10526.64,13082.79,16533.11,17359.79,15577.53,16518.88,16238.69,0.00,12600.84,12600.84,12847.44,0.00,12600.84,12600.84,12847.44,9555.80,8600.22,10573.59,299.57,317.67,0.00,0.79,0.79,0.80,0.00,0.78,0.78,0.79,0.13,0.21,0.22,0.22,1.00,1.00,0.18,0.27,0.28,0.42,1.14,1.14,0.78,0.20,0.28,1.00,0.16,0.25,1.00,0.24,0.32,1.00
MLT,470,2020,255,331,0.77,73,93,105,0.78,0.69,44,35,0,0,0,,,,,0.00,12553.82,12553.82,13170.88,0.00,12553.82,12553.82,13170.88,,16859.74,0.00,0.74,0.74,0.78,0.00,0.74,0.74,0.78,,216,267,216,0.81,1.00,0,26,104,50,0,0,,,,,50.46,50.46,50.46,50.46,50.46,77.16,77.16,77.16,77.16,77.16,324.23,0.16,0.16,0.16,0.16,0.16,0.24,0.24,0.24,0.24,0.24,255,267,331,0.96,0.77,3,52,104,50,0,0,,,,,82.38,82.38,82.38,82.38,82.38,127.26,127.26,127.26,127.26,127.26,324.23,0.25,0.25,0.25,0.25,0.25,0.39,0.39,0.39,0.39,0.39,255,267,0.96,0,52,1,1,0,0,,,,,324.23,324.23,143.64,324.23,0.00,324.23,324.23,190.92,324.23,0.00,324.23,1.00,1.00,0.44,1.00,0.00,1.00,1.00,0.59,1.00,0.00,8898.84,11469.12,9718.00,12429.61,14956.82,16062.05,14113.83,15320.22,14549.80,0.00,12553.82,12553.82,13170.88,0.00,12553.82,12553.82,13170.88,8429.87,7586.88,9703.70,271.42,294.62,0.00,0.87,0.87,0.90,0.00,0.86,0.86,0.90,0.16,0.24,0.25,0.25,1.00,1.00,0.20,0.31,0.33,0.49,1.13,1.13,0.87,0.23,0.33,1.00,0.18,0.29,1.00,0.28,0.37,1.00
MLT,470,2021,263,349,0.75,76,95,108,0.79,0.70,44,35,0,0,0,,,,,0.00,11964.92,11964.92,13159.12,0.00,11964.92,11964.92,13159.12,,17222.02,0.00,0.69,0.69,0.76,0.00,0.69,0.69,0.76,,224,279,224,0.80,1.00,0,26,104,50,0,0,,,,,51.48,51.48,51.48,51.48,51.48,78.72,78.72,78.72,78.72,78.72,331.19,0.16,0.16,0.16,0.16,0.16,0.24,0.24,0.24,0.24,0.24,263,279,349,0.94,0.75,3,52,104,50,0,0,,,,,84.06,84.06,84.06,84.06,84.06,129.84,129.84,129.84,129.84,129.84,331.19,0.25,0.25,0.25,0.25,0.25,0.39,0.39,0.39,0.39,0.39,263,279,0.94,0,52,0,0,0,0,,,,,331.19,331.19,146.52,331.19,0.00,331.19,331.19,194.76,331.19,0.00,331.19,1.00,1.00,0.44,1.00,0.00,1.00,1.00,0.59,1.00,0.00,9088.39,11635.54,9890.99,12605.79,15210.42,16285.27,14349.32,15527.50,14821.52,0.00,11964.92,11964.92,13159.12,0.00,11964.92,11964.92,13159.12,8611.01,7749.91,9858.08,275.95,298.61,0.00,0.82,0.82,0.89,0.00,0.81,0.81,0.88,0.16,0.24,0.25,0.25,1.00,1.00,0.20,0.31,0.32,0.48,1.13,1.13,0.81,0.23,0.33,1.00,0.18,0.29,1.00,0.28,0.37,1.00
MLT,470,2022,276,351,0.79,76,98,110,0.77,0.69,44,35,0,0,0,,,,,0.00,11943.81,11943.81,13159.12,0.00,11943.81,11943.81,13159.12,,17431.67,0.00,0.69,0.69,0.75,0.00,0.69,0.69,0.75,,236,293,236,0.81,1.00,0,26,104,50,0,0,,,,,51.96,51.96,51.96,51.96,51.96,79.50,79.50,79.50,79.50,79.50,335.22,0.16,0.16,0.16,0.16,0.16,0.24,0.24,0.24,0.24,0.24,276,293,351,0.94,0.79,3,52,104,50,0,0,,,,,84.90,84.90,84.90,84.90,84.90,131.10,131.10,131.10,131.10,131.10,335.22,0.25,0.25,0.25,0.25,0.25,0.39,0.39,0.39,0.39,0.39,276,293,0.94,0,52,0,0,0,0,,,,,335.22,335.22,147.96,335.22,0.00,335.22,335.22,196.68,335.22,0.00,335.22,1.00,1.00,0.44,1.00,0.00,1.00,1.00,0.59,1.00,0.00,9195.21,11728.56,9988.17,12707.92,15357.17,16419.04,14485.59,15652.05,14978.75,0.00,11943.81,11943.81,13159.12,0.00,11943.81,11943.81,13159.12,8715.84,7844.25,9952.02,278.57,301.00,0.00,0.81,0.81,0.88,0.00,0.80,0.80,0.87,0.16,0.24,0.25,0.25,1.00,1.00,0.20,0.31,0.32,0.48,1.13,1.13,0.80,0.23,0.33,1.00,0.18,0.29,1.00,0.27,0.37,1.00
MLT,470,2023,296,372,0.80,77,101,113,0.76,0.68,44,35,0,0,0,,,,,0.00,12166.92,12166.92,13637.52,0.00,12166.92,12166.92,13637.52,,17641.15,0.00,0.69,0.69,0.77,0.00,0.69,0.69,0.77,,255,307,255,0.83,1.00,0,26,104,50,0,0,,,,,83.82,83.82,83.82,83.82,83.82,83.82,83.82,83.82,83.82,83.82,339.25,0.25,0.25,0.25,0.25,0.25,0.25,0.25,0.25,0.25,0.25,296,307,372,0.96,0.80,3,52,104,50,0,0,,,,,89.52,89.52,89.52,89.52,89.52,138.18,138.18,138.18,138.18,138.18,339.25,0.26,0.26,0.26,0.26,0.26,0.41,0.41,0.41,0.41,0.41,296,307,0.96,0,52,0,0,0,0,,,,,339.25,339.25,156.00,339.25,0.00,339.25,339.25,207.30,339.25,0.00,339.25,1.00,1.00,0.46,1.00,0.00,1.00,1.00,0.61,1.00,0.00,10042.85,12097.65,10168.82,13115.27,15503.81,16695.24,14621.75,15927.85,15135.86,0.00,12166.92,12166.92,13637.52,0.00,12166.92,12166.92,13637.52,8820.58,7938.52,10276.63,281.19,306.30,0.00,0.82,0.82,0.90,0.00,0.80,0.80,0.89,0.25,0.25,0.26,0.26,1.00,1.00,0.31,0.32,0.33,0.50,1.13,1.14,0.81,0.28,0.34,1.00,0.28,0.30,1.00,0.28,0.38,1.00
NLD,528,2000,10800,10800,1.00,2024,2163,2152,0.94,0.94,50,50,0,0,1,,,,,21277.44,21277.44,21277.44,21277.44,29520.72,29520.72,29520.72,29520.72,,53709.97,0.40,0.40,0.40,0.40,0.55,0.55,0.55,0.55,,7870,8109,7870,0.97,1.00,0,52,39,26,0,0,,,,,723.02,723.02,192.12,723.02,1116.71,723.02,723.02,192.12,723.02,1116.71,1032.88,0.70,0.70,0.19,0.70,1.08,0.70,0.70,0.19,0.70,1.08,7870,8109,10800,0.97,0.73,0,52,0,0,0,0,,,,,723.02,723.02,0.00,723.02,1116.71,723.02,723.02,0.00,723.02,1116.71,1032.88,0.70,0.70,0.00,0.70,1.08,0.70,0.70,0.00,0.70,1.08,7870,8109,0.97,0,52,0,0,0,0,,,,,723.02,723.02,0.00,723.02,1116.71,723.02,723.02,0.00,723.02,1116.71,1032.88,0.70,0.70,0.00,0.70,1.08,0.70,0.70,0.00,0.70,1.08,31311.17,37231.97,31311.17,37231.97,31311.17,37231.97,35770.23,41691.03,38590.71,21277.44,21277.44,21277.44,21277.44,29520.72,29520.72,29520.72,29520.72,26854.98,20707.37,26350.96,687.89,801.75,0.53,0.53,0.53,0.53,0.70,0.70,0.70,0.70,0.70,0.70,0.70,0.70,0.70,0.70,0.70,0.71,0.70,0.71,0.70,0.71,0.62,0.70,0.70,0.70,0.70,0.70,0.70,0.70,0.70,0.70
NLD,528,2001,10872,10872,1.00,2141,2187,2175,0.98,0.98,50,50,0,0,1,,,,,22510.32,22510.32,22510.32,22510.32,31016.16,31016.16,31016.16,31016.16,,57954.22,0.39,0.39,0.39,0.39,0.54,0.54,0.54,0.54,,8068,8254,8068,0.98,1.00,0,52,39,26,0,0,,,,,780.15,780.15,203.67,780.15,1180.65,780.15,780.15,203.67,780.15,1180.65,1114.50,0.70,0.70,0.18,0.70,1.06,0.70,0.70,0.18,0.70,1.06,8068,8254,10872,0.98,0.74,0,52,0,0,0,0,,,,,780.15,780.15,0.00,780.15,1180.65,780.15,780.15,0.00,780.15,1180.65,1114.50,0.70,0.70,0.00,0.70,1.06,0.70,0.70,0.00,0.70,1.06,8068,8254,0.98,0,52,0,0,0,0,,,,,780.15,780.15,0.00,780.15,1180.65,780.15,780.15,0.00,780.15,1180.65,1114.50,0.70,0.70,0.00,0.70,1.06,0.70,0.70,0.00,0.70,1.06,34917.72,42088.42,34917.72,42088.42,34917.72,42088.42,39675.59,46846.29,42728.59,22510.32,22510.32,22510.32,22510.32,31016.16,31016.16,31016.16,31016.16,28977.11,23599.84,30770.54,762.99,900.89,0.55,0.55,0.55,0.55,0.75,0.75,0.75,0.75,0.70,0.70,0.70,0.70,0.70,0.70,0.70,0.70,0.70,0.70,0.70,0.70,0.65,0.70,0.70,0.70,0.70,0.70,0.70,0.70,0.70,0.70
NLD,528,2002,10935,10935,1.00,2208,2210,2199,1.00,1.00,50,50,0,0,1,,,,,10943.76,10943.76,10943.76,10943.76,15086.40,15086.40,15086.40,15086.40,,27576.46,0.40,0.40,0.40,0.40,0.55,0.55,0.55,0.55,,8167,8399,8167,0.97,1.00,0,52,39,26,0,0,,,,,371.22,371.22,212.68,371.22,556.50,371.22,371.22,212.68,371.22,556.50,530.32,0.70,0.70,0.40,0.70,1.05,0.70,0.70,0.40,0.70,1.05,8167,8399,10935,0.97,0.75,0,52,0,0,0,0,,,,,371.22,371.22,0.00,371.22,556.50,371.22,371.22,0.00,371.22,556.50,530.32,0.70,0.70,0.00,0.70,1.05,0.70,0.70,0.00,0.70,1.05,8167,8399,0.97,0,52,0,0,0,0,,,,,371.22,371.22,0.00,371.22,556.50,371.22,371.22,0.00,371.22,556.50,530.32,0.70,0.70,0.00,0.70,1.05,0.70,0.70,0.00,0.70,1.05,16593.29,20269.02,16593.29,20269.02,16593.29,20269.02,18835.54,22424.27,20301.15,10943.76,10943.76,10943.76,10943.76,15086.40,15086.40,15086.40,15086.40,13788.23,11229.17,14904.90,362.22,431.24,0.56,0.56,0.56,0.56,0.76,0.76,0.76,0.76,0.70,0.70,0.70,0.70,0.70,0.70,0.71,0.71,0.71,0.71,0.71,0.71,0.66,0.70,0.70,0.70,0.70,0.70,0.70,0.71,0.71,0.71
NLD,528,2003,10977,10977,1.00,2293,2236,2220,1.03,1.00,50,50,0,0,1,,,,,11512.32,11512.32,11512.32,11512.32,15846.72,15846.72,15846.72,15846.72,,28435.11,0.40,0.40,0.40,0.40,0.56,0.56,0.56,0.56,,8121,8432,8121,0.96,1.00,0,52,39,26,0,0,,,,,382.78,382.78,219.30,382.78,577.50,382.78,382.78,219.30,382.78,577.50,546.83,0.70,0.70,0.40,0.70,1.06,0.70,0.70,0.40,0.70,1.06,8121,8432,10977,0.96,0.74,0,52,0,0,0,0,,,,,382.78,382.78,0.00,382.78,577.50,382.78,382.78,0.00,382.78,577.50,546.83,0.70,0.70,0.00,0.70,1.06,0.70,0.70,0.00,0.70,1.06,8121,8432,0.96,0,52,0,0,0,0,,,,,382.78,382.78,0.00,382.78,577.50,382.78,382.78,0.00,382.78,577.50,546.83,0.70,0.70,0.00,0.70,1.06,0.70,0.70,0.00,0.70,1.06,16937.80,20763.08,16937.80,20763.08,16937.80,20763.08,19203.90,22849.18,20644.90,11512.32,11512.32,11512.32,11512.32,15846.72,15846.72,15846.72,15846.72,14217.56,11527.54,15352.82,369.31,439.41,0.58,0.58,0.58,0.58,0.77,0.77,0.77,0.77,0.70,0.70,0.70,0.70,0.70,0.70,0.70,0.72,0.70,0.72,0.70,0.72,0.67,0.71,0.71,0.71,0.70,0.70,0.70,0.71,0.71,0.71
NLD,528,2004,11000,11000,1.00,2366,2270,2251,1.04,1.00,50,50,0,0,1,,,,,11707.68,11707.68,11707.68,11707.68,16094.16,16094.16,16094.16,16094.16,,28794.54,0.41,0.41,0.41,0.41,0.56,0.56,0.56,0.56,,8105,8493,8105,0.95,1.00,0,52,39,26,0,0,,,,,387.62,387.62,220.66,387.62,586.95,387.62,387.62,220.66,387.62,586.95,553.74,0.70,0.70,0.40,0.70,1.06,0.70,0.70,0.40,0.70,1.06,8105,8493,11000,0.95,0.74,0,104,0,0,0,0,,,,,387.62,387.62,0.00,387.62,586.95,387.62,387.62,0.00,387.62,586.95,553.74,0.70,0.70,0.00,0.70,1.06,0.70,0.70,0.00,0.70,1.06,8105,8493,0.95,0,52,0,0,0,0,,,,,387.62,387.62,0.00,387.62,586.95,387.62,387.62,0.00,387.62,586.95,553.74,0.70,0.70,0.00,0.70,1.06,0.70,0.70,0.00,0.70,1.06,17084.37,21076.69,17084.37,21076.69,17084.37,21076.69,19333.05,23141.37,20770.05,11707.68,11707.68,11707.68,11707.68,16094.16,16094.16,16094.16,16094.16,14397.27,11734.03,15726.35,371.79,445.03,0.58,0.58,0.58,0.58,0.78,0.78,0.78,0.78,0.70,0.70,0.70,0.70,0.70,0.70,0.70,0.72,0.70,0.72,0.70,0.72,0.68,0.71,0.71,0.71,0.70,0.70,0.70,0.71,0.71,0.71
NLD,528,2005,11014,11014,1.00,2438,2310,2289,1.06,1.00,50,50,0,0,1,,,,,11742.48,11742.48,11742.48,11742.48,16083.84,16083.84,16083.84,16083.84,,29693.12,0.40,0.40,0.40,0.40,0.54,0.54,0.54,0.54,,7831,8320,7831,0.94,1.00,0,52,39,26,0,0,,,,,399.72,399.72,220.66,399.72,586.95,399.72,399.72,220.66,399.72,586.95,571.02,0.70,0.70,0.39,0.70,1.03,0.70,0.70,0.39,0.70,1.03,7831,8320,11014,0.94,0.71,0,104,0,0,0,0,,,,,399.72,399.72,0.00,399.72,586.95,399.72,399.72,0.00,399.72,586.95,571.02,0.70,0.70,0.00,0.70,1.03,0.70,0.70,0.00,0.70,1.03,7831,8320,0.94,0,104,0,0,0,0,,,,,399.72,399.72,0.00,399.72,586.95,399.72,399.72,0.00,399.72,586.95,571.02,0.70,0.70,0.00,0.70,1.03,0.70,0.70,0.00,0.70,1.03,17348.78,21561.10,17348.78,21561.10,17348.78,21561.10,19600.12,23626.44,21106.12,11742.48,11742.48,11742.48,11742.48,16083.84,16083.84,16083.84,16083.84,14846.56,12004.03,16216.35,376.93,454.35,0.58,0.58,0.58,0.58,0.77,0.77,0.77,0.77,0.70,0.70,0.70,0.70,0.70,0.70,0.70,0.72,0.70,0.72,0.70,0.72,0.68,0.71,0.71,0.71,0.70,0.70,0.70,0.71,0.71,0.71
NLD,528,2006,11025,11025,1.00,2484,2349,2330,1.06,1.00,50,50,0,0,1,,,,,11865.96,11865.96,11865.96,11865.96,16247.40,16247.40,16247.40,16247.40,,30168.90,0.39,0.39,0.39,0.39,0.54,0.54,0.54,0.54,,7956,8375,7956,0.95,1.00,0,52,36,26,0,0,,,,,406.12,406.12,223.06,406.12,596.15,406.12,406.12,223.06,406.12,596.15,580.17,0.70,0.70,0.38,0.70,1.03,0.70,0.70,0.38,0.70,1.03,7956,8375,11025,0.95,0.72,0,104,0,0,0,0,,,,,406.12,406.12,0.00,406.12,596.15,406.12,406.12,0.00,406.12,596.15,580.17,0.70,0.70,0.00,0.70,1.03,0.70,0.70,0.00,0.70,1.03,7956,8375,0.95,0,104,0,0,0,0,,,,,406.12,406.12,0.00,406.12,596.15,406.12,406.12,0.00,406.12,596.15,580.17,0.70,0.70,0.00,0.70,1.03,0.70,0.70,0.00,0.70,1.03,17655.91,21367.95,17655.91,21367.95,17655.91,21367.95,20046.05,23663.33,21097.05,11865.96,11865.96,11865.96,11865.96,16247.40,16247.40,16247.40,16247.40,15084.45,12006.27,15718.31,385.50,455.06,0.56,0.56,0.56,0.56,0.75,0.75,0.75,0.75,0.70,0.70,0.70,0.70,0.70,0.70,0.70,0.71,0.70,0.71,0.70,0.71,0.65,0.70,0.70,0.70,0.70,0.70,0.70,0.71,0.71,0.71
NLD,528,2007,11043,11043,1.00,2577,2392,2368,1.08,1.00,50,50,0,0,1,,,,,12178.86,12178.86,12178.86,12178.86,16696.80,16696.80,16696.80,16696.80,,30687.94,0.40,0.40,0.40,0.40,0.54,0.54,0.54,0.54,,8187,8541,8187,0.96,1.00,0,43,36,26,0,0,,,,,442.61,422.94,228.36,422.94,625.79,442.61,422.94,228.36,422.94,625.79,590.15,0.75,0.72,0.39,0.72,1.06,0.75,0.72,0.39,0.72,1.06,8187,8541,11043,0.96,0.74,0,104,0,0,0,0,,,,,413.11,413.11,0.00,413.11,611.24,413.11,413.11,0.00,413.11,611.24,590.15,0.70,0.70,0.00,0.70,1.04,0.70,0.70,0.00,0.70,1.04,8187,8541,0.96,0,104,0,0,0,0,,,,,413.11,413.11,0.00,413.11,611.24,413.11,413.11,0.00,413.11,611.24,590.15,0.70,0.70,0.00,0.70,1.04,0.70,0.70,0.00,0.70,1.04,18250.96,22054.52,18113.75,21917.31,18113.75,21917.31,20579.38,24284.62,21610.38,12178.86,12178.86,12178.86,12178.86,16696.80,16696.80,16696.80,16696.80,15343.97,12268.11,16071.67,395.76,467.01,0.56,0.56,0.56,0.56,0.75,0.75,0.75,0.75,0.75,0.75,0.70,0.70,0.70,0.70,0.72,0.73,0.70,0.71,0.70,0.71,0.65,0.74,0.70,0.70,0.73,0.70,0.70,0.74,0.71,0.71
NLD,528,2008,11073,11073,1.00,2609,2443,2415,1.07,1.00,50,50,0,0,1,,,,,12536.04,12536.04,12536.04,12536.04,17196.60,17196.60,17196.60,17196.60,,31747.63,0.39,0.39,0.39,0.39,0.54,0.54,0.54,0.54,,8378,8696,8378,0.96,1.00,0,43,36,26,0,0,,,,,457.90,437.55,234.80,437.55,644.64,457.90,437.55,234.80,437.55,644.64,610.53,0.75,0.72,0.38,0.72,1.06,0.75,0.72,0.38,0.72,1.06,8378,8696,11073,0.96,0.76,0,104,0,0,0,0,,,,,427.37,427.37,0.00,427.37,629.65,427.37,427.37,0.00,427.37,629.65,610.53,0.70,0.70,0.00,0.70,1.03,0.70,0.70,0.00,0.70,1.03,8378,8696,0.96,0,104,0,0,0,0,,,,,427.37,427.37,0.00,427.37,629.65,427.37,427.37,0.00,427.37,629.65,610.53,0.70,0.70,0.00,0.70,1.03,0.70,0.70,0.00,0.70,1.03,18714.50,22563.38,18574.01,22422.89,18574.01,22422.89,21115.57,24732.76,22142.57,12536.04,12536.04,12536.04,12536.04,17196.60,17196.60,17196.60,17196.60,15873.82,12626.19,16475.07,406.07,475.63,0.56,0.56,0.56,0.56,0.75,0.75,0.75,0.75,0.75,0.75,0.70,0.70,0.70,0.70,0.72,0.74,0.70,0.72,0.70,0.72,0.65,0.74,0.71,0.71,0.73,0.70,0.70,0.74,0.71,0.71
NLD,528,2009,11107,11107,1.00,2710,2505,2472,1.08,1.00,50,50,0,0,1,,,,,13048.00,13048.00,13048.00,13048.00,17897.37,17897.37,17897.37,17897.37,,32648.23,0.40,0.40,0.40,0.40,0.55,0.55,0.55,0.55,,8383,8764,8383,0.96,1.00,0,43,36,26,0,0,,,,,470.89,449.96,242.48,449.96,656.29,470.89,449.96,242.48,449.96,656.29,627.85,0.75,0.72,0.39,0.72,1.05,0.75,0.72,0.39,0.72,1.05,8383,8764,11107,0.96,0.75,0,104,0,0,0,0,,,,,439.50,439.50,0.00,439.50,641.02,439.50,439.50,0.00,439.50,641.02,627.85,0.70,0.70,0.00,0.70,1.02,0.70,0.70,0.00,0.70,1.02,8383,8764,0.96,0,104,0,0,0,0,,,,,439.50,439.50,0.00,439.50,641.02,439.50,439.50,0.00,439.50,641.02,627.85,0.70,0.70,0.00,0.70,1.02,0.70,0.70,0.00,0.70,1.02,20471.90,25391.21,20321.98,25244.06,20321.98,25244.06,23028.55,27627.73,24901.55,13048.00,13048.00,13048.00,13048.00,17897.37,17897.37,17897.37,17897.37,16324.11,13702.83,18624.91,442.86,531.30,0.55,0.55,0.55,0.55,0.76,0.76,0.76,0.76,0.75,0.75,0.70,0.70,0.70,0.70,0.73,0.75,0.71,0.74,0.71,0.74,0.66,0.74,0.71,0.71,0.74,0.70,0.70,0.75,0.72,0.72
NLD,528,2010,11139,11139,1.00,2767,2567,2538,1.08,1.00,50,50,0,0,1,,,,,13183.50,13183.50,13183.50,13183.50,18088.01,18088.01,18088.01,18088.01,,33059.38,0.40,0.40,0.40,0.40,0.55,0.55,0.55,0.55,,8290,8725,8290,0.95,1.00,0,43,36,26,0,0,,,,,476.82,455.63,246.31,455.63,668.83,476.82,455.63,246.31,455.63,668.83,635.76,0.75,0.72,0.39,0.72,1.05,0.75,0.72,0.39,0.72,1.05,8290,8725,11139,0.95,0.74,0,104,0,0,0,0,,,,,445.03,445.03,0.00,445.03,653.27,445.03,445.03,0.00,445.03,653.27,635.76,0.70,0.70,0.00,0.70,1.03,0.70,0.70,0.00,0.70,1.03,8290,8725,0.95,0,104,0,0,0,0,,,,,445.03,445.03,0.00,445.03,653.27,445.03,445.03,0.00,445.03,653.27,635.76,0.70,0.70,0.00,0.70,1.03,0.70,0.70,0.00,0.70,1.03,20900.85,25603.57,20744.73,25469.07,20744.73,25469.07,23553.99,27889.05,25275.99,13183.50,13183.50,13183.50,13183.50,18088.01,18088.01,18088.01,18088.01,16529.69,13811.82,18582.90,452.96,536.33,0.54,0.54,0.54,0.54,0.75,0.75,0.75,0.75,0.75,0.75,0.70,0.70,0.70,0.70,0.73,0.75,0.71,0.74,0.71,0.74,0.65,0.75,0.71,0.71,0.74,0.71,0.71,0.75,0.72,0.72
NLD,528,2011,11136,11136,1.00,2875,2656,2595,1.08,1.00,50,50,0,0,1,,,,,13453.26,13453.26,13453.26,13453.26,18480.57,18480.57,18480.57,18480.57,,33489.15,0.40,0.40,0.40,0.40,0.55,0.55,0.55,0.55,,8291,8726,8291,0.95,1.00,0,43,36,26,0,0,,,,,483.02,461.55,248.06,461.55,681.98,483.02,461.55,248.06,461.55,681.98,644.02,0.75,0.72,0.39,0.72,1.06,0.75,0.72,0.39,0.72,1.06,8291,8726,11136,0.95,0.74,0,104,0,0,0,0,,,,,450.82,450.82,0.00,450.82,666.12,450.82,450.82,0.00,450.82,666.12,644.02,0.70,0.70,0.00,0.70,1.03,0.70,0.70,0.00,0.70,1.03,8291,8726,0.95,0,104,0,0,0,0,,,,,450.82,450.82,0.00,450.82,666.12,450.82,450.82,0.00,450.82,666.12,644.02,0.70,0.70,0.00,0.70,1.03,0.70,0.70,0.00,0.70,1.03,21319.06,25861.82,21159.87,25724.34,21159.87,25724.34,24026.59,28200.49,25616.59,13453.26,13453.26,13453.26,13453.26,18480.57,18480.57,18480.57,18480.57,16744.58,14043.67,18682.75,462.05,542.32,0.54,0.54,0.54,0.54,0.76,0.76,0.76,0.76,0.75,0.75,0.70,0.70,0.70,0.70,0.73,0.75,0.71,0.74,0.71,0.74,0.65,0.75,0.71,0.71,0.74,0.71,0.71,0.75,0.72,0.72
NLD,528,2012,11097,11097,1.00,3009,2770,2716,1.09,1.00,50,50,0,0,1,,,,,13814.78,13814.78,13814.78,13814.78,19114.19,19114.19,19114.19,19114.19,,34117.28,0.40,0.40,0.40,0.40,0.56,0.56,0.56,0.56,,8345,8861,8345,0.94,1.00,0,43,36,26,0,0,,,,,492.08,470.21,253.21,470.21,691.91,492.08,470.21,253.21,470.21,691.91,656.10,0.75,0.72,0.39,0.72,1.05,0.75,0.72,0.39,0.72,1.05,8345,8861,11097,0.94,0.75,0,104,0,0,0,0,,,,,459.27,459.27,0.00,459.27,675.81,459.27,459.27,0.00,459.27,675.81,656.10,0.70,0.70,0.00,0.70,1.03,0.70,0.70,0.00,0.70,1.03,8345,8861,0.94,0,104,0,0,0,0,,,,,459.27,459.27,0.00,459.27,675.81,459.27,459.27,0.00,459.27,675.81,656.10,0.70,0.70,0.00,0.70,1.03,0.70,0.70,0.00,0.70,1.03,21779.96,26319.16,21617.29,26178.52,21617.29,26178.52,24544.52,28709.07,26035.52,13814.78,13814.78,13814.78,13814.78,19114.19,19114.19,19114.19,19114.19,17058.64,14345.76,19012.20,472.01,552.10,0.54,0.54,0.54,0.54,0.76,0.76,0.76,0.76,0.75,0.75,0.70,0.70,0.70,0.70,0.73,0.75,0.71,0.74,0.71,0.74,0.65,0.75,0.71,0.71,0.74,0.71,0.71,0.75,0.72,0.72
NLD,528,2013,11069,11069,1.00,3057,2872,2824,1.06,1.00,50,50,0,0,1,,,,,12949.76,12949.76,12949.76,12949.76,17705.69,17705.69,17705.69,17705.69,,34679.29,0.37,0.37,0.37,0.37,0.51,0.51,0.51,0.51,,8285,8932,8285,0.93,1.00,0,43,36,26,0,0,,,,,500.18,477.95,256.36,477.95,702.19,500.18,477.95,256.36,477.95,702.19,666.91,0.75,0.72,0.38,0.72,1.05,0.75,0.72,0.38,0.72,1.05,8285,8932,11069,0.93,0.75,2,104,0,0,0,0,,,,,466.84,466.84,0.00,466.84,685.86,466.84,466.84,0.00,466.84,685.86,666.91,0.70,0.70,0.00,0.70,1.03,0.70,0.70,0.00,0.70,1.03,8285,8932,0.93,0,104,0,0,0,0,,,,,466.84,466.84,0.00,466.84,685.86,466.84,466.84,0.00,466.84,685.86,666.91,0.70,0.70,0.00,0.70,1.03,0.70,0.70,0.00,0.70,1.03,22316.53,26688.50,22142.58,26535.37,22142.58,26535.37,25273.72,29291.81,26607.72,12949.76,12949.76,12949.76,12949.76,17705.69,17705.69,17705.69,17705.69,17339.65,14425.81,19010.29,486.03,563.30,0.49,0.49,0.49,0.49,0.68,0.68,0.68,0.68,0.75,0.75,0.70,0.70,0.70,0.70,0.73,0.75,0.71,0.73,0.71,0.73,0.59,0.74,0.71,0.71,0.74,0.71,0.71,0.75,0.72,0.72
NLD,528,2014,11063,11063,1.00,3125,2963,2919,1.05,1.00,50,50,0,0,1,,,,,13570.70,13570.70,13570.70,13570.70,18549.34,18549.34,18549.34,18549.34,,35241.30,0.39,0.39,0.39,0.39,0.53,0.53,0.53,0.53,,8236,8895,8236,0.93,1.00,0,43,36,26,0,0,,,,,508.29,485.70,260.02,485.70,710.50,508.29,485.70,260.02,485.70,710.50,677.72,0.75,0.72,0.38,0.72,1.05,0.75,0.72,0.38,0.72,1.05,8236,8895,11063,0.93,0.74,2,104,0,0,0,0,,,,,474.40,474.40,0.00,474.40,693.98,474.40,474.40,0.00,474.40,693.98,677.72,0.70,0.70,0.00,0.70,1.02,0.70,0.70,0.00,0.70,1.02,8236,8895,0.93,2,104,0,0,0,0,,,,,474.40,474.40,0.00,474.40,693.98,474.40,474.40,0.00,474.40,693.98,677.72,0.70,0.70,0.00,0.70,1.02,0.70,0.70,0.00,0.70,1.02,22987.94,27245.02,22817.51,27095.88,22817.51,27095.88,25885.24,29780.42,27147.24,13570.70,13570.70,13570.70,13570.70,18549.34,18549.34,18549.34,18549.34,17620.65,15155.24,19667.72,497.79,572.70,0.51,0.51,0.51,0.51,0.72,0.72,0.72,0.72,0.75,0.75,0.70,0.70,0.70,0.70,0.73,0.75,0.71,0.73,0.71,0.73,0.61,0.74,0.71,0.71,0.74,0.71,0.71,0.75,0.72,0.72
NLD,528,2015,11080,11080,1.00,3191,3046,3008,1.05,1.00,50,50,0,0,1,,,,,13865.02,13865.02,13865.02,13865.02,18945.68,18945.68,18945.68,18945.68,,35770.25,0.39,0.39,0.39,0.39,0.53,0.53,0.53,0.53,,8318,8932,8318,0.93,1.00,0,43,36,26,0,0,,,,,515.92,492.99,262.02,492.99,716.49,515.92,492.99,262.02,492.99,716.49,687.89,0.75,0.72,0.38,0.72,1.04,0.75,0.72,0.38,0.72,1.04,8318,8932,11080,0.93,0.75,2,104,0,0,0,0,,,,,481.52,481.52,0.00,481.52,699.82,481.52,481.52,0.00,481.52,699.82,687.89,0.70,0.70,0.00,0.70,1.02,0.70,0.70,0.00,0.70,1.02,8318,8932,0.93,2,104,0,0,0,0,,,,,481.52,481.52,0.00,481.52,699.82,481.52,481.52,0.00,481.52,699.82,687.89,0.70,0.70,0.00,0.70,1.02,0.70,0.70,0.00,0.70,1.02,23604.28,27622.48,23429.02,27465.92,23429.02,27465.92,26583.73,30283.92,27758.73,13865.02,13865.02,13865.02,13865.02,18945.68,18945.68,18945.68,18945.68,17885.12,15520.88,20216.36,511.23,582.38,0.51,0.51,0.51,0.51,0.71,0.71,0.71,0.71,0.75,0.75,0.70,0.70,0.70,0.70,0.73,0.74,0.71,0.72,0.71,0.72,0.61,0.74,0.71,0.71,0.74,0.71,0.71,0.74,0.71,0.71
NLD,528,2016,11117,11117,1.00,3244,3122,2884,1.04,1.00,50,50,0,0,1,,,,,14328.86,14328.86,14328.86,14328.86,19538.88,19538.88,19538.88,19538.88,,36351.36,0.39,0.39,0.39,0.39,0.54,0.54,0.54,0.54,,8427,8965,8427,0.94,1.00,0,43,36,26,0,0,,,,,524.30,501.00,267.09,501.00,730.46,524.30,501.00,267.09,501.00,730.46,699.06,0.75,0.72,0.38,0.72,1.04,0.75,0.72,0.38,0.72,1.04,8427,8965,11117,0.94,0.76,2,104,0,0,0,0,,,,,489.35,489.35,0.00,489.35,713.47,489.35,489.35,0.00,489.35,713.47,699.06,0.70,0.70,0.00,0.70,1.02,0.70,0.70,0.00,0.70,1.02,8427,8965,0.94,2,104,0,0,0,0,,,,,489.35,489.35,0.00,489.35,713.47,489.35,489.35,0.00,489.35,713.47,699.06,0.70,0.70,0.00,0.70,1.02,0.70,0.70,0.00,0.70,1.02,24656.38,28619.86,24482.25,28464.96,24482.25,28464.96,27578.98,31215.64,28625.98,14328.86,14328.86,14328.86,14328.86,19538.88,19538.88,19538.88,19538.88,18175.68,16466.61,21129.01,530.37,600.30,0.52,0.52,0.52,0.52,0.74,0.74,0.74,0.74,0.75,0.75,0.70,0.70,0.70,0.70,0.74,0.74,0.72,0.73,0.72,0.73,0.63,0.74,0.71,0.71,0.74,0.71,0.71,0.75,0.71,0.71
NLD,528,2017,11160,11160,1.00,3300,3199,2960,1.03,1.00,50,50,0,0,1,,,,,14862.56,14862.56,14862.56,14862.56,20488.02,20488.02,20488.02,20488.02,,37020.61,0.40,0.40,0.40,0.40,0.55,0.55,0.55,0.55,,8605,9042,8605,0.95,1.00,0,43,36,26,0,0,,,,,533.95,510.22,271.90,510.22,737.34,533.95,510.22,271.90,510.22,737.34,711.93,0.75,0.72,0.38,0.72,1.04,0.75,0.72,0.38,0.72,1.04,8605,9042,11160,0.95,0.77,2,104,0,0,0,0,,,,,498.35,498.35,0.00,498.35,720.20,498.35,498.35,0.00,498.35,720.20,711.93,0.70,0.70,0.00,0.70,1.01,0.70,0.70,0.00,0.70,1.01,8605,9042,0.95,2,104,0,0,0,0,,,,,498.35,498.35,0.00,498.35,720.20,498.35,498.35,0.00,498.35,720.20,711.93,0.70,0.70,0.00,0.70,1.01,0.70,0.70,0.00,0.70,1.01,25083.80,29210.55,24907.51,29053.83,24907.51,29053.83,27967.64,31761.57,28869.64,14862.56,14862.56,14862.56,14862.56,20488.02,20488.02,20488.02,20488.02,18510.31,16796.14,21634.78,537.84,610.80,0.54,0.54,0.54,0.54,0.76,0.76,0.76,0.76,0.75,0.75,0.70,0.70,0.70,0.70,0.74,0.75,0.73,0.73,0.73,0.73,0.65,0.75,0.71,0.71,0.75,0.71,0.71,0.75,0.72,0.72
NLD,528,2018,11204,11204,1.00,3379,3277,3033,1.03,1.00,50,50,0,0,1,,,,,15065.56,15065.56,15065.56,15065.56,20746.36,20746.36,20746.36,20746.36,,37819.30,0.40,0.40,0.40,0.40,0.55,0.55,0.55,0.55,,8797,9147,8797,0.96,1.00,0,43,36,26,0,0,,,,,545.47,521.23,276.72,521.23,730.46,545.47,521.23,276.72,521.23,730.46,727.29,0.75,0.72,0.38,0.72,1.00,0.75,0.72,0.38,0.72,1.00,8797,9147,11204,0.96,0.79,2,104,0,0,0,0,,,,,509.11,509.11,0.00,509.11,713.47,509.11,509.11,0.00,509.11,713.47,727.29,0.70,0.70,0.00,0.70,0.98,0.70,0.70,0.00,0.70,0.98,8797,9147,0.96,2,104,0,0,0,0,,,,,509.11,509.11,0.00,509.11,713.47,509.11,509.11,0.00,509.11,713.47,727.29,0.70,0.70,0.00,0.70,0.98,0.70,0.70,0.00,0.70,0.98,25525.86,29457.24,25345.72,29297.11,25345.72,29297.11,28471.42,32062.52,29226.42,15065.56,15065.56,15065.56,15065.56,20746.36,20746.36,20746.36,20746.36,18909.65,17109.13,21773.89,547.53,616.59,0.53,0.53,0.53,0.53,0.76,0.76,0.76,0.76,0.75,0.75,0.70,0.70,0.70,0.70,0.74,0.75,0.72,0.73,0.72,0.73,0.64,0.75,0.71,0.71,0.75,0.71,0.71,0.75,0.72,0.72
NLD,528,2019,11259,11259,1.00,3453,3353,3109,1.03,1.00,50,50,0,0,1,,,,,15690.67,15690.67,15690.67,15690.67,21556.05,21556.05,21556.05,21556.05,,38860.35,0.40,0.40,0.40,0.40,0.55,0.55,0.55,0.55,,8982,9296,8982,0.97,1.00,0,43,36,26,0,0,,,,,560.49,535.58,283.62,535.58,767.84,560.49,535.58,283.62,535.58,767.84,747.31,0.75,0.72,0.38,0.72,1.03,0.75,0.72,0.38,0.72,1.03,8982,9296,11259,0.97,0.80,2,104,0,0,0,0,,,,,523.12,523.12,0.00,523.12,749.98,523.12,523.12,0.00,523.12,749.98,747.31,0.70,0.70,0.00,0.70,1.00,0.70,0.70,0.00,0.70,1.00,8982,9296,0.97,2,104,0,0,0,0,,,,,523.12,523.12,0.00,523.12,749.98,523.12,523.12,0.00,523.12,749.98,747.31,0.70,0.70,0.00,0.70,1.00,0.70,0.70,0.00,0.70,1.00,26648.86,30653.01,26456.98,30481.72,26456.98,30481.72,29711.02,33365.05,30372.02,15690.67,15690.67,15690.67,15690.67,21556.05,21556.05,21556.05,21556.05,19430.17,17779.00,22543.36,571.37,641.64,0.54,0.54,0.54,0.54,0.75,0.75,0.75,0.75,0.75,0.75,0.70,0.70,0.70,0.70,0.74,0.75,0.73,0.73,0.73,0.73,0.64,0.75,0.72,0.72,0.75,0.71,0.71,0.75,0.72,0.72
NLD,528,2020,11298,11298,1.00,3556,3425,3185,1.04,1.00,50,50,0,0,1,,,,,16220.39,16220.39,16220.39,16220.39,22207.81,22207.81,22207.81,22207.81,,40342.05,0.40,0.40,0.40,0.40,0.55,0.55,0.55,0.55,,8981,9338,8981,0.96,1.00,0,43,36,26,0,0,,,,,581.86,556.00,290.79,556.00,785.75,581.86,556.00,290.79,556.00,785.75,775.81,0.75,0.72,0.37,0.72,1.01,0.75,0.72,0.37,0.72,1.01,8981,9338,11298,0.96,0.79,2,104,0,0,0,0,,,,,543.07,543.07,0.00,543.07,767.48,543.07,543.07,0.00,543.07,767.48,775.81,0.70,0.70,0.00,0.70,0.99,0.70,0.70,0.00,0.70,0.99,8981,9338,0.96,2,104,0,0,0,0,,,,,543.07,543.07,0.00,543.07,767.48,543.07,543.07,0.00,543.07,767.48,775.81,0.70,0.70,0.00,0.70,0.99,0.70,0.70,0.00,0.70,0.99,27998.56,32768.84,27792.27,32562.55,27792.27,32562.55,31227.43,35970.24,31769.43,16220.39,16220.39,16220.39,16220.39,22207.81,22207.81,22207.81,22207.81,20171.03,18616.48,23386.76,600.53,691.74,0.53,0.53,0.53,0.53,0.74,0.74,0.74,0.74,0.75,0.75,0.70,0.70,0.70,0.70,0.74,0.75,0.73,0.73,0.73,0.73,0.64,0.75,0.71,0.71,0.75,0.71,0.71,0.75,0.71,0.71
NLD,528,2021,11329,11329,1.00,3670,3491,3248,1.05,1.00,50,50,0,0,1,,,,,16653.03,16653.03,16653.03,16653.03,22770.07,22770.07,22770.07,22770.07,,41552.31,0.40,0.40,0.40,0.40,0.55,0.55,0.55,0.55,,9282,9690,9282,0.96,1.00,0,43,36,26,0,0,,,,,599.31,572.68,299.87,572.68,800.52,599.31,572.68,299.87,572.68,800.52,799.08,0.75,0.72,0.38,0.72,1.00,0.75,0.72,0.38,0.72,1.00,9282,9690,11329,0.96,0.82,2,104,0,0,0,0,,,,,559.36,559.36,0.00,559.36,781.90,559.36,559.36,0.00,559.36,781.90,799.08,0.70,0.70,0.00,0.70,0.98,0.70,0.70,0.00,0.70,0.98,9282,9690,0.96,2,104,0,0,0,0,,,,,559.36,559.36,0.00,559.36,781.90,559.36,559.36,0.00,559.36,781.90,799.08,0.70,0.70,0.00,0.70,0.98,0.70,0.70,0.00,0.70,0.98,29253.56,33836.27,29036.82,33619.53,29036.82,33619.53,32604.61,37146.71,32982.87,16653.03,16653.03,16653.03,16653.03,22770.07,22770.07,22770.07,22770.07,20776.16,19479.53,24062.24,627.01,714.36,0.53,0.53,0.53,0.53,0.73,0.73,0.73,0.73,0.75,0.75,0.70,0.70,0.70,0.70,0.74,0.75,0.73,0.73,0.73,0.73,0.63,0.75,0.71,0.71,0.75,0.71,0.71,0.75,0.72,0.72
NLD,528,2022,11420,11420,1.00,3789,3563,3104,1.06,1.00,50,50,0,0,1,,,,,17023.98,17023.98,17023.98,17023.98,23307.42,23307.42,23307.42,23307.42,,42798.88,0.40,0.40,0.40,0.40,0.54,0.54,0.54,0.54,,9587,9937,9587,0.96,1.00,0,43,36,26,0,0,,,,,617.29,589.86,300.19,589.86,819.72,617.29,589.86,300.19,589.86,819.72,823.06,0.75,0.72,0.36,0.72,1.00,0.75,0.72,0.36,0.72,1.00,9587,9937,11420,0.96,0.84,2,104,0,0,0,0,,,,,576.14,576.14,0.00,576.14,800.66,576.14,576.14,0.00,576.14,800.66,823.06,0.70,0.70,0.00,0.70,0.97,0.70,0.70,0.00,0.70,0.97,9587,9937,0.96,2,104,0,0,0,0,,,,,576.14,576.14,0.00,576.14,800.66,576.14,576.14,0.00,576.14,800.66,823.06,0.70,0.70,0.00,0.70,0.97,0.70,0.70,0.00,0.70,0.97,30033.24,34595.60,29809.89,34372.25,29809.89,34372.25,33493.28,37986.03,33686.28,17023.98,17023.98,17023.98,17023.98,23307.42,23307.42,23307.42,23307.42,21399.44,20015.66,24578.02,644.10,730.50,0.53,0.53,0.53,0.53,0.73,0.73,0.73,0.73,0.75,0.75,0.70,0.70,0.70,0.70,0.74,0.75,0.73,0.73,0.73,0.73,0.63,0.75,0.71,0.71,0.75,0.71,0.71,0.75,0.72,0.72
NLD,528,2023,11515,11515,1.00,3882,3636,3171,1.07,1.00,50,50,0,0,1,,,,,18514.96,18514.96,18514.96,18514.96,25192.34,25192.34,25192.34,25192.34,,44082.85,0.42,0.42,0.42,0.42,0.57,0.57,0.57,0.57,,9781,10139,9781,0.96,1.00,0,43,36,26,0,0,,,,,635.81,607.55,342.77,607.55,919.27,635.81,607.55,342.77,607.55,919.27,847.75,0.75,0.72,0.40,0.72,1.08,0.75,0.72,0.40,0.72,1.08,9781,10139,11515,0.96,0.85,2,104,0,0,0,0,,,,,593.42,593.42,0.00,593.42,897.89,593.42,593.42,0.00,593.42,897.89,847.75,0.70,0.70,0.00,0.70,1.06,0.70,0.70,0.00,0.70,1.06,9781,10139,0.96,2,104,0,0,0,0,,,,,593.42,593.42,0.00,593.42,897.89,593.42,593.42,0.00,593.42,897.89,847.75,0.70,0.70,0.00,0.70,1.06,0.70,0.70,0.00,0.70,1.06,31776.79,37351.07,31544.27,37118.55,31544.27,37118.55,35335.66,40909.94,35335.66,18514.96,18514.96,18514.96,18514.96,25192.34,25192.34,25192.34,25192.34,22041.42,21265.64,26839.92,679.53,786.73,0.56,0.56,0.56,0.56,0.75,0.75,0.75,0.75,0.75,0.75,0.70,0.70,0.70,0.70,0.75,0.75,0.73,0.73,0.73,0.73,0.66,0.75,0.72,0.72,0.75,0.72,0.72,0.75,0.72,0.72
NZL,554,2000,2526,2526,1.00,453,451,451,1.01,1.00,0,0,0,0,1,,,,,14117.48,14117.48,14117.48,14117.48,21380.32,21380.32,21380.32,21380.32,,35046.54,0.40,0.40,0.40,0.40,0.61,0.61,0.61,0.61,,0,1917,1799,0.00,0.00,21,1820,0,0,0,1,,,,,150.26,150.26,0.00,0.00,0.00,261.90,261.90,0.00,0.00,0.00,673.97,0.22,0.22,0.00,0.00,0.00,0.39,0.39,0.00,0.00,0.00,0,1917,2528,0.00,0.00,21,1820,0,0,0,1,,,,,150.26,150.26,0.00,0.00,0.00,261.90,261.90,0.00,0.00,0.00,673.97,0.22,0.22,0.00,0.00,0.00,0.39,0.39,0.00,0.00,0.00,1917,1917,1.00,0,1820,0,0,0,0,,,,,539.18,539.18,274.00,539.18,1659.09,539.18,539.18,274.00,539.18,1659.09,673.97,0.80,0.80,0.41,0.80,2.46,0.80,0.80,0.41,0.80,2.46,18261.54,24748.64,18261.54,24748.64,25818.72,28084.15,28256.77,30250.80,28256.77,14117.48,14117.48,14117.48,14117.48,21380.32,21380.32,21380.32,21380.32,17523.27,14413.38,20081.38,543.40,581.75,0.41,0.41,0.41,0.41,0.62,0.62,0.62,0.62,0.28,0.45,0.28,0.45,0.80,0.80,0.28,0.46,0.28,0.46,0.82,0.79,0.52,0.37,0.37,0.80,0.28,0.28,0.81,0.45,0.45,0.79
NZL,554,2001,2548,2548,1.00,447,456,456,0.98,0.98,0,0,0,0,1,,,,,14704.56,14704.56,14704.56,14704.56,22295.52,22295.52,22295.52,22295.52,,36898.58,0.40,0.40,0.40,0.40,0.60,0.60,0.60,0.60,,0,1951,1845,0.00,0.00,21,1820,0,0,0,1,,,,,152.63,152.63,0.00,150.26,150.26,270.30,270.30,0.00,261.90,261.90,709.59,0.22,0.22,0.00,0.21,0.21,0.38,0.38,0.00,0.37,0.37,0,1951,2546,0.00,0.00,21,1820,0,0,0,1,,,,,152.63,152.63,0.00,150.26,150.26,270.30,270.30,0.00,261.90,261.90,709.59,0.22,0.22,0.00,0.21,0.21,0.38,0.38,0.00,0.37,0.37,1951,1951,1.00,0,1820,0,0,0,0,,,,,567.67,567.67,268.00,567.67,2016.10,567.67,567.67,268.00,567.67,2016.10,709.59,0.80,0.80,0.38,0.80,2.84,0.80,0.80,0.38,0.80,2.84,19053.79,25695.32,19053.79,25695.32,27160.52,28925.90,29719.88,29719.88,29719.88,14704.56,14704.56,14704.56,14704.56,22295.52,22295.52,22295.52,22295.52,18449.29,15144.94,20812.94,571.54,571.54,0.41,0.41,0.41,0.41,0.61,0.61,0.61,0.61,0.27,0.47,0.27,0.47,0.80,0.80,0.27,0.55,0.27,0.55,0.82,0.91,0.51,0.39,0.39,0.83,0.27,0.27,0.81,0.51,0.51,0.86
NZL,554,2002,2600,2600,1.00,450,460,460,0.98,0.98,0,0,0,0,1,,,,,14992.12,14992.12,14992.12,14992.12,22724.00,22724.00,22724.00,22724.00,,38200.61,0.39,0.39,0.39,0.39,0.59,0.59,0.59,0.59,,0,2011,1905,0.00,0.00,21,1820,0,0,0,1,,,,,157.37,157.37,0.00,152.63,152.63,278.70,278.70,0.00,270.30,270.30,734.63,0.21,0.21,0.00,0.21,0.21,0.38,0.38,0.00,0.37,0.37,0,2011,2600,0.00,0.00,21,1820,0,0,0,1,,,,,157.37,157.37,0.00,152.63,152.63,278.70,278.70,0.00,270.30,270.30,734.63,0.21,0.21,0.00,0.21,0.21,0.38,0.38,0.00,0.37,0.37,2011,2011,1.00,0,1820,0,0,0,0,,,,,587.70,587.70,256.00,587.70,1365.05,587.70,587.70,256.00,587.70,1365.05,734.63,0.80,0.80,0.35,0.80,1.86,0.80,0.80,0.35,0.80,1.86,19689.49,27100.75,19689.49,27100.75,27676.34,29766.18,30724.41,32448.23,30724.41,14992.12,14992.12,14992.12,14992.12,22724.00,22724.00,22724.00,22724.00,19100.31,15659.24,22003.24,590.85,624.00,0.40,0.40,0.40,0.40,0.60,0.60,0.60,0.60,0.27,0.45,0.27,0.45,0.80,0.80,0.27,0.49,0.27,0.49,0.80,0.74,0.50,0.37,0.37,0.79,0.27,0.27,0.80,0.47,0.47,0.77
NZL,554,2003,2659,2659,1.00,465,469,469,0.99,0.99,0,0,0,0,1,,,,,15417.48,15417.48,15417.48,15417.48,23375.04,23375.04,23375.04,23375.04,,39200.39,0.39,0.39,0.39,0.39,0.60,0.60,0.60,0.60,,0,2051,1953,0.00,0.00,21,1820,0,0,0,1,,,,,160.77,160.77,0.00,157.37,157.37,284.71,284.71,0.00,278.70,278.70,753.85,0.21,0.21,0.00,0.21,0.21,0.38,0.38,0.00,0.37,0.37,0,2051,2663,0.00,0.00,21,1820,0,0,0,1,,,,,160.77,160.77,0.00,157.37,157.37,284.71,284.71,0.00,278.70,278.70,753.85,0.21,0.21,0.00,0.21,0.21,0.38,0.38,0.00,0.37,0.37,2051,2051,1.00,0,1820,0,0,0,0,,,,,603.08,603.08,272.00,603.08,1407.34,603.08,603.08,272.00,603.08,1407.34,753.85,0.80,0.80,0.36,0.80,1.87,0.80,0.80,0.36,0.80,1.87,20171.47,27648.78,20171.47,27648.78,28400.68,30220.58,31394.26,31394.26,31394.26,15417.48,15417.48,15417.48,15417.48,23375.04,23375.04,23375.04,23375.04,19600.19,16054.15,22398.15,603.74,603.74,0.41,0.41,0.41,0.41,0.61,0.61,0.61,0.61,0.27,0.47,0.27,0.47,0.80,0.80,0.27,0.58,0.27,0.58,0.80,0.87,0.51,0.40,0.40,0.82,0.27,0.27,0.80,0.53,0.53,0.83
NZL,554,2004,2706,2706,1.00,473,480,480,0.99,0.99,0,0,0,0,1,,,,,15669.16,15669.16,15669.16,15669.16,23766.08,23766.08,23766.08,23766.08,,40269.91,0.39,0.39,0.39,0.39,0.59,0.59,0.59,0.59,,0,2107,2023,0.00,0.00,21,1820,0,0,0,1,,,,,164.16,164.16,0.00,164.16,164.16,290.72,290.72,0.00,290.72,290.72,774.42,0.21,0.21,0.00,0.21,0.21,0.38,0.38,0.00,0.38,0.38,0,2107,2711,0.00,0.00,21,1820,0,0,0,1,,,,,164.16,164.16,0.00,164.16,164.16,290.72,290.72,0.00,290.72,290.72,774.42,0.21,0.21,0.00,0.21,0.21,0.38,0.38,0.00,0.38,0.38,2107,2107,1.00,0,1820,0,0,0,0,,,,,619.54,619.54,288.00,619.54,1449.63,619.54,619.54,288.00,619.54,1449.63,774.42,0.80,0.80,0.37,0.80,1.87,0.80,0.80,0.37,0.80,1.87,20680.75,28017.85,20680.75,28017.85,29175.55,30706.67,32110.84,32110.84,32110.84,15669.16,15669.16,15669.16,15669.16,23766.08,23766.08,23766.08,23766.08,20134.96,16476.61,22820.61,617.52,617.52,0.40,0.40,0.40,0.40,0.60,0.60,0.60,0.60,0.27,0.47,0.27,0.47,0.80,0.80,0.27,0.56,0.27,0.56,0.81,0.85,0.50,0.39,0.39,0.82,0.27,0.27,0.81,0.52,0.52,0.82
NZL,554,2005,2745,2745,1.00,475,490,490,0.97,0.97,0,0,0,0,1,,,,,16105.96,16105.96,16105.96,16105.96,24456.64,24456.64,24456.64,24456.64,,41641.69,0.39,0.39,0.39,0.39,0.59,0.59,0.59,0.59,,0,2165,2082,0.00,0.00,21,1820,0,0,0,1,,,,,169.04,169.04,0.00,169.04,169.04,290.28,290.28,0.00,290.28,290.28,800.80,0.21,0.21,0.00,0.21,0.21,0.36,0.36,0.00,0.36,0.36,0,2165,2745,0.00,0.00,21,1820,0,0,0,1,,,,,169.04,169.04,0.00,169.04,169.04,290.28,290.28,0.00,290.28,290.28,800.80,0.21,0.21,0.00,0.21,0.21,0.36,0.36,0.00,0.36,0.36,2165,2165,1.00,0,1820,0,0,0,0,,,,,640.64,640.64,308.00,640.64,1492.64,640.64,640.64,308.00,640.64,1492.64,800.80,0.80,0.80,0.38,0.80,1.86,0.80,0.80,0.38,0.80,1.86,21347.58,29871.90,21347.58,29871.90,30169.40,32855.95,33029.93,35247.23,33029.93,16105.96,16105.96,16105.96,16105.96,24456.64,24456.64,24456.64,24456.64,20820.85,17018.47,24766.47,635.19,677.83,0.40,0.40,0.40,0.40,0.60,0.60,0.60,0.60,0.27,0.43,0.27,0.43,0.80,0.80,0.27,0.49,0.27,0.49,0.82,0.77,0.50,0.36,0.36,0.80,0.27,0.27,0.81,0.46,0.46,0.79
NZL,554,2006,2781,2781,1.00,489,499,499,0.98,0.98,0,0,0,0,1,,,,,16646.76,16646.76,16646.76,16646.76,25278.24,25278.24,25278.24,25278.24,,43501.73,0.38,0.38,0.38,0.38,0.58,0.58,0.58,0.58,,0,2217,2131,0.00,0.00,14,1820,0,0,0,1,,,,,173.92,173.92,0.00,173.92,173.92,289.84,289.84,0.00,289.84,289.84,836.57,0.21,0.21,0.00,0.21,0.21,0.35,0.35,0.00,0.35,0.35,0,2217,2781,0.00,0.00,14,1820,0,0,0,1,,,,,173.92,173.92,0.00,173.92,173.92,289.84,289.84,0.00,289.84,289.84,836.57,0.21,0.21,0.00,0.21,0.21,0.35,0.35,0.00,0.35,0.35,2217,2217,1.00,0,1820,0,0,0,0,,,,,669.26,669.26,328.00,669.26,1535.65,669.26,669.26,328.00,669.26,1535.65,836.57,0.80,0.80,0.39,0.80,1.84,0.80,0.80,0.39,0.80,1.84,22207.27,32143.99,22207.27,32143.99,31361.54,34019.09,34276.16,40323.81,34276.16,16646.76,16646.76,16646.76,16646.76,25278.24,25278.24,25278.24,25278.24,21750.87,17753.18,25501.18,659.16,775.46,0.40,0.40,0.40,0.40,0.60,0.60,0.60,0.60,0.26,0.37,0.26,0.37,0.80,0.80,0.27,0.45,0.27,0.45,0.82,0.57,0.50,0.34,0.34,0.75,0.27,0.27,0.81,0.41,0.41,0.69
NZL,554,2007,2810,2810,1.00,503,511,511,0.98,0.98,0,0,0,0,1,,,,,17505.80,17505.80,17505.80,17505.80,26592.80,26592.80,26592.80,26592.80,,45315.27,0.39,0.39,0.39,0.39,0.59,0.59,0.59,0.59,,0,2249,2168,0.00,0.00,14,1820,0,0,0,1,,,,,179.05,179.05,0.00,179.05,179.05,298.38,298.38,0.00,298.38,298.38,871.45,0.21,0.21,0.00,0.21,0.21,0.34,0.34,0.00,0.34,0.34,0,2249,2810,0.00,0.00,14,1820,0,0,0,1,,,,,179.05,179.05,0.00,179.05,179.05,298.38,298.38,0.00,298.38,298.38,871.45,0.21,0.21,0.00,0.21,0.21,0.34,0.34,0.00,0.34,0.34,2249,2249,1.00,0,1820,0,0,0,0,,,,,697.16,697.16,356.00,697.16,1586.85,697.16,697.16,356.00,697.16,1586.85,871.45,0.80,0.80,0.41,0.80,1.82,0.80,0.80,0.41,0.80,1.82,23055.00,33079.04,23055.00,33079.04,32455.11,34641.14,35491.23,41176.18,35491.23,17505.80,17505.80,17505.80,17505.80,26592.80,26592.80,26592.80,26592.80,22657.63,18469.53,26217.53,682.52,791.85,0.41,0.41,0.41,0.41,0.61,0.61,0.61,0.61,0.26,0.38,0.26,0.38,0.80,0.80,0.27,0.46,0.27,0.46,0.82,0.56,0.51,0.34,0.34,0.75,0.27,0.27,0.81,0.42,0.42,0.68
NZL,554,2008,2835,2835,1.00,514,523,523,0.98,0.98,0,0,0,0,1,,,,,18084.04,18084.04,18084.04,18084.04,27494.48,27494.48,27494.48,27494.48,,47291.57,0.38,0.38,0.38,0.38,0.58,0.58,0.58,0.58,,0,2266,2175,0.00,0.00,14,1820,0,0,0,1,,,,,184.17,184.17,0.00,184.17,184.17,306.92,306.92,0.00,306.92,306.92,909.45,0.20,0.20,0.00,0.20,0.20,0.34,0.34,0.00,0.34,0.34,0,2266,2835,0.00,0.00,14,1820,0,0,0,1,,,,,184.17,184.17,0.00,184.17,184.17,306.92,306.92,0.00,306.92,306.92,909.45,0.20,0.20,0.00,0.20,0.20,0.34,0.34,0.00,0.34,0.34,2266,2266,1.00,0,1820,0,0,0,0,,,,,727.56,727.56,384.00,727.56,1638.04,727.56,727.56,384.00,727.56,1638.04,909.45,0.80,0.80,0.42,0.80,1.80,0.80,0.80,0.42,0.80,1.80,24658.59,37016.09,24658.59,37016.09,35334.31,40609.90,38642.44,47183.43,38642.44,18084.04,18084.04,18084.04,18084.04,27494.48,27494.48,27494.48,27494.48,23645.78,19870.17,30596.17,743.12,907.37,0.40,0.40,0.40,0.40,0.59,0.59,0.59,0.59,0.25,0.34,0.25,0.34,0.80,0.80,0.26,0.39,0.26,0.39,0.82,0.60,0.50,0.31,0.31,0.76,0.25,0.25,0.81,0.36,0.36,0.70
NZL,554,2009,2862,2862,1.00,531,535,535,0.99,0.99,0,0,0,0,1,,,,,18954.00,18954.00,18954.00,18954.00,28457.52,28457.52,28457.52,28457.52,,48655.97,0.39,0.39,0.39,0.39,0.58,0.58,0.58,0.58,,0,2279,2145,0.00,0.00,14,1820,0,0,0,1,,,,,221.85,221.85,0.00,221.85,221.85,369.74,369.74,0.00,369.74,369.74,935.69,0.24,0.24,0.00,0.24,0.24,0.40,0.40,0.00,0.40,0.40,0,2279,2862,0.00,0.00,14,1820,0,0,0,1,,,,,221.85,221.85,0.00,221.85,221.85,369.74,369.74,0.00,369.74,369.74,935.69,0.24,0.24,0.00,0.24,0.24,0.40,0.40,0.00,0.40,0.40,2279,2279,1.00,0,1820,0,0,0,0,,,,,748.55,748.55,396.00,748.55,1678.01,748.55,748.55,396.00,748.55,1678.01,935.69,0.80,0.80,0.42,0.80,1.79,0.80,0.80,0.42,0.80,1.79,25647.59,37735.54,25647.59,37735.54,36965.73,45856.05,40294.34,48731.55,40294.34,18954.00,18954.00,18954.00,18954.00,28457.52,28457.52,28457.52,28457.52,24327.99,21249.85,31532.85,774.89,937.15,0.41,0.41,0.41,0.41,0.60,0.60,0.60,0.60,0.24,0.40,0.24,0.24,0.80,0.80,0.23,0.36,0.23,0.36,0.83,0.83,0.50,0.31,0.27,0.81,0.23,0.23,0.81,0.38,0.30,0.82
NZL,554,2010,2891,2891,1.00,551,550,550,1.00,1.00,0,0,0,0,1,,,,,19425.12,19425.12,19425.12,19425.12,29184.48,29184.48,29184.48,29184.48,,50308.96,0.39,0.39,0.39,0.39,0.58,0.58,0.58,0.58,,0,2296,2154,0.00,0.00,14,1820,0,0,0,1,,,,,221.85,221.85,0.00,221.85,221.85,369.74,369.74,0.00,369.74,369.74,967.48,0.23,0.23,0.00,0.23,0.23,0.38,0.38,0.00,0.38,0.38,0,2296,2891,0.00,0.00,14,1820,0,0,0,1,,,,,221.85,221.85,0.00,221.85,221.85,369.74,369.74,0.00,369.74,369.74,967.48,0.23,0.23,0.00,0.23,0.23,0.38,0.38,0.00,0.38,0.38,2296,2296,1.00,0,1820,0,0,0,0,,,,,773.98,773.98,408.00,773.98,1717.98,773.98,773.98,408.00,773.98,1717.98,967.48,0.80,0.80,0.42,0.80,1.78,0.80,0.80,0.42,0.80,1.78,26314.98,38402.93,26314.98,38402.93,38000.89,46759.82,41426.64,49533.25,41426.64,19425.12,19425.12,19425.12,19425.12,29184.48,29184.48,29184.48,29184.48,25154.48,21917.24,32200.24,796.67,952.56,0.40,0.40,0.40,0.40,0.60,0.60,0.60,0.60,0.23,0.38,0.23,0.23,0.80,0.80,0.23,0.36,0.23,0.36,0.82,0.84,0.50,0.30,0.26,0.82,0.23,0.23,0.81,0.37,0.29,0.82
NZL,554,2011,2903,2903,1.00,571,568,568,1.01,1.00,0,0,0,0,1,,,,,20235.28,20235.28,20235.28,20235.28,30584.32,30584.32,30584.32,30584.32,,52195.55,0.39,0.39,0.39,0.39,0.59,0.59,0.59,0.59,,0,2325,2185,0.00,0.00,14,1820,0,0,0,1,,,,,225.03,225.03,0.00,225.03,225.03,375.04,375.04,0.00,375.04,375.04,1003.76,0.22,0.22,0.00,0.22,0.22,0.37,0.37,0.00,0.37,0.37,0,2325,2903,0.00,0.00,14,1820,0,0,0,1,,,,,225.03,225.03,0.00,225.03,225.03,375.04,375.04,0.00,375.04,375.04,1003.76,0.22,0.22,0.00,0.22,0.22,0.37,0.37,0.00,0.37,0.37,2325,2325,1.00,0,1820,0,0,0,0,,,,,803.01,803.01,420.00,803.01,1751.98,803.01,803.01,420.00,803.01,1751.98,1003.76,0.80,0.80,0.42,0.80,1.75,0.80,0.80,0.42,0.80,1.75,27283.46,39399.92,27283.46,39399.92,39291.24,47915.32,42858.95,50572.24,42858.95,20235.28,20235.28,20235.28,20235.28,30584.32,30584.32,30584.32,30584.32,26097.78,22818.95,33085.95,824.21,972.54,0.41,0.41,0.41,0.41,0.60,0.60,0.60,0.60,0.22,0.37,0.22,0.22,0.80,0.80,0.22,0.36,0.22,0.36,0.82,0.85,0.51,0.30,0.26,0.82,0.22,0.22,0.81,0.37,0.29,0.82
NZL,554,2012,2909,2909,1.00,599,583,583,1.03,1.00,0,0,0,0,1,,,,,20803.64,20803.64,20803.64,20803.64,31449.60,31449.60,31449.60,31449.60,,53872.51,0.39,0.39,0.39,0.39,0.58,0.58,0.58,0.58,,0,2331,2180,0.00,0.00,14,1820,0,0,0,1,,,,,229.01,229.01,0.00,229.01,229.01,381.68,381.68,0.00,381.68,381.68,1036.01,0.22,0.22,0.00,0.22,0.22,0.37,0.37,0.00,0.37,0.37,0,2331,2909,0.00,0.00,14,1820,0,0,0,1,,,,,229.01,229.01,0.00,229.01,229.01,381.68,381.68,0.00,381.68,381.68,1036.01,0.22,0.22,0.00,0.22,0.22,0.37,0.37,0.00,0.37,0.37,2331,2331,1.00,0,1820,0,0,0,0,,,,,828.81,828.81,432.00,828.81,1785.99,828.81,828.81,432.00,828.81,1785.99,1036.01,0.80,0.80,0.42,0.80,1.72,0.80,0.80,0.42,0.80,1.72,28374.67,41014.09,28374.67,41014.09,40919.68,49633.94,44690.76,52260.22,44690.76,20803.64,20803.64,20803.64,20803.64,31449.60,31449.60,31449.60,31449.60,26936.26,23722.41,34495.41,859.44,1005.00,0.41,0.41,0.41,0.41,0.60,0.60,0.60,0.60,0.22,0.37,0.22,0.22,0.80,0.80,0.22,0.37,0.22,0.37,0.82,0.85,0.50,0.29,0.26,0.82,0.22,0.22,0.81,0.37,0.29,0.83
NZL,554,2013,2923,2923,1.00,626,599,599,1.05,1.00,0,0,0,0,1,,,,,21336.64,21336.64,21336.64,21336.64,32275.36,32275.36,32275.36,32275.36,,55339.86,0.39,0.39,0.39,0.39,0.58,0.58,0.58,0.58,,0,2362,2224,0.00,0.00,14,1820,0,0,0,1,,,,,230.40,230.40,0.00,230.40,230.40,384.00,384.00,0.00,384.00,384.00,1064.23,0.22,0.22,0.00,0.22,0.22,0.36,0.36,0.00,0.36,0.36,0,2362,2923,0.00,0.00,14,1820,0,0,0,1,,,,,230.40,230.40,0.00,230.40,230.40,384.00,384.00,0.00,384.00,384.00,1064.23,0.22,0.22,0.00,0.22,0.22,0.36,0.36,0.00,0.36,0.36,2362,2362,1.00,0,1820,0,0,0,0,,,,,851.38,851.38,444.00,851.38,1816.61,851.38,851.38,444.00,851.38,1816.61,1064.23,0.80,0.80,0.42,0.80,1.71,0.80,0.80,0.42,0.80,1.71,29009.77,41500.41,29009.77,41500.41,41844.11,50277.74,45717.90,52975.56,45717.90,21336.64,21336.64,21336.64,21336.64,32275.36,32275.36,32275.36,32275.36,27669.93,24327.69,35100.69,879.19,1018.76,0.41,0.41,0.41,0.41,0.60,0.60,0.60,0.60,0.22,0.36,0.22,0.22,0.80,0.80,0.22,0.36,0.22,0.36,0.82,0.85,0.51,0.29,0.25,0.82,0.22,0.22,0.81,0.36,0.29,0.82
NZL,554,2014,2963,2963,1.00,653,619,619,1.05,1.00,0,0,0,0,1,,,,,21931.52,21931.52,21931.52,21931.52,33199.92,33199.92,33199.92,33199.92,,57016.82,0.38,0.38,0.38,0.38,0.58,0.58,0.58,0.58,,0,2441,2308,0.00,0.00,14,1820,0,0,0,1,,,,,233.59,233.59,0.00,233.59,233.59,348.42,348.42,0.00,348.42,348.42,1096.48,0.21,0.21,0.00,0.21,0.21,0.32,0.32,0.00,0.32,0.32,0,2441,2963,0.00,0.00,14,1820,0,0,0,1,,,,,233.59,233.59,0.00,233.59,233.59,348.42,348.42,0.00,348.42,348.42,1096.48,0.21,0.21,0.00,0.21,0.21,0.32,0.32,0.00,0.32,0.32,2441,2441,1.00,0,1820,0,0,0,0,,,,,877.18,877.18,456.00,877.18,1847.23,877.18,877.18,456.00,877.18,1847.23,1096.48,0.80,0.80,0.42,0.80,1.68,0.80,0.80,0.42,0.80,1.68,29769.94,41447.36,29769.94,41447.36,42900.60,51013.50,46891.77,53793.07,46891.77,21931.52,21931.52,21931.52,21931.52,33199.92,33199.92,33199.92,33199.92,28508.41,25019.44,35792.44,901.76,1034.48,0.41,0.41,0.41,0.41,0.61,0.61,0.61,0.61,0.21,0.32,0.21,0.21,0.80,0.80,0.22,0.31,0.22,0.31,0.82,0.85,0.51,0.27,0.24,0.82,0.22,0.22,0.81,0.32,0.26,0.82
NZL,554,2015,3014,3014,1.00,678,646,646,1.05,1.00,0,0,0,0,1,,,,,22417.20,22417.20,22417.20,22417.20,33935.20,33935.20,33935.20,33935.20,,58484.17,0.38,0.38,0.38,0.38,0.58,0.58,0.58,0.58,,0,2504,2369,0.00,0.00,14,1820,0,0,0,1,,,,,234.78,234.78,0.00,234.78,234.78,391.28,391.28,0.00,391.28,391.28,1124.70,0.21,0.21,0.00,0.21,0.21,0.35,0.35,0.00,0.35,0.35,0,2504,3014,0.00,0.00,14,1820,0,0,0,1,,,,,234.78,234.78,0.00,234.78,234.78,391.28,391.28,0.00,391.28,391.28,1124.70,0.21,0.21,0.00,0.21,0.21,0.35,0.35,0.00,0.35,0.35,2504,2504,1.00,0,1820,0,0,0,0,,,,,899.76,899.76,472.00,899.76,1876.37,899.76,899.76,472.00,899.76,1876.37,1124.70,0.80,0.80,0.42,0.80,1.67,0.80,0.80,0.42,0.80,1.67,30400.75,42579.29,30400.75,42579.29,43825.03,51657.30,47918.92,54508.41,47918.92,22417.20,22417.20,22417.20,22417.20,33935.20,33935.20,33935.20,33935.20,29242.08,25624.72,36397.72,921.52,1048.24,0.41,0.41,0.41,0.41,0.60,0.60,0.60,0.60,0.21,0.35,0.21,0.21,0.80,0.80,0.21,0.34,0.21,0.34,0.82,0.84,0.51,0.28,0.24,0.81,0.21,0.21,0.81,0.34,0.28,0.82
NZL,554,2016,3073,3073,1.00,705,675,675,1.04,1.00,0,0,0,0,1,,,,,23058.36,23058.36,23058.36,23058.36,34916.96,34916.96,34916.96,34916.96,,59698.01,0.39,0.39,0.39,0.39,0.58,0.58,0.58,0.58,,0,2617,2483,0.00,0.00,14,1820,0,0,0,1,,,,,234.78,234.78,0.00,234.78,234.78,419.22,419.22,0.00,419.22,419.22,1148.04,0.20,0.20,0.00,0.20,0.20,0.37,0.37,0.00,0.37,0.37,0,2617,3073,0.00,0.00,14,1820,0,0,0,1,,,,,234.78,234.78,0.00,234.78,234.78,419.22,419.22,0.00,419.22,419.22,1148.04,0.20,0.20,0.00,0.20,0.20,0.37,0.37,0.00,0.37,0.37,2617,2617,1.00,0,1820,0,0,0,0,,,,,918.43,918.43,488.00,918.43,1905.50,918.43,918.43,488.00,918.43,1905.50,1148.04,0.80,0.80,0.43,0.80,1.66,0.80,0.80,0.43,0.80,1.66,30901.46,43395.97,30901.46,43395.97,44589.75,52189.88,48768.61,55100.15,48768.61,23058.36,23058.36,23058.36,23058.36,34916.96,34916.96,34916.96,34916.96,29849.01,26125.43,36898.43,937.86,1059.62,0.41,0.41,0.41,0.41,0.61,0.61,0.61,0.61,0.20,0.37,0.20,0.20,0.80,0.80,0.21,0.36,0.21,0.36,0.82,0.84,0.51,0.28,0.24,0.81,0.21,0.21,0.81,0.36,0.28,0.82
NZL,554,2017,3127,3127,1.00,729,707,707,1.03,1.00,0,0,0,0,1,,,,,23405.20,23405.20,23405.20,23405.20,35443.20,35443.20,35443.20,35443.20,,60713.03,0.39,0.39,0.39,0.39,0.58,0.58,0.58,0.58,,0,2715,2586,0.00,0.00,14,1820,0,0,0,1,,,,,237.37,237.37,0.00,237.37,237.37,423.84,423.84,0.00,423.84,423.84,1167.56,0.20,0.20,0.00,0.20,0.20,0.36,0.36,0.00,0.36,0.36,0,2715,3127,0.00,0.00,14,1820,0,0,0,1,,,,,237.37,237.37,0.00,237.37,237.37,423.84,423.84,0.00,423.84,423.84,1167.56,0.20,0.20,0.00,0.20,0.20,0.36,0.36,0.00,0.36,0.36,2715,2715,1.00,0,1820,0,0,0,0,,,,,934.05,934.05,508.00,934.05,2021.52,934.05,934.05,508.00,934.05,2021.52,1167.56,0.80,0.80,0.44,0.80,1.73,0.80,0.80,0.44,0.80,1.73,31375.71,44042.56,31375.71,44042.56,45229.21,53056.57,49479.12,55940.44,49479.12,23405.20,23405.20,23405.20,23405.20,35443.20,35443.20,35443.20,35443.20,30356.51,26544.12,37967.12,951.52,1075.78,0.41,0.41,0.41,0.41,0.61,0.61,0.61,0.61,0.20,0.36,0.20,0.20,0.80,0.80,0.21,0.34,0.21,0.34,0.81,0.84,0.51,0.28,0.24,0.81,0.21,0.21,0.81,0.35,0.27,0.82
NZL,554,2018,3170,3170,1.00,753,738,738,1.02,1.00,0,0,0,0,1,,,,,24078.08,24078.08,24078.08,24078.08,36479.04,36479.04,36479.04,36479.04,,62167.55,0.39,0.39,0.39,0.39,0.59,0.59,0.59,0.59,,0,2772,2652,0.00,0.00,14,1820,0,0,0,1,,,,,240.60,240.60,0.00,240.60,240.60,429.60,429.60,0.00,429.60,429.60,1195.53,0.20,0.20,0.00,0.20,0.20,0.36,0.36,0.00,0.36,0.36,0,2772,3170,0.00,0.00,14,1820,0,0,0,1,,,,,240.60,240.60,0.00,240.60,240.60,429.60,429.60,0.00,429.60,429.60,1195.53,0.20,0.20,0.00,0.20,0.20,0.36,0.36,0.00,0.36,0.36,2772,2772,1.00,0,1820,0,0,0,0,,,,,956.42,956.42,528.00,956.42,1976.46,956.42,956.42,528.00,956.42,1976.46,1195.53,0.80,0.80,0.44,0.80,1.65,0.80,0.80,0.44,0.80,1.65,32044.98,51467.03,32044.98,51467.03,46145.56,60345.86,50497.29,63143.40,50497.29,24078.08,24078.08,24078.08,24078.08,36479.04,36479.04,36479.04,36479.04,31083.78,27144.11,44137.11,971.10,1214.30,0.41,0.41,0.41,0.41,0.62,0.62,0.62,0.62,0.20,0.36,0.20,0.20,0.80,0.80,0.21,0.39,0.21,0.39,0.81,0.85,0.51,0.29,0.25,0.82,0.21,0.21,0.81,0.37,0.29,0.83
NZL,554,2019,3209,3209,1.00,781,767,767,1.02,1.00,0,0,0,0,1,,,,,24721.84,24721.84,24721.84,24721.84,37483.68,37483.68,37483.68,37483.68,,64417.34,0.38,0.38,0.38,0.38,0.58,0.58,0.58,0.58,,0,2811,2695,0.00,0.00,14,1820,0,0,0,1,,,,,244.67,244.67,0.00,244.67,244.67,436.88,436.88,0.00,436.88,436.88,1238.79,0.20,0.20,0.00,0.20,0.20,0.35,0.35,0.00,0.35,0.35,0,2811,3209,0.00,0.00,14,1820,0,0,0,1,,,,,244.67,244.67,0.00,244.67,244.67,436.88,436.88,0.00,436.88,436.88,1238.79,0.20,0.20,0.00,0.20,0.20,0.35,0.35,0.00,0.35,0.35,2811,2811,1.00,0,1820,0,0,0,0,,,,,991.04,991.04,566.40,991.04,2021.52,991.04,991.04,566.40,991.04,2021.52,1238.79,0.80,0.80,0.46,0.80,1.63,0.80,0.80,0.46,0.80,1.63,33060.32,52334.34,33060.32,52334.34,47562.92,61257.02,52072.14,64155.80,52072.14,24721.84,24721.84,24721.84,24721.84,37483.68,37483.68,37483.68,37483.68,32208.67,28072.15,45065.15,1001.39,1233.77,0.41,0.41,0.41,0.41,0.61,0.61,0.61,0.61,0.20,0.35,0.20,0.20,0.80,0.80,0.21,0.38,0.21,0.38,0.81,0.85,0.51,0.28,0.25,0.82,0.20,0.20,0.81,0.37,0.29,0.82
NZL,554,2020,3268,3268,1.00,809,796,796,1.02,1.00,0,0,0,0,1,,,,,25517.96,25517.96,38716.08,38716.08,38716.08,38716.08,38716.08,38716.08,,66368.91,0.38,0.38,0.58,0.58,0.58,0.58,0.58,0.58,,0,2861,2730,0.00,0.00,14,1820,0,0,0,1,,,,,281.00,281.00,0.00,281.00,281.00,478.28,478.28,0.00,478.28,478.28,1276.33,0.22,0.22,0.00,0.22,0.22,0.37,0.37,0.00,0.37,0.37,0,2861,3268,0.00,0.00,14,1820,0,0,0,1,,,,,281.00,281.00,0.00,281.00,281.00,478.28,478.28,0.00,478.28,478.28,1276.33,0.22,0.22,0.00,0.22,0.22,0.37,0.37,0.00,0.37,0.37,2861,2861,1.00,0,1820,0,0,0,0,,,,,1021.06,1021.06,604.80,1021.06,2066.58,1021.06,1021.06,604.80,1021.06,2066.58,1276.33,0.80,0.80,0.47,0.80,1.62,0.80,0.80,0.47,0.80,1.62,34644.63,53514.35,34644.63,53514.35,48792.41,62047.41,65034.01,65034.01,65034.01,25517.96,25517.96,38716.08,38716.08,38716.08,38716.08,38716.08,38716.08,33184.46,28877.18,45870.18,1250.65,1250.65,0.34,0.34,0.51,0.51,0.51,0.51,0.51,0.51,0.22,0.37,0.22,0.22,0.80,0.80,0.16,0.40,0.16,0.40,0.55,0.84,0.42,0.29,0.25,0.75,0.19,0.19,0.68,0.39,0.31,0.82
NZL,554,2021,3332,3332,1.00,838,814,814,1.03,1.00,0,0,0,0,1,,,,,26345.28,26345.28,26345.28,26345.28,39983.84,39983.84,39983.84,39983.84,,68036.64,0.39,0.39,0.39,0.39,0.59,0.59,0.59,0.59,,0,2900,2790,0.00,0.00,14,1820,0,0,0,1,,,,,314.73,314.73,0.00,314.73,314.73,537.56,537.56,0.00,537.56,537.56,1308.40,0.24,0.24,0.00,0.24,0.24,0.41,0.41,0.00,0.41,0.41,0,2900,3332,0.00,0.00,14,1820,0,0,0,1,,,,,314.73,314.73,0.00,314.73,314.73,537.56,537.56,0.00,537.56,537.56,1308.40,0.24,0.24,0.00,0.24,0.24,0.41,0.41,0.00,0.41,0.41,2900,2900,1.00,0,1820,0,0,0,0,,,,,1046.72,1046.72,641.60,1046.72,2115.14,1046.72,1046.72,641.60,1046.72,2115.14,1308.40,0.80,0.80,0.49,0.80,1.62,0.80,0.80,0.49,0.80,1.62,36056.07,54889.05,36056.07,54889.05,49843.08,62731.84,65793.49,65793.49,65793.49,26345.28,26345.28,26345.28,26345.28,39983.84,39983.84,39983.84,39983.84,34018.32,29565.11,46567.11,1265.26,1265.26,0.35,0.35,0.35,0.35,0.52,0.52,0.52,0.52,0.24,0.41,0.24,0.24,0.80,0.80,0.18,0.43,0.18,0.43,0.56,0.84,0.43,0.32,0.27,0.75,0.21,0.21,0.68,0.42,0.34,0.82
NZL,554,2022,3330,3330,1.00,858,836,836,1.03,1.00,0,0,0,0,1,,,,,27988.48,27988.48,27988.48,27988.48,42500.64,42500.64,42500.64,42500.64,,69704.36,0.40,0.40,0.40,0.40,0.61,0.61,0.61,0.61,,0,2933,2837,0.00,0.00,14,1820,0,0,0,1,,,,,358.97,358.97,0.00,358.97,358.97,640.38,640.38,0.00,640.38,640.38,1340.47,0.27,0.27,0.00,0.27,0.27,0.48,0.48,0.00,0.48,0.48,0,2933,3330,0.00,0.00,14,1820,0,0,0,1,,,,,358.97,358.97,0.00,358.97,358.97,640.38,640.38,0.00,640.38,640.38,1340.47,0.27,0.27,0.00,0.27,0.27,0.48,0.48,0.00,0.48,0.48,2933,2933,1.00,0,1820,0,0,0,0,,,,,1072.37,1072.37,678.40,1072.37,2163.70,1072.37,1072.37,678.40,1072.37,2163.70,1340.47,0.80,0.80,0.51,0.80,1.61,0.80,0.80,0.51,0.80,1.61,37680.90,57513.89,37680.90,57513.89,50893.75,64228.59,67225.87,67225.87,67225.87,27988.48,27988.48,27988.48,27988.48,42500.64,42500.64,42500.64,42500.64,34852.18,30253.05,48477.05,1292.81,1292.81,0.36,0.36,0.36,0.36,0.54,0.54,0.54,0.54,0.27,0.48,0.27,0.27,0.80,0.80,0.20,0.48,0.20,0.48,0.56,0.84,0.45,0.36,0.30,0.75,0.23,0.23,0.68,0.48,0.37,0.82
NZL,554,2023,3382,3382,1.00,883,874,874,1.01,1.00,0,0,0,0,1,,,,,30090.84,30090.84,30090.84,30090.84,45738.16,45738.16,45738.16,45738.16,,71372.09,0.42,0.42,0.42,0.42,0.64,0.64,0.64,0.64,,0,3042,2928,0.00,0.00,14,1820,0,0,0,1,,,,,386.54,386.54,0.00,386.54,386.54,689.90,689.90,0.00,689.90,689.90,1372.54,0.28,0.28,0.00,0.28,0.28,0.50,0.50,0.00,0.50,0.50,0,3042,3382,0.00,0.00,14,1820,0,0,0,1,,,,,386.54,386.54,0.00,386.54,386.54,689.90,689.90,0.00,689.90,689.90,1372.54,0.28,0.28,0.00,0.28,0.28,0.50,0.50,0.00,0.50,0.50,3042,3042,1.00,0,1820,0,0,0,0,,,,,1098.03,1098.03,793.20,1098.03,2210.43,1098.03,1098.03,793.20,1098.03,2210.43,1372.54,0.80,0.80,0.58,0.80,1.61,0.80,0.80,0.58,0.80,1.61,38120.89,57872.45,38120.89,57872.45,51477.45,64587.15,67901.83,67901.83,67901.83,30090.84,30090.84,30090.84,30090.84,45738.16,45738.16,45738.16,45738.16,35686.04,30940.99,49164.99,1305.80,1305.80,0.35,0.35,0.35,0.35,0.53,0.53,0.53,0.53,0.28,0.50,0.28,0.28,0.80,0.80,0.19,0.46,0.19,0.46,0.56,0.82,0.44,0.36,0.31,0.74,0.24,0.24,0.68,0.48,0.37,0.81
NOR,578,2000,2911,2911,1.00,629,681,618,0.92,1.00,40,40,0,0,1,,,,,84204.00,127357.02,138639.93,197424.00,147357.00,163639.52,174922.43,197424.00,,283111.47,0.30,0.45,0.49,0.70,0.52,0.58,0.62,0.70,,2255,2333,2255,0.97,1.00,3,156,52,52,0,0,,,,,3269.81,3269.81,870.78,3269.81,3480.00,3439.81,3439.81,1040.78,3439.81,3650.00,5444.45,0.60,0.60,0.16,0.60,0.64,0.63,0.63,0.19,0.63,0.67,2255,2333,2911,0.97,0.77,0,52,2,2,0,0,,,,,5444.45,5444.45,465.16,5444.45,5576.92,5444.45,5444.45,465.16,5444.45,5576.92,5444.45,1.00,1.00,0.09,1.00,1.02,1.00,1.00,0.09,1.00,1.02,2255,2333,0.97,0,52,0,0,0,0,,,,,5504.95,5444.45,0.00,5444.45,5576.92,5504.95,5444.45,0.00,5444.45,5576.92,5444.45,1.01,1.00,0.00,1.00,1.02,1.01,1.00,0.00,1.00,1.02,163462.53,197592.17,199044.52,230336.52,199044.52,230336.52,199044.52,230336.52,206800.52,84204.00,127357.02,138639.93,197424.00,147357.00,163639.52,174922.43,197424.00,141555.73,107354.62,138646.62,3827.78,4429.55,0.39,0.54,0.58,0.80,0.63,0.69,0.73,0.81,0.60,0.63,1.00,1.00,1.01,1.01,0.61,0.64,1.00,1.00,1.00,1.00,0.62,0.62,1.00,1.00,0.61,1.00,1.00,0.64,1.00,1.00
NOR,578,2001,2932,2932,1.00,629,677,614,0.93,1.00,40,40,0,0,1,,,,,88032.00,134090.54,146017.28,193415.00,154056.00,172043.04,183969.78,193415.00,,294825.91,0.30,0.45,0.50,0.66,0.52,0.58,0.62,0.66,,2265,2348,2265,0.96,1.00,3,156,52,52,0,0,,,,,3397.34,3397.34,910.86,3397.34,3648.00,3567.34,3567.34,1080.86,3567.34,3818.00,5669.73,0.60,0.60,0.16,0.60,0.64,0.63,0.63,0.19,0.63,0.67,2265,2348,2932,0.96,0.77,0,52,2,2,0,0,,,,,5669.73,5669.73,486.57,5669.73,5846.15,5669.73,5669.73,486.57,5669.73,5846.15,5669.73,1.00,1.00,0.09,1.00,1.03,1.00,1.00,0.09,1.00,1.03,2265,2348,0.96,0,52,0,0,0,0,,,,,5732.73,5669.73,0.00,5669.73,5846.15,5732.73,5669.73,0.00,5669.73,5846.15,5669.73,1.01,1.00,0.00,1.00,1.03,1.01,1.00,0.00,1.00,1.03,170695.48,204925.12,207839.74,239231.74,207839.74,239231.74,207839.74,239231.74,215903.74,88032.00,134090.54,146017.28,193415.00,154056.00,172043.04,183969.78,193415.00,147412.95,111783.76,143175.76,3996.92,4600.61,0.39,0.55,0.59,0.76,0.63,0.70,0.74,0.77,0.60,0.63,1.00,1.00,1.01,1.01,0.61,0.64,1.00,1.00,1.00,1.00,0.62,0.62,1.00,1.00,0.61,1.00,1.00,0.64,1.00,1.00
NOR,578,2002,2955,2955,1.00,629,675,610,0.93,1.00,40,40,0,0,1,,,,,92100.00,141906.18,154573.73,202358.00,161175.00,181831.18,194498.73,202358.00,,306595.01,0.30,0.46,0.50,0.66,0.53,0.59,0.63,0.66,,2276,2364,2276,0.96,1.00,3,156,52,52,0,0,,,,,3537.91,3537.91,958.20,3537.91,3828.00,3707.91,3707.91,1128.20,3707.91,3998.00,5896.06,0.60,0.60,0.16,0.60,0.65,0.63,0.63,0.19,0.63,0.68,2276,2364,2955,0.96,0.77,0,52,2,2,0,0,,,,,5896.06,5896.06,511.86,5896.06,6134.62,5896.06,5896.06,511.86,5896.06,6134.62,5896.06,1.00,1.00,0.09,1.00,1.04,1.00,1.00,0.09,1.00,1.04,2276,2364,0.96,0,52,0,0,0,0,,,,,5961.57,5896.06,0.00,5896.06,6134.62,5961.57,5896.06,0.00,5896.06,6134.62,5896.06,1.01,1.00,0.00,1.00,1.04,1.01,1.00,0.00,1.00,1.04,177939.81,212533.45,217302.00,249058.00,217302.00,249058.00,217302.00,249058.00,225730.00,92100.00,141906.18,154573.73,202358.00,161175.00,181831.18,194498.73,202358.00,153297.51,116717.36,148473.36,4178.88,4789.58,0.38,0.55,0.60,0.76,0.63,0.71,0.75,0.77,0.60,0.63,1.00,1.00,1.01,1.01,0.61,0.64,1.00,1.00,1.00,1.00,0.63,0.62,1.00,1.00,0.60,1.00,1.00,0.63,1.00,1.00
NOR,578,2003,2980,2980,1.00,629,674,605,0.93,1.00,40,40,0,0,1,,,,,97140.00,149972.84,163402.67,213430.00,169995.00,191945.84,205375.67,213430.00,,314374.59,0.31,0.48,0.52,0.68,0.54,0.61,0.65,0.68,,2258,2353,2258,0.96,1.00,3,104,52,52,0,0,,,,,3679.14,3679.14,1007.35,3679.14,4032.00,3849.14,3849.14,1177.35,3849.14,4202.00,6045.67,0.61,0.61,0.17,0.61,0.67,0.64,0.64,0.19,0.64,0.70,2258,2353,2980,0.96,0.76,0,52,2,2,0,0,,,,,6045.67,6045.67,538.12,6045.67,6461.54,6045.67,6045.67,538.12,6045.67,6461.54,6045.67,1.00,1.00,0.09,1.00,1.07,1.00,1.00,0.09,1.00,1.07,2258,2353,0.96,0,52,0,0,0,0,,,,,6112.84,6045.67,0.00,6045.67,6461.54,6112.84,6045.67,0.00,6045.67,6461.54,6045.67,1.01,1.00,0.00,1.00,1.07,1.01,1.00,0.00,1.00,1.07,183970.45,218984.09,223472.49,255648.49,223472.49,255648.49,223472.49,255648.49,232320.49,97140.00,149972.84,163402.67,213430.00,169995.00,191945.84,205375.67,213430.00,157187.30,120325.23,152501.23,4297.55,4916.32,0.39,0.57,0.62,0.78,0.65,0.73,0.77,0.79,0.61,0.64,1.00,1.00,1.01,1.01,0.62,0.64,1.00,1.00,1.00,1.00,0.65,0.63,1.00,1.00,0.61,1.00,1.00,0.64,1.00,1.00
NOR,578,2004,3006,3006,1.00,629,676,603,0.93,1.00,40,40,0,0,1,,,,,105408.00,156460.76,170506.72,231583.00,189734.40,202971.96,217017.92,231583.00,,328537.40,0.32,0.48,0.52,0.70,0.58,0.62,0.66,0.70,,2266,2365,2266,0.96,1.00,3,104,52,52,0,0,,,,,3772.50,3772.50,1046.50,3772.50,4188.00,3942.50,3942.50,1216.50,3942.50,4358.00,6318.03,0.60,0.60,0.17,0.60,0.66,0.62,0.62,0.19,0.62,0.69,2266,2365,3006,0.96,0.75,0,52,4,4,0,0,,,,,6318.03,6318.03,559.03,6318.03,6711.54,6318.03,6318.03,559.03,6318.03,6711.54,6318.03,1.00,1.00,0.09,1.00,1.06,1.00,1.00,0.09,1.00,1.06,2266,2365,0.96,0,52,0,0,0,0,,,,,6388.23,6318.03,0.00,6318.03,6711.54,6388.23,6318.03,0.00,6318.03,6711.54,6318.03,1.01,1.00,0.00,1.00,1.06,1.01,1.00,0.00,1.00,1.06,190942.99,226312.63,233433.01,265965.01,233433.01,265965.01,233433.01,265965.01,242645.01,105408.00,156460.76,170506.72,231583.00,189734.40,202971.96,217017.92,231583.00,164268.70,125711.36,158243.36,4489.10,5114.71,0.40,0.57,0.61,0.81,0.69,0.73,0.77,0.82,0.60,0.62,1.00,1.00,1.01,1.01,0.61,0.63,1.00,1.00,1.00,1.00,0.65,0.61,1.00,1.00,0.60,1.00,1.00,0.63,1.00,1.00
NOR,578,2005,3035,3035,1.00,629,680,604,0.92,1.00,40,40,0,0,1,,,,,105408.00,162333.49,176944.18,231583.00,192369.60,211881.89,226492.58,231583.00,,337713.31,0.31,0.48,0.52,0.69,0.57,0.63,0.67,0.69,,2283,2387,2283,0.96,1.00,3,104,52,52,0,0,,,,,3942.45,3942.45,1081.06,3942.45,4320.00,4112.45,4112.45,1251.06,4112.45,4490.00,6494.49,0.61,0.61,0.17,0.61,0.67,0.63,0.63,0.19,0.63,0.69,2283,2387,3035,0.96,0.75,0,52,4,4,0,0,,,,,6494.49,6494.49,577.49,6494.49,6923.08,6494.49,6494.49,577.49,6494.49,6923.08,6494.49,1.00,1.00,0.09,1.00,1.07,1.00,1.00,0.09,1.00,1.07,2283,2387,0.96,0,52,0,0,0,0,,,,,6566.65,6494.49,0.00,6494.49,6923.08,6566.65,6494.49,0.00,6494.49,6923.08,6494.49,1.01,1.00,0.00,1.00,1.07,1.01,1.00,0.00,1.00,1.07,199861.33,235594.97,242459.95,275355.95,242459.95,275355.95,242459.95,275355.95,252035.95,105408.00,162333.49,176944.18,231583.00,192369.60,211881.89,226492.58,231583.00,168856.65,130747.54,163643.54,4662.69,5295.31,0.39,0.57,0.62,0.79,0.68,0.74,0.79,0.80,0.61,0.63,1.00,1.00,1.01,1.01,0.62,0.64,1.00,1.00,1.00,1.00,0.66,0.63,1.00,1.00,0.61,1.00,1.00,0.64,1.00,1.00
NOR,578,2006,3070,3070,1.00,636,684,606,0.93,1.00,40,40,0,0,1,,,,,108852.00,168687.32,183905.37,239151.00,201376.20,221524.17,236742.22,239151.00,,356513.84,0.31,0.47,0.52,0.67,0.56,0.62,0.66,0.67,,2353,2436,2353,0.97,1.00,3,104,52,52,0,0,,,,,4052.56,4052.56,1118.90,4052.56,4476.00,4222.56,4222.56,1288.90,4222.56,4646.00,6856.04,0.59,0.59,0.16,0.59,0.65,0.62,0.62,0.19,0.62,0.68,2353,2436,3070,0.97,0.77,0,52,4,4,0,0,,,,,6856.04,6856.04,597.70,6856.04,7173.08,6856.04,6856.04,597.70,6856.04,7173.08,6856.04,1.00,1.00,0.09,1.00,1.05,1.00,1.00,0.09,1.00,1.05,2353,2436,0.97,0,52,0,0,0,0,,,,,6932.21,6856.04,0.00,6856.04,7173.08,6932.21,6856.04,0.00,6856.04,7173.08,6856.04,1.01,1.00,0.00,1.00,1.05,1.01,1.00,0.00,1.00,1.05,209106.27,245175.91,255901.89,289133.89,255901.89,289133.89,255901.89,289133.89,265813.89,108852.00,168687.32,183905.37,239151.00,201376.20,221524.17,236742.22,239151.00,178256.92,141323.00,174555.00,4921.19,5560.27,0.39,0.58,0.62,0.78,0.68,0.74,0.78,0.79,0.59,0.62,1.00,1.00,1.01,1.01,0.59,0.62,1.00,1.00,1.00,1.00,0.66,0.60,1.00,1.00,0.59,1.00,1.00,0.62,1.00,1.00
NOR,578,2007,3113,3113,1.00,643,689,610,0.93,1.00,40,40,0,0,1,,,,,112788.00,178524.37,194669.95,247794.00,208657.80,234203.90,247794.00,247794.00,,380014.51,0.30,0.47,0.51,0.65,0.55,0.62,0.65,0.65,,2434,2496,2434,0.98,1.00,3,104,52,52,0,0,,,,,4278.17,4278.17,1179.10,4278.17,4716.00,4448.17,4448.17,1349.10,4448.17,4886.00,7307.97,0.59,0.59,0.16,0.59,0.65,0.61,0.61,0.18,0.61,0.67,2434,2496,3113,0.98,0.78,0,52,4,4,0,0,,,,,7307.97,7307.97,629.86,7307.97,7557.69,7307.97,7307.97,629.86,7307.97,7557.69,7307.97,1.00,1.00,0.09,1.00,1.03,1.00,1.00,0.09,1.00,1.03,2434,2496,0.98,0,52,0,0,0,0,,,,,7389.17,7307.97,0.00,7307.97,7557.69,7389.17,7307.97,0.00,7307.97,7557.69,7307.97,1.01,1.00,0.00,1.00,1.03,1.01,1.00,0.00,1.00,1.03,221619.81,258137.45,272193.32,305873.32,272193.32,305873.32,272193.32,305873.32,282553.32,112788.00,178524.37,194669.95,247794.00,208657.80,234203.90,247794.00,247794.00,190007.26,150208.66,183888.66,5234.49,5882.18,0.38,0.58,0.62,0.76,0.67,0.73,0.77,0.77,0.59,0.61,1.00,1.00,1.01,1.01,0.59,0.61,1.00,1.00,1.00,1.00,0.65,0.60,1.00,1.00,0.59,1.00,1.00,0.61,1.00,1.00
NOR,578,2008,3159,3159,1.00,650,699,614,0.93,1.00,40,40,0,0,1,,,,,119820.00,189085.34,206224.96,263239.00,221667.00,247827.14,263239.00,263239.00,,396726.10,0.30,0.48,0.52,0.66,0.56,0.62,0.66,0.66,,2514,2579,2514,0.97,1.00,3,104,52,52,0,0,,,,,4560.17,4560.17,1243.94,4560.17,4980.00,4730.17,4730.17,1413.94,4730.17,5150.00,7629.35,0.60,0.60,0.16,0.60,0.65,0.62,0.62,0.19,0.62,0.68,2514,2579,3159,0.97,0.80,0,52,4,4,0,0,,,,,7629.35,7629.35,664.50,7629.35,7980.77,7629.35,7629.35,664.50,7629.35,7980.77,7629.35,1.00,1.00,0.09,1.00,1.05,1.00,1.00,0.09,1.00,1.05,2514,2579,0.97,0,52,0,0,0,0,,,,,7714.12,7629.35,0.00,7629.35,7980.77,7714.12,7629.35,0.00,7629.35,7980.77,7629.35,1.01,1.00,0.00,1.00,1.05,1.01,1.00,0.00,1.00,1.05,233105.50,270101.14,284336.16,318494.16,284336.16,318494.16,284336.16,318494.16,295214.16,119820.00,189085.34,206224.96,263239.00,221667.00,247827.14,263239.00,263239.00,198363.05,156987.08,191145.08,5468.00,6124.89,0.38,0.58,0.63,0.77,0.68,0.74,0.78,0.78,0.60,0.62,1.00,1.00,1.01,1.01,0.60,0.62,1.00,1.00,1.00,1.00,0.66,0.61,1.00,1.00,0.60,1.00,1.00,0.62,1.00,1.00
NOR,578,2009,3200,3200,1.00,657,714,617,0.92,1.00,40,40,0,0,1,,,,,136296.00,197518.01,215448.30,276808.00,252147.60,258723.11,276653.40,276808.00,,413775.90,0.33,0.48,0.52,0.67,0.61,0.63,0.67,0.67,,2499,2580,2499,0.97,1.00,3,104,52,52,0,0,,,,,4760.71,4760.71,1296.11,4760.71,5184.00,4930.71,4930.71,1466.11,4930.71,5354.00,7957.23,0.60,0.60,0.16,0.60,0.65,0.62,0.62,0.18,0.62,0.67,2499,2580,3200,0.97,0.78,0,52,4,4,0,0,,,,,7957.23,7957.23,692.37,7957.23,8307.69,7957.23,7957.23,692.37,7957.23,8307.69,7957.23,1.00,1.00,0.09,1.00,1.04,1.00,1.00,0.09,1.00,1.04,2499,2580,0.97,0,52,0,0,0,0,,,,,8045.64,7957.23,0.00,7957.23,8307.69,8045.64,7957.23,0.00,7957.23,8307.69,7957.23,1.01,1.00,0.00,1.00,1.04,1.01,1.00,0.00,1.00,1.04,243409.89,280951.53,296766.13,331470.13,296766.13,331470.13,296766.13,331470.13,308190.13,136296.00,197518.01,215448.30,276808.00,252147.60,258723.11,276653.40,276808.00,206887.95,163944.06,198648.06,5707.04,6374.43,0.42,0.58,0.63,0.78,0.73,0.74,0.78,0.78,0.60,0.62,1.00,1.00,1.01,1.01,0.60,0.62,1.00,1.00,1.00,1.00,0.66,0.61,1.00,1.00,0.60,1.00,1.00,0.62,1.00,1.00
NOR,578,2010,3237,3237,1.00,664,732,625,0.91,1.00,40,40,0,0,1,,,,,143568.00,205281.00,223932.43,339280.00,265600.80,268793.85,287445.28,339280.00,,427856.84,0.34,0.48,0.52,0.79,0.62,0.63,0.67,0.79,,2501,2592,2501,0.96,1.00,3,104,52,52,0,0,,,,,4965.31,4965.31,1344.98,4965.31,5376.00,5135.31,5135.31,1514.98,5135.31,5546.00,8228.02,0.60,0.60,0.16,0.60,0.65,0.62,0.62,0.18,0.62,0.67,2501,2592,3237,0.96,0.77,0,52,4,4,0,0,,,,,8228.02,8228.02,718.47,8228.02,8615.38,8228.02,8228.02,718.47,8228.02,8615.38,8228.02,1.00,1.00,0.09,1.00,1.05,1.00,1.00,0.09,1.00,1.05,2501,2592,0.96,0,52,0,0,0,0,,,,,8319.44,8228.02,0.00,8228.02,8615.38,8319.44,8228.02,0.00,8228.02,8615.38,8228.02,1.01,1.00,0.00,1.00,1.05,1.01,1.00,0.00,1.00,1.05,252425.81,290362.25,306886.89,341985.69,306886.89,341985.69,306886.89,341985.69,318705.69,143568.00,205281.00,223932.43,339280.00,265600.80,268793.85,287445.28,339280.00,213928.42,169544.85,204643.65,5901.67,6576.65,0.42,0.59,0.63,0.90,0.74,0.75,0.79,0.90,0.60,0.62,1.00,1.00,1.01,1.01,0.60,0.62,1.00,1.00,1.00,1.00,0.67,0.61,1.00,1.00,0.60,1.00,1.00,0.62,1.00,1.00
NOR,578,2011,3275,3275,1.00,696,755,637,0.92,1.00,40,40,0,0,1,,,,,151272.00,214511.97,234010.21,298020.00,279853.20,280832.66,298020.00,298020.00,,447110.40,0.34,0.48,0.52,0.67,0.63,0.63,0.67,0.67,,2536,2620,2536,0.97,1.00,3,104,52,52,0,0,,,,,5134.28,5134.28,1404.44,5134.28,5616.00,5304.28,5304.28,1574.44,5304.28,5786.00,8598.28,0.60,0.60,0.16,0.60,0.65,0.62,0.62,0.18,0.62,0.67,2536,2620,3275,0.97,0.77,0,52,4,4,0,0,,,,,8598.28,8598.28,750.23,8598.28,9000.00,8598.28,8598.28,750.23,8598.28,9000.00,8598.28,1.00,1.00,0.09,1.00,1.05,1.00,1.00,0.09,1.00,1.05,2536,2620,0.97,0,52,0,0,0,0,,,,,8693.81,8598.28,0.00,8598.28,9000.00,8693.81,8598.28,0.00,8598.28,9000.00,8598.28,1.01,1.00,0.00,1.00,1.05,1.01,1.00,0.00,1.00,1.05,262473.87,300799.51,320294.88,355782.88,320294.88,355782.88,320294.88,355782.88,332502.88,151272.00,214511.97,234010.21,298020.00,279853.20,280832.66,298020.00,298020.00,223555.20,176772.44,212260.44,6159.52,6841.98,0.43,0.59,0.63,0.77,0.74,0.74,0.78,0.78,0.60,0.62,1.00,1.00,1.01,1.01,0.60,0.62,1.00,1.00,1.00,1.00,0.67,0.61,1.00,1.00,0.60,1.00,1.00,0.62,1.00,1.00
NOR,578,2012,3314,3314,1.00,729,779,655,0.93,1.00,40,40,0,0,1,,,,,157639.00,223274.58,243577.62,312108.00,291632.15,292254.92,312108.00,312108.00,,466791.81,0.34,0.48,0.52,0.67,0.62,0.63,0.67,0.67,,2585,2669,2585,0.97,1.00,3,104,52,52,0,0,,,,,5365.32,5365.32,1460.76,5365.32,5844.00,5535.32,5535.32,1630.76,5535.32,6014.00,8976.77,0.60,0.60,0.16,0.60,0.65,0.62,0.62,0.18,0.62,0.67,2585,2669,3314,0.97,0.78,0,52,4,4,0,0,,,,,8976.77,8976.77,780.32,8976.77,9365.38,8976.77,8976.77,780.32,8976.77,9365.38,8976.77,1.00,1.00,0.09,1.00,1.04,1.00,1.00,0.09,1.00,1.04,2585,2669,0.97,0,52,0,0,0,0,,,,,9076.51,8976.77,0.00,8976.77,9365.38,9076.51,8976.77,0.00,8976.77,9365.38,8976.77,1.01,1.00,0.00,1.00,1.04,1.01,1.00,0.00,1.00,1.04,273978.17,312793.81,334260.34,370238.34,334260.34,370238.34,334260.34,370238.34,346958.34,157639.00,223274.58,243577.62,312108.00,291632.15,292254.92,312108.00,312108.00,233395.90,184420.17,220398.17,6428.08,7119.97,0.43,0.58,0.63,0.78,0.74,0.74,0.78,0.78,0.60,0.62,1.00,1.00,1.01,1.01,0.60,0.62,1.00,1.00,1.00,1.00,0.66,0.61,1.00,1.00,0.60,1.00,1.00,0.62,1.00,1.00
NOR,578,2013,3349,3349,1.00,761,802,673,0.95,1.00,40,40,0,0,1,,,,,162615.00,231828.38,252917.58,323561.00,300837.75,303401.78,323561.00,323561.00,,483906.08,0.34,0.48,0.52,0.67,0.62,0.63,0.67,0.67,,2602,2694,2602,0.97,1.00,3,104,52,52,0,0,,,,,5601.50,5601.50,1515.67,5601.50,6060.00,5771.50,5771.50,1685.67,5771.50,6230.00,9305.89,0.60,0.60,0.16,0.60,0.65,0.62,0.62,0.18,0.62,0.67,2602,2694,3349,0.97,0.78,0,52,4,4,0,0,,,,,9305.89,9305.89,809.65,9305.89,9711.54,9305.89,9305.89,809.65,9305.89,9711.54,9305.89,1.00,1.00,0.09,1.00,1.04,1.00,1.00,0.09,1.00,1.04,2602,2694,0.97,0,52,0,0,0,0,,,,,9409.28,9305.89,0.00,9305.89,9711.54,9409.28,9305.89,0.00,9305.89,9711.54,9305.89,1.01,1.00,0.00,1.00,1.04,1.01,1.00,0.00,1.00,1.04,284800.12,324119.76,346633.70,383115.70,346633.70,383115.70,346633.70,383115.70,359835.70,162615.00,231828.38,252917.58,323561.00,300837.75,303401.78,323561.00,323561.00,241953.04,191299.85,227781.85,6666.03,7367.61,0.43,0.59,0.63,0.78,0.74,0.74,0.78,0.78,0.60,0.62,1.00,1.00,1.01,1.01,0.60,0.62,1.00,1.00,1.00,1.00,0.66,0.61,1.00,1.00,0.60,1.00,1.00,0.62,1.00,1.00
NOR,578,2014,3382,3382,1.00,793,823,699,0.96,1.00,40,40,0,0,1,,,,,167963.00,240584.16,262477.85,335865.00,310731.55,314813.24,335865.00,335865.00,,496741.79,0.34,0.48,0.53,0.68,0.63,0.63,0.68,0.68,,2627,2721,2627,0.97,1.00,3,104,52,52,0,0,,,,,5806.87,5806.87,1571.91,5806.87,6288.00,5976.87,5976.87,1741.91,5976.87,6458.00,9552.73,0.61,0.61,0.16,0.61,0.66,0.63,0.63,0.18,0.63,0.68,2627,2721,3382,0.97,0.78,0,52,4,4,0,0,,,,,9552.73,9552.73,839.70,9552.73,10076.92,9552.73,9552.73,839.70,9552.73,10076.92,9552.73,1.00,1.00,0.09,1.00,1.05,1.00,1.00,0.09,1.00,1.05,2627,2721,0.97,0,52,0,0,0,0,,,,,9658.87,9552.73,0.00,9552.73,10076.92,9658.87,9552.73,0.00,9552.73,10076.92,9552.73,1.01,1.00,0.00,1.00,1.05,1.01,1.00,0.00,1.00,1.05,294675.04,327083.20,357785.18,387329.18,357785.18,387329.18,357785.18,387329.18,364049.18,167963.00,240584.16,262477.85,335865.00,310731.55,314813.24,335865.00,335865.00,248370.89,196840.84,226384.84,6880.48,7448.64,0.43,0.59,0.64,0.79,0.74,0.75,0.79,0.79,0.61,0.63,1.00,1.00,1.01,1.01,0.61,0.63,1.00,1.00,1.00,1.00,0.67,0.62,1.00,1.00,0.61,1.00,1.00,0.63,1.00,1.00
NOR,578,2015,3412,3412,1.00,825,845,723,0.98,1.00,40,40,0,0,1,,,,,173274.00,246604.78,269048.04,348178.00,320556.90,322681.48,345124.74,348178.00,,510433.21,0.34,0.48,0.53,0.68,0.63,0.63,0.68,0.68,,2641,2760,2641,0.96,1.00,3,104,52,52,0,0,,,,,5960.90,5960.90,1611.04,5960.90,6444.00,6130.90,6130.90,1781.04,6130.90,6614.00,9816.02,0.61,0.61,0.16,0.61,0.66,0.62,0.62,0.18,0.62,0.67,2641,2760,3412,0.96,0.77,0,52,4,4,0,0,,,,,9816.02,9816.02,860.60,9816.02,10326.92,9816.02,9816.02,860.60,9816.02,10326.92,9816.02,1.00,1.00,0.09,1.00,1.05,1.00,1.00,0.09,1.00,1.05,2641,2760,0.96,0,52,0,0,0,0,,,,,9925.09,9816.02,0.00,9816.02,10326.92,9925.09,9816.02,0.00,9816.02,10326.92,9816.02,1.01,1.00,0.00,1.00,1.05,1.01,1.00,0.00,1.00,1.05,303461.13,336044.79,368412.22,398131.72,368412.22,398131.72,368412.22,398131.72,374851.72,173274.00,246604.78,269048.04,348178.00,320556.90,322681.48,345124.74,348178.00,255216.61,203031.86,232751.36,7084.85,7656.38,0.43,0.59,0.64,0.79,0.74,0.75,0.79,0.80,0.61,0.62,1.00,1.00,1.01,1.01,0.61,0.62,1.00,1.00,1.00,1.00,0.67,0.62,1.00,1.00,0.61,1.00,1.00,0.62,1.00,1.00
NOR,578,2016,3435,3435,1.00,849,865,745,0.98,1.00,40,40,0,0,1,,,,,175739.00,252808.47,275818.25,354868.00,325117.15,330787.47,353797.25,354868.00,,516094.79,0.34,0.49,0.53,0.69,0.63,0.64,0.69,0.69,,2638,2768,2638,0.95,1.00,3,104,52,52,0,0,,,,,6125.20,6125.20,1651.32,6125.20,6600.00,6295.20,6295.20,1821.32,6295.20,6770.00,9924.90,0.62,0.62,0.17,0.62,0.66,0.63,0.63,0.18,0.63,0.68,2638,2768,3435,0.95,0.77,0,52,4,4,0,0,,,,,9924.90,9924.90,882.12,9924.90,10576.92,9924.90,9924.90,882.12,9924.90,10576.92,9924.90,1.00,1.00,0.09,1.00,1.07,1.00,1.00,0.09,1.00,1.07,2638,2768,0.95,0,52,0,0,0,0,,,,,10035.18,9924.90,0.00,9924.90,10576.92,10035.18,9924.90,0.00,9924.90,10576.92,9924.90,1.01,1.00,0.00,1.00,1.07,1.01,1.00,0.00,1.00,1.07,311000.82,343283.24,375314.57,404719.57,375314.57,404719.57,375314.57,404719.57,381439.57,175739.00,252808.47,275818.25,354868.00,325117.15,330787.47,353797.25,354868.00,258047.39,207325.71,236730.71,7217.59,7783.07,0.44,0.60,0.64,0.80,0.74,0.75,0.80,0.80,0.62,0.63,1.00,1.00,1.01,1.01,0.62,0.63,1.00,1.00,1.00,1.00,0.68,0.63,1.00,1.00,0.62,1.00,1.00,0.63,1.00,1.00
NOR,578,2017,3453,3453,1.00,870,886,766,0.98,1.00,40,40,0,0,1,,,,,183748.00,257055.93,280452.30,364749.00,349121.20,349121.20,364405.50,364749.00,,523855.62,0.35,0.49,0.54,0.70,0.67,0.67,0.70,0.70,,2644,2759,2644,0.96,1.00,3,104,52,52,0,0,,,,,6193.14,6193.14,1679.06,6193.14,6720.00,6363.14,6363.14,1849.06,6363.14,6890.00,10074.15,0.61,0.61,0.17,0.61,0.67,0.63,0.63,0.18,0.63,0.68,2644,2759,3453,0.96,0.77,0,52,4,4,0,0,,,,,10074.15,10074.15,896.94,10074.15,10769.23,10074.15,10074.15,896.94,10074.15,10769.23,10074.15,1.00,1.00,0.09,1.00,1.07,1.00,1.00,0.09,1.00,1.07,2644,2759,0.96,0,52,0,0,0,0,,,,,10186.08,10074.15,0.00,10074.15,10769.23,10186.08,10074.15,0.00,10074.15,10769.23,10074.15,1.01,1.00,0.00,1.00,1.07,1.01,1.00,0.00,1.00,1.07,316978.89,349185.13,382961.48,412277.48,382961.48,412277.48,382961.48,412277.48,388997.48,183748.00,257055.93,280452.30,364749.00,349121.20,349121.20,364405.50,364749.00,261927.81,211686.88,241002.88,7364.64,7928.41,0.45,0.60,0.64,0.81,0.78,0.78,0.81,0.81,0.61,0.63,1.00,1.00,1.01,1.01,0.61,0.63,1.00,1.00,1.00,1.00,0.69,0.62,1.00,1.00,0.61,1.00,1.00,0.63,1.00,1.00
NOR,578,2018,3467,3467,1.00,889,908,786,0.98,1.00,40,40,0,0,1,,,,,188766.00,263996.64,288024.73,368918.00,358655.40,358655.40,368918.00,368918.00,,538859.88,0.35,0.49,0.53,0.68,0.67,0.67,0.68,0.68,,2686,2792,2686,0.96,1.00,3,104,52,52,0,0,,,,,6286.27,6286.27,1724.40,6286.27,6900.00,6456.27,6456.27,1894.40,6456.27,7070.00,10362.69,0.61,0.61,0.17,0.61,0.67,0.62,0.62,0.18,0.62,0.68,2686,2792,3467,0.96,0.77,0,52,4,4,0,0,,,,,10362.69,10362.69,921.15,10362.69,11057.69,10362.69,10362.69,921.15,10362.69,11057.69,10362.69,1.00,1.00,0.09,1.00,1.07,1.00,1.00,0.09,1.00,1.07,2686,2792,0.96,0,52,0,0,0,0,,,,,10477.83,10362.69,0.00,10362.69,11057.69,10477.83,10362.69,0.00,10362.69,11057.69,10362.69,1.01,1.00,0.00,1.00,1.07,1.01,1.00,0.00,1.00,1.07,325460.65,351635.75,394882.12,418162.12,394882.12,418162.12,394882.12,418162.12,394882.12,188766.00,263996.64,288024.73,368918.00,358655.40,358655.40,368918.00,368918.00,269429.94,218405.51,241685.51,7593.89,8041.58,0.45,0.60,0.64,0.79,0.78,0.78,0.79,0.79,0.61,0.62,1.00,1.00,1.01,1.01,0.61,0.62,1.00,1.00,1.00,1.00,0.69,0.61,1.00,1.00,0.61,1.00,1.00,0.62,1.00,1.00
NOR,578,2019,3485,3485,1.00,910,930,806,0.98,1.00,40,40,0,0,1,,,,,194192.00,272446.55,297243.72,381719.00,368964.80,368964.80,381719.00,381719.00,,557097.81,0.35,0.49,0.53,0.69,0.66,0.66,0.69,0.69,,2716,2819,2716,0.96,1.00,3,104,52,52,0,0,,,,,6466.32,6466.32,1779.59,6466.32,7116.00,6636.32,6636.32,1949.59,6636.32,7286.00,10713.42,0.60,0.60,0.17,0.60,0.66,0.62,0.62,0.18,0.62,0.68,2716,2819,3485,0.96,0.78,0,52,4,4,0,0,,,,,10713.42,10713.42,950.64,10713.42,11403.85,10713.42,10713.42,950.64,10713.42,11403.85,10713.42,1.00,1.00,0.09,1.00,1.06,1.00,1.00,0.09,1.00,1.06,2716,2819,0.96,0,52,0,0,0,0,,,,,10832.46,10713.42,0.00,10713.42,11403.85,10832.46,10713.42,0.00,10713.42,11403.85,10713.42,1.01,1.00,0.00,1.00,1.06,1.01,1.00,0.00,1.00,1.06,336600.06,364459.58,409038.61,433998.61,409038.61,433998.61,409038.61,433998.61,409038.61,194192.00,272446.55,297243.72,381719.00,368964.80,368964.80,381719.00,381719.00,278548.91,226310.53,251270.53,7866.13,8346.13,0.45,0.60,0.64,0.80,0.77,0.77,0.80,0.80,0.60,0.62,1.00,1.00,1.01,1.01,0.60,0.62,1.00,1.00,1.00,1.00,0.69,0.61,1.00,1.00,0.60,1.00,1.00,0.62,1.00,1.00
NOR,578,2020,3500,3500,1.00,931,954,827,0.98,1.00,40,40,0,0,1,,,,,194192.00,277922.14,303217.68,393441.00,368964.80,368964.80,393441.00,393441.00,,569773.83,0.34,0.49,0.53,0.69,0.65,0.65,0.69,0.69,,2702,2827,2702,0.96,1.00,3,104,52,52,0,0,,,,,6685.17,6685.17,1815.36,6685.17,7260.00,6855.17,6855.17,1985.36,6855.17,7430.00,10957.19,0.61,0.61,0.17,0.61,0.66,0.63,0.63,0.18,0.63,0.68,2702,2827,3500,0.96,0.77,0,52,4,4,0,0,,,,,10957.19,10957.19,969.74,10957.19,11634.62,10957.19,10957.19,969.74,10957.19,11634.62,10957.19,1.00,1.00,0.09,1.00,1.06,1.00,1.00,0.09,1.00,1.06,2702,2827,0.96,0,52,0,0,0,0,,,,,11078.94,10957.19,0.00,10957.19,11634.62,11078.94,10957.19,0.00,10957.19,11634.62,10957.19,1.01,1.00,0.00,1.00,1.06,1.01,1.00,0.00,1.00,1.06,344461.84,373857.36,417325.33,443821.33,417325.33,443821.33,417325.33,443821.33,417325.33,194192.00,277922.14,303217.68,393441.00,368964.80,368964.80,393441.00,393441.00,284886.91,230439.52,256935.52,8025.49,8535.03,0.44,0.60,0.64,0.80,0.76,0.76,0.80,0.80,0.61,0.63,1.00,1.00,1.01,1.01,0.61,0.63,1.00,1.00,1.00,1.00,0.68,0.62,1.00,1.00,0.61,1.00,1.00,0.63,1.00,1.00
NOR,578,2021,3512,3512,1.00,949,978,850,0.97,1.00,40,40,0,0,1,,,,,204690.00,288567.43,314831.87,399323.00,388911.00,388911.00,399323.00,399323.00,,586867.04,0.35,0.49,0.54,0.68,0.66,0.66,0.68,0.68,,2798,2926,2798,0.96,1.00,3,104,52,52,0,0,,,,,6837.29,6837.29,1884.89,6837.29,7536.00,7007.29,7007.29,2054.89,7007.29,7706.00,11285.90,0.61,0.61,0.17,0.61,0.67,0.62,0.62,0.18,0.62,0.68,2798,2926,3512,0.96,0.80,0,52,4,4,0,0,,,,,11285.90,11285.90,1006.89,11285.90,12076.92,11285.90,11285.90,1006.89,11285.90,12076.92,11285.90,1.00,1.00,0.09,1.00,1.07,1.00,1.00,0.09,1.00,1.07,2798,2926,0.96,0,52,0,0,0,0,,,,,11411.30,11285.90,0.00,11285.90,12076.92,11411.30,11285.90,0.00,11285.90,12076.92,11285.90,1.01,1.00,0.00,1.00,1.07,1.01,1.00,0.00,1.00,1.07,354199.45,386003.81,430306.42,459202.42,430306.42,459202.42,430306.42,459202.42,430306.42,204690.00,288567.43,314831.87,399323.00,388911.00,388911.00,399323.00,399323.00,293433.52,237227.16,266123.16,8275.12,8830.82,0.45,0.60,0.64,0.79,0.77,0.77,0.79,0.79,0.61,0.62,1.00,1.00,1.01,1.01,0.61,0.62,1.00,1.00,1.00,1.00,0.69,0.61,1.00,1.00,0.61,1.00,1.00,0.62,1.00,1.00
NOR,578,2022,3541,3541,1.00,964,1000,871,0.96,1.00,40,40,0,0,1,,,,,207130.50,302533.35,330068.92,416212.00,393547.95,401339.25,416212.00,416212.00,,604473.06,0.34,0.50,0.55,0.69,0.65,0.66,0.69,0.69,,2859,2955,2859,0.97,1.00,3,104,52,52,0,0,,,,,7042.40,7042.40,1976.12,7042.40,7908.00,7212.40,7212.40,2146.12,7212.40,8078.00,11624.48,0.61,0.61,0.17,0.61,0.68,0.62,0.62,0.18,0.62,0.69,2859,2955,3541,0.97,0.81,0,52,4,4,0,0,,,,,11624.48,11624.48,1055.62,11624.48,12673.08,11624.48,11624.48,1055.62,11624.48,12673.08,11624.48,1.00,1.00,0.09,1.00,1.09,1.00,1.00,0.09,1.00,1.09,2859,2955,0.97,0,52,0,0,0,0,,,,,11753.64,11624.48,0.00,11624.48,12673.08,11753.64,11624.48,0.00,11624.48,12673.08,11624.48,1.01,1.00,0.00,1.00,1.09,1.01,1.00,0.00,1.00,1.09,366725.42,402402.62,445353.87,478113.87,445353.87,478113.87,445353.87,478113.87,445353.87,207130.50,302533.35,330068.92,416212.00,393547.95,401339.25,416212.00,416212.00,302236.53,245877.76,278637.76,8564.50,9194.50,0.44,0.61,0.65,0.80,0.76,0.77,0.80,0.80,0.61,0.62,1.00,1.00,1.01,1.01,0.61,0.62,1.00,1.00,1.00,1.00,0.69,0.61,1.00,1.00,0.61,1.00,1.00,0.62,1.00,1.00
NOR,578,2023,3583,3583,1.00,984,1023,892,0.96,1.00,40,40,0,0,1,,,,,209571.00,320320.51,349475.02,439219.00,398184.90,424935.61,439219.00,439219.00,,622607.25,0.34,0.51,0.56,0.71,0.64,0.68,0.71,0.71,,2892,2999,2892,0.96,1.00,3,104,52,52,0,0,,,,,7253.68,7253.68,2092.30,7253.68,8364.00,7603.68,7603.68,2442.30,7603.68,8714.00,11973.22,0.61,0.61,0.17,0.61,0.70,0.64,0.64,0.20,0.64,0.73,2892,2999,3583,0.96,0.81,0,52,4,4,0,0,,,,,11973.22,11973.22,1117.68,11973.22,13403.85,11973.22,11973.22,1117.68,11973.22,13403.85,11973.22,1.00,1.00,0.09,1.00,1.12,1.00,1.00,0.09,1.00,1.12,2892,2999,0.96,0,52,0,0,0,0,,,,,12106.25,11973.22,0.00,11973.22,13403.85,12106.25,11973.22,0.00,11973.22,13403.85,11973.22,1.01,1.00,0.00,1.00,1.12,1.01,1.00,0.00,1.00,1.12,380716.78,419491.88,461826.79,494586.79,461826.79,494586.79,461826.79,494586.79,461826.79,209571.00,320320.51,349475.02,439219.00,398184.90,424935.61,439219.00,439219.00,311303.62,256055.10,288815.10,8881.28,9511.28,0.44,0.62,0.67,0.81,0.75,0.79,0.81,0.81,0.61,0.64,1.00,1.00,1.01,1.01,0.61,0.64,1.00,1.00,1.00,1.00,0.71,0.62,1.00,1.00,0.61,1.00,1.00,0.64,1.00,1.00
POL,616,2000,14512,26136,0.56,4630,4684,5627,0.99,0.82,50,25,0,0,0,,,,,5476.74,13982.59,15319.98,29650.77,5476.74,13982.59,15319.98,29650.77,,21072.00,0.26,0.66,0.73,1.41,0.26,0.66,0.73,1.41,,9354,17313,10454,0.54,0.89,6,26,78,52,0,1,,,,,100.34,100.26,80.21,120.31,120.31,100.34,100.26,80.21,120.31,120.31,405.23,0.25,0.25,0.20,0.30,0.30,0.25,0.25,0.20,0.30,0.30,15489,17313,26136,0.89,0.59,0,26,4,4,0,0,,,,,324.18,324.18,0.00,324.18,0.00,324.18,324.18,0.00,324.18,0.00,405.23,0.80,0.80,0.00,0.80,0.00,0.80,0.80,0.00,0.80,0.00,13801,17313,0.80,0,26,0,0,0,0,,,,,405.23,405.23,0.00,405.23,0.00,405.23,405.23,0.00,405.23,0.00,405.23,1.00,1.00,0.00,1.00,0.00,1.00,1.00,0.00,1.00,0.00,8368.52,9674.32,14031.94,15337.74,13769.63,15075.43,14512.83,15818.63,14949.03,5476.74,13982.59,15319.98,29650.77,5476.74,13982.59,15319.98,29650.77,10536.00,7582.63,7582.63,279.09,304.20,0.30,0.73,0.80,1.51,0.32,0.74,0.80,1.50,0.25,0.25,0.80,0.80,1.00,1.00,0.11,0.25,0.93,0.94,0.89,0.91,0.73,0.22,0.87,0.95,0.18,0.87,0.95,0.25,0.87,0.95
POL,616,2001,14353,26313,0.55,4627,4768,5690,0.97,0.81,50,25,0,0,0,,,,,5646.12,14479.13,15847.37,31451.21,5646.12,14479.13,15847.37,31451.21,,22404.00,0.25,0.65,0.71,1.40,0.25,0.65,0.71,1.40,,9057,17375,10198,0.52,0.89,6,26,78,52,0,1,,,,,103.44,102.21,81.77,122.65,122.65,103.44,102.21,81.77,122.65,122.65,430.85,0.24,0.24,0.19,0.28,0.28,0.24,0.24,0.19,0.28,0.28,14996,17375,26313,0.86,0.57,0,26,4,4,0,0,,,,,344.68,344.68,0.00,344.68,0.00,344.68,344.68,0.00,344.68,0.00,430.85,0.80,0.80,0.00,0.80,0.00,0.80,0.80,0.00,0.80,0.00,13461,17375,0.77,0,26,0,0,0,0,,,,,430.85,430.85,0.00,430.85,0.00,430.85,430.85,0.00,430.85,0.00,430.85,1.00,1.00,0.00,1.00,0.00,1.00,1.00,0.00,1.00,0.00,8875.64,10291.06,14964.33,16379.75,14685.44,16100.86,15527.76,16943.18,16004.86,5646.12,14479.13,15847.37,31451.21,5646.12,14479.13,15847.37,31451.21,11202.00,7893.12,7893.12,298.61,325.83,0.29,0.71,0.77,1.50,0.32,0.72,0.78,1.48,0.24,0.24,0.80,0.80,1.00,1.00,0.13,0.26,0.93,0.94,0.89,0.91,0.71,0.22,0.87,0.95,0.18,0.86,0.94,0.25,0.87,0.95
POL,616,2002,14276,26456,0.54,4666,4861,5754,0.96,0.81,50,25,0,0,0,,,,,6363.12,14617.84,15987.16,32292.65,6363.12,14617.84,15987.16,32292.65,,22944.00,0.28,0.64,0.70,1.41,0.28,0.64,0.70,1.41,,8760,17213,9853,0.51,0.89,6,26,78,52,0,1,,,,,110.09,110.01,88.01,132.01,132.01,110.09,110.01,88.01,132.01,132.01,441.23,0.25,0.25,0.20,0.30,0.30,0.25,0.25,0.20,0.30,0.30,12803,17213,26456,0.74,0.48,0,26,4,4,0,0,,,,,352.98,352.98,0.00,352.98,0.00,352.98,352.98,0.00,352.98,0.00,441.23,0.80,0.80,0.00,0.80,0.00,0.80,0.80,0.00,0.80,0.00,13030,17213,0.76,0,26,0,0,0,0,,,,,441.23,441.23,0.00,441.23,0.00,441.23,441.23,0.00,441.23,0.00,441.23,1.00,1.00,0.00,1.00,0.00,1.00,1.00,0.00,1.00,0.00,9239.06,10764.10,15392.73,16917.77,15107.12,16632.16,15969.74,17494.78,16487.74,6363.12,14617.84,15987.16,32292.65,6363.12,14617.84,15987.16,32292.65,11472.00,7881.69,7881.69,307.11,336.44,0.32,0.70,0.76,1.50,0.34,0.71,0.77,1.48,0.25,0.25,0.80,0.80,1.00,1.00,0.17,0.30,0.93,0.94,0.89,0.91,0.70,0.24,0.87,0.95,0.21,0.86,0.95,0.27,0.87,0.96
POL,616,2003,14328,26592,0.54,4740,4912,5776,0.97,0.82,50,25,0,0,0,,,,,6557.04,14905.22,16293.00,33307.36,6557.04,14905.22,16293.00,33307.36,,23772.00,0.28,0.63,0.69,1.40,0.28,0.63,0.69,1.40,,8662,16939,9898,0.51,0.88,6,26,78,52,0,1,,,,,110.09,110.01,88.01,132.01,132.01,110.09,110.01,88.01,132.01,132.01,457.15,0.24,0.24,0.19,0.29,0.29,0.24,0.24,0.19,0.29,0.29,12641,16939,26592,0.75,0.48,0,26,4,4,0,0,,,,,365.72,365.72,0.00,365.72,0.00,365.72,365.72,0.00,365.72,0.00,457.15,0.80,0.80,0.00,0.80,0.00,0.80,0.80,0.00,0.80,0.00,12872,16939,0.76,0,26,0,0,0,0,,,,,457.15,457.15,0.00,457.15,0.00,457.15,457.15,0.00,457.15,0.00,457.15,1.00,1.00,0.00,1.00,0.00,1.00,1.00,0.00,1.00,0.00,9495.13,11045.21,15931.70,17481.78,15635.79,17185.87,16529.54,18079.62,17059.62,6557.04,14905.22,16293.00,33307.36,6557.04,14905.22,16293.00,33307.36,11886.00,8218.23,8218.23,317.88,347.69,0.32,0.69,0.75,1.49,0.34,0.70,0.75,1.48,0.24,0.24,0.80,0.80,1.00,1.00,0.15,0.29,0.93,0.94,0.89,0.91,0.69,0.23,0.87,0.95,0.20,0.86,0.95,0.26,0.87,0.95
POL,616,2004,14397,26720,0.54,4975,4981,5820,1.00,0.85,50,25,0,0,0,,,,,6750.96,15391.73,16818.02,34699.43,6750.96,15391.73,16818.02,34699.43,,24648.00,0.27,0.62,0.68,1.41,0.27,0.62,0.68,1.41,,8640,17023,9983,0.51,0.87,6,26,78,52,0,1,,,,,116.44,116.35,93.08,139.62,139.62,116.44,116.35,93.08,139.62,139.62,474.00,0.25,0.25,0.20,0.29,0.29,0.25,0.25,0.20,0.29,0.29,12720,17023,26720,0.75,0.48,0,26,4,4,0,0,,,,,379.20,379.20,0.00,379.20,0.00,379.20,379.20,0.00,379.20,0.00,474.00,0.80,0.80,0.00,0.80,0.00,0.80,0.80,0.00,0.80,0.00,13032,17023,0.77,0,26,0,0,0,0,,,,,474.00,474.00,0.00,474.00,0.00,474.00,474.00,0.00,474.00,0.00,474.00,1.00,1.00,0.00,1.00,0.00,1.00,1.00,0.00,1.00,0.00,10823.80,12385.88,17310.66,18872.74,17741.43,19303.51,17115.30,17645.38,17645.38,6750.96,15391.73,16818.02,34699.43,6750.96,15391.73,16818.02,34699.43,12324.00,8541.18,8541.18,329.14,339.33,0.34,0.74,0.81,1.63,0.36,0.75,0.81,1.61,0.25,0.25,0.80,0.80,1.00,1.00,0.27,0.42,1.02,1.13,1.07,1.18,0.74,0.29,0.94,1.00,0.26,0.91,1.00,0.33,0.97,1.00
POL,616,2005,14713,26836,0.55,5441,5040,5860,1.08,0.93,50,25,0,0,0,,,,,6750.96,15467.70,16874.30,36071.32,6750.96,15467.70,16874.30,36071.32,,25488.00,0.26,0.61,0.66,1.42,0.26,0.61,0.66,1.42,,8787,17161,10409,0.51,0.84,7,26,78,52,0,1,,,,,116.44,116.35,93.08,139.62,139.62,116.44,116.35,93.08,139.62,139.62,490.15,0.24,0.24,0.19,0.28,0.28,0.24,0.24,0.19,0.28,0.28,12891,17161,26836,0.75,0.48,0,26,4,4,0,0,,,,,392.12,392.12,0.00,392.12,0.00,392.12,392.12,0.00,392.12,0.00,490.15,0.80,0.80,0.00,0.80,0.00,0.80,0.80,0.00,0.80,0.00,13374,17161,0.78,0,26,0,0,0,0,,,,,490.15,490.15,0.00,490.15,0.00,490.15,490.15,0.00,490.15,0.00,490.15,1.00,1.00,0.00,1.00,0.00,1.00,1.00,0.00,1.00,0.00,11050.28,12612.36,17825.48,19387.56,18270.93,19833.01,17390.36,17920.44,17920.44,6750.96,15467.70,16874.30,36071.32,6750.96,15467.70,16874.30,36071.32,12744.00,9076.79,10638.87,334.43,344.62,0.34,0.73,0.80,1.66,0.36,0.74,0.80,1.65,0.24,0.24,0.80,0.80,1.00,1.00,0.24,0.27,1.05,1.20,1.11,1.26,0.74,0.25,0.96,1.00,0.24,0.93,1.00,0.25,1.00,1.00
POL,616,2006,14969,26937,0.56,5872,5091,5930,1.15,0.99,50,25,0,0,0,,,,,7169.52,16030.11,17484.16,37549.10,7169.52,16030.11,17484.16,37549.10,,26952.00,0.27,0.59,0.65,1.39,0.27,0.59,0.65,1.39,,8966,16938,10955,0.53,0.82,7,26,78,52,0,1,,,,,116.44,116.35,93.08,139.62,139.62,116.44,116.35,93.08,139.62,139.62,518.31,0.22,0.22,0.18,0.27,0.27,0.22,0.22,0.18,0.27,0.27,13220,16938,26937,0.78,0.49,0,26,4,4,0,0,,,,,414.65,414.65,0.00,414.65,0.00,414.65,414.65,0.00,414.65,0.00,518.31,0.80,0.80,0.00,0.80,0.00,0.80,0.80,0.00,0.80,0.00,13931,16938,0.82,0,26,0,0,0,0,,,,,518.31,518.31,0.00,518.31,0.00,518.31,518.31,0.00,518.31,0.00,518.31,1.00,1.00,0.00,1.00,0.00,1.00,1.00,0.00,1.00,0.00,11552.57,13122.65,18030.12,19600.20,18348.93,19919.01,18348.93,18879.01,18879.01,7169.52,16030.11,17484.16,37549.10,7169.52,16030.11,17484.16,37549.10,13476.00,9585.22,11155.30,352.86,363.06,0.34,0.72,0.78,1.63,0.35,0.72,0.78,1.62,0.22,0.22,0.80,0.80,1.00,1.00,0.22,0.25,0.96,1.09,1.00,1.13,0.72,0.23,0.91,1.00,0.22,0.88,1.00,0.24,0.95,1.00
POL,616,2007,15673,27035,0.58,6011,5121,6030,1.17,1.00,50,25,0,0,0,,,,,7169.52,17615.90,19215.98,41164.94,7169.52,17615.90,19215.98,41164.94,,31785.00,0.23,0.55,0.60,1.30,0.23,0.55,0.60,1.30,,9388,16859,11591,0.56,0.81,7,26,78,52,0,1,,,,,124.32,124.22,99.38,149.07,149.07,124.32,124.22,99.38,149.07,149.07,611.25,0.20,0.20,0.16,0.24,0.24,0.20,0.20,0.16,0.24,0.24,13771,16859,27035,0.82,0.51,0,26,4,4,0,0,,,,,489.00,489.00,0.00,489.00,0.00,489.00,489.00,0.00,489.00,0.00,611.25,0.80,0.80,0.00,0.80,0.00,0.80,0.80,0.00,0.80,0.00,14597,16859,0.87,0,26,0,0,0,0,,,,,611.25,611.25,0.00,611.25,0.00,611.25,611.25,0.00,611.25,0.00,611.25,1.00,1.00,0.00,1.00,0.00,1.00,1.00,0.00,1.00,0.00,13507.28,15750.53,21466.04,25357.41,21867.83,25290.47,21867.83,23946.47,22440.37,7169.52,17615.90,19215.98,41164.94,7169.52,17615.90,19215.98,41164.94,15892.50,11374.81,15581.51,420.54,460.51,0.30,0.71,0.77,1.61,0.30,0.72,0.78,1.59,0.20,0.20,0.80,0.80,1.00,1.00,0.20,0.02,0.96,1.17,1.00,1.16,0.71,0.16,0.93,1.00,0.20,0.88,1.00,0.11,0.98,1.00
POL,616,2008,15940,27120,0.59,6192,5133,6134,1.21,1.00,50,25,0,0,0,,,,,7635.48,19653.49,21440.48,45844.33,7635.48,19653.49,21440.48,45844.33,,34521.00,0.22,0.57,0.62,1.33,0.22,0.57,0.62,1.33,,9851,17010,12101,0.58,0.81,7,26,78,52,0,1,,,,,127.44,127.34,101.87,152.81,152.81,127.44,127.34,101.87,152.81,152.81,663.87,0.19,0.19,0.15,0.23,0.23,0.19,0.19,0.15,0.23,0.23,14037,17010,27120,0.83,0.52,0,26,4,4,0,0,,,,,531.09,531.09,0.00,531.09,0.00,531.09,531.09,0.00,531.09,0.00,663.87,0.80,0.80,0.00,0.80,0.00,0.80,0.80,0.00,0.80,0.00,15148,17010,0.89,0,26,0,0,0,0,,,,,663.87,663.87,0.00,663.87,0.00,663.87,663.87,0.00,663.87,0.00,663.87,1.00,1.00,0.00,1.00,0.00,1.00,1.00,0.00,1.00,0.00,15060.31,19338.56,23548.42,26482.67,24659.97,27594.22,24659.97,27107.24,25246.82,7635.48,19653.49,21440.48,45844.33,7635.48,19653.49,21440.48,45844.33,17260.50,12781.94,17060.19,474.23,521.29,0.29,0.69,0.75,1.57,0.30,0.70,0.76,1.56,0.19,0.19,0.80,0.80,1.00,1.00,0.19,0.23,0.91,0.94,1.00,1.05,0.70,0.20,0.86,1.00,0.19,0.85,1.00,0.21,0.87,1.00
POL,616,2009,16094,27192,0.59,6376,5146,6246,1.24,1.00,50,25,0,0,0,,,,,8101.20,21446.71,23399.94,49884.06,8101.20,21446.71,23399.94,49884.06,,35871.00,0.23,0.60,0.65,1.39,0.23,0.60,0.65,1.39,,9768,17279,12180,0.57,0.80,7,26,78,52,0,1,,,,,127.44,127.34,101.87,152.81,152.81,127.44,127.34,101.87,152.81,152.81,689.83,0.18,0.18,0.15,0.22,0.22,0.18,0.18,0.15,0.22,0.22,13782,17279,27192,0.80,0.51,0,26,4,4,0,0,,,,,551.86,551.86,0.00,551.86,0.00,551.86,551.86,0.00,551.86,0.00,689.83,0.80,0.80,0.00,0.80,0.00,0.80,0.80,0.00,0.80,0.00,15239,17279,0.88,0,26,0,0,0,0,,,,,689.83,689.83,0.00,689.83,0.00,689.83,689.83,0.00,689.83,0.00,689.83,1.00,1.00,0.00,1.00,0.00,1.00,1.00,0.00,1.00,0.00,16122.56,20810.66,25015.98,27796.08,26630.89,29410.99,26630.89,28947.19,27186.91,8101.20,21446.71,23399.94,49884.06,8101.20,21446.71,23399.94,49884.06,17935.50,13743.64,18431.74,512.13,556.68,0.29,0.70,0.76,1.59,0.30,0.71,0.77,1.58,0.18,0.18,0.80,0.80,1.00,1.00,0.18,0.23,0.87,0.89,1.00,1.04,0.71,0.20,0.84,1.00,0.18,0.84,1.00,0.21,0.85,1.00
POL,616,2010,16192,27468,0.59,6352,5179,6389,1.23,0.99,50,25,0,0,0,,,,,8475.48,22357.62,24399.74,51735.95,8475.48,22357.62,24399.74,51735.95,,37854.00,0.22,0.59,0.64,1.37,0.22,0.59,0.64,1.37,,9746,17123,11828,0.57,0.82,7,26,78,52,0,1,,,,,171.39,152.86,122.29,183.43,183.43,171.39,152.86,122.29,183.43,183.43,727.96,0.24,0.21,0.17,0.25,0.25,0.24,0.21,0.17,0.25,0.25,14107,17123,27468,0.82,0.51,0,26,4,4,0,0,,,,,582.37,582.37,0.00,582.37,0.00,582.37,582.37,0.00,582.37,0.00,727.96,0.80,0.80,0.00,0.80,0.00,0.80,0.80,0.00,0.80,0.00,14872,17123,0.87,0,26,0,0,0,0,,,,,727.96,727.96,0.00,727.96,0.00,727.96,727.96,0.00,727.96,0.00,727.96,1.00,1.00,0.00,1.00,0.00,1.00,1.00,0.00,1.00,0.00,17589.78,22277.88,27645.35,30425.45,28554.44,31334.54,28554.44,31106.20,29110.46,8475.48,22357.62,24399.74,51735.95,8475.48,22357.62,24399.74,51735.95,18927.00,14675.38,19363.48,549.12,598.20,0.28,0.68,0.74,1.54,0.29,0.69,0.75,1.53,0.24,0.24,0.80,0.80,1.00,1.00,0.21,0.25,0.93,0.94,1.00,1.02,0.68,0.23,0.87,1.00,0.22,0.87,1.00,0.24,0.87,1.00
POL,616,2011,16182,27438,0.59,6293,5253,6550,1.20,0.96,50,25,0,0,0,,,,,8738.16,23742.35,25917.37,54652.29,8738.16,23742.35,25917.37,54652.29,,39898.12,0.22,0.60,0.65,1.37,0.22,0.60,0.65,1.37,,9802,17221,11911,0.57,0.82,7,26,78,52,0,1,,,,,175.84,156.84,125.47,188.21,188.21,175.84,156.84,125.47,188.21,188.21,767.27,0.23,0.20,0.16,0.25,0.25,0.23,0.20,0.16,0.25,0.25,14233,17221,27438,0.83,0.52,0,26,4,4,0,0,,,,,613.82,613.82,0.00,613.82,0.00,613.82,613.82,0.00,613.82,0.00,767.27,0.80,0.80,0.00,0.80,0.00,0.80,0.80,0.00,0.80,0.00,14982,17221,0.87,0,26,0,0,0,0,,,,,767.27,767.27,0.00,767.27,0.00,767.27,767.27,0.00,767.27,0.00,767.27,1.00,1.00,0.00,1.00,0.00,1.00,1.00,0.00,1.00,0.00,18415.15,23103.25,27933.25,30713.35,30053.38,32833.48,30053.38,32785.94,30609.40,8738.16,23742.35,25917.37,54652.29,8738.16,23742.35,25917.37,54652.29,19949.06,15424.85,20112.95,577.95,630.50,0.27,0.69,0.75,1.54,0.28,0.69,0.75,1.53,0.23,0.23,0.80,0.80,1.00,1.00,0.20,0.24,0.86,0.84,1.00,1.00,0.69,0.22,0.82,1.00,0.22,0.83,1.00,0.23,0.82,1.00
POL,616,2012,16096,27322,0.59,6254,5404,6754,1.16,0.93,50,25,0,0,0,,,,,9590.16,24679.76,26948.28,56467.41,9590.16,24679.76,26948.28,56467.41,,41677.25,0.23,0.59,0.65,1.35,0.23,0.59,0.65,1.35,,9720,17340,11996,0.56,0.81,7,26,78,52,0,0,,,,,191.40,171.20,130.87,205.44,205.44,191.40,171.20,130.87,205.44,205.44,801.49,0.24,0.21,0.16,0.26,0.26,0.24,0.21,0.16,0.26,0.26,14172,17340,27322,0.82,0.52,0,26,4,4,0,0,,,,,641.19,641.19,0.00,641.19,0.00,641.19,641.19,0.00,641.19,0.00,801.49,0.80,0.80,0.00,0.80,0.00,0.80,0.80,0.00,0.80,0.00,15041,17340,0.87,0,26,0,0,0,0,,,,,801.49,801.49,0.00,801.49,0.00,801.49,801.49,0.00,801.49,0.00,801.49,1.00,1.00,0.00,1.00,0.00,1.00,1.00,0.00,1.00,0.00,19196.16,23884.26,29143.34,31923.44,31358.00,34138.10,31358.00,34138.10,31914.02,9590.16,24679.76,26948.28,56467.41,9590.16,24679.76,26948.28,56467.41,20838.62,16077.16,20765.26,603.04,656.50,0.28,0.68,0.74,1.53,0.29,0.69,0.75,1.52,0.24,0.24,0.80,0.80,1.00,1.00,0.20,0.23,0.86,0.83,1.00,1.00,0.68,0.23,0.82,1.00,0.22,0.83,1.00,0.24,0.82,1.00
POL,616,2013,15988,27148,0.59,6229,5572,6961,1.12,0.89,50,25,0,0,0,,,,,9973.80,25711.84,28081.87,58530.58,9973.80,25711.84,28081.87,58530.58,,43002.14,0.23,0.60,0.65,1.36,0.23,0.60,0.65,1.36,,9566,17361,12055,0.55,0.79,7,26,78,52,0,0,,,,,190.21,169.65,135.72,203.58,203.58,190.21,169.65,135.72,203.58,203.58,826.96,0.23,0.21,0.16,0.25,0.25,0.23,0.21,0.16,0.25,0.25,14244,17361,27148,0.82,0.52,0,26,4,4,0,0,,,,,661.57,661.57,0.00,661.57,0.00,661.57,661.57,0.00,661.57,0.00,826.96,0.80,0.80,0.00,0.80,0.00,0.80,0.80,0.00,0.80,0.00,15054,17361,0.87,0,26,0,0,0,0,,,,,826.96,826.96,0.00,826.96,0.00,826.96,826.96,0.00,826.96,0.00,826.96,1.00,1.00,0.00,1.00,0.00,1.00,1.00,0.00,1.00,0.00,19797.42,24773.52,30044.47,32824.57,32329.54,35109.64,32329.54,35109.64,32885.56,9973.80,25711.84,28081.87,58530.58,9973.80,25711.84,28081.87,58530.58,21501.07,16562.93,21539.03,621.72,675.19,0.28,0.69,0.75,1.53,0.29,0.69,0.75,1.53,0.23,0.23,0.80,0.80,1.00,1.00,0.21,0.24,0.86,0.83,1.00,1.00,0.69,0.23,0.82,1.00,0.22,0.83,1.00,0.23,0.82,1.00
POL,616,2014,15958,26947,0.59,6188,5772,7191,1.07,0.86,50,25,0,0,0,,,,,10133.40,28488.00,32557.14,0.00,10133.40,28488.00,32557.14,0.00,,44932.70,0.23,0.63,0.72,0.00,0.23,0.63,0.72,0.00,,9701,17428,12341,0.56,0.79,7,26,78,52,0,0,,,,,191.40,171.20,136.96,205.44,205.44,191.40,171.20,136.96,205.44,205.44,864.09,0.22,0.20,0.16,0.24,0.24,0.22,0.20,0.16,0.24,0.24,14563,17428,26947,0.84,0.54,0,26,4,4,0,0,,,,,691.27,691.27,0.00,691.27,0.00,691.27,691.27,0.00,691.27,0.00,864.09,0.80,0.80,0.00,0.80,0.00,0.80,0.80,0.00,0.80,0.00,15371,17428,0.88,0,26,0,0,0,0,,,,,864.09,864.09,0.00,864.09,0.00,864.09,864.09,0.00,864.09,0.00,864.09,1.00,1.00,0.00,1.00,0.00,1.00,1.00,0.00,1.00,0.00,20534.73,25510.83,31357.55,34137.65,33745.21,36525.31,33745.21,36525.31,34301.23,10133.40,28488.00,32557.14,0.00,10133.40,28488.00,32557.14,0.00,22466.35,17270.76,22246.86,648.95,702.41,0.27,0.73,0.83,0.00,0.29,0.73,0.83,0.00,0.22,0.22,0.80,0.80,1.00,1.00,0.20,0.23,0.86,0.83,1.00,1.00,0.73,0.22,0.82,1.00,0.21,0.83,1.00,0.23,0.82,1.00
POL,616,2015,16196,26728,0.61,6253,5969,7412,1.05,0.84,50,25,0,0,0,,,,,10565.40,28668.00,32763.42,0.00,10565.40,28668.00,32763.42,0.00,,46560.42,0.23,0.62,0.70,0.00,0.23,0.62,0.70,0.00,,9823,17388,12525,0.56,0.78,7,26,78,52,0,0,,,,,191.94,171.20,136.96,205.44,205.44,191.94,171.20,136.96,205.44,205.44,895.39,0.21,0.19,0.15,0.23,0.23,0.21,0.19,0.15,0.23,0.23,14830,17388,26728,0.85,0.55,0,26,4,4,0,0,,,,,716.31,716.31,0.00,716.31,0.00,716.31,716.31,0.00,716.31,0.00,895.39,0.80,0.80,0.00,0.80,0.00,0.80,0.80,0.00,0.80,0.00,15608,17388,0.90,0,26,0,0,0,0,,,,,895.39,895.39,0.00,895.39,0.00,895.39,895.39,0.00,895.39,0.00,895.39,1.00,1.00,0.00,1.00,0.00,1.00,1.00,0.00,1.00,0.00,21131.46,26107.56,33820.57,36600.67,34938.69,37718.79,34938.69,37718.79,35494.71,10565.40,28668.00,32763.42,0.00,10565.40,28668.00,32763.42,0.00,23280.21,17867.51,22843.61,671.90,725.36,0.27,0.71,0.80,0.00,0.29,0.71,0.81,0.00,0.21,0.21,0.80,0.80,1.00,1.00,0.19,0.22,0.93,0.92,1.00,1.00,0.71,0.21,0.86,1.00,0.20,0.87,1.00,0.22,0.86,1.00
POL,616,2016,16445,26480,0.62,6337,6187,7648,1.02,0.83,50,25,0,0,0,,,,,10590.72,28692.00,32790.85,0.00,10590.72,28692.00,32790.85,0.00,,48705.41,0.22,0.59,0.67,0.00,0.22,0.59,0.67,0.00,,10122,17259,12681,0.59,0.80,7,26,78,52,0,0,,,,,191.94,171.20,136.96,205.44,205.44,191.94,171.20,136.96,205.44,205.44,936.64,0.20,0.18,0.15,0.22,0.22,0.20,0.18,0.15,0.22,0.22,15293,17259,26480,0.89,0.58,0,26,4,4,0,0,,,,,749.31,749.31,0.00,749.31,0.00,749.31,749.31,0.00,749.31,0.00,936.64,0.80,0.80,0.00,0.80,0.00,0.80,0.80,0.00,0.80,0.00,15768,17259,0.91,0,26,0,0,0,0,,,,,936.64,936.64,0.00,936.64,0.00,936.64,936.64,0.00,936.64,0.00,936.64,1.00,1.00,0.00,1.00,0.00,1.00,1.00,0.00,1.00,0.00,21917.91,27182.01,33923.53,36703.63,36511.60,39291.70,36511.60,39291.70,37067.62,10590.72,28692.00,32790.85,0.00,10590.72,28692.00,32790.85,0.00,24352.71,18653.96,23918.06,702.15,755.61,0.26,0.68,0.77,0.00,0.27,0.68,0.77,0.00,0.20,0.20,0.80,0.80,1.00,1.00,0.18,0.21,0.86,0.83,1.00,1.00,0.68,0.20,0.82,1.00,0.19,0.83,1.00,0.21,0.82,1.00
POL,616,2017,16815,26221,0.64,6435,6402,7873,1.01,0.82,50,25,0,0,0,,,,,12000.00,30156.00,34464.00,0.00,12000.00,30156.00,34464.00,0.00,,51776.85,0.23,0.58,0.67,0.00,0.23,0.58,0.67,0.00,,10411,17266,12879,0.60,0.81,7,26,78,52,0,0,,,,,191.94,171.20,136.96,205.44,205.44,191.94,171.20,136.96,205.44,205.44,995.71,0.19,0.17,0.14,0.21,0.21,0.19,0.17,0.14,0.21,0.21,15711,17266,26221,0.91,0.60,0,26,4,4,0,0,,,,,796.57,796.57,0.00,796.57,0.00,796.57,796.57,0.00,796.57,0.00,995.71,0.80,0.80,0.00,0.80,0.00,0.80,0.80,0.00,0.80,0.00,15993,17266,0.93,0,26,0,0,0,0,,,,,995.71,995.71,0.00,995.71,0.00,995.71,995.71,0.00,995.71,0.00,995.71,1.00,1.00,0.00,1.00,0.00,1.00,1.00,0.00,1.00,0.00,23044.04,40308.14,36012.58,50792.68,38763.86,53543.96,38763.86,53543.96,39319.88,12000.00,30156.00,34464.00,0.00,12000.00,30156.00,34464.00,0.00,25888.42,19780.09,37044.19,745.46,1029.69,0.28,0.67,0.76,0.00,0.29,0.67,0.77,0.00,0.19,0.19,0.80,0.80,1.00,1.00,0.17,0.20,0.86,0.83,1.00,1.00,0.67,0.19,0.82,1.00,0.18,0.83,1.00,0.20,0.82,1.00
POL,616,2018,17082,25949,0.66,6829,6619,8093,1.03,0.84,50,25,0,0,0,,,,,12357.60,30216.00,34532.57,0.00,12357.60,30216.00,34532.57,0.00,,55583.03,0.22,0.54,0.62,0.00,0.22,0.54,0.62,0.00,,10606,17143,12952,0.62,0.82,7,26,78,52,0,0,,,,,195.80,174.63,139.71,209.56,209.56,195.80,174.63,139.71,209.56,209.56,1068.90,0.18,0.16,0.13,0.20,0.20,0.18,0.16,0.13,0.20,0.20,15950,17143,25949,0.93,0.61,0,26,4,4,0,0,,,,,855.12,855.12,0.00,855.12,0.00,855.12,855.12,0.00,855.12,0.00,1068.90,0.80,0.80,0.00,0.80,0.00,0.80,0.80,0.00,0.80,0.00,16088,17143,0.94,0,26,0,0,0,0,,,,,1068.90,1068.90,0.00,1068.90,0.00,1068.90,1068.90,0.00,1068.90,0.00,1068.90,1.00,1.00,0.00,1.00,0.00,1.00,1.00,0.00,1.00,0.00,24505.12,36069.22,38601.37,47681.47,41554.90,50635.00,41554.90,56635.00,41554.90,12357.60,30216.00,34532.57,0.00,12357.60,30216.00,34532.57,0.00,27791.51,21175.61,32739.71,799.13,1089.13,0.27,0.63,0.71,0.00,0.27,0.63,0.71,0.00,0.18,0.18,0.80,0.80,1.00,1.00,0.16,0.14,0.86,0.63,1.00,0.75,0.63,0.17,0.77,0.94,0.17,0.83,1.00,0.16,0.71,0.87
POL,616,2019,17310,25678,0.67,6977,6836,8302,1.02,0.84,50,25,0,0,0,,,,,13200.00,34920.00,36630.85,0.00,13200.00,34920.00,36630.85,0.00,,59322.96,0.22,0.59,0.62,0.00,0.22,0.59,0.62,0.00,,10800,17018,12956,0.63,0.83,7,26,78,52,0,0,,,,,198.94,177.44,141.95,212.93,212.93,198.94,177.44,141.95,212.93,212.93,1140.83,0.17,0.16,0.12,0.19,0.19,0.17,0.16,0.12,0.19,0.19,16121,17018,25678,0.95,0.63,0,26,4,4,0,0,,,,,912.66,912.66,0.00,912.66,0.00,912.66,912.66,0.00,912.66,0.00,1140.83,0.80,0.80,0.00,0.80,0.00,0.80,0.80,0.00,0.80,0.00,16107,17018,0.95,0,26,0,0,0,0,,,,,1140.83,1140.83,0.00,1140.83,0.00,1140.83,1140.83,0.00,1140.83,0.00,1140.83,1.00,1.00,0.00,1.00,0.00,1.00,1.00,0.00,1.00,0.00,26066.57,41331.95,41323.10,56395.48,44488.16,59560.54,44488.16,59560.54,44488.16,13200.00,34920.00,36630.85,0.00,13200.00,34920.00,36630.85,0.00,29661.48,22673.65,40230.03,855.54,1145.39,0.27,0.68,0.71,0.00,0.27,0.68,0.71,0.00,0.17,0.17,0.80,0.80,1.00,1.00,0.16,0.06,0.85,0.84,1.00,1.00,0.68,0.14,0.82,1.00,0.16,0.83,1.00,0.12,0.82,1.00
POL,616,2020,16954,25412,0.67,7090,7058,8499,1.00,0.83,50,25,0,0,0,,,,,14400.00,37473.20,40977.88,0.00,14400.00,37473.20,40977.88,0.00,,62088.26,0.23,0.60,0.66,0.00,0.23,0.60,0.66,0.00,,10678,16978,12828,0.63,0.83,7,26,78,52,0,0,,,,,203.53,181.53,145.23,217.84,217.84,203.53,181.53,145.23,217.84,217.84,1194.01,0.17,0.15,0.12,0.18,0.18,0.17,0.15,0.12,0.18,0.18,16021,16978,25412,0.94,0.63,0,26,4,4,0,0,,,,,955.20,955.20,0.00,955.20,0.00,955.20,955.20,0.00,955.20,0.00,1194.01,0.80,0.80,0.00,0.80,0.00,0.80,0.80,0.00,0.80,0.00,16083,16978,0.95,0,26,0,0,0,0,,,,,1194.01,1194.01,0.00,1194.01,0.00,1194.01,1194.01,0.00,1194.01,0.00,1194.01,1.00,1.00,0.00,1.00,0.00,1.00,1.00,0.00,1.00,0.00,27569.20,44004.70,45555.10,60604.30,47099.69,62148.89,47099.69,62148.89,47099.69,14400.00,37473.20,40977.88,0.00,14400.00,37473.20,40977.88,0.00,31044.13,24067.40,40126.17,905.76,1195.17,0.28,0.69,0.75,0.00,0.28,0.69,0.75,0.00,0.17,0.17,0.80,0.80,1.00,1.00,0.15,0.18,0.93,0.93,1.00,1.00,0.69,0.17,0.87,1.00,0.16,0.87,1.00,0.17,0.86,1.00
POL,616,2021,17213,24293,0.71,7101,7022,8475,1.01,0.84,50,25,0,0,0,,,,,15009.60,41316.94,45181.12,0.00,15009.60,41316.94,45181.12,0.00,,65327.47,0.23,0.63,0.69,0.00,0.23,0.63,0.69,0.00,,10875,17236,13554,0.63,0.80,7,26,78,52,0,0,,,,,286.56,255.60,204.48,306.72,306.72,286.56,255.60,204.48,306.72,306.72,1256.30,0.23,0.20,0.16,0.24,0.24,0.23,0.20,0.16,0.24,0.24,15003,17236,24293,0.87,0.62,0,26,4,4,0,0,,,,,1005.04,1005.04,0.00,1005.04,0.00,1005.04,1005.04,0.00,1005.04,0.00,1256.30,0.80,0.80,0.00,0.80,0.00,0.80,0.80,0.00,0.80,0.00,16960,17236,0.98,0,26,0,0,0,0,,,,,1256.30,1256.30,0.00,1256.30,0.00,1256.30,1256.30,0.00,1256.30,0.00,1256.30,1.00,1.00,0.00,1.00,0.00,1.00,1.00,0.00,1.00,0.00,30199.53,46918.01,47877.76,62926.96,49502.93,64552.13,49502.93,64552.13,49502.93,15009.60,41316.94,45181.12,0.00,15009.60,41316.94,45181.12,0.00,32663.74,25269.02,41457.07,951.98,1241.39,0.28,0.72,0.79,0.00,0.28,0.72,0.79,0.00,0.23,0.23,0.80,0.80,1.00,1.00,0.20,0.24,0.93,0.93,1.00,1.00,0.72,0.22,0.87,1.00,0.22,0.87,1.00,0.23,0.86,1.00
POL,616,2022,17366,24014,0.72,7140,7139,8475,1.00,0.84,50,25,0,0,0,,,,,16061.28,46452.27,50796.73,0.00,16061.28,46452.27,50796.73,0.00,,74349.97,0.22,0.62,0.68,0.00,0.22,0.62,0.68,0.00,,11032,17240,13586,0.64,0.81,7,26,78,52,0,0,,,,,301.18,268.63,214.90,322.35,322.35,301.18,268.63,214.90,322.35,322.35,1429.81,0.21,0.19,0.15,0.23,0.23,0.21,0.19,0.15,0.23,0.23,15210,17240,24014,0.88,0.63,0,26,4,4,0,0,,,,,1143.85,1143.85,0.00,1143.85,0.00,1143.85,1143.85,0.00,1143.85,0.00,1429.81,0.80,0.80,0.00,0.80,0.00,0.80,0.80,0.00,0.80,0.00,17071,17240,0.99,0,26,0,0,0,0,,,,,1429.81,1429.81,0.00,1429.81,0.00,1429.81,1429.81,0.00,1429.81,0.00,1429.81,1.00,1.00,0.00,1.00,0.00,1.00,1.00,0.00,1.00,0.00,36287.40,48587.40,60243.41,72817.75,61096.27,73396.27,62490.00,80614.08,66090.00,16061.28,46452.27,50796.73,0.00,16061.28,46452.27,50796.73,0.00,37174.98,30548.13,45164.13,1201.73,1550.27,0.24,0.69,0.75,0.00,0.22,0.65,0.71,0.00,0.21,0.21,0.80,0.80,1.00,1.00,0.18,0.10,0.93,0.78,0.96,0.80,0.67,0.17,0.83,0.94,0.20,0.86,0.98,0.15,0.79,0.90
POL,616,2023,17520,23775,0.74,7179,7311,8584,0.98,0.84,50,25,0,0,0,,,,,19061.28,52420.43,57323.06,0.00,19061.28,52420.43,57323.06,0.00,,87365.92,0.22,0.60,0.66,0.00,0.22,0.60,0.66,0.00,,11192,17467,13590,0.64,0.82,7,26,78,52,0,0,,,,,344.76,307.43,245.94,368.92,368.92,344.76,307.43,245.94,368.92,368.92,1680.11,0.21,0.18,0.15,0.22,0.22,0.21,0.18,0.15,0.22,0.22,15420,17467,23775,0.88,0.65,0,26,4,4,0,0,,,,,1344.09,1344.09,0.00,1344.09,0.00,1344.09,1344.09,0.00,1344.09,0.00,1680.11,0.80,0.80,0.00,0.80,0.00,0.80,0.80,0.00,0.80,0.00,17155,17467,0.98,0,26,0,0,0,0,,,,,1680.11,1680.11,0.00,1680.11,0.00,1680.11,1680.11,0.00,1680.11,0.00,1680.11,1.00,1.00,0.00,1.00,0.00,1.00,1.00,0.00,1.00,0.00,42464.32,54764.32,70096.58,83412.19,71791.99,84091.99,72736.46,90860.54,76336.46,19061.28,52420.43,57323.06,0.00,19061.28,52420.43,57323.06,0.00,43682.96,35895.99,48195.99,1398.78,1747.32,0.24,0.66,0.73,0.00,0.23,0.63,0.69,0.00,0.21,0.21,0.80,0.80,1.00,1.00,0.18,0.15,0.93,0.83,0.97,0.84,0.65,0.19,0.84,0.95,0.19,0.86,0.99,0.18,0.81,0.92
POR,620,2000,4369,6915,0.63,1511286,1642876,1642876,0.92,0.92,40,15,0,0,0,,,,,476000.00,1045131.98,1194436.55,0.00,476000.00,1045131.98,1194436.55,0.00,,1588780.00,0.30,0.66,0.75,0.00,0.30,0.66,0.75,0.00,,4369,5251,3609,0.83,1.21,0,78,104,77,0,0,,,,,19859.75,19859.75,14722.94,19859.75,44168.81,19859.75,19859.75,14722.94,19859.75,44168.81,30553.46,0.65,0.65,0.48,0.65,1.45,0.65,0.65,0.48,0.65,1.45,4369,5251,6915,0.83,0.63,3,156,26,26,0,0,,,,,19859.75,19587.70,21.97,19587.70,0.00,19859.75,19587.70,21.97,19587.70,0.00,30553.46,0.65,0.64,0.00,0.64,0.00,0.65,0.64,0.00,0.64,0.00,4369,5251,0.83,0,1820,0,0,0,0,,,,,21387.42,21387.42,0.00,21387.42,0.00,21387.42,21387.42,0.00,21387.42,0.00,30553.46,0.70,0.70,0.00,0.70,0.00,0.70,0.70,0.00,0.70,0.00,1223360.60,1223360.60,1216287.26,1216287.26,1263080.10,1263080.10,1302402.00,1462497.48,1324657.48,476000.00,1045131.98,1194436.55,0.00,476000.00,1045131.98,1194436.55,0.00,794390.00,709684.98,866704.98,25046.19,28124.95,0.33,0.69,0.78,0.00,0.32,0.69,0.78,0.00,0.79,0.71,0.79,0.71,0.85,0.76,0.87,0.60,0.85,0.59,0.93,0.67,0.69,0.74,0.74,0.80,0.83,0.82,0.89,0.65,0.65,0.71
POR,620,2001,4561,6964,0.65,1556781,1688130,1688130,0.92,0.92,40,15,0,0,0,,,,,504000.00,1086238.89,1241415.87,0.00,504000.00,1086238.89,1241415.87,0.00,,1688860.00,0.30,0.64,0.74,0.00,0.30,0.64,0.74,0.00,,4561,5342,3653,0.85,1.25,0,78,104,77,0,0,,,,,21110.75,21110.75,15461.33,21110.75,46383.98,21110.75,21110.75,15461.33,21110.75,46383.98,32478.08,0.65,0.65,0.48,0.65,1.43,0.65,0.65,0.48,0.65,1.43,4561,5342,6964,0.85,0.65,3,156,26,26,0,0,,,,,21110.75,20821.56,23.07,20821.56,0.00,21110.75,20821.56,23.07,20821.56,0.00,32478.08,0.65,0.64,0.00,0.64,0.00,0.65,0.64,0.00,0.64,0.00,4561,5342,0.85,0,1820,0,0,0,0,,,,,22734.65,22734.65,0.00,22734.65,0.00,22734.65,22734.65,0.00,22734.65,0.00,32478.08,0.70,0.70,0.00,0.70,0.00,0.70,0.70,0.00,0.70,0.00,1298904.18,1300422.20,1291385.28,1292903.30,1341125.68,1342643.70,1379556.95,1541842.18,1403002.18,504000.00,1086238.89,1241415.87,0.00,504000.00,1086238.89,1241415.87,0.00,844430.00,750024.68,908519.68,26529.94,29650.81,0.33,0.68,0.76,0.00,0.32,0.68,0.76,0.00,0.80,0.71,0.80,0.71,0.86,0.77,0.87,0.62,0.86,0.61,0.94,0.69,0.68,0.75,0.74,0.81,0.83,0.83,0.90,0.67,0.66,0.73
POR,620,2002,4546,6993,0.65,1585648,1722417,1722417,0.92,0.92,40,15,0,0,0,,,,,2653.56,5872.99,6523.07,0.00,2653.56,5872.99,6523.07,0.00,,8944.00,0.30,0.66,0.73,0.00,0.30,0.66,0.73,0.00,,4546,5414,3704,0.84,1.23,0,78,104,77,0,0,,,,,111.80,111.80,80.31,111.80,240.93,111.80,111.80,80.31,111.80,240.93,172.00,0.65,0.65,0.47,0.65,1.40,0.65,0.65,0.47,0.65,1.40,4546,5414,6993,0.84,0.65,3,156,26,26,0,0,,,,,111.80,110.27,24.03,110.27,0.00,111.80,110.27,24.03,110.27,0.00,172.00,0.65,0.64,0.14,0.64,0.00,0.65,0.64,0.14,0.64,0.00,4546,5414,0.84,0,1820,0,0,0,0,,,,,120.40,120.40,0.00,120.40,0.00,120.40,120.40,0.00,120.40,0.00,172.00,0.70,0.70,0.00,0.70,0.00,0.70,0.70,0.00,0.70,0.00,6919.87,7337.48,6880.05,7297.66,7143.47,7561.08,7419.77,8503.88,7595.72,2653.56,5872.99,6523.07,0.00,2653.56,5872.99,6523.07,0.00,4472.00,4013.07,5060.44,142.69,163.54,0.35,0.69,0.75,0.00,0.35,0.69,0.75,0.00,0.78,0.68,0.78,0.68,0.84,0.74,0.85,0.66,0.84,0.65,0.92,0.73,0.69,0.75,0.74,0.81,0.82,0.81,0.88,0.67,0.67,0.73
POR,620,2003,4425,7013,0.63,1613580,1749232,1749232,0.92,0.92,40,15,0,0,0,,,,,2759.68,6045.78,6812.97,0.00,2759.68,6045.78,6812.97,0.00,,9214.40,0.30,0.66,0.74,0.00,0.30,0.66,0.74,0.00,,4425,5433,3668,0.81,1.21,0,78,104,77,0,0,,,,,115.18,115.18,82.29,115.18,246.88,115.18,115.18,82.29,115.18,246.88,177.20,0.65,0.65,0.46,0.65,1.39,0.65,0.65,0.46,0.65,1.39,4425,5433,7013,0.81,0.63,3,156,26,26,0,0,,,,,115.18,113.60,24.62,113.60,0.00,115.18,113.60,24.62,113.60,0.00,177.20,0.65,0.64,0.14,0.64,0.00,0.65,0.64,0.14,0.64,0.00,4425,5433,0.81,0,1820,0,0,0,0,,,,,124.04,124.04,0.00,124.04,0.00,124.04,124.04,0.00,124.04,0.00,177.20,0.70,0.70,0.00,0.70,0.00,0.70,0.70,0.00,0.70,0.00,7125.91,7553.75,7084.88,7512.72,7356.27,7784.11,7639.75,8748.85,7821.41,2759.68,6045.78,6812.97,0.00,2759.68,6045.78,6812.97,0.00,4607.20,4131.23,5201.31,146.92,168.25,0.35,0.69,0.76,0.00,0.35,0.69,0.76,0.00,0.78,0.68,0.78,0.68,0.84,0.74,0.85,0.66,0.84,0.65,0.92,0.73,0.69,0.75,0.74,0.81,0.82,0.81,0.88,0.67,0.67,0.73
POR,620,2004,4323,7018,0.62,1662046,1773934,1773934,0.94,0.94,40,15,0,0,0,,,,,2912.00,6461.57,7089.01,0.00,2912.00,6461.57,7089.01,0.00,,9588.80,0.30,0.67,0.74,0.00,0.30,0.67,0.74,0.00,,4323,5420,3702,0.80,1.17,0,78,104,77,0,0,,,,,119.86,119.86,84.37,119.86,253.11,119.86,119.86,84.37,119.86,253.11,184.40,0.65,0.65,0.46,0.65,1.37,0.65,0.65,0.46,0.65,1.37,4323,5420,7018,0.80,0.62,3,156,26,26,0,0,,,,,119.86,116.70,25.24,116.70,0.00,119.86,116.70,25.24,116.70,0.00,184.40,0.65,0.63,0.14,0.63,0.00,0.65,0.63,0.14,0.63,0.00,4323,5420,0.80,0,1820,0,0,0,0,,,,,129.08,129.08,0.00,129.08,0.00,129.08,129.08,0.00,129.08,0.00,184.40,0.70,0.70,0.00,0.70,0.00,0.70,0.70,0.00,0.70,0.00,7406.45,7845.17,7324.36,7763.08,7646.17,8084.89,7938.50,9020.50,8128.02,2912.00,6461.57,7089.01,0.00,2912.00,6461.57,7089.01,0.00,4794.40,4290.09,5448.81,152.66,173.47,0.36,0.70,0.76,0.00,0.36,0.70,0.76,0.00,0.79,0.69,0.79,0.69,0.85,0.74,0.85,0.67,0.83,0.65,0.92,0.74,0.70,0.75,0.74,0.81,0.82,0.81,0.88,0.68,0.67,0.74
POR,620,2005,4291,7015,0.61,1717497,1803439,1803439,0.95,0.95,40,15,0,0,0,,,,,3035.06,6638.42,7344.55,0.00,3035.06,6638.42,7344.55,0.00,,9817.60,0.31,0.68,0.75,0.00,0.31,0.68,0.75,0.00,,4291,5461,3708,0.79,1.16,0,78,104,77,0,0,,,,,122.72,122.72,86.47,122.72,259.41,122.72,122.72,86.47,122.72,259.41,188.80,0.65,0.65,0.46,0.65,1.37,0.65,0.65,0.46,0.65,1.37,4291,5461,7015,0.79,0.61,3,156,26,26,0,0,,,,,122.72,119.49,25.87,119.49,0.00,122.72,119.49,25.87,119.49,0.00,188.80,0.65,0.63,0.14,0.63,0.00,0.65,0.63,0.14,0.63,0.00,4291,5461,0.79,0,1820,0,0,0,0,,,,,132.16,132.16,0.00,132.16,0.00,132.16,132.16,0.00,132.16,0.00,188.80,0.70,0.70,0.00,0.70,0.00,0.70,0.70,0.00,0.70,0.00,7608.88,8058.52,7524.82,7974.46,7854.32,8303.96,8215.83,9336.32,8421.44,3035.06,6638.42,7344.55,0.00,3035.06,6638.42,7344.55,0.00,4908.80,4418.16,5605.80,158.00,179.54,0.36,0.70,0.77,0.00,0.36,0.70,0.77,0.00,0.78,0.68,0.78,0.68,0.84,0.74,0.84,0.66,0.82,0.63,0.90,0.72,0.70,0.74,0.73,0.80,0.81,0.80,0.87,0.67,0.66,0.73
POR,620,2006,4249,7018,0.61,1753367,1824636,1824636,0.96,0.96,40,15,0,0,0,,,,,3125.36,6822.85,7571.47,0.00,3125.36,6822.85,7571.47,0.00,,10129.60,0.31,0.67,0.75,0.00,0.31,0.67,0.75,0.00,,4249,5499,3787,0.77,1.12,0,78,104,77,0,0,,,,,126.62,126.62,89.05,126.62,267.16,126.62,126.62,89.05,126.62,267.16,194.80,0.65,0.65,0.46,0.65,1.37,0.65,0.65,0.46,0.65,1.37,4249,5499,7018,0.77,0.61,3,156,26,26,0,0,,,,,126.62,123.28,26.64,123.28,0.00,126.62,123.28,26.64,123.28,0.00,194.80,0.65,0.63,0.14,0.63,0.00,0.65,0.63,0.14,0.63,0.00,4249,5499,0.77,0,1820,0,0,0,0,,,,,136.36,136.36,0.00,136.36,0.00,136.36,136.36,0.00,136.36,0.00,194.80,0.70,0.70,0.00,0.70,0.00,0.70,0.70,0.00,0.70,0.00,7849.62,8312.70,7762.89,8225.97,8102.86,8565.94,8468.10,9630.04,8687.72,3125.36,6822.85,7571.47,0.00,3125.36,6822.85,7571.47,0.00,5064.80,4557.50,5780.66,162.85,185.19,0.36,0.70,0.77,0.00,0.36,0.70,0.77,0.00,0.78,0.68,0.78,0.68,0.84,0.74,0.84,0.66,0.82,0.64,0.91,0.72,0.70,0.74,0.73,0.80,0.81,0.80,0.87,0.67,0.66,0.73
POR,620,2007,4314,7028,0.61,1790727,1847679,1847679,0.97,0.97,40,15,0,0,0,,,,,3219.48,7027.35,8893.21,0.00,3219.48,7027.35,8893.21,0.00,,10400.00,0.31,0.68,0.86,0.00,0.31,0.68,0.86,0.00,,4314,5532,3796,0.78,1.14,0,86,104,64,0,0,,,,,130.00,130.00,100.56,130.00,301.68,130.00,130.00,100.56,130.00,301.68,200.00,0.65,0.65,0.50,0.65,1.51,0.65,0.65,0.50,0.65,1.51,4314,5532,7028,0.78,0.61,3,156,26,26,0,0,,,,,130.00,126.58,27.47,126.58,0.00,130.00,126.58,27.47,126.58,0.00,200.00,0.65,0.63,0.14,0.63,0.00,0.65,0.63,0.14,0.63,0.00,4314,5532,0.78,0,1820,0,0,0,0,,,,,140.00,140.00,0.00,140.00,0.00,140.00,140.00,0.00,140.00,0.00,200.00,0.70,0.70,0.00,0.70,0.00,0.70,0.70,0.00,0.70,0.00,8049.25,8580.00,7960.21,8490.96,8309.25,8840.00,8687.17,9948.58,8972.90,3219.48,7027.35,8893.21,0.00,3219.48,7027.35,8893.21,0.00,5200.00,4669.25,5983.60,167.06,191.32,0.36,0.70,0.87,0.00,0.36,0.70,0.87,0.00,0.78,0.68,0.78,0.68,0.84,0.73,0.84,0.65,0.82,0.63,0.91,0.72,0.70,0.74,0.73,0.80,0.81,0.80,0.87,0.67,0.66,0.73
POR,620,2008,4396,7039,0.62,1827052,1980360,1980360,0.92,0.92,40,15,0,0,0,,,,,3455.33,7195.98,9106.50,0.00,3455.33,7195.98,9106.50,0.00,,10816.00,0.32,0.67,0.84,0.00,0.32,0.67,0.84,0.00,,4396,5534,3838,0.79,1.15,0,86,104,64,0,0,,,,,135.20,135.20,100.56,135.20,301.68,135.20,135.20,100.56,135.20,301.68,208.00,0.65,0.65,0.48,0.65,1.45,0.65,0.65,0.48,0.65,1.45,4396,5534,7039,0.79,0.62,3,156,26,26,0,0,,,,,135.20,138.48,28.13,138.48,0.00,135.20,138.48,28.13,138.48,0.00,208.00,0.65,0.67,0.14,0.67,0.00,0.65,0.67,0.14,0.67,0.00,4396,5534,0.79,0,1820,0,0,0,0,,,,,145.60,145.60,0.00,145.60,0.00,145.60,145.60,0.00,145.60,0.00,208.00,0.70,0.70,0.00,0.70,0.00,0.70,0.70,0.00,0.70,0.00,8381.25,8923.20,8466.44,9008.39,8651.65,9193.60,9036.49,10531.47,9345.63,3455.33,7195.98,9106.50,0.00,3455.33,7195.98,9106.50,0.00,5408.00,4866.05,6426.80,173.78,202.53,0.37,0.69,0.86,0.00,0.37,0.70,0.86,0.00,0.78,0.67,0.78,0.67,0.84,0.72,0.84,0.61,0.86,0.63,0.91,0.67,0.69,0.72,0.73,0.78,0.81,0.82,0.87,0.64,0.65,0.70
POR,620,2009,4303,7034,0.61,1864840,1898303,1898303,0.98,0.98,40,15,0,0,0,,,,,3406.41,7418.53,9412.32,0.00,3406.41,7418.53,9412.32,0.00,,11232.00,0.30,0.66,0.84,0.00,0.30,0.66,0.84,0.00,,4303,5486,3740,0.78,1.15,0,86,104,64,0,0,,,,,140.40,140.40,100.56,140.40,301.68,140.40,140.40,100.56,140.40,301.68,216.00,0.65,0.65,0.47,0.65,1.40,0.65,0.65,0.47,0.65,1.40,4303,5486,7034,0.78,0.61,3,156,26,26,0,0,,,,,140.40,143.80,28.94,143.80,0.00,140.40,143.80,28.94,143.80,0.00,216.00,0.65,0.67,0.13,0.67,0.00,0.65,0.67,0.13,0.67,0.00,4303,5486,0.78,0,1820,0,0,0,0,,,,,151.20,151.20,0.00,151.20,0.00,151.20,151.20,0.00,151.20,0.00,216.00,0.70,0.70,0.00,0.70,0.00,0.70,0.70,0.00,0.70,0.00,8714.70,9266.40,8803.17,9354.87,8995.50,9547.20,9392.17,10949.88,9720.36,3406.41,7418.53,9412.32,0.00,3406.41,7418.53,9412.32,0.00,5616.00,5064.30,6664.32,180.62,210.57,0.35,0.69,0.85,0.00,0.35,0.69,0.85,0.00,0.78,0.67,0.78,0.67,0.84,0.72,0.84,0.61,0.86,0.63,0.91,0.67,0.69,0.72,0.73,0.78,0.81,0.82,0.87,0.64,0.65,0.70
POR,620,2010,4269,7025,0.61,1903525,1930396,1930396,0.99,0.99,40,15,0,0,0,,,,,3406.41,7583.27,9700.42,0.00,3406.41,7583.27,9700.42,0.00,,11398.40,0.30,0.67,0.85,0.00,0.30,0.67,0.85,0.00,,4269,5489,3728,0.78,1.15,0,86,104,64,0,0,,,,,142.48,142.48,101.26,142.48,303.79,142.48,142.48,101.26,142.48,303.79,219.20,0.65,0.65,0.46,0.65,1.39,0.65,0.65,0.46,0.65,1.39,4269,5489,7025,0.78,0.61,3,156,26,26,0,0,,,,,142.48,145.93,28.94,145.93,0.00,142.48,145.93,28.94,145.93,0.00,219.20,0.65,0.67,0.13,0.67,0.00,0.65,0.67,0.13,0.67,0.00,4269,5489,0.78,0,1820,0,0,0,0,,,,,153.44,153.44,0.00,153.44,0.00,153.44,153.44,0.00,153.44,0.00,219.20,0.70,0.70,0.00,0.70,0.00,0.70,0.70,0.00,0.70,0.00,8861.27,9403.68,8951.05,9493.46,9146.23,9688.64,9530.41,11108.38,9858.86,3406.41,7583.27,9700.42,0.00,3406.41,7583.27,9700.42,0.00,5699.20,5156.79,6747.52,183.28,213.62,0.35,0.70,0.87,0.00,0.35,0.70,0.87,0.00,0.78,0.67,0.78,0.67,0.84,0.72,0.85,0.61,0.87,0.63,0.91,0.67,0.70,0.73,0.74,0.79,0.81,0.82,0.87,0.64,0.65,0.70
POR,620,2011,4227,7001,0.60,1951031,1976422,1976422,0.99,0.99,40,15,0,0,0,,,,,3406.41,7629.24,9740.05,0.00,3406.41,7629.24,9740.05,0.00,,11939.20,0.29,0.64,0.82,0.00,0.29,0.64,0.82,0.00,,4227,5426,3673,0.78,1.15,0,86,104,64,0,0,,,,,149.24,149.24,96.74,149.24,290.23,149.24,149.24,96.74,149.24,290.23,229.60,0.65,0.65,0.42,0.65,1.26,0.65,0.65,0.42,0.65,1.26,4227,5426,7001,0.78,0.60,3,156,26,26,0,0,,,,,149.24,152.86,28.94,152.86,0.00,149.24,152.86,28.94,152.86,0.00,229.60,0.65,0.67,0.13,0.67,0.00,0.65,0.67,0.13,0.67,0.00,4227,5426,0.78,0,1820,0,0,0,0,,,,,160.72,160.72,0.00,160.72,0.00,160.72,160.72,0.00,160.72,0.00,229.60,0.70,0.70,0.00,0.70,0.00,0.70,0.70,0.00,0.70,0.00,9239.89,9849.84,9333.93,9943.88,9538.37,10148.32,9868.01,11327.90,10247.34,3406.41,7629.24,9740.05,0.00,3406.41,7629.24,9740.05,0.00,5969.60,5359.65,6814.16,189.77,217.84,0.34,0.67,0.84,0.00,0.33,0.67,0.83,0.00,0.79,0.69,0.79,0.69,0.85,0.74,0.86,0.67,0.88,0.69,0.93,0.74,0.67,0.75,0.76,0.81,0.82,0.83,0.89,0.68,0.69,0.74
POR,620,2012,3984,6952,0.57,1991191,2024538,2024538,0.98,0.98,40,15,0,0,0,,,,,3555.49,7950.77,10199.65,0.00,3555.49,7950.77,10199.65,0.00,,12043.20,0.30,0.66,0.85,0.00,0.30,0.66,0.85,0.00,,3984,5381,3502,0.74,1.14,0,69,104,51,0,0,,,,,150.54,150.54,96.74,150.54,241.86,173.70,173.70,96.74,173.70,241.86,231.60,0.65,0.65,0.42,0.65,1.04,0.75,0.75,0.42,0.75,1.04,3984,5381,6952,0.74,0.57,3,156,26,26,0,0,,,,,127.38,146.57,28.94,146.57,0.00,127.38,146.57,28.94,146.57,0.00,231.60,0.55,0.63,0.12,0.63,0.00,0.55,0.63,0.12,0.63,0.00,3984,5381,0.74,0,1820,0,0,0,0,,,,,162.12,162.12,0.00,162.12,0.00,162.12,162.12,0.00,162.12,0.00,231.60,0.70,0.70,0.00,0.70,0.00,0.70,0.70,0.00,0.70,0.00,9313.99,10537.80,9210.88,9832.53,9615.07,10236.72,9935.09,11408.50,10327.94,3555.49,7950.77,10199.65,0.00,3555.49,7950.77,10199.65,0.00,6021.60,5399.95,6866.16,191.06,219.39,0.35,0.69,0.87,0.00,0.34,0.69,0.86,0.00,0.79,0.79,0.67,0.58,0.85,0.74,0.86,0.81,0.84,0.65,0.93,0.74,0.69,0.81,0.69,0.81,0.83,0.75,0.89,0.80,0.62,0.74
POR,620,2013,3856,6895,0.56,2018828,2049243,2049243,0.99,0.99,40,15,0,0,0,,,,,3594.81,8107.13,10465.98,0.00,3594.81,8107.13,10465.98,0.00,,12126.40,0.30,0.67,0.86,0.00,0.30,0.67,0.86,0.00,,3856,5283,3418,0.73,1.13,0,69,104,51,0,0,,,,,151.58,151.58,97.23,151.58,243.07,174.90,174.90,97.23,174.90,243.07,233.20,0.65,0.65,0.42,0.65,1.04,0.75,0.75,0.42,0.75,1.04,3856,5283,6895,0.73,0.56,3,156,26,26,0,0,,,,,128.26,147.59,28.94,147.59,0.00,128.26,147.59,28.94,147.59,0.00,233.20,0.55,0.63,0.12,0.63,0.00,0.55,0.63,0.12,0.63,0.00,3856,5283,0.73,0,1820,0,0,0,0,,,,,163.24,163.24,0.00,163.24,0.00,163.24,163.24,0.00,163.24,0.00,233.20,0.70,0.70,0.00,0.70,0.00,0.70,0.70,0.00,0.70,0.00,9266.99,10514.56,9163.17,9804.42,9570.15,10211.40,9699.86,11184.81,10056.75,3594.81,8107.13,10465.98,0.00,3594.81,8107.13,10465.98,0.00,6063.20,5325.91,6811.72,186.54,215.09,0.36,0.71,0.89,0.00,0.36,0.70,0.88,0.00,0.81,0.81,0.69,0.60,0.88,0.76,0.90,0.85,0.88,0.68,0.97,0.78,0.70,0.84,0.71,0.85,0.86,0.78,0.92,0.83,0.64,0.77
POR,620,2014,3912,6825,0.57,2007143,2087701,1961012,0.96,1.00,40,15,0,0,0,,,,,3630.61,9140.81,10472.86,0.00,3630.61,9140.81,10472.86,0.00,,11939.20,0.30,0.77,0.88,0.00,0.30,0.77,0.88,0.00,,3912,5224,3574,0.75,1.09,0,69,104,51,0,0,,,,,149.24,149.24,98.98,149.24,247.44,172.20,172.20,98.98,172.20,247.44,229.60,0.65,0.65,0.43,0.65,1.08,0.75,0.75,0.43,0.75,1.08,3912,5224,6825,0.75,0.57,3,156,26,26,0,0,,,,,126.28,145.31,28.94,145.31,0.00,126.28,145.31,28.94,145.31,0.00,229.60,0.55,0.63,0.13,0.63,0.00,0.55,0.63,0.13,0.63,0.00,3912,5224,0.75,0,1820,0,0,0,0,,,,,160.72,160.72,0.00,160.72,0.00,160.72,160.72,0.00,160.72,0.00,229.60,0.70,0.70,0.00,0.70,0.00,0.70,0.70,0.00,0.70,0.00,9136.42,10374.63,9034.20,9675.45,9434.90,10076.15,9586.61,11045.34,9917.28,3630.61,9140.81,10472.86,0.00,3630.61,9140.81,10472.86,0.00,5969.60,5256.18,6741.99,184.36,212.41,0.37,0.79,0.90,0.00,0.37,0.79,0.89,0.00,0.81,0.81,0.68,0.59,0.87,0.76,0.90,0.84,0.87,0.68,0.96,0.77,0.79,0.84,0.71,0.84,0.85,0.78,0.92,0.83,0.64,0.77
POR,620,2015,4041,6771,0.60,2022849,2125460,2001715,0.95,1.00,40,15,0,0,0,,,,,3667.00,9335.88,10678.71,0.00,3667.00,9335.88,10678.71,0.00,,12480.00,0.29,0.75,0.86,0.00,0.29,0.75,0.86,0.00,,4041,5194,3670,0.78,1.10,0,69,104,51,0,0,,,,,156.00,156.00,96.74,156.00,241.86,180.00,180.00,96.74,180.00,241.86,240.00,0.65,0.65,0.40,0.65,1.01,0.75,0.75,0.40,0.75,1.01,4041,5194,6771,0.78,0.60,3,156,26,26,0,0,,,,,132.00,151.89,28.94,151.89,0.00,132.00,151.89,28.94,151.89,0.00,240.00,0.55,0.63,0.12,0.63,0.00,0.55,0.63,0.12,0.63,0.00,4041,5194,0.78,0,1820,0,0,0,0,,,,,168.00,168.00,0.00,168.00,0.00,168.00,168.00,0.00,168.00,0.00,240.00,0.70,0.70,0.00,0.70,0.00,0.70,0.70,0.00,0.70,0.00,9299.88,10573.88,9193.03,9843.03,9611.88,10261.88,9700.04,11243.24,9892.68,3667.00,9335.88,10678.71,0.00,3667.00,9335.88,10678.71,0.00,6240.00,5243.88,6738.44,186.54,216.22,0.34,0.78,0.88,0.00,0.34,0.76,0.86,0.00,0.84,0.83,0.71,0.61,0.90,0.78,0.91,0.85,0.89,0.69,0.98,0.78,0.77,0.86,0.72,0.86,0.87,0.80,0.94,0.84,0.65,0.78
POR,620,2016,4135,6736,0.61,2036116,2165011,2038339,0.94,1.00,40,15,0,0,0,,,,,3682.00,9419.78,10774.86,0.00,3682.00,9419.78,10774.86,0.00,,12931.04,0.28,0.73,0.83,0.00,0.28,0.73,0.83,0.00,,4135,5177,3747,0.80,1.10,0,69,104,51,0,0,,,,,161.64,161.64,96.74,161.64,241.86,186.51,186.51,96.74,186.51,241.86,248.67,0.65,0.65,0.39,0.65,0.97,0.75,0.75,0.39,0.75,0.97,4135,5177,6736,0.80,0.61,3,156,26,26,0,0,,,,,136.77,157.38,28.94,157.38,0.00,136.77,157.38,28.94,157.38,0.00,248.67,0.55,0.63,0.12,0.63,0.00,0.55,0.63,0.12,0.63,0.00,4135,5177,0.80,0,1820,0,0,0,0,,,,,174.07,174.07,0.00,174.07,0.00,174.07,174.07,0.00,174.07,0.00,248.67,0.70,0.70,0.00,0.70,0.00,0.70,0.70,0.00,0.70,0.00,9614.48,11461.04,9503.77,10703.77,9937.76,11137.76,9977.82,12146.79,10228.71,3682.00,9419.78,10774.86,0.00,3682.00,9419.78,10774.86,0.00,6465.52,5411.89,7339.60,191.88,233.59,0.33,0.76,0.86,0.00,0.33,0.74,0.84,0.00,0.84,0.80,0.71,0.59,0.91,0.75,0.92,0.86,0.90,0.70,0.99,0.79,0.75,0.85,0.72,0.86,0.88,0.80,0.95,0.83,0.64,0.77
POR,620,2017,4299,6691,0.64,2040578,2206452,2077633,0.92,0.98,40,15,0,0,0,,,,,3700.48,9604.75,10982.07,0.00,3700.48,9604.75,10982.07,0.00,,13647.60,0.27,0.70,0.80,0.00,0.27,0.70,0.80,0.00,,4299,5218,3896,0.82,1.10,0,69,104,51,0,0,,,,,170.59,170.59,97.23,170.59,243.07,196.84,196.84,97.23,196.84,243.07,262.45,0.65,0.65,0.37,0.65,0.93,0.75,0.75,0.37,0.75,0.93,4299,5218,6691,0.82,0.64,3,156,26,26,0,0,,,,,144.35,166.10,29.09,166.10,0.00,144.35,166.10,29.09,166.10,0.00,262.45,0.55,0.63,0.11,0.63,0.00,0.55,0.63,0.11,0.63,0.00,4299,5218,0.82,0,1820,0,0,0,0,,,,,183.72,183.72,0.00,183.72,0.00,183.72,183.72,0.00,183.72,0.00,262.45,0.70,0.70,0.00,0.70,0.00,0.70,0.70,0.00,0.70,0.00,10114.28,11996.66,9997.43,11197.43,10455.47,11655.47,10419.18,12687.82,10762.54,3700.48,9604.75,10982.07,0.00,3700.48,9604.75,10982.07,0.00,6823.80,5678.81,7702.20,200.37,244.00,0.32,0.74,0.84,0.00,0.31,0.72,0.82,0.00,0.85,0.81,0.72,0.59,0.92,0.75,0.94,0.86,0.91,0.70,1.01,0.79,0.73,0.86,0.73,0.87,0.89,0.82,0.96,0.83,0.65,0.77
POR,620,2018,4455,6658,0.67,2040312,2252062,2123130,0.91,0.96,40,15,0,0,0,,,,,3767.12,9893.83,11306.46,0.00,3767.12,9893.83,11306.46,0.00,,14386.30,0.26,0.69,0.79,0.00,0.26,0.69,0.79,0.00,,4455,5232,4003,0.85,1.11,0,69,104,51,0,0,,,,,179.83,179.83,98.98,179.83,247.44,207.49,207.49,98.98,207.49,247.44,276.66,0.65,0.65,0.36,0.65,0.89,0.75,0.75,0.36,0.75,0.89,4455,5232,6658,0.85,0.67,3,156,26,26,0,0,,,,,152.16,175.09,29.61,175.09,0.00,152.16,175.09,29.61,175.09,0.00,276.66,0.55,0.63,0.11,0.63,0.00,0.55,0.63,0.11,0.63,0.00,4455,5232,0.85,0,1820,0,0,0,0,,,,,193.66,193.66,0.00,193.66,0.00,193.66,193.66,0.00,193.66,0.00,276.66,0.70,0.70,0.00,0.70,0.00,0.70,0.70,0.00,0.70,0.00,10629.53,12548.84,10506.36,11706.36,10989.18,12189.18,11041.62,13249.44,11312.88,3767.12,9893.83,11306.46,0.00,3767.12,9893.83,11306.46,0.00,7193.15,5953.98,8043.90,212.34,254.80,0.31,0.72,0.82,0.00,0.30,0.70,0.80,0.00,0.85,0.81,0.72,0.60,0.91,0.76,0.92,0.87,0.89,0.70,0.99,0.80,0.71,0.86,0.73,0.86,0.88,0.81,0.95,0.84,0.65,0.78
POR,620,2019,4768,6631,0.72,2049696,2295818,2169056,0.89,0.94,40,15,0,0,0,,,,,3827.46,10152.28,11593.30,0.00,3827.46,10152.28,11593.30,0.00,,14907.03,0.26,0.68,0.78,0.00,0.26,0.68,0.78,0.00,,4768,5252,4015,0.91,1.19,0,69,104,51,0,0,,,,,186.34,186.34,100.56,186.34,251.40,215.01,215.01,100.56,215.01,251.40,286.67,0.65,0.65,0.35,0.65,0.88,0.75,0.75,0.35,0.75,0.88,4768,5252,6631,0.91,0.72,3,156,26,26,0,0,,,,,157.67,181.43,30.09,181.43,0.00,157.67,181.43,30.09,181.43,0.00,286.67,0.55,0.63,0.10,0.63,0.00,0.55,0.63,0.10,0.63,0.00,4768,5252,0.91,0,1820,0,0,0,0,,,,,200.67,200.67,0.00,200.67,0.00,200.67,200.67,0.00,200.67,0.00,286.67,0.70,0.70,0.00,0.70,0.00,0.70,0.70,0.00,0.70,0.00,10992.73,12938.08,10865.10,12065.10,11365.41,12565.41,11379.63,13637.38,11700.82,3827.46,10152.28,11593.30,0.00,3827.46,10152.28,11593.30,0.00,7453.51,6147.95,8237.87,218.84,262.26,0.30,0.72,0.81,0.00,0.29,0.70,0.79,0.00,0.85,0.82,0.72,0.60,0.92,0.77,0.93,0.87,0.90,0.71,1.00,0.80,0.71,0.87,0.73,0.87,0.89,0.81,0.96,0.85,0.66,0.78
POR,620,2020,4743,6625,0.72,2070387,2358482,2227455,0.88,0.93,40,15,0,0,0,,,,,3854.20,10325.39,11780.54,0.00,3854.20,10325.39,11780.54,0.00,,14808.02,0.26,0.70,0.80,0.00,0.26,0.70,0.80,0.00,,4743,5164,3927,0.92,1.21,0,69,104,51,0,0,,,,,185.10,185.10,101.26,185.10,253.16,213.58,213.58,101.26,213.58,253.16,284.77,0.65,0.65,0.36,0.65,0.89,0.75,0.75,0.36,0.75,0.89,4743,5164,6625,0.92,0.72,3,156,26,26,0,0,,,,,156.62,180.22,30.30,180.22,0.00,156.62,180.22,30.30,180.22,0.00,284.77,0.55,0.63,0.11,0.63,0.00,0.55,0.63,0.11,0.63,0.00,4743,5164,0.92,0,1820,0,0,0,0,,,,,199.34,199.34,0.00,199.34,0.00,199.34,199.34,0.00,199.34,0.00,284.77,0.70,0.70,0.00,0.70,0.00,0.70,0.70,0.00,0.70,0.00,10923.67,12864.08,10796.89,11996.89,11293.87,12493.87,11321.73,13569.38,11627.06,3854.20,10325.39,11780.54,0.00,3854.20,10325.39,11780.54,0.00,7404.01,6111.07,8210.11,217.73,260.95,0.31,0.73,0.82,0.00,0.30,0.71,0.81,0.00,0.85,0.82,0.72,0.60,0.92,0.76,0.92,0.87,0.90,0.71,0.99,0.80,0.72,0.87,0.73,0.87,0.89,0.81,0.96,0.84,0.65,0.78
POR,620,2021,4858,6608,0.74,2070069,2412253,2144888,0.86,0.97,40,15,0,0,0,,,,,3854.20,10541.02,12020.28,0.00,3854.20,10541.02,12020.28,0.00,,15663.00,0.25,0.67,0.77,0.00,0.25,0.67,0.77,0.00,,4858,5118,3954,0.95,1.23,0,69,104,51,0,0,,,,,195.79,195.79,116.45,195.79,253.16,225.91,225.91,116.45,225.91,253.16,301.21,0.65,0.65,0.39,0.65,0.84,0.75,0.75,0.39,0.75,0.84,4858,5118,6608,0.95,0.74,3,156,26,26,0,0,,,,,165.67,190.63,30.30,190.63,0.00,165.67,190.63,30.30,190.63,0.00,301.21,0.55,0.63,0.10,0.63,0.00,0.55,0.63,0.10,0.63,0.00,4858,5118,0.95,0,1820,0,0,0,0,,,,,210.85,210.85,0.00,210.85,0.00,210.85,210.85,0.00,210.85,0.00,301.21,0.70,0.70,0.00,0.70,0.00,0.70,0.70,0.00,0.70,0.00,11520.02,13503.17,11385.92,12585.92,11911.60,13111.60,11840.53,14206.33,12264.01,3854.20,10541.02,12020.28,0.00,3854.20,10541.02,12020.28,0.00,7831.50,6429.55,8528.59,227.70,273.20,0.29,0.71,0.80,0.00,0.28,0.69,0.78,0.00,0.86,0.83,0.73,0.61,0.93,0.77,0.94,0.88,0.92,0.71,1.01,0.81,0.70,0.88,0.74,0.88,0.90,0.82,0.97,0.85,0.66,0.79
POR,620,2022,5162,6602,0.78,2081795,2461644,2190245,0.85,0.95,40,15,0,0,0,,,,,3667.00,10907.45,12436.97,0.00,3667.00,10907.45,12436.97,0.00,,16567.00,0.22,0.66,0.75,0.00,0.22,0.66,0.75,0.00,,5162,5200,4094,0.99,1.26,0,69,104,51,0,0,,,,,207.09,207.09,117.62,207.09,255.69,238.95,238.95,117.62,238.95,255.69,318.60,0.65,0.65,0.37,0.65,0.80,0.75,0.75,0.37,0.75,0.80,5162,5200,6602,0.99,0.78,3,156,26,26,0,0,,,,,175.23,201.63,30.60,201.63,0.00,175.23,201.63,30.60,201.63,0.00,318.60,0.55,0.63,0.10,0.63,0.00,0.55,0.63,0.10,0.63,0.00,5162,5200,0.99,0,1820,0,0,0,0,,,,,223.02,223.02,0.00,223.02,0.00,223.02,223.02,0.00,223.02,0.00,318.60,0.70,0.70,0.00,0.70,0.00,0.70,0.70,0.00,0.70,0.00,12150.56,14178.91,12008.72,13208.72,12564.74,13764.74,12474.36,14879.81,12937.49,3667.00,10907.45,12436.97,0.00,3667.00,10907.45,12436.97,0.00,8283.50,6766.29,8865.33,239.89,286.15,0.27,0.70,0.78,0.00,0.26,0.67,0.76,0.00,0.86,0.84,0.73,0.61,0.93,0.78,0.94,0.88,0.92,0.72,1.02,0.81,0.69,0.88,0.75,0.88,0.90,0.82,0.97,0.86,0.67,0.80
POR,620,2023,5207,6644,0.78,2117487,2510904,2234521,0.84,0.95,40,15,0,0,0,,,,,4219.74,11975.55,13656.80,0.00,4219.74,11975.55,13656.80,0.00,,17523.00,0.24,0.68,0.78,0.00,0.24,0.68,0.78,0.00,,5207,5325,4198,0.98,1.24,0,69,104,51,0,0,,,,,219.04,219.04,127.50,219.04,277.17,252.74,252.74,127.50,252.74,277.17,336.98,0.65,0.65,0.38,0.65,0.82,0.75,0.75,0.38,0.75,0.82,5207,5325,6644,0.98,0.78,3,156,26,26,0,0,,,,,185.34,213.27,33.17,213.27,0.00,185.34,213.27,33.17,213.27,0.00,336.98,0.55,0.63,0.10,0.63,0.00,0.55,0.63,0.10,0.63,0.00,5207,5325,0.98,0,1820,0,0,0,0,,,,,235.89,235.89,0.00,235.89,0.00,235.89,235.89,0.00,235.89,0.00,336.98,0.70,0.70,0.00,0.70,0.00,0.70,0.70,0.00,0.70,0.00,12817.37,14893.52,12667.35,13867.35,13255.45,14455.45,13210.24,16049.72,13649.72,4219.74,11975.55,13656.80,0.00,4219.74,11975.55,13656.80,0.00,8761.50,7122.40,9522.40,254.04,308.65,0.28,0.72,0.81,0.00,0.27,0.70,0.79,0.00,0.86,0.82,0.73,0.60,0.93,0.76,0.94,0.82,0.91,0.67,1.01,0.76,0.71,0.86,0.73,0.86,0.90,0.82,0.97,0.82,0.63,0.76
ROU,642,2000,4646,15335,0.30,4246,2961,3707,1.43,1.00,50,30,0,0,0,,,,,0.00,8742400.00,9288800.00,0.00,0.00,8742400.00,9288800.00,0.00,,30300000.00,0.00,0.29,0.31,0.00,0.00,0.29,0.31,0.00,,4646,9636,4646,0.48,1.00,0,39,104,52,0,0,,,,,232692.31,232692.31,232692.31,232692.31,0.00,232692.31,232692.31,232692.31,232692.31,0.00,582692.31,0.40,0.40,0.40,0.40,0.00,0.40,0.40,0.40,0.40,0.00,9636,9636,15335,1.00,0.63,0,1820,0,0,0,0,,,,,388089.04,491165.41,0.00,491165.41,0.00,388089.04,491165.41,0.00,491165.41,0.00,582692.31,0.67,0.84,0.00,0.84,0.00,0.67,0.84,0.00,0.84,0.00,4646,9636,0.48,0,26,0,0,0,0,,,,,466153.85,466153.85,0.00,466153.85,0.00,466153.85,466153.85,0.00,466153.85,0.00,582692.31,0.80,0.80,0.00,0.80,0.00,0.80,0.80,0.00,0.80,0.00,18231500.00,19791500.00,24313285.55,25873285.55,21784402.20,23344402.20,22150000.00,23710000.00,22150000.00,0.00,8742400.00,9288800.00,0.00,0.00,8742400.00,9288800.00,0.00,15150000.00,12181500.00,13741500.00,425961.54,455961.54,0.00,0.39,0.42,0.00,0.00,0.39,0.42,0.00,0.55,0.51,0.91,0.85,0.80,0.80,0.61,0.61,1.22,1.22,0.96,0.96,0.39,0.57,1.00,0.88,0.58,1.00,0.88,0.56,1.00,0.88
ROU,642,2001,4613,15366,0.30,4426,3017,3767,1.47,1.00,50,30,0,0,0,,,,,0.00,18593642.19,23906111.38,0.00,0.00,18593642.19,23906111.38,0.00,,45900000.00,0.00,0.41,0.52,0.00,0.00,0.41,0.52,0.00,,4613,9389,4613,0.49,1.00,0,39,104,52,0,0,,,,,320480.77,320480.77,320480.77,320480.77,0.00,320480.77,320480.77,320480.77,320480.77,0.00,882692.31,0.36,0.36,0.36,0.36,0.00,0.36,0.36,0.36,0.36,0.00,9389,9389,15366,1.00,0.61,0,26,52,26,0,0,,,,,662019.23,662019.23,0.00,662019.23,0.00,662019.23,662019.23,0.00,662019.23,0.00,882692.31,0.75,0.75,0.00,0.75,0.00,0.75,0.75,0.00,0.75,0.00,4613,9389,0.49,0,26,0,0,0,0,,,,,706153.85,706153.85,0.00,706153.85,0.00,706153.85,706153.85,0.00,706153.85,0.00,882692.31,0.80,0.80,0.00,0.80,0.00,0.80,0.80,0.00,0.80,0.00,26541840.00,32154372.00,34561215.00,40173747.00,32610813.63,38874045.63,33164640.00,39469542.00,34226274.00,0.00,18593642.19,23906111.38,0.00,0.00,18593642.19,23906111.38,0.00,22950000.00,18209340.00,23821872.00,637781.54,759029.65,0.00,0.49,0.61,0.00,0.00,0.47,0.59,0.00,0.50,0.42,1.04,0.87,0.80,0.80,0.56,0.53,1.09,1.05,0.96,0.96,0.48,0.50,1.00,0.88,0.53,1.00,0.88,0.48,0.96,0.88
ROU,642,2002,4615,14933,0.31,4535,3043,3576,1.49,1.00,50,30,0,0,0,,,,,0.00,22978162.24,29543351.45,0.00,0.00,22978162.24,29543351.45,0.00,,56900000.00,0.00,0.40,0.52,0.00,0.00,0.40,0.52,0.00,,4615,9090,4615,0.51,1.00,0,39,104,52,0,0,,,,,485480.77,485480.77,485480.77,485480.77,0.00,485480.77,485480.77,485480.77,485480.77,0.00,1094230.77,0.44,0.44,0.44,0.44,0.00,0.44,0.44,0.44,0.44,0.00,9090,9090,14933,1.00,0.61,0,26,52,26,0,0,,,,,820673.08,820673.08,0.00,820673.08,0.00,820673.08,820673.08,0.00,820673.08,0.00,1094230.77,0.75,0.75,0.00,0.75,0.00,0.75,0.75,0.00,0.75,0.00,4615,9090,0.51,0,26,0,0,0,0,,,,,875384.62,875384.62,0.00,875384.62,0.00,875384.62,875384.62,0.00,875384.62,0.00,1094230.77,0.80,0.80,0.00,0.80,0.00,0.80,0.80,0.00,0.80,0.00,33006250.00,36644650.00,38627312.50,42265712.50,38522698.35,42305098.35,36506500.00,40288900.00,36727300.00,0.00,22978162.24,29543351.45,0.00,0.00,22978162.24,29543351.45,0.00,28450000.00,20383750.00,24022150.00,702048.08,774786.54,0.00,0.56,0.70,0.00,0.00,0.55,0.70,0.00,0.69,0.63,1.17,1.06,0.80,0.80,0.78,0.78,1.13,1.12,1.13,1.12,0.55,0.72,1.00,0.96,0.74,1.00,0.96,0.70,1.00,0.96
ROU,642,2003,4655,14770,0.32,4570,3053,3618,1.50,1.00,50,31,0,0,0,,,,,0.00,27171976.43,34935398.27,0.00,0.00,27171976.43,34935398.27,0.00,,68700000.00,0.00,0.40,0.51,0.00,0.00,0.40,0.51,0.00,,4655,8964,4655,0.52,1.00,0,39,104,52,0,0,,,,,601826.92,601826.92,601826.92,601826.92,0.00,601826.92,601826.92,601826.92,601826.92,0.00,1321153.85,0.46,0.46,0.46,0.46,0.00,0.46,0.46,0.46,0.46,0.00,8964,8964,14770,1.00,0.61,0,26,52,26,0,0,,,,,990865.38,990865.38,0.00,990865.38,0.00,990865.38,990865.38,0.00,990865.38,0.00,1321153.85,0.75,0.75,0.00,0.75,0.00,0.75,0.75,0.00,0.75,0.00,4655,8964,0.52,0,26,0,0,0,0,,,,,1056923.08,1056923.08,0.00,1056923.08,0.00,1056923.08,1056923.08,0.00,1056923.08,0.00,1321153.85,0.80,0.80,0.00,0.80,0.00,0.80,0.80,0.00,0.80,0.00,40145500.00,56383900.00,46524937.50,62763337.50,46275570.33,63265470.33,44013000.00,61346400.00,46993800.00,0.00,27171976.43,34935398.27,0.00,0.00,27171976.43,34935398.27,0.00,34350000.00,24498000.00,40736400.00,846403.85,1179738.46,0.00,0.54,0.68,0.00,0.00,0.50,0.64,0.00,0.71,0.51,1.17,0.84,0.80,0.80,0.80,0.76,1.13,1.07,1.12,1.09,0.52,0.70,1.00,0.95,0.76,1.00,0.96,0.63,0.95,0.95
ROU,642,2004,4653,14707,0.32,4597,3042,3641,1.51,1.00,50,31,0,0,0,,,,,0.00,31761828.96,40836637.24,0.00,0.00,31761828.96,40836637.24,0.00,,85900000.00,0.00,0.37,0.48,0.00,0.00,0.37,0.48,0.00,,4653,7896,4653,0.59,1.00,0,39,104,52,0,0,,,,,726634.62,726634.62,726634.62,726634.62,0.00,726634.62,726634.62,726634.62,726634.62,0.00,1651923.08,0.44,0.44,0.44,0.44,0.00,0.44,0.44,0.44,0.44,0.00,7896,7896,14707,1.00,0.54,0,26,52,26,0,0,,,,,1238942.31,1238942.31,0.00,1238942.31,0.00,1238942.31,1238942.31,0.00,1238942.31,0.00,1651923.08,0.75,0.75,0.00,0.75,0.00,0.75,0.75,0.00,0.75,0.00,4653,7896,0.59,0,26,0,0,0,0,,,,,1321538.46,1321538.46,0.00,1321538.46,0.00,1321538.46,1321538.46,0.00,1321538.46,0.00,1651923.08,0.80,0.80,0.00,0.80,0.00,0.80,0.80,0.00,0.80,0.00,48982500.00,66298500.00,57631687.50,74947687.50,57034036.26,75575536.26,54205000.00,73176000.00,57517000.00,0.00,31761828.96,40836637.24,0.00,0.00,31761828.96,40836637.24,0.00,42950000.00,30090000.00,47406000.00,1042403.85,1407230.77,0.00,0.51,0.64,0.00,0.00,0.48,0.60,0.00,0.70,0.52,1.19,0.88,0.80,0.80,0.78,0.73,1.14,1.07,1.12,1.09,0.49,0.68,1.00,0.95,0.74,1.00,0.96,0.62,0.97,0.95
ROU,642,2005,4790,14620,0.33,4611,3026,3653,1.52,1.00,50,31,0,0,0,,,,,0.00,35379417.90,45487823.02,0.00,0.00,35379417.90,45487823.02,0.00,,99500000.00,0.00,0.36,0.46,0.00,0.00,0.36,0.46,0.00,,4790,8913,4790,0.54,1.00,0,52,104,52,0,0,,,,,581250.00,581250.00,581250.00,772596.15,0.00,581250.00,581250.00,581250.00,772596.15,0.00,1913461.54,0.30,0.30,0.30,0.40,0.00,0.30,0.30,0.30,0.40,0.00,8913,8913,14620,1.00,0.61,0,26,52,26,0,0,,,,,1435096.15,1435096.15,0.00,1435096.15,0.00,1435096.15,1435096.15,0.00,1435096.15,0.00,1913461.54,0.75,0.75,0.00,0.75,0.00,0.75,0.75,0.00,0.75,0.00,4790,8913,0.54,0,26,0,0,0,0,,,,,1530769.23,1530769.23,0.00,1530769.23,0.00,1530769.23,1530769.23,0.00,1530769.23,0.00,1913461.54,0.80,0.80,0.00,0.80,0.00,0.80,0.80,0.00,0.80,0.00,54598200.00,72358200.00,73322840.50,91082840.50,72912189.23,90672189.23,72887528.00,90647528.00,75287528.00,0.00,35379417.90,45487823.02,0.00,0.00,35379417.90,45487823.02,0.00,49750000.00,39485700.00,57245700.00,1401683.23,1743221.69,0.00,0.43,0.54,0.00,0.00,0.41,0.52,0.00,0.41,0.33,1.02,0.82,0.80,0.80,0.45,0.45,1.01,1.01,1.00,1.00,0.42,0.41,0.97,0.90,0.43,1.00,0.90,0.39,0.92,0.90
ROU,642,2006,4910,14535,0.34,4633,3133,3649,1.48,1.00,50,31,0,0,0,,,,,0.00,3861.39,4964.64,0.00,0.00,3861.39,4964.64,0.00,,11400.00,0.00,0.34,0.44,0.00,0.00,0.34,0.44,0.00,,4910,8930,4910,0.55,1.00,0,52,104,52,0,0,,,,,77.22,77.22,61.88,83.80,0.00,77.22,77.22,61.88,83.80,0.00,219.23,0.35,0.35,0.28,0.38,0.00,0.35,0.35,0.28,0.38,0.00,8930,8930,14535,1.00,0.61,0,26,52,26,0,0,,,,,164.42,164.42,0.00,164.42,0.00,164.42,164.42,0.00,164.42,0.00,219.23,0.75,0.75,0.00,0.75,0.00,0.75,0.75,0.00,0.75,0.00,4910,8930,0.55,0,26,0,0,0,0,,,,,175.38,175.38,0.00,175.38,0.00,175.38,175.38,0.00,175.38,0.00,219.23,0.80,0.80,0.00,0.80,0.00,0.80,0.80,0.00,0.80,0.00,6449.00,8093.00,8310.13,9954.13,8270.90,9914.90,8260.25,9904.25,8452.25,0.00,3861.39,4964.64,0.00,0.00,3861.39,4964.64,0.00,5700.00,4441.25,6085.25,158.85,190.47,0.00,0.47,0.60,0.00,0.00,0.46,0.59,0.00,0.49,0.41,1.04,0.86,0.80,0.80,0.53,0.53,1.01,1.01,1.00,1.00,0.46,0.49,0.98,0.90,0.51,1.00,0.90,0.47,0.94,0.90
ROU,642,2007,5163,14452,0.36,4643,3110,3640,1.49,1.00,50,31,0,0,0,,,,,0.00,4725.32,6075.41,0.00,0.00,4725.32,6075.41,0.00,,13944.00,0.00,0.34,0.44,0.00,0.00,0.34,0.44,0.00,,5163,9094,5163,0.57,1.00,0,52,104,52,0,0,,,,,91.90,91.90,73.12,99.94,0.00,91.90,91.90,73.12,99.94,0.00,268.15,0.34,0.34,0.27,0.37,0.00,0.34,0.34,0.27,0.37,0.00,9094,9094,14452,1.00,0.63,0,26,52,4,0,0,,,,,201.12,201.12,0.00,201.12,0.00,201.12,201.12,0.00,201.12,0.00,268.15,0.75,0.75,0.00,0.75,0.00,0.75,0.75,0.00,0.75,0.00,5163,9094,0.57,0,26,0,0,0,0,,,,,214.52,214.52,0.00,214.52,0.00,214.52,214.52,0.00,214.52,0.00,268.15,0.80,0.80,0.00,0.80,0.00,0.80,0.80,0.00,0.80,0.00,7682.78,11462.78,10025.74,13805.74,9966.77,13733.58,9925.85,13659.20,10102.30,0.00,4725.32,6075.41,0.00,0.00,4725.32,6075.41,0.00,6972.00,5293.49,9073.49,190.88,262.68,0.00,0.48,0.61,0.00,0.00,0.47,0.60,0.00,0.48,0.35,1.05,0.77,0.80,0.80,0.52,0.52,1.02,1.03,1.01,1.02,0.47,0.47,0.97,0.91,0.50,1.00,0.90,0.44,0.90,0.91
ROU,642,2008,5233,14076,0.37,4664,3187,3655,1.46,1.00,50,32,0,0,0,,,,,0.00,6809.14,8754.61,0.00,0.00,6809.14,8754.61,0.00,,16864.00,0.00,0.40,0.52,0.00,0.00,0.40,0.52,0.00,,5233,9150,5233,0.57,1.00,0,52,104,52,0,0,,,,,116.45,116.45,93.75,126.18,0.00,116.45,116.45,93.75,126.18,0.00,324.31,0.36,0.36,0.29,0.39,0.00,0.36,0.36,0.29,0.39,0.00,9150,9150,14076,1.00,0.65,0,26,52,4,0,0,,,,,243.23,243.23,0.00,243.23,0.00,243.23,243.23,0.00,243.23,0.00,324.31,0.75,0.75,0.00,0.75,0.00,0.75,0.75,0.00,0.75,0.00,5233,9150,0.57,0,26,0,0,0,0,,,,,259.45,259.45,0.00,259.45,0.00,259.45,259.45,0.00,259.45,0.00,324.31,0.80,0.80,0.00,0.80,0.00,0.80,0.80,0.00,0.80,0.00,9425.91,13313.91,12121.39,16009.39,12000.37,15812.11,12076.81,15848.08,12229.90,0.00,6809.14,8754.61,0.00,0.00,6809.14,8754.61,0.00,8432.00,6398.17,10286.17,232.25,304.77,0.00,0.56,0.72,0.00,0.00,0.56,0.72,0.00,0.50,0.38,1.05,0.80,0.80,0.80,0.53,0.54,1.01,1.03,0.99,0.99,0.56,0.49,0.97,0.90,0.52,1.00,0.89,0.46,0.91,0.90
ROU,642,2009,4879,13919,0.35,4718,3299,3644,1.43,1.00,50,32,0,0,0,,,,,0.00,8111.37,10428.90,0.00,0.00,8111.37,10428.90,0.00,,18545.00,0.00,0.44,0.56,0.00,0.00,0.44,0.56,0.00,,4879,9120,4879,0.54,1.00,0,52,104,52,0,0,,,,,137.46,137.46,112.50,148.16,0.00,137.46,137.46,112.50,148.16,0.00,356.63,0.39,0.39,0.32,0.42,0.00,0.39,0.39,0.32,0.42,0.00,9120,9120,13919,1.00,0.66,0,26,52,4,0,0,,,,,267.48,267.48,0.00,267.48,0.00,267.48,267.48,0.00,267.48,0.00,356.63,0.75,0.75,0.00,0.75,0.00,0.75,0.75,0.00,0.75,0.00,4879,9120,0.54,0,26,0,0,0,0,,,,,285.31,285.31,0.00,285.31,0.00,285.31,285.31,0.00,285.31,0.00,356.63,0.80,0.80,0.00,0.80,0.00,0.80,0.80,0.00,0.80,0.00,10557.81,14757.81,13247.61,17447.61,13120.53,17207.96,13151.48,17194.40,13291.12,0.00,8111.37,10428.90,0.00,0.00,8111.37,10428.90,0.00,9272.50,6983.73,11183.73,252.91,330.66,0.00,0.62,0.79,0.00,0.00,0.61,0.78,0.00,0.54,0.42,1.06,0.81,0.80,0.80,0.58,0.59,1.02,1.04,0.99,1.00,0.61,0.53,0.98,0.90,0.56,1.00,0.90,0.51,0.93,0.90
ROU,642,2010,4581,13814,0.33,4767,3275,3453,1.46,1.00,50,32,0,0,0,,,,,4200.00,8303.56,10676.01,0.00,4200.00,12503.56,14876.01,0.00,,20413.00,0.21,0.41,0.52,0.00,0.21,0.61,0.73,0.00,,4581,8998,4581,0.51,1.00,0,52,104,52,0,0,,,,,139.98,139.98,112.50,151.76,0.00,139.98,139.98,112.50,151.76,0.00,392.56,0.36,0.36,0.29,0.39,0.00,0.36,0.36,0.29,0.39,0.00,8998,8998,13814,1.00,0.65,0,26,52,4,0,0,,,,,294.42,294.42,0.00,294.42,0.00,294.42,294.42,0.00,294.42,0.00,392.56,0.75,0.75,0.00,0.75,0.00,0.75,0.75,0.00,0.75,0.00,4581,8998,0.51,0,26,0,0,0,0,,,,,314.05,314.05,0.00,314.05,0.00,314.05,314.05,0.00,314.05,0.00,392.56,0.80,0.80,0.00,0.80,0.00,0.80,0.80,0.00,0.80,0.00,11278.29,15478.29,14505.01,18705.01,14369.61,18416.69,14375.02,18373.11,14499.72,4200.00,8303.56,10676.01,0.00,4200.00,12503.56,14876.01,0.00,10206.50,7638.84,11838.84,276.44,353.33,0.29,0.58,0.74,0.00,0.29,0.85,0.98,0.00,0.51,0.40,1.07,0.83,0.80,0.80,0.54,0.56,1.02,1.05,1.00,1.01,0.72,0.50,0.99,0.90,0.52,1.00,0.90,0.48,0.94,0.90
ROU,642,2011,4660,13745,0.34,4744,3256,3474,1.46,1.00,50,33,0,0,0,,,,,4200.00,8183.20,10521.26,0.00,4200.00,12383.20,14721.26,0.00,,22113.00,0.19,0.37,0.48,0.00,0.19,0.56,0.67,0.00,,4660,8826,4660,0.53,1.00,0,52,104,52,0,0,,,,,155.39,155.39,125.62,168.15,0.00,155.39,155.39,125.62,168.15,0.00,425.25,0.37,0.37,0.30,0.40,0.00,0.37,0.37,0.30,0.40,0.00,8826,8826,13745,1.00,0.64,0,26,52,4,0,0,,,,,318.94,318.94,0.00,318.94,0.00,318.94,318.94,0.00,318.94,0.00,425.25,0.75,0.75,0.00,0.75,0.00,0.75,0.75,0.00,0.75,0.00,4660,8826,0.53,0,26,0,0,0,0,,,,,340.20,340.20,0.00,340.20,0.00,340.20,340.20,0.00,340.20,0.00,425.25,0.80,0.80,0.00,0.80,0.00,0.80,0.80,0.00,0.80,0.00,12358.72,15838.72,16610.27,20090.27,15589.83,18880.19,16748.84,19986.12,16859.93,4200.00,8183.20,10521.26,0.00,4200.00,12383.20,14721.26,0.00,11056.50,8318.51,11798.51,322.09,384.35,0.25,0.49,0.63,0.00,0.25,0.73,0.84,0.00,0.48,0.40,0.99,0.83,0.80,0.80,0.48,0.49,0.98,1.01,0.86,0.86,0.61,0.46,0.95,0.83,0.48,0.99,0.83,0.45,0.92,0.83
ROU,642,2012,4777,13669,0.35,4702,3242,3493,1.45,1.00,50,34,0,0,0,,,,,4200.00,8071.70,10377.89,0.00,4200.00,12271.70,14577.89,0.00,,23358.00,0.18,0.35,0.44,0.00,0.18,0.53,0.62,0.00,,4777,9063,4777,0.53,1.00,0,52,104,52,0,0,,,,,162.69,162.69,131.25,176.17,0.00,162.69,162.69,131.25,176.17,0.00,449.19,0.36,0.36,0.29,0.39,0.00,0.36,0.36,0.29,0.39,0.00,9063,9063,13669,1.00,0.66,0,26,52,4,0,0,,,,,336.89,336.89,0.00,336.89,0.00,336.89,336.89,0.00,336.89,0.00,449.19,0.75,0.75,0.00,0.75,0.00,0.75,0.75,0.00,0.75,0.00,4777,9063,0.53,0,26,0,0,0,0,,,,,359.35,359.35,0.00,359.35,0.00,359.35,359.35,0.00,359.35,0.00,449.19,0.80,0.80,0.00,0.80,0.00,0.80,0.80,0.00,0.80,0.00,12992.73,17480.73,17521.18,22009.18,16429.77,20701.24,17645.16,21860.57,17746.30,4200.00,8071.70,10377.89,0.00,4200.00,12271.70,14577.89,0.00,11679.00,8762.70,13250.70,339.33,420.40,0.24,0.46,0.58,0.00,0.24,0.68,0.78,0.00,0.48,0.39,0.99,0.80,0.80,0.80,0.48,0.49,0.99,1.02,0.86,0.87,0.57,0.46,0.95,0.83,0.48,0.99,0.83,0.44,0.91,0.83
ROU,642,2013,4801,13622,0.35,4681,3258,3258,1.44,1.00,50,34,0,0,0,,,,,4200.00,8288.13,10656.17,0.00,4200.00,12488.13,14856.17,0.00,,24711.00,0.17,0.34,0.43,0.00,0.17,0.51,0.60,0.00,,4801,9043,4801,0.53,1.00,0,52,104,52,0,0,,,,,173.89,173.89,140.62,188.15,0.00,173.89,173.89,140.62,188.15,0.00,475.21,0.37,0.37,0.30,0.40,0.00,0.37,0.37,0.30,0.40,0.00,9043,9043,13622,1.00,0.66,0,26,52,4,0,0,,,,,356.41,356.41,0.00,356.41,0.00,356.41,356.41,0.00,356.41,0.00,475.21,0.75,0.75,0.00,0.75,0.00,0.75,0.75,0.00,0.75,0.00,4801,9043,0.53,0,26,0,0,0,0,,,,,380.17,380.17,0.00,380.17,0.00,380.17,380.17,0.00,380.17,0.00,475.21,0.80,0.80,0.00,0.80,0.00,0.80,0.80,0.00,0.80,0.00,13748.75,18300.21,18493.42,23044.89,17332.00,21646.25,18617.79,22872.73,18708.10,4200.00,8288.13,10656.17,0.00,4200.00,12488.13,14856.17,0.00,12355.50,9227.61,13779.08,358.03,439.86,0.23,0.45,0.57,0.00,0.22,0.65,0.75,0.00,0.49,0.40,1.00,0.81,0.80,0.80,0.48,0.50,0.99,1.02,0.86,0.87,0.55,0.46,0.95,0.83,0.48,0.99,0.83,0.45,0.91,0.83
ROU,642,2014,4901,13556,0.36,4682,3297,3297,1.42,1.00,50,34,0,0,0,,,,,4200.00,8499.94,10928.49,0.00,4200.00,12699.94,15128.49,0.00,,26391.00,0.16,0.32,0.41,0.00,0.16,0.48,0.57,0.00,,4901,8910,4901,0.55,1.00,0,52,104,52,0,0,,,,,194.90,194.90,159.38,210.13,0.00,194.90,194.90,159.38,210.13,0.00,507.52,0.38,0.38,0.31,0.41,0.00,0.38,0.38,0.31,0.41,0.00,8910,8910,13556,1.00,0.66,0,26,52,4,0,0,,,,,380.64,380.64,0.00,380.64,0.00,380.64,380.64,0.00,380.64,0.00,507.52,0.75,0.75,0.00,0.75,0.00,0.75,0.75,0.00,0.75,0.00,4901,8910,0.55,0,26,0,0,0,0,,,,,406.02,406.02,0.00,406.02,0.00,406.02,406.02,0.00,406.02,0.00,507.52,0.80,0.80,0.00,0.80,0.00,0.80,0.80,0.00,0.80,0.00,14894.07,19977.38,19722.39,24805.70,18482.01,23311.97,19855.22,24621.83,19932.09,4200.00,8499.94,10928.49,0.00,4200.00,12699.94,15128.49,0.00,13195.50,9826.64,14909.94,381.83,473.50,0.21,0.43,0.54,0.00,0.21,0.62,0.72,0.00,0.51,0.41,1.00,0.80,0.80,0.80,0.51,0.52,0.99,1.02,0.86,0.87,0.52,0.49,0.95,0.83,0.51,0.99,0.83,0.47,0.91,0.83
ROU,642,2015,5041,13414,0.38,4683,3376,3376,1.39,1.00,50,35,0,0,0,,,,,4800.00,8401.13,10801.45,0.00,4800.00,13201.13,15601.45,0.00,,28744.00,0.17,0.29,0.38,0.00,0.17,0.46,0.54,0.00,,5041,8777,5041,0.57,1.00,0,52,104,52,0,0,,,,,221.51,221.51,182.81,238.09,0.00,221.51,221.51,182.81,238.09,0.00,552.77,0.40,0.40,0.33,0.43,0.00,0.40,0.40,0.33,0.43,0.00,8777,8777,13414,1.00,0.65,0,26,52,4,0,0,,,,,414.58,414.58,0.00,414.58,0.00,414.58,414.58,0.00,414.58,0.00,552.77,0.75,0.75,0.00,0.75,0.00,0.75,0.75,0.00,0.75,0.00,5041,8777,0.57,0,26,0,0,0,0,,,,,442.22,442.22,0.00,442.22,0.00,442.22,442.22,0.00,442.22,0.00,552.77,0.80,0.80,0.00,0.80,0.00,0.80,0.80,0.00,0.80,0.00,16418.52,24183.19,21437.40,29202.07,20086.43,27575.16,21582.07,29001.81,21640.12,4800.00,8401.13,10801.45,0.00,4800.00,13201.13,15601.45,0.00,14372.00,10659.35,18424.02,415.04,557.73,0.22,0.39,0.50,0.00,0.22,0.59,0.68,0.00,0.53,0.40,1.00,0.74,0.80,0.80,0.53,0.54,0.99,1.02,0.86,0.87,0.49,0.50,0.94,0.83,0.53,0.99,0.83,0.47,0.88,0.83
ROU,642,2016,5224,13258,0.39,4678,3435,3435,1.36,1.00,50,35,0,0,0,,,,,4800.00,8839.57,11365.16,0.00,4800.00,13639.57,16165.16,0.00,,31592.00,0.15,0.28,0.36,0.00,0.15,0.43,0.51,0.00,,5224,8736,5224,0.60,1.00,0,52,104,52,0,0,,,,,276.90,276.90,234.38,295.13,0.00,276.90,276.90,234.38,295.13,0.00,607.54,0.46,0.46,0.39,0.49,0.00,0.46,0.46,0.39,0.49,0.00,8736,8736,13258,1.00,0.66,0,26,52,4,0,0,,,,,455.65,455.65,0.00,455.65,0.00,455.65,455.65,0.00,455.65,0.00,607.54,0.75,0.75,0.00,0.75,0.00,0.75,0.75,0.00,0.75,0.00,5224,8736,0.60,0,26,0,0,0,0,,,,,486.03,486.03,0.00,486.03,0.00,486.03,486.03,0.00,486.03,0.00,607.54,0.80,0.80,0.00,0.80,0.00,0.80,0.80,0.00,0.80,0.00,18973.33,27877.33,23619.82,32523.82,21993.34,30502.96,23624.53,32058.32,23659.80,4800.00,8839.57,11365.16,0.00,4800.00,13639.57,16165.16,0.00,15796.00,11773.86,20677.86,454.32,616.51,0.20,0.37,0.48,0.00,0.20,0.56,0.64,0.00,0.61,0.45,1.00,0.74,0.80,0.80,0.61,0.63,1.00,1.04,0.86,0.86,0.47,0.57,0.95,0.83,0.61,1.00,0.83,0.54,0.89,0.83
ROU,642,2017,5362,13091,0.41,4678,3494,3494,1.34,1.00,50,35,0,0,0,,,,,6240.00,9791.41,12588.96,0.00,6240.00,16031.41,18828.96,0.00,,35794.00,0.17,0.27,0.35,0.00,0.17,0.45,0.53,0.00,,5362,8718,5362,0.62,1.00,0,52,104,52,0,0,,,,,320.06,320.06,271.88,340.71,0.00,320.06,320.06,271.88,340.71,0.00,688.35,0.46,0.46,0.39,0.49,0.00,0.46,0.46,0.39,0.49,0.00,8718,8718,13091,1.00,0.67,0,26,52,4,0,0,,,,,516.26,516.26,0.00,516.26,0.00,516.26,516.26,0.00,516.26,0.00,688.35,0.75,0.75,0.00,0.75,0.00,0.75,0.75,0.00,0.75,0.00,5362,8718,0.62,0,26,0,0,0,0,,,,,550.68,550.68,0.00,550.68,0.00,550.68,550.68,0.00,550.68,0.00,688.35,0.80,0.80,0.00,0.80,0.00,0.80,0.80,0.00,0.80,0.00,21497.93,31189.13,26597.96,36289.16,24716.84,33922.89,26564.99,35685.14,26566.64,6240.00,9791.41,12588.96,0.00,6240.00,16031.41,18828.96,0.00,17897.00,13176.39,22867.59,510.87,686.25,0.23,0.37,0.47,0.00,0.23,0.59,0.69,0.00,0.63,0.47,1.01,0.75,0.80,0.80,0.62,0.65,1.00,1.05,0.86,0.86,0.48,0.59,0.95,0.83,0.62,1.00,0.83,0.56,0.90,0.83
ROU,642,2018,5426,12925,0.42,4684,3549,3549,1.32,1.00,50,35,0,0,0,,,,,6240.00,10687.72,13741.36,0.00,6240.00,16927.72,19981.36,0.00,,47180.00,0.13,0.23,0.29,0.00,0.13,0.36,0.42,0.00,,5426,8696,5426,0.62,1.00,0,52,104,52,0,0,,,,,419.76,419.76,356.25,446.98,0.00,419.76,419.76,356.25,446.98,0.00,907.31,0.46,0.46,0.39,0.49,0.00,0.46,0.46,0.39,0.49,0.00,8696,8696,12925,1.00,0.67,0,26,52,4,0,0,,,,,680.48,680.48,0.00,680.48,0.00,680.48,680.48,0.00,680.48,0.00,907.31,0.75,0.75,0.00,0.75,0.00,0.75,0.75,0.00,0.75,0.00,5426,8696,0.62,0,26,0,0,0,0,,,,,725.85,725.85,0.00,725.85,0.00,725.85,725.85,0.00,725.85,0.00,907.31,0.80,0.80,0.00,0.80,0.00,0.80,0.80,0.00,0.80,0.00,24678.12,36140.52,27033.69,38496.09,30191.12,41653.52,26126.82,37013.22,26126.82,6240.00,10687.72,13741.36,0.00,6240.00,16927.72,19981.36,0.00,23590.00,13764.32,25226.72,502.44,711.79,0.24,0.41,0.53,0.00,0.24,0.65,0.76,0.00,0.84,0.59,1.35,0.96,0.80,0.80,0.88,0.93,1.07,1.13,1.33,1.39,0.53,0.81,1.00,1.00,0.86,1.00,1.00,0.76,1.00,1.00
ROU,642,2019,5481,12776,0.43,4672,3596,3596,1.30,1.00,50,35,0,0,0,,,,,7680.00,11850.04,15235.76,0.00,7680.00,19530.04,22915.76,0.00,,52486.00,0.15,0.23,0.29,0.00,0.15,0.37,0.44,0.00,,5481,8750,5481,0.63,1.00,0,52,104,52,0,0,,,,,460.65,460.65,390.00,490.93,0.00,460.65,460.65,390.00,490.93,0.00,1009.35,0.46,0.46,0.39,0.49,0.00,0.46,0.46,0.39,0.49,0.00,8750,8750,12776,1.00,0.68,0,26,52,4,0,0,,,,,757.01,757.01,0.00,757.01,0.00,757.01,757.01,0.00,757.01,0.00,1009.35,0.75,0.75,0.00,0.75,0.00,0.75,0.75,0.00,0.75,0.00,5481,8750,0.63,0,26,0,0,0,0,,,,,807.48,807.48,0.00,807.48,0.00,807.48,807.48,0.00,807.48,0.00,1009.35,0.80,0.80,0.00,0.80,0.00,0.80,0.80,0.00,0.80,0.00,27128.48,41291.36,29913.15,44076.03,33506.43,47093.31,29045.12,42632.00,29045.12,7680.00,11850.04,15235.76,0.00,7680.00,19530.04,22915.76,0.00,26243.00,15151.47,29314.35,558.56,819.85,0.26,0.41,0.52,0.00,0.26,0.67,0.79,0.00,0.82,0.56,1.36,0.92,0.80,0.80,0.86,0.90,1.06,1.11,1.32,1.33,0.54,0.79,1.00,1.00,0.84,1.00,1.00,0.73,1.00,1.00
ROU,642,2020,5411,12636,0.43,4675,3662,3662,1.28,1.00,50,35,0,0,0,,,,,8448.00,13656.76,17558.69,0.00,8448.00,22104.76,26006.69,0.00,,58731.23,0.14,0.23,0.30,0.00,0.14,0.38,0.44,0.00,,5411,8737,5411,0.62,1.00,0,52,104,52,0,0,,,,,497.19,497.19,418.12,531.07,0.00,497.19,497.19,418.12,531.07,0.00,1129.45,0.44,0.44,0.37,0.47,0.00,0.44,0.44,0.37,0.47,0.00,8737,8737,12636,1.00,0.69,0,26,52,26,0,0,,,,,847.09,847.09,0.00,847.09,0.00,847.09,847.09,0.00,847.09,0.00,1129.45,0.75,0.75,0.00,0.75,0.00,0.75,0.75,0.00,0.75,0.00,5411,8737,0.62,0,26,0,0,0,0,,,,,903.56,903.56,0.00,903.56,0.00,903.56,903.56,0.00,903.56,0.00,1129.45,0.80,0.80,0.00,0.80,0.00,0.80,0.80,0.00,0.80,0.00,29705.75,44663.03,33297.06,48254.34,37472.15,51853.43,32479.99,46861.27,32479.99,8448.00,13656.76,17558.69,0.00,8448.00,22104.76,26006.69,0.00,29365.61,16778.90,31736.18,624.62,901.18,0.26,0.42,0.54,0.00,0.26,0.68,0.79,0.00,0.80,0.55,1.36,0.94,0.80,0.80,0.82,0.85,1.05,1.09,1.32,1.33,0.55,0.76,1.00,1.00,0.81,1.00,1.00,0.70,1.00,1.00
ROU,642,2021,5516,12470,0.44,4654,3705,3705,1.26,1.00,50,35,0,0,0,,,,,9600.00,15654.81,20127.62,0.00,9600.00,25254.81,29727.62,0.00,,62993.10,0.15,0.25,0.32,0.00,0.15,0.40,0.47,0.00,,5516,7836,5516,0.70,1.00,0,52,104,52,0,0,,,,,562.92,562.92,478.12,599.27,0.00,562.92,562.92,478.12,599.27,0.00,1211.41,0.46,0.46,0.39,0.49,0.00,0.46,0.46,0.39,0.49,0.00,7836,7836,12470,1.00,0.63,0,26,52,26,0,0,,,,,908.55,908.55,0.00,908.55,0.00,908.55,908.55,0.00,908.55,0.00,1211.41,0.75,0.75,0.00,0.75,0.00,0.75,0.75,0.00,0.75,0.00,5516,7836,0.70,0,26,0,0,0,0,,,,,969.12,969.12,0.00,969.12,0.00,969.12,969.12,0.00,969.12,0.00,1211.41,0.80,0.80,0.00,0.80,0.00,0.80,0.80,0.00,0.80,0.00,32514.93,50819.73,35595.73,53900.53,40178.43,57907.23,34824.02,52552.82,34824.02,9600.00,15654.81,20127.62,0.00,9600.00,25254.81,29727.62,0.00,31496.55,17878.92,36183.72,669.69,1010.63,0.28,0.45,0.58,0.00,0.28,0.72,0.84,0.00,0.84,0.56,1.36,0.90,0.80,0.80,0.86,0.89,1.05,1.08,1.32,1.33,0.59,0.79,1.00,1.00,0.85,1.00,1.00,0.73,0.99,1.00
ROU,642,2022,5607,12247,0.46,4607,3706,3706,1.24,1.00,50,35,0,0,0,,,,,12000.00,17315.04,22262.19,0.00,12000.00,29315.04,34262.19,0.00,,70257.56,0.17,0.25,0.32,0.00,0.17,0.42,0.49,0.00,,5607,8051,5607,0.70,1.00,0,52,104,52,0,0,,,,,572.70,572.70,478.12,613.24,0.00,572.70,572.70,478.12,613.24,0.00,1351.11,0.42,0.42,0.35,0.45,0.00,0.42,0.42,0.35,0.45,0.00,8051,8051,12247,1.00,0.66,0,26,52,26,0,0,,,,,1013.33,1013.33,0.00,1013.33,0.00,1013.33,1013.33,0.00,1013.33,0.00,1351.11,0.75,0.75,0.00,0.75,0.00,0.75,0.75,0.00,0.75,0.00,5607,8051,0.70,0,26,0,0,0,0,,,,,1080.89,1080.89,0.00,1080.89,0.00,1080.89,1080.89,0.00,1080.89,0.00,1351.11,0.80,0.80,0.00,0.80,0.00,0.80,0.80,0.00,0.80,0.00,34658.91,55387.71,39528.58,60257.38,44791.37,64944.17,38819.47,58972.27,38819.47,12000.00,17315.04,22262.19,0.00,12000.00,29315.04,34262.19,0.00,35128.78,19768.64,40497.44,746.53,1134.08,0.31,0.45,0.57,0.00,0.31,0.74,0.86,0.00,0.77,0.50,1.36,0.89,0.80,0.80,0.78,0.81,1.04,1.07,1.31,1.32,0.59,0.71,1.00,1.00,0.77,1.00,1.00,0.66,0.98,1.00
ROU,642,2023,5677,12229,0.46,4601,3754,3754,1.23,1.00,50,35,0,0,0,,,,,13500.00,19594.51,25192.94,0.00,13500.00,33094.51,38692.94,0.00,,77507.85,0.17,0.25,0.33,0.00,0.17,0.43,0.50,0.00,,5677,8132,5677,0.70,1.00,0,52,104,52,0,0,,,,,666.84,666.84,562.50,711.55,0.00,666.84,666.84,562.50,711.55,0.00,1490.54,0.45,0.45,0.38,0.48,0.00,0.45,0.45,0.38,0.48,0.00,8132,8132,12229,1.00,0.66,0,26,52,26,0,0,,,,,1117.90,1117.90,0.00,1117.90,0.00,1117.90,1117.90,0.00,1117.90,0.00,1490.54,0.75,0.75,0.00,0.75,0.00,0.75,0.75,0.00,0.75,0.00,5677,8132,0.70,0,26,0,0,0,0,,,,,1192.43,1192.43,0.00,1192.43,0.00,1192.43,1192.43,0.00,1192.43,0.00,1490.54,0.80,0.80,0.00,0.80,0.00,0.80,0.80,0.00,0.80,0.00,39478.25,62470.25,43939.56,66931.56,49395.30,71847.30,42807.13,65259.13,42807.13,13500.00,19594.51,25192.94,0.00,13500.00,33094.51,38692.94,0.00,38753.93,22140.48,45132.48,823.21,1254.98,0.32,0.46,0.59,0.00,0.32,0.75,0.87,0.00,0.81,0.53,1.36,0.89,0.80,0.80,0.84,0.86,1.05,1.08,1.32,1.33,0.60,0.76,1.00,1.00,0.82,1.00,1.00,0.70,0.99,1.00
SVK,703,2000,2108,3714,0.57,795,615,771,1.29,1.00,25,10,0,0,0,,,,,46068.00,46068.00,46068.00,73632.00,78276.00,78276.00,78276.00,12976.00,,140664.00,0.33,0.33,0.33,0.52,0.56,0.56,0.56,0.09,,1819,2608,2108,0.70,0.86,0,26,156,104,0,0,,,,,1193.15,1133.49,0.00,1133.49,5235.00,1193.15,1133.49,0.00,1133.49,5235.00,2705.08,0.44,0.42,0.00,0.42,1.94,0.44,0.42,0.00,0.42,1.94,2060,2608,3714,0.79,0.55,0,52,0,0,0,0,,,,,2016.02,2220.07,0.00,2220.07,2496.99,2016.02,2220.07,0.00,2220.07,2496.99,2705.08,0.75,0.82,0.00,0.82,0.92,0.75,0.82,0.00,0.82,0.92,2108,2608,0.81,0,52,0,0,0,0,,,,,3103.27,3103.27,0.00,3103.27,0.00,3103.27,3103.27,0.00,3103.27,0.00,2705.08,1.15,1.15,0.00,1.15,0.00,1.15,1.15,0.00,1.15,0.00,96014.05,100442.69,124265.19,128693.83,147228.36,151657.00,127483.20,133086.72,133086.72,46068.00,46068.00,46068.00,73632.00,78276.00,78276.00,78276.00,12976.00,70332.00,66543.36,70972.00,2451.60,2559.36,0.36,0.36,0.36,0.58,0.59,0.59,0.59,0.10,0.49,0.47,0.82,0.79,1.27,1.21,0.48,0.47,0.95,0.93,1.32,1.30,0.47,0.48,0.87,1.00,0.49,0.88,1.00,0.47,0.86,1.00
SVK,703,2001,2124,3729,0.57,790,616,763,1.28,1.00,25,10,0,0,0,,,,,50028.00,50028.00,50028.00,73632.00,85008.00,85008.00,85008.00,12976.00,,154896.00,0.32,0.32,0.32,0.48,0.55,0.55,0.55,0.08,,1797,2653,2124,0.68,0.85,0,26,156,104,0,0,,,,,1293.37,1228.70,0.00,1228.70,5685.00,1293.37,1228.70,0.00,1228.70,5685.00,2978.77,0.43,0.41,0.00,0.41,1.91,0.43,0.41,0.00,0.41,1.91,2053,2653,3729,0.77,0.55,0,52,0,0,0,0,,,,,2196.67,2496.99,0.00,2496.99,2496.99,2196.67,2496.99,0.00,2496.99,2496.99,2978.77,0.74,0.84,0.00,0.84,0.84,0.74,0.84,0.00,0.84,0.84,2124,2653,0.80,0,52,0,0,0,0,,,,,3381.35,3381.35,0.00,3381.35,0.00,3381.35,3381.35,0.00,3381.35,0.00,2978.77,1.14,1.14,0.00,1.14,0.00,1.14,1.14,0.00,1.14,0.00,104751.68,110074.24,137727.08,143049.64,160720.44,166043.00,138868.80,145610.88,145610.88,50028.00,50028.00,50028.00,73632.00,85008.00,85008.00,85008.00,12976.00,77448.00,72805.44,78128.00,2670.55,2800.21,0.36,0.36,0.36,0.53,0.58,0.58,0.58,0.09,0.48,0.46,0.82,0.78,1.27,1.21,0.48,0.47,0.98,0.96,1.33,1.30,0.47,0.48,0.89,1.00,0.48,0.90,1.00,0.47,0.87,1.00
SVK,703,2002,2127,3759,0.57,801,613,755,1.31,1.00,25,10,0,0,0,,,,,51876.00,51876.00,51876.00,82740.00,88176.00,88176.00,88176.00,13735.00,,166044.00,0.31,0.31,0.31,0.50,0.53,0.53,0.53,0.08,,1794,2628,2127,0.68,0.84,0,26,156,104,0,0,,,,,1417.07,1346.22,0.00,1346.22,5685.00,1417.07,1346.22,0.00,1346.22,5685.00,3193.15,0.44,0.42,0.00,0.42,1.78,0.44,0.42,0.00,0.42,1.78,2075,2628,3759,0.79,0.55,0,52,0,0,0,0,,,,,2418.92,2496.99,0.00,2496.99,2496.99,2418.92,2496.99,0.00,2496.99,2496.99,3193.15,0.76,0.78,0.00,0.78,0.78,0.76,0.78,0.00,0.78,0.78,2127,2628,0.81,0,52,0,0,0,0,,,,,3723.46,3723.46,0.00,3723.46,0.00,3723.46,3723.46,0.00,3723.46,0.00,3193.15,1.17,1.17,0.00,1.17,0.00,1.17,1.17,0.00,1.17,0.00,113597.39,118153.39,143517.44,148073.44,175405.80,179961.80,149587.20,157191.60,157191.60,51876.00,51876.00,51876.00,82740.00,88176.00,88176.00,88176.00,13735.00,83022.00,78595.80,83151.80,2876.68,3022.92,0.35,0.35,0.35,0.55,0.56,0.56,0.56,0.09,0.49,0.47,0.84,0.80,1.29,1.23,0.49,0.47,0.91,0.88,1.36,1.31,0.45,0.48,0.86,1.00,0.49,0.88,1.00,0.47,0.84,1.00
SVK,703,2003,2165,3783,0.57,813,617,759,1.32,1.00,25,10,0,0,0,,,,,50520.00,50520.00,50520.00,87708.00,94380.00,94380.00,94380.00,14149.00,,178476.00,0.28,0.28,0.28,0.49,0.53,0.53,0.53,0.08,,1783,2634,2165,0.68,0.82,0,26,156,104,0,0,,,,,1538.75,1538.75,0.00,1538.75,5895.00,1538.75,1538.75,0.00,1538.75,5895.00,3432.23,0.45,0.45,0.00,0.45,1.72,0.45,0.45,0.00,0.45,1.72,2094,2634,3783,0.80,0.55,0,52,0,0,0,0,,,,,1342.00,1735.68,0.00,1735.68,2542.18,1342.00,1735.68,0.00,1735.68,2542.18,3432.23,0.39,0.51,0.00,0.51,0.74,0.39,0.51,0.00,0.51,0.74,2165,2634,0.82,0,52,0,0,0,0,,,,,2554.52,2554.52,0.00,2554.52,0.00,2554.52,2554.52,0.00,2554.52,0.00,3432.23,0.74,0.74,0.00,0.74,0.00,0.74,0.74,0.00,0.74,0.00,129245.59,129245.59,134365.57,134365.57,155655.60,155655.60,159532.80,159532.80,159532.80,50520.00,50520.00,50520.00,87708.00,94380.00,94380.00,94380.00,14149.00,89238.00,84190.20,84190.20,3067.94,3067.94,0.32,0.32,0.32,0.55,0.59,0.59,0.59,0.09,0.50,0.50,0.44,0.44,0.83,0.83,0.60,0.60,0.67,0.67,0.95,0.95,0.45,0.55,0.55,0.89,0.55,0.55,0.89,0.55,0.55,0.89
SVK,703,2004,2170,3806,0.57,812,621,759,1.31,1.00,50,50,0,0,0,,,,,0.00,78103.39,100418.64,193309.74,0.00,78103.39,100418.64,193309.74,,196536.00,0.00,0.40,0.51,0.98,0.00,0.40,0.51,0.98,,1779,2659,2170,0.67,0.82,0,26,208,156,0,0,,,,,1651.81,1651.81,0.00,1651.81,1906.63,1651.81,1651.81,0.00,1651.81,1906.63,3779.54,0.44,0.44,0.00,0.44,0.50,0.44,0.44,0.00,0.44,0.50,2108,2659,3806,0.79,0.55,0,52,0,0,0,0,,,,,1442.48,1865.63,0.00,1865.63,2702.86,1442.48,1865.63,0.00,1865.63,2702.86,3779.54,0.38,0.49,0.00,0.49,0.72,0.38,0.49,0.00,0.49,0.72,2170,2659,0.82,0,52,0,0,0,0,,,,,2745.78,2745.78,0.00,2745.78,0.00,2745.78,2745.78,0.00,2745.78,0.00,3779.54,0.73,0.73,0.00,0.73,0.00,0.73,0.73,0.00,0.73,0.00,127236.16,149967.10,132795.51,155526.44,155679.55,178410.49,153220.22,190498.30,168578.30,0.00,78103.39,100418.64,193309.74,0.00,78103.39,100418.64,193309.74,98268.00,84289.15,107020.09,2946.54,3663.43,0.00,0.51,0.66,1.26,0.00,0.46,0.60,1.15,0.56,0.45,0.49,0.39,0.93,0.75,0.62,0.51,0.70,0.58,1.04,0.86,0.49,0.54,0.54,0.89,0.59,0.60,0.98,0.48,0.49,0.80
SVK,703,2005,2216,3825,0.58,924,628,768,1.47,1.00,50,50,0,0,0,,,,,0.00,83257.76,107045.70,242575.02,0.00,83257.76,107045.70,242575.02,,211248.00,0.00,0.39,0.51,1.15,0.00,0.39,0.51,1.15,,1804,2636,2216,0.68,0.81,0,26,208,156,0,0,,,,,1798.00,1798.00,0.00,1798.00,3547.50,1798.00,1798.00,0.00,1798.00,3547.50,4062.46,0.44,0.44,0.00,0.44,0.87,0.44,0.44,0.00,0.44,0.87,2161,2636,3825,0.82,0.56,0,52,0,0,0,0,,,,,1588.44,2054.41,0.00,2054.41,2977.57,1588.44,2054.41,0.00,2054.41,2977.57,4062.46,0.39,0.51,0.00,0.51,0.73,0.39,0.51,0.00,0.51,0.73,2216,2636,0.84,0,52,0,0,0,0,,,,,3023.63,3023.63,0.00,3023.63,0.00,3023.63,3023.63,0.00,3023.63,0.00,4062.46,0.74,0.74,0.00,0.74,0.00,0.74,0.74,0.00,0.74,0.00,137546.92,161178.46,144213.57,167845.10,169413.25,193044.78,164889.86,204557.70,181597.70,0.00,83257.76,107045.70,242575.02,0.00,83257.76,107045.70,242575.02,105624.00,90798.85,114430.38,3170.96,3933.80,0.00,0.50,0.65,1.47,0.00,0.46,0.59,1.34,0.57,0.46,0.50,0.40,0.95,0.77,0.63,0.52,0.72,0.59,1.06,0.87,0.48,0.54,0.55,0.91,0.60,0.61,1.00,0.49,0.50,0.82
SVK,703,2006,2301,3842,0.60,916,635,773,1.44,1.00,50,50,0,0,0,,,,,0.00,91144.02,117185.17,274747.46,0.00,91144.02,117185.17,274747.46,,225804.00,0.00,0.40,0.52,1.22,0.00,0.40,0.52,1.22,,1789,2650,2301,0.67,0.78,0,26,208,156,0,0,,,,,1955.13,1955.13,0.00,1955.13,5963.08,1955.13,1955.13,0.00,1955.13,5963.08,4342.38,0.45,0.45,0.00,0.45,1.37,0.45,0.45,0.00,0.45,1.37,2099,2650,3842,0.79,0.55,0,52,0,0,0,0,,,,,1707.35,2208.20,0.00,2208.20,3250.21,1707.35,2208.20,0.00,2208.20,3250.21,4342.38,0.39,0.51,0.00,0.51,0.75,0.39,0.51,0.00,0.51,0.75,2301,2650,0.87,0,52,0,0,0,0,,,,,3249.97,3249.97,0.00,3249.97,0.00,3249.97,3249.97,0.00,3249.97,0.00,4342.38,0.75,0.75,0.00,0.75,0.00,0.75,0.75,0.00,0.75,0.00,147284.62,174526.48,153864.43,181106.29,180950.48,208192.33,175647.51,218822.55,192902.55,0.00,91144.02,117185.17,274747.46,0.00,91144.02,117185.17,274747.46,112902.00,96451.28,123693.13,3377.84,4208.13,0.00,0.52,0.67,1.56,0.00,0.47,0.61,1.42,0.58,0.46,0.51,0.41,0.96,0.77,0.64,0.53,0.72,0.60,1.07,0.89,0.50,0.55,0.56,0.92,0.61,0.62,1.00,0.50,0.50,0.83
SVK,703,2007,2357,3857,0.61,917,643,785,1.43,1.00,50,50,0,0,0,,,,,0.00,98680.48,126874.90,306355.18,0.00,98680.48,126874.90,306355.18,,240267.00,0.00,0.41,0.53,1.28,0.00,0.41,0.53,1.28,,1772,2646,2357,0.67,0.75,0,26,208,156,0,0,,,,,2095.45,2095.45,0.00,2095.45,6476.40,2095.45,2095.45,0.00,2095.45,6476.40,4620.52,0.45,0.45,0.00,0.45,1.40,0.45,0.45,0.00,0.45,1.40,2154,2646,3857,0.81,0.56,0,52,0,0,0,0,,,,,1824.99,2360.35,0.00,2360.35,3529.99,1824.99,2360.35,0.00,2360.35,3529.99,4620.52,0.39,0.51,0.00,0.51,0.76,0.39,0.51,0.00,0.51,0.76,2357,2646,0.89,0,52,0,0,0,0,,,,,3473.91,3473.91,0.00,3473.91,0.00,3473.91,3473.91,0.00,3473.91,0.00,4620.52,0.75,0.75,0.00,0.75,0.00,0.75,0.75,0.00,0.75,0.00,156917.71,184437.44,163805.08,191324.81,192757.48,220277.21,186704.73,230791.77,204871.77,0.00,98680.48,126874.90,306355.18,0.00,98680.48,126874.90,306355.18,120133.50,102435.88,129955.61,3590.48,4438.30,0.00,0.53,0.68,1.64,0.00,0.48,0.62,1.50,0.58,0.47,0.51,0.41,0.97,0.78,0.65,0.54,0.73,0.61,1.07,0.90,0.51,0.56,0.56,0.93,0.62,0.62,1.00,0.51,0.51,0.84
SVK,703,2008,2434,3871,0.63,924,650,792,1.42,1.00,50,50,0,0,0,,,,,0.00,105665.88,135856.14,337684.36,0.00,105665.88,135856.14,337684.36,,257556.00,0.00,0.41,0.53,1.31,0.00,0.41,0.53,1.31,,1775,2679,2434,0.66,0.73,0,26,208,156,0,0,,,,,2234.59,2234.59,0.00,2234.59,6954.51,2234.59,2234.59,0.00,2234.59,6954.51,4953.00,0.45,0.45,0.00,0.45,1.40,0.45,0.45,0.00,0.45,1.40,2267,2679,3871,0.85,0.59,0,52,0,0,0,0,,,,,1941.88,2511.54,0.00,2511.54,3790.59,1941.88,2511.54,0.00,2511.54,3790.59,4953.00,0.39,0.51,0.00,0.51,0.77,0.39,0.51,0.00,0.51,0.77,2434,2679,0.91,0,52,0,0,0,0,,,,,3696.42,3696.42,0.00,3696.42,0.00,3696.42,3696.42,0.00,3696.42,0.00,4953.00,0.75,0.75,0.00,0.75,0.00,0.75,0.75,0.00,0.75,0.00,167146.12,196237.01,174346.82,203437.71,205153.66,234244.55,199379.47,245183.95,218567.95,0.00,105665.88,135856.14,337684.36,0.00,105665.88,135856.14,337684.36,128778.00,109046.86,138137.75,3834.22,4715.08,0.00,0.53,0.68,1.69,0.00,0.48,0.62,1.54,0.58,0.47,0.51,0.41,0.96,0.78,0.64,0.54,0.72,0.61,1.06,0.90,0.51,0.56,0.56,0.93,0.61,0.61,1.00,0.51,0.51,0.84
SVK,703,2009,2366,3884,0.61,932,659,806,1.41,1.00,50,50,0,0,0,,,,,0.00,3811.50,4900.50,12532.53,0.00,3811.50,4900.50,12532.53,,8802.00,0.00,0.43,0.56,1.42,0.00,0.43,0.56,1.42,,1626,2680,2366,0.61,0.69,0,26,208,156,0,0,,,,,79.23,79.23,0.00,79.23,249.59,79.23,79.23,0.00,79.23,249.59,169.27,0.47,0.47,0.00,0.47,1.47,0.47,0.47,0.00,0.47,1.47,2053,2680,3884,0.77,0.53,0,52,0,0,0,0,,,,,69.10,89.37,0.00,89.37,136.04,69.10,89.37,0.00,89.37,136.04,169.27,0.41,0.53,0.00,0.53,0.80,0.41,0.53,0.00,0.53,0.80,2366,2680,0.88,0,52,0,0,0,0,,,,,131.52,131.52,0.00,131.52,0.00,131.52,131.52,0.00,131.52,0.00,169.27,0.78,0.78,0.00,0.78,0.00,0.78,0.78,0.00,0.78,0.00,5871.14,6852.98,6134.80,7116.64,7230.89,8212.73,6939.13,8604.37,7622.53,0.00,3811.50,4900.50,12532.53,0.00,3811.50,4900.50,12532.53,4401.00,3811.27,4793.11,133.44,165.47,0.00,0.55,0.71,1.81,0.00,0.50,0.64,1.64,0.59,0.48,0.52,0.42,0.99,0.79,0.66,0.54,0.74,0.61,1.09,0.90,0.52,0.57,0.57,0.94,0.63,0.63,1.00,0.51,0.51,0.85
SVK,703,2010,2318,3885,0.60,955,670,826,1.43,1.00,50,50,0,0,0,,,,,0.00,3905.05,5020.78,13200.40,0.00,3905.05,5020.78,13200.40,,9250.00,0.00,0.42,0.54,1.43,0.00,0.42,0.54,1.43,,1588,2696,2318,0.59,0.69,0,26,208,156,0,0,,,,,83.19,83.19,0.00,83.19,342.67,83.19,83.19,0.00,83.19,342.67,177.88,0.47,0.47,0.00,0.47,1.93,0.47,0.47,0.00,0.47,1.93,2048,2696,3885,0.76,0.53,0,52,0,0,0,0,,,,,71.14,92.01,0.00,92.01,140.08,71.14,92.01,0.00,92.01,140.08,177.88,0.40,0.52,0.00,0.52,0.79,0.40,0.52,0.00,0.52,0.79,2318,2696,0.86,0,52,0,0,0,0,,,,,135.42,135.42,0.00,135.42,0.00,135.42,135.42,0.00,135.42,0.00,177.88,0.76,0.76,0.00,0.76,0.00,0.76,0.76,0.00,0.76,0.00,6168.09,7176.33,6397.46,7405.70,7526.05,8534.29,7253.26,9018.74,8010.50,0.00,3905.05,5020.78,13200.40,0.00,3905.05,5020.78,13200.40,4625.00,4005.25,5013.49,139.49,173.44,0.00,0.54,0.69,1.82,0.00,0.49,0.63,1.65,0.60,0.48,0.51,0.41,0.97,0.78,0.67,0.54,0.74,0.60,1.08,0.88,0.51,0.57,0.56,0.93,0.63,0.62,1.00,0.51,0.50,0.83
SVK,703,2011,2296,3882,0.59,958,678,848,1.41,1.00,50,50,0,0,0,,,,,0.00,4052.81,5210.76,14064.64,0.00,4052.81,5210.76,14064.64,,9592.25,0.00,0.42,0.54,1.47,0.00,0.42,0.54,1.47,,1441,2668,2296,0.54,0.63,0,26,156,104,0,0,,,,,86.55,86.55,0.00,86.55,265.46,86.55,86.55,0.00,86.55,265.46,184.47,0.47,0.47,0.00,0.47,1.44,0.47,0.47,0.00,0.47,1.44,2045,2668,3882,0.77,0.53,0,52,0,0,0,0,,,,,74.76,96.69,0.00,96.69,144.69,74.76,96.69,0.00,96.69,144.69,184.47,0.41,0.52,0.00,0.52,0.78,0.41,0.52,0.00,0.52,0.78,2296,2668,0.86,0,52,0,0,0,0,,,,,142.31,142.31,0.00,142.31,0.00,142.31,142.31,0.00,142.31,0.00,184.47,0.77,0.77,0.00,0.77,0.00,0.77,0.77,0.00,0.77,0.00,6290.87,7418.36,6554.53,7682.02,7740.55,8868.04,7404.84,9095.71,8081.11,0.00,4052.81,5210.76,14064.64,0.00,4052.81,5210.76,14064.64,4796.12,4040.55,5168.04,142.40,174.92,0.00,0.55,0.70,1.90,0.00,0.50,0.64,1.74,0.61,0.49,0.52,0.43,1.00,0.81,0.67,0.57,0.75,0.64,1.10,0.94,0.52,0.59,0.58,0.96,0.64,0.64,1.00,0.53,0.53,0.88
SVK,703,2012,2324,3881,0.60,981,690,871,1.42,1.00,50,50,0,0,0,,,,,0.00,4156.86,5344.53,14420.97,0.00,4156.86,5344.53,14420.97,,9990.00,0.00,0.42,0.53,1.44,0.00,0.42,0.53,1.44,,1403,2695,2324,0.52,0.60,0,26,156,104,0,0,,,,,90.34,90.34,0.00,90.34,271.33,90.34,90.34,0.00,90.34,271.33,192.12,0.47,0.47,0.00,0.47,1.41,0.47,0.47,0.00,0.47,1.41,1932,2695,3881,0.72,0.50,0,52,0,0,0,0,,,,,77.53,100.27,0.00,100.27,147.89,77.53,100.27,0.00,100.27,147.89,192.12,0.40,0.52,0.00,0.52,0.77,0.40,0.52,0.00,0.52,0.77,2324,2695,0.86,0,52,0,0,0,0,,,,,147.57,147.57,0.00,147.57,0.00,147.57,147.57,0.00,147.57,0.00,192.12,0.77,0.77,0.00,0.77,0.00,0.77,0.77,0.00,0.77,0.00,6545.12,7713.94,6803.28,7972.10,8033.19,9202.01,7700.09,9432.03,8392.59,0.00,4156.86,5344.53,14420.97,0.00,4156.86,5344.53,14420.97,4995.00,4196.29,5365.11,148.08,181.39,0.00,0.54,0.69,1.87,0.00,0.50,0.64,1.72,0.61,0.50,0.52,0.43,1.00,0.81,0.67,0.58,0.74,0.64,1.10,0.94,0.52,0.59,0.58,0.96,0.64,0.63,1.00,0.54,0.53,0.88
SVK,703,2013,2328,3870,0.60,988,711,901,1.39,1.00,50,50,0,0,0,,,,,0.00,4241.76,5453.70,14324.02,0.00,4241.76,5453.70,14324.02,,10387.75,0.00,0.41,0.53,1.38,0.00,0.41,0.53,1.38,,1652,2703,2328,0.61,0.71,0,26,156,104,0,0,,,,,93.89,93.89,0.00,93.89,185.26,93.89,93.89,0.00,93.89,185.26,199.76,0.47,0.47,0.00,0.47,0.93,0.47,0.47,0.00,0.47,0.93,2154,2703,3870,0.80,0.56,0,52,0,0,0,0,,,,,80.74,104.43,0.00,104.43,151.47,80.74,104.43,0.00,104.43,151.47,199.76,0.40,0.52,0.00,0.52,0.76,0.40,0.52,0.00,0.52,0.76,2328,2703,0.86,0,52,0,0,0,0,,,,,153.69,153.69,0.00,153.69,0.00,153.69,153.69,0.00,153.69,0.00,199.76,0.77,0.77,0.00,0.77,0.00,0.77,0.77,0.00,0.77,0.00,6776.87,7991.85,7050.88,8265.87,8331.79,9546.78,7979.09,9724.47,8671.59,0.00,4241.76,5453.70,14324.02,0.00,4241.76,5453.70,14324.02,5193.88,4335.79,5550.78,153.44,187.01,0.00,0.53,0.68,1.80,0.00,0.49,0.63,1.65,0.61,0.50,0.53,0.43,1.00,0.82,0.67,0.58,0.75,0.65,1.10,0.96,0.51,0.59,0.59,0.97,0.64,0.64,1.00,0.54,0.54,0.89
SVK,703,2014,2331,3853,0.61,1018,733,932,1.39,1.00,50,50,0,0,0,,,,,0.00,4350.54,5593.55,14283.64,0.00,4350.54,5593.55,14283.64,,10979.75,0.00,0.40,0.51,1.30,0.00,0.40,0.51,1.30,,1685,2707,2331,0.62,0.72,0,26,156,104,0,0,,,,,97.70,97.70,0.00,97.70,189.63,97.70,97.70,0.00,97.70,189.63,211.15,0.46,0.46,0.00,0.46,0.90,0.46,0.46,0.00,0.46,0.90,2216,2707,3853,0.82,0.58,0,52,0,0,0,0,,,,,83.96,108.58,0.00,108.58,155.04,83.96,108.58,0.00,108.58,155.04,211.15,0.40,0.51,0.00,0.51,0.73,0.40,0.51,0.00,0.51,0.73,2331,2707,0.86,0,52,0,0,0,0,,,,,159.81,159.81,0.00,159.81,0.00,159.81,159.81,0.00,159.81,0.00,211.15,0.76,0.76,0.00,0.76,0.00,0.76,0.76,0.00,0.76,0.00,7113.80,8390.79,7396.75,8673.74,8728.66,10005.65,8424.49,10243.44,9147.12,0.00,4350.54,5593.55,14283.64,0.00,4350.54,5593.55,14283.64,5489.88,4573.56,5850.55,162.01,196.99,0.00,0.52,0.66,1.70,0.00,0.48,0.61,1.56,0.60,0.50,0.52,0.43,0.99,0.81,0.66,0.58,0.73,0.64,1.08,0.95,0.50,0.58,0.58,0.96,0.63,0.63,1.00,0.54,0.53,0.88
SVK,703,2015,2392,3834,0.62,1032,757,966,1.36,1.00,50,50,0,0,0,,,,,3263.04,4542.86,5840.82,14484.48,3263.04,4542.86,5840.82,14484.48,,11340.50,0.29,0.40,0.52,1.28,0.29,0.40,0.52,1.28,,1712,2719,2392,0.63,0.72,0,26,156,104,0,0,,,,,102.45,102.45,0.00,102.45,197.46,102.45,102.45,0.00,102.45,197.46,218.09,0.47,0.47,0.00,0.47,0.91,0.47,0.47,0.00,0.47,0.91,2255,2719,3834,0.83,0.59,0,52,0,0,0,0,,,,,88.74,114.77,0.00,114.77,161.44,88.74,114.77,0.00,114.77,161.44,218.09,0.41,0.53,0.00,0.53,0.74,0.41,0.53,0.00,0.53,0.74,2392,2719,0.88,0,52,0,0,0,0,,,,,168.92,168.92,0.00,168.92,0.00,168.92,168.92,0.00,168.92,0.00,218.09,0.77,0.77,0.00,0.77,0.00,0.77,0.77,0.00,0.77,0.00,7363.71,8652.38,7684.17,8972.84,9091.99,10380.66,8677.54,10478.49,9400.17,3263.04,4542.86,5840.82,14484.48,3263.04,4542.86,5840.82,14484.48,5670.25,4700.09,5988.76,166.88,201.51,0.38,0.52,0.67,1.67,0.35,0.48,0.62,1.54,0.61,0.51,0.53,0.44,1.01,0.84,0.67,0.59,0.75,0.66,1.10,0.98,0.50,0.60,0.60,0.98,0.64,0.64,1.00,0.55,0.55,0.91
SVK,703,2016,2417,3810,0.63,1049,784,997,1.34,1.00,50,50,0,0,0,,,,,3397.68,4681.54,6019.12,14484.38,3397.68,4681.54,6019.12,14484.38,,11741.59,0.29,0.40,0.51,1.23,0.29,0.40,0.51,1.23,,1740,2738,2417,0.64,0.72,0,26,156,104,0,0,,,,,107.01,107.01,0.00,107.01,203.21,107.01,107.01,0.00,107.01,203.21,225.80,0.47,0.47,0.00,0.47,0.90,0.47,0.47,0.00,0.47,0.90,2292,2738,3810,0.84,0.60,0,52,0,0,0,0,,,,,91.66,118.54,0.00,118.54,166.14,91.66,118.54,0.00,118.54,166.14,225.80,0.41,0.52,0.00,0.52,0.74,0.41,0.52,0.00,0.52,0.74,2417,2738,0.88,0,52,0,0,0,0,,,,,174.47,174.47,0.00,174.47,0.00,174.47,174.47,0.00,174.47,0.00,225.80,0.77,0.77,0.00,0.77,0.00,0.77,0.77,0.00,0.77,0.00,7623.15,8944.82,7922.89,9244.56,9376.96,10698.63,8958.89,10759.84,9681.52,3397.68,4681.54,6019.12,14484.38,3397.68,4681.54,6019.12,14484.38,5870.80,4840.76,6162.43,172.29,206.92,0.38,0.52,0.67,1.62,0.35,0.48,0.62,1.50,0.62,0.52,0.53,0.44,1.01,0.84,0.68,0.61,0.75,0.67,1.10,0.99,0.50,0.60,0.60,0.99,0.65,0.64,1.00,0.56,0.56,0.91
SVK,703,2017,2513,3780,0.66,1064,815,1030,1.31,1.00,50,50,0,0,0,,,,,3496.68,4842.30,6225.81,14955.42,3496.68,4842.30,6225.81,14955.42,,12364.73,0.28,0.39,0.50,1.21,0.28,0.39,0.50,1.21,,1810,2726,2513,0.66,0.72,0,26,156,104,0,0,,,,,110.67,110.67,0.00,110.67,209.88,110.67,110.67,0.00,110.67,209.88,237.78,0.47,0.47,0.00,0.47,0.88,0.47,0.47,0.00,0.47,0.88,2327,2726,3780,0.85,0.62,0,52,0,0,0,0,,,,,94.90,122.74,0.00,122.74,171.60,94.90,122.74,0.00,122.74,171.60,237.78,0.40,0.52,0.00,0.52,0.72,0.40,0.52,0.00,0.52,0.72,2513,2726,0.92,0,52,0,0,0,0,,,,,180.64,180.64,0.00,180.64,0.00,180.64,180.64,0.00,180.64,0.00,237.78,0.76,0.76,0.00,0.76,0.00,0.76,0.76,0.00,0.76,0.00,7936.67,9309.60,8250.45,9623.39,9755.95,11128.88,9396.00,11196.95,10118.63,3496.68,4842.30,6225.81,14955.42,3496.68,4842.30,6225.81,14955.42,6182.36,5059.31,6432.25,180.69,215.33,0.37,0.52,0.66,1.59,0.35,0.48,0.62,1.48,0.61,0.51,0.53,0.44,1.00,0.84,0.66,0.60,0.74,0.67,1.08,0.99,0.50,0.60,0.59,0.98,0.64,0.63,1.00,0.56,0.56,0.91
SVK,703,2018,2543,3749,0.68,1069,845,1062,1.27,1.00,50,50,0,0,0,,,,,3611.52,5102.38,6560.20,15729.38,3611.52,5102.38,6560.20,15729.38,,13231.92,0.27,0.39,0.50,1.19,0.27,0.39,0.50,1.19,,1821,2713,2543,0.67,0.72,0,26,208,104,0,0,,,,,115.58,115.58,0.00,115.58,219.55,115.58,115.58,0.00,115.58,219.55,254.46,0.45,0.45,0.00,0.45,0.86,0.45,0.45,0.00,0.45,0.86,2358,2713,3749,0.87,0.63,0,52,0,0,0,0,,,,,99.93,129.25,0.00,129.25,239.33,99.93,129.25,0.00,129.25,239.33,254.46,0.39,0.51,0.00,0.51,0.94,0.39,0.51,0.00,0.51,0.94,2543,2713,0.94,0,52,0,0,0,0,,,,,190.23,190.23,0.00,190.23,0.00,190.23,190.23,0.00,190.23,0.00,254.46,0.75,0.75,0.00,0.75,0.00,0.75,0.75,0.00,0.75,0.00,8373.57,9820.22,8729.03,10175.68,10314.43,11761.07,10009.37,11822.83,10737.07,3611.52,5102.38,6560.20,15729.38,3611.52,5102.38,6560.20,15729.38,6615.96,5368.54,6815.18,192.49,227.36,0.36,0.51,0.66,1.57,0.34,0.48,0.61,1.46,0.60,0.51,0.52,0.44,0.99,0.84,0.65,0.60,0.72,0.67,1.07,0.99,0.49,0.59,0.59,0.97,0.62,0.62,1.00,0.55,0.56,0.91
SVK,703,2019,2588,3718,0.70,1088,874,1093,1.24,1.00,50,50,0,0,0,,,,,3777.84,5424.22,6973.99,16688.33,3777.84,5424.22,6973.99,16688.33,,13836.05,0.27,0.39,0.50,1.21,0.27,0.39,0.50,1.21,,1727,2701,2588,0.64,0.67,0,26,208,104,0,0,,,,,122.72,122.72,0.00,122.72,233.13,122.72,122.72,0.00,122.72,233.13,266.08,0.46,0.46,0.00,0.46,0.88,0.46,0.46,0.00,0.46,0.88,2323,2701,3718,0.86,0.62,0,52,0,0,0,0,,,,,106.94,138.31,0.00,138.31,254.14,106.94,138.31,0.00,138.31,254.14,266.08,0.40,0.52,0.00,0.52,0.96,0.40,0.52,0.00,0.52,0.96,2588,2701,0.96,0,52,0,0,0,0,,,,,203.57,203.57,0.00,203.57,0.00,203.57,203.57,0.00,203.57,0.00,266.08,0.77,0.77,0.00,0.77,0.00,0.77,0.77,0.00,0.77,0.00,8791.63,10564.10,9197.00,10969.47,10893.58,12666.06,10453.53,12583.91,11201.63,3777.84,5424.22,6973.99,16688.33,3777.84,5424.22,6973.99,16688.33,6918.02,5600.81,7373.29,201.03,242.00,0.36,0.52,0.67,1.60,0.34,0.48,0.62,1.49,0.61,0.51,0.53,0.44,1.01,0.84,0.66,0.61,0.74,0.69,1.09,1.02,0.50,0.60,0.60,0.99,0.63,0.64,1.00,0.56,0.57,0.93
SVK,703,2020,2552,3689,0.69,1093,905,978,1.21,1.00,50,50,0,0,0,,,,,4011.48,5845.56,7515.72,17966.93,4011.48,5845.56,7515.72,17966.93,,14010.09,0.29,0.42,0.54,1.28,0.29,0.42,0.54,1.28,,1738,2672,2552,0.65,0.68,0,26,208,104,0,0,,,,,129.78,129.78,0.00,129.78,251.31,129.78,129.78,0.00,129.78,251.31,269.42,0.48,0.48,0.00,0.48,0.93,0.48,0.48,0.00,0.48,0.93,2254,2672,3689,0.84,0.61,0,52,0,0,0,0,,,,,111.83,144.63,0.00,144.63,273.96,111.83,144.63,0.00,144.63,273.96,269.42,0.42,0.54,0.00,0.54,1.02,0.42,0.54,0.00,0.54,1.02,2552,2672,0.96,0,52,0,0,0,0,,,,,212.86,212.86,0.00,212.86,0.00,212.86,212.86,0.00,212.86,0.00,269.42,0.79,0.79,0.00,0.79,0.00,0.79,0.79,0.00,0.79,0.00,9126.68,10857.32,9512.83,11243.46,11286.88,13017.51,10666.22,12849.75,11433.03,4011.48,5845.56,7515.72,17966.93,4011.48,5845.56,7515.72,17966.93,7005.05,5752.46,7483.09,205.12,247.11,0.38,0.55,0.70,1.68,0.35,0.51,0.66,1.57,0.63,0.53,0.55,0.45,1.04,0.86,0.69,0.63,0.77,0.70,1.13,1.03,0.53,0.62,0.62,1.00,0.66,0.66,1.00,0.58,0.58,0.95
SVK,703,2021,2561,3659,0.70,1096,932,1005,1.18,1.00,50,50,0,0,0,,,,,4324.32,6093.46,7834.45,18724.02,4324.32,6093.46,7834.45,18724.02,,14075.00,0.31,0.43,0.56,1.33,0.31,0.43,0.56,1.33,,1724,2709,2561,0.64,0.67,0,26,208,104,0,0,,,,,133.51,133.51,0.00,133.51,260.75,133.51,133.51,0.00,133.51,260.75,270.67,0.49,0.49,0.00,0.49,0.96,0.49,0.49,0.00,0.49,0.96,2281,2709,3659,0.84,0.62,0,52,0,0,0,0,,,,,113.23,146.45,0.00,146.45,284.24,113.23,146.45,0.00,146.45,284.24,270.67,0.42,0.54,0.00,0.54,1.05,0.42,0.54,0.00,0.54,1.05,2561,2709,0.95,0,52,0,0,0,0,,,,,215.54,215.54,0.00,215.54,0.00,215.54,215.54,0.00,215.54,0.00,270.67,0.80,0.80,0.00,0.80,0.00,0.80,0.80,0.00,0.80,0.00,9264.93,11013.63,9601.37,11350.07,11397.73,13146.43,10730.22,12961.84,11513.92,4324.32,6093.46,7834.45,18724.02,4324.32,6093.46,7834.45,18724.02,7037.50,5793.70,7542.40,206.35,249.27,0.40,0.57,0.73,1.74,0.38,0.53,0.68,1.63,0.65,0.54,0.55,0.45,1.04,0.86,0.70,0.64,0.77,0.70,1.14,1.03,0.55,0.63,0.62,1.00,0.68,0.66,1.00,0.59,0.58,0.95
SVK,703,2022,2604,3617,0.72,1104,945,1086,1.17,1.00,50,50,0,0,0,,,,,4011.60,6490.04,8344.34,19935.29,4011.60,6490.04,8344.34,19935.29,,15538.00,0.26,0.42,0.54,1.28,0.26,0.42,0.54,1.28,,1748,2730,2604,0.64,0.67,0,26,208,104,0,0,,,,,134.65,134.65,0.00,134.65,271.56,134.65,134.65,0.00,134.65,271.56,298.81,0.45,0.45,0.00,0.45,0.91,0.45,0.45,0.00,0.45,0.91,2150,2730,3617,0.79,0.59,0,52,0,0,0,0,,,,,113.76,147.13,0.00,147.13,296.03,113.76,147.13,0.00,147.13,296.03,298.81,0.38,0.49,0.00,0.49,0.99,0.38,0.49,0.00,0.49,0.99,2604,2730,0.95,0,52,0,0,0,0,,,,,216.54,216.54,0.00,216.54,0.00,216.54,216.54,0.00,216.54,0.00,298.81,0.72,0.72,0.00,0.72,0.00,0.72,0.72,0.00,0.72,0.00,9820.72,11797.49,10145.02,12121.79,11949.70,13926.47,11769.34,14137.49,12568.97,4011.60,6490.04,8344.34,19935.29,4011.60,6490.04,8344.34,19935.29,7769.00,6319.70,8296.47,226.33,271.87,0.34,0.55,0.71,1.69,0.32,0.52,0.66,1.59,0.59,0.50,0.50,0.42,0.96,0.80,0.64,0.60,0.70,0.65,1.03,0.96,0.53,0.58,0.57,0.94,0.62,0.60,0.99,0.55,0.54,0.88
SVK,703,2023,2641,3586,0.74,1119,969,1037,1.15,1.00,50,50,0,0,0,,,,,4011.60,7076.08,9097.82,21709.30,4011.60,7076.08,9097.82,21709.30,,16835.00,0.24,0.42,0.54,1.29,0.24,0.42,0.54,1.29,,1747,2722,2641,0.64,0.66,0,26,208,104,0,0,,,,,141.98,141.98,0.00,141.98,300.10,141.98,141.98,0.00,141.98,300.10,323.75,0.44,0.44,0.00,0.44,0.93,0.44,0.44,0.00,0.44,0.93,2158,2722,3586,0.79,0.60,0,52,0,0,0,0,,,,,125.58,162.42,0.00,162.42,327.14,125.58,162.42,0.00,162.42,327.14,323.75,0.39,0.50,0.00,0.50,1.01,0.39,0.50,0.00,0.50,1.01,2641,2722,0.97,0,52,0,0,0,0,,,,,239.05,239.05,0.00,239.05,0.00,239.05,239.05,0.00,239.05,0.00,323.75,0.74,0.74,0.00,0.74,0.00,0.74,0.74,0.00,0.74,0.00,10531.36,13269.56,11062.81,13801.01,13055.08,15793.28,12744.41,15888.10,13599.58,4011.60,7076.08,9097.82,21709.30,4011.60,7076.08,9097.82,21709.30,8417.50,6839.88,9578.08,245.08,305.54,0.31,0.56,0.71,1.70,0.29,0.52,0.67,1.60,0.58,0.46,0.51,0.41,0.98,0.78,0.63,0.59,0.72,0.67,1.05,0.98,0.54,0.56,0.58,0.95,0.60,0.61,1.00,0.52,0.54,0.88
SVN,705,2000,807,1393,0.58,282,278,381,1.01,0.74,30,12,0,0,0,,,,,316956.00,843091.28,905542.49,2504329.80,633912.00,1160047.28,905542.49,2821285.80,,1940000.00,0.16,0.43,0.47,1.29,0.33,0.60,0.47,1.45,,801,960,801,0.83,1.00,0,26,78,52,0,0,,,,,24701.92,24250.00,9105.46,24701.92,27316.38,24701.92,24250.00,9105.46,24701.92,27316.38,37307.69,0.66,0.65,0.24,0.66,0.73,0.66,0.65,0.24,0.66,0.73,960,960,1392,1.00,0.69,0,52,0,0,0,0,,,,,29942.31,29942.31,9105.46,29942.31,0.00,29942.31,29942.31,9105.46,29942.31,0.00,37307.69,0.80,0.80,0.24,0.80,0.00,0.80,0.80,0.24,0.80,0.00,960,960,1.00,0,520,0,0,0,0,,,,,33269.23,33269.23,17137.38,33269.23,0.00,33269.23,33269.23,17137.38,33269.23,0.00,37307.69,0.89,0.89,0.46,0.89,0.00,0.89,0.89,0.46,0.89,0.00,1166978.58,1655283.43,1175772.62,1666512.75,1310319.05,1838318.19,1272738.65,1790330.91,1351121.61,316956.00,843091.28,905542.49,2504329.80,633912.00,1160047.28,905542.49,2821285.80,970000.00,677864.99,1163158.01,24475.74,34429.44,0.24,0.59,0.63,1.49,0.46,0.79,0.64,1.65,0.66,0.66,0.80,0.80,0.89,0.89,0.82,0.78,0.84,0.80,1.06,1.08,0.69,0.73,0.81,0.98,0.74,0.82,0.98,0.72,0.80,0.98
SVN,705,2001,814,1400,0.58,288,285,389,1.01,0.74,31,12,0,0,0,,,,,358127.62,880997.85,960486.38,2967343.10,716255.23,1239125.47,960486.38,3325470.72,,2140000.00,0.17,0.41,0.45,1.39,0.33,0.58,0.45,1.55,,806,969,806,0.83,1.00,0,26,78,52,0,0,,,,,26299.45,26299.45,8766.48,26299.45,26299.45,26299.45,26299.45,8766.48,26299.45,26299.45,41153.85,0.64,0.64,0.21,0.64,0.64,0.64,0.64,0.21,0.64,0.64,969,969,1395,1.00,0.69,0,52,0,0,0,0,,,,,33576.92,33576.92,8766.48,33576.92,0.00,33576.92,33576.92,8766.48,33576.92,0.00,41153.85,0.82,0.82,0.21,0.82,0.00,0.82,0.82,0.21,0.82,0.00,969,969,1.00,0,520,0,0,0,0,,,,,37307.69,37307.69,19481.08,37307.69,0.00,37307.69,37307.69,19481.08,37307.69,0.00,41153.85,0.91,0.91,0.47,0.91,0.00,0.91,0.91,0.47,0.91,0.00,1282094.51,1860987.10,1306167.16,1891726.01,1457045.81,2084386.44,1405918.11,2019100.30,1491736.98,358127.62,880997.85,960486.38,2967343.10,716255.23,1239125.47,960486.38,3325470.72,1070000.00,748441.76,1327270.40,27036.89,38828.85,0.24,0.56,0.60,1.58,0.47,0.77,0.62,1.74,0.64,0.64,0.82,0.82,0.91,0.91,0.81,0.77,0.85,0.82,1.08,1.09,0.66,0.72,0.82,1.00,0.73,0.83,0.99,0.71,0.82,1.00
SVN,705,2002,813,1400,0.58,295,292,397,1.01,0.74,32,12,0,0,0,,,,,358127.62,922377.20,1005599.21,2967343.10,716255.23,1280504.82,1005599.21,3325470.72,,2350000.00,0.15,0.39,0.43,1.26,0.30,0.54,0.43,1.42,,809,980,809,0.82,1.00,0,26,78,52,0,0,,,,,29494.90,29375.00,9831.63,29494.90,29494.90,29494.90,29375.00,9831.63,29494.90,29494.90,45192.31,0.65,0.65,0.22,0.65,0.65,0.65,0.65,0.22,0.65,0.65,980,980,1399,1.00,0.70,0,52,0,0,0,0,,,,,37038.46,37038.46,9831.63,37038.46,0.00,37038.46,37038.46,9831.63,37038.46,0.00,45192.31,0.82,0.82,0.22,0.82,0.00,0.82,0.82,0.22,0.82,0.00,980,980,1.00,0,520,0,0,0,0,,,,,41153.85,41153.85,21848.08,41153.85,0.00,41153.85,41153.85,21848.08,41153.85,0.00,45192.31,0.91,0.91,0.48,0.91,0.00,0.91,0.91,0.48,0.91,0.00,1417024.85,1992668.73,1438784.82,2019184.33,1605217.97,2231706.66,1546131.02,2156257.17,1636225.83,358127.62,922377.20,1005599.21,2967343.10,716255.23,1280504.82,1005599.21,3325470.72,1175000.00,820893.54,1396537.42,29733.29,41466.48,0.22,0.54,0.58,1.46,0.43,0.73,0.59,1.62,0.65,0.65,0.82,0.82,0.91,0.91,0.82,0.78,0.85,0.82,1.08,1.10,0.63,0.73,0.83,1.00,0.74,0.84,1.00,0.72,0.82,1.00
SVN,705,2003,814,1404,0.58,302,297,403,1.02,0.75,33,12,0,0,0,,,,,358127.62,1021791.48,1113983.19,2967343.10,716255.23,1379919.10,1113983.19,3325470.72,,2530000.00,0.14,0.40,0.44,1.17,0.28,0.55,0.44,1.31,,801,958,801,0.84,1.00,0,26,78,52,0,0,,,,,32846.15,31625.00,11462.54,32846.15,34387.62,32846.15,31625.00,11462.54,32846.15,34387.62,48653.85,0.68,0.65,0.24,0.68,0.71,0.68,0.65,0.24,0.68,0.71,958,958,1401,1.00,0.68,0,52,0,0,0,0,,,,,40673.08,40673.08,11462.54,40673.08,0.00,40673.08,40673.08,11462.54,40673.08,0.00,48653.85,0.84,0.84,0.24,0.84,0.00,0.84,0.84,0.24,0.84,0.00,958,958,1.00,0,520,0,0,0,0,,,,,45192.31,45192.31,25472.31,45192.31,0.00,45192.31,45192.31,25472.31,45192.31,0.00,48653.85,0.93,0.93,0.52,0.93,0.00,0.93,0.93,0.52,0.93,0.00,1504510.68,2146956.63,1537367.27,2188911.97,1720132.64,2422289.29,1642434.89,2323075.24,1736682.88,358127.62,1021791.48,1113983.19,2967343.10,716255.23,1379919.10,1113983.19,3325470.72,1265000.00,870742.89,1505164.19,31585.29,44674.52,0.21,0.55,0.59,1.38,0.40,0.72,0.60,1.52,0.68,0.68,0.84,0.84,0.93,0.93,0.82,0.78,0.86,0.84,1.10,1.12,0.63,0.74,0.84,1.00,0.75,0.85,1.00,0.73,0.84,1.00
SVN,705,2004,813,1408,0.58,308,303,411,1.02,0.75,34,12,0,0,0,,,,,414364.57,1069757.23,1166276.68,3442007.10,828729.13,1484121.79,1166276.68,3856371.67,,2710000.00,0.15,0.39,0.43,1.27,0.31,0.55,0.43,1.42,,807,1006,807,0.80,1.00,0,26,78,52,0,0,,,,,34731.55,33875.00,11577.18,34731.55,34731.55,34731.55,33875.00,11577.18,34731.55,34731.55,52115.38,0.67,0.65,0.22,0.67,0.67,0.67,0.65,0.22,0.67,0.67,1006,1006,1405,1.00,0.72,0,52,0,0,0,0,,,,,43788.46,43788.46,11577.18,43788.46,0.00,43788.46,43788.46,11577.18,43788.46,0.00,52115.38,0.84,0.84,0.22,0.84,0.00,0.84,0.84,0.22,0.84,0.00,1006,1006,1.00,0,520,0,0,0,0,,,,,48653.85,48653.85,25727.08,48653.85,0.00,48653.85,48653.85,25727.08,48653.85,0.00,52115.38,0.93,0.93,0.49,0.93,0.00,0.93,0.93,0.49,0.93,0.00,1612992.68,2267478.79,1651104.91,2316145.17,1847869.33,2567398.21,1760729.68,2432847.58,1860675.58,414364.57,1069757.23,1166276.68,3442007.10,828729.13,1484121.79,1166276.68,3856371.67,1355000.00,932920.43,1556745.23,33860.19,46785.53,0.22,0.53,0.58,1.47,0.44,0.73,0.59,1.62,0.67,0.67,0.84,0.84,0.93,0.93,0.82,0.81,0.87,0.87,1.11,1.15,0.63,0.74,0.85,1.00,0.74,0.85,1.00,0.74,0.85,1.00
SVN,705,2005,846,1407,0.60,315,310,373,1.02,0.84,35,18,0,0,0,,,,,415679.54,1081759.76,1179362.14,3444201.94,831359.09,1497439.30,1179362.14,3859881.48,,2870000.00,0.14,0.38,0.41,1.20,0.29,0.52,0.41,1.34,,806,1015,802,0.79,1.00,0,26,78,52,0,0,,,,,37557.69,35875.00,12550.38,37557.69,37651.15,37557.69,35875.00,12550.38,37557.69,37651.15,55192.31,0.68,0.65,0.23,0.68,0.68,0.68,0.65,0.23,0.68,0.68,1015,1015,1407,1.00,0.72,0,52,0,0,0,0,,,,,46903.85,46903.85,12550.38,46903.85,0.00,46903.85,46903.85,12550.38,46903.85,0.00,55192.31,0.85,0.85,0.23,0.85,0.00,0.85,0.85,0.23,0.85,0.00,1015,1015,1.00,0,520,0,0,0,0,,,,,52115.38,52115.38,28292.31,52115.38,0.00,52115.38,52115.38,28292.31,52115.38,0.00,55192.31,0.94,0.94,0.51,0.94,0.00,0.94,0.94,0.51,0.94,0.00,1743917.48,2461343.10,1792715.19,2528182.62,2009963.69,2800553.88,1905191.10,2669197.20,2044301.20,415679.54,1081759.76,1179362.14,3444201.94,831359.09,1497439.30,1179362.14,3859881.48,1435000.00,1029310.60,1730190.60,36638.29,51330.72,0.21,0.52,0.56,1.40,0.40,0.70,0.56,1.55,0.68,0.68,0.85,0.85,0.94,0.94,0.82,0.78,0.87,0.85,1.12,1.14,0.61,0.74,0.86,1.00,0.75,0.86,1.00,0.73,0.85,1.00
SVN,705,2006,855,1411,0.61,323,316,381,1.02,0.85,36,18,0,0,0,,,,,448893.65,1115085.63,1215694.86,3717319.64,897787.30,1563979.28,1215694.86,4166213.29,,2960000.00,0.15,0.38,0.41,1.26,0.30,0.53,0.41,1.41,,806,1022,802,0.79,1.00,0,26,78,52,0,0,,,,,38667.46,37000.00,12889.15,38667.46,38667.46,38667.46,37000.00,12889.15,38667.46,38667.46,56923.08,0.68,0.65,0.23,0.68,0.68,0.68,0.65,0.23,0.68,0.68,1022,1022,1411,1.00,0.72,0,52,0,0,0,0,,,,,49673.08,49673.08,12889.15,49673.08,0.00,49673.08,49673.08,12889.15,49673.08,0.00,56923.08,0.87,0.87,0.23,0.87,0.00,0.87,0.87,0.23,0.87,0.00,1022,1022,1.00,0,520,0,0,0,0,,,,,55192.31,55192.31,28858.15,55192.31,0.00,55192.31,55192.31,28858.15,55192.31,0.00,56923.08,0.97,0.97,0.51,0.97,0.00,0.97,0.97,0.51,0.97,0.00,1799549.82,2534584.80,1867497.00,2623014.10,2097571.98,2911466.32,1965880.80,2746360.96,2107593.60,448893.65,1115085.63,1215694.86,3717319.64,897787.30,1563979.28,1215694.86,4166213.29,1480000.00,1063156.80,1777908.16,37805.40,52814.63,0.22,0.52,0.56,1.45,0.42,0.71,0.56,1.60,0.68,0.68,0.87,0.87,0.97,0.97,0.82,0.78,0.89,0.87,1.15,1.17,0.62,0.74,0.88,1.00,0.75,0.88,1.00,0.73,0.87,1.00
SVN,705,2007,879,1415,0.62,333,324,386,1.03,0.86,37,18,0,0,0,,,,,2302.92,4625.13,5042.44,16258.56,3924.48,6587.37,5042.44,18220.80,,13483.00,0.17,0.34,0.37,1.21,0.29,0.49,0.37,1.35,,829,1035,826,0.80,1.00,0,26,78,52,0,0,,,,,164.74,164.74,54.91,164.74,164.74,164.74,164.74,54.91,164.74,164.74,259.29,0.64,0.64,0.21,0.64,0.64,0.64,0.64,0.21,0.64,0.64,1035,1035,1415,1.00,0.73,0,52,0,0,0,0,,,,,213.78,213.78,54.86,213.78,0.00,213.78,213.78,54.86,213.78,0.00,259.29,0.82,0.82,0.21,0.82,0.00,0.82,0.82,0.21,0.82,0.00,1035,1035,1.00,0,520,0,0,0,0,,,,,237.53,237.53,120.42,237.53,0.00,237.53,237.53,120.42,237.53,0.00,259.29,0.92,0.92,0.46,0.92,0.00,0.92,0.92,0.46,0.92,0.00,8242.81,11319.77,8496.40,11621.67,9577.27,12872.48,9171.38,12569.70,9636.73,2302.92,4625.13,5042.44,16258.56,3924.48,6587.37,5042.44,18220.80,6741.50,4859.37,8158.33,176.37,241.72,0.24,0.48,0.52,1.45,0.40,0.67,0.51,1.60,0.64,0.64,0.82,0.82,0.92,0.92,0.78,0.72,0.84,0.79,1.09,1.07,0.57,0.69,0.82,1.00,0.71,0.83,1.00,0.68,0.80,0.99
SVN,705,2008,904,1410,0.64,343,330,387,1.04,0.89,38,18,0,0,0,,,,,2077.53,4694.65,5118.23,17213.82,4155.06,6772.18,5118.23,19291.35,,14332.00,0.14,0.33,0.36,1.20,0.29,0.47,0.36,1.35,,855,1042,853,0.82,1.00,0,26,78,52,0,0,,,,,178.69,178.69,59.56,178.69,178.69,178.69,178.69,59.56,178.69,178.69,275.62,0.65,0.65,0.22,0.65,0.65,0.65,0.65,0.22,0.65,0.65,1042,1042,1410,1.00,0.74,0,52,0,0,0,0,,,,,233.36,233.36,54.86,233.36,0.00,233.36,233.36,54.86,233.36,0.00,275.62,0.85,0.85,0.20,0.85,0.00,0.85,0.85,0.20,0.85,0.00,1042,1042,1.00,0,520,0,0,0,0,,,,,259.29,259.29,135.97,259.29,0.00,259.29,259.29,135.97,259.29,0.00,275.62,0.94,0.94,0.49,0.94,0.00,0.94,0.94,0.49,0.94,0.00,8832.72,11658.41,9115.13,11958.59,10292.79,13113.68,9739.90,13256.27,10217.82,2077.53,4694.65,5118.23,17213.82,4155.06,6772.18,5118.23,19291.35,7166.00,5162.68,8567.12,187.31,254.93,0.21,0.47,0.51,1.44,0.40,0.65,0.49,1.60,0.65,0.65,0.85,0.85,0.94,0.94,0.80,0.66,0.86,0.72,1.12,0.97,0.56,0.69,0.82,0.99,0.73,0.86,1.00,0.65,0.78,0.96
SVN,705,2009,895,1420,0.63,354,337,393,1.05,0.90,39,18,0,0,0,,,,,2250.24,4727.87,5154.44,18635.75,4500.48,6978.11,5154.44,20885.99,,14458.00,0.16,0.33,0.36,1.29,0.31,0.48,0.36,1.44,,822,1042,819,0.79,1.00,0,26,78,52,0,0,,,,,185.84,180.72,61.95,185.84,185.84,185.84,180.72,61.95,185.84,185.84,278.04,0.67,0.65,0.22,0.67,0.67,0.67,0.65,0.22,0.67,0.67,1042,1042,1420,1.00,0.73,0,52,0,0,0,0,,,,,248.05,248.05,54.86,248.05,0.00,248.05,248.05,54.86,248.05,0.00,278.04,0.89,0.89,0.20,0.89,0.00,0.89,0.89,0.20,0.89,0.00,1042,1042,1.00,0,520,0,0,0,0,,,,,275.62,275.62,137.87,275.62,0.00,275.62,275.62,137.87,275.62,0.00,278.04,0.99,0.99,0.50,0.99,0.00,0.99,0.99,0.50,0.99,0.00,8938.19,12435.31,9443.73,12961.62,10695.55,14402.08,9887.07,13471.76,10322.76,2250.24,4727.87,5154.44,18635.75,4500.48,6978.11,5154.44,20885.99,7229.00,5709.57,9224.57,190.14,259.07,0.23,0.48,0.52,1.54,0.44,0.68,0.50,1.69,0.67,0.67,0.89,0.89,0.99,0.99,0.77,0.76,0.89,0.88,1.19,1.22,0.58,0.72,0.89,1.00,0.72,0.89,1.00,0.71,0.89,1.00
SVN,705,2010,882,1421,0.62,369,339,400,1.09,0.92,40,18,0,0,0,,,,,2139.84,5078.03,5135.05,18952.43,4279.68,7217.87,5135.05,21092.27,,15740.00,0.14,0.32,0.33,1.20,0.27,0.46,0.33,1.34,,799,1041,796,0.77,1.00,0,26,78,52,0,0,,,,,203.26,196.75,77.19,203.26,231.56,203.26,196.75,77.19,203.26,231.56,302.69,0.67,0.65,0.26,0.67,0.77,0.67,0.65,0.26,0.67,0.77,1041,1041,1421,1.00,0.73,0,52,0,0,0,0,,,,,250.23,250.23,54.86,250.23,0.00,250.23,250.23,54.86,250.23,0.00,302.69,0.83,0.83,0.18,0.83,0.00,0.83,0.83,0.18,0.83,0.00,1041,1041,1.00,0,520,0,0,0,0,,,,,278.04,278.04,169.42,278.04,0.00,278.04,278.04,169.42,278.04,0.00,302.69,0.92,0.92,0.56,0.92,0.00,0.92,0.92,0.56,0.92,0.00,9652.37,13271.21,9840.45,13487.62,11103.27,14940.74,10616.05,14380.10,11161.62,2139.84,5078.03,5135.05,18952.43,4279.68,7217.87,5135.05,21092.27,7870.00,6128.99,9713.46,204.15,276.54,0.20,0.48,0.48,1.45,0.38,0.65,0.46,1.58,0.67,0.67,0.83,0.83,0.92,0.92,0.79,0.76,0.83,0.81,1.11,1.12,0.56,0.72,0.82,1.00,0.73,0.83,1.00,0.72,0.82,1.00
SVN,705,2011,870,1419,0.61,386,341,410,1.13,0.94,41,18,0,0,0,,,,,2302.92,5195.69,5263.32,19180.37,4605.84,7498.61,5263.32,21483.29,,16353.25,0.14,0.32,0.32,1.17,0.28,0.46,0.32,1.31,,1019,1019,776,1.00,1.31,0,78,104,39,0,0,,,,,242.31,220.14,80.77,242.31,242.31,242.31,220.14,80.77,242.31,242.31,314.49,0.77,0.70,0.26,0.77,0.77,0.77,0.70,0.26,0.77,0.77,1019,1019,1419,1.00,0.72,0,52,0,0,0,0,,,,,272.42,272.42,54.86,272.42,0.00,272.42,272.42,54.86,272.42,0.00,314.49,0.87,0.87,0.17,0.87,0.00,0.87,0.87,0.17,0.87,0.00,1019,1019,1.00,0,520,0,0,0,0,,,,,302.69,302.69,172.64,302.69,0.00,302.69,302.69,172.64,302.69,0.00,314.49,0.96,0.96,0.55,0.96,0.00,0.96,0.96,0.55,0.96,0.00,10267.58,13995.55,10366.24,14109.07,11741.04,15691.04,10988.15,14824.70,11575.00,2302.92,5195.69,5263.32,19180.37,4605.84,7498.61,5263.32,21483.29,8176.62,6343.37,9964.18,211.31,285.09,0.21,0.47,0.48,1.42,0.40,0.65,0.45,1.55,0.77,0.77,0.87,0.87,0.96,0.96,0.84,0.83,0.87,0.85,1.16,1.18,0.56,0.80,0.86,1.00,0.81,0.87,1.00,0.80,0.86,1.00
SVN,705,2012,856,1412,0.61,402,349,422,1.15,0.95,42,18,0,0,0,,,,,2314.92,5420.31,7176.47,19189.07,4629.84,7735.23,7176.47,21503.99,,16762.08,0.14,0.32,0.43,1.14,0.28,0.46,0.43,1.28,,1013,1013,772,1.00,1.31,0,78,104,39,0,0,,,,,205.96,205.96,80.77,205.96,205.96,205.96,205.96,80.77,205.96,205.96,322.35,0.64,0.64,0.25,0.64,0.64,0.64,0.64,0.25,0.64,0.64,1013,1013,1412,1.00,0.72,0,52,0,0,0,0,,,,,251.59,267.31,54.86,267.31,0.00,251.59,267.31,54.86,267.31,0.00,322.35,0.78,0.83,0.17,0.83,0.00,0.78,0.83,0.17,0.83,0.00,1013,1013,1.00,0,520,0,0,0,0,,,,,314.49,314.49,169.86,314.49,0.00,314.49,314.49,169.86,314.49,0.00,322.35,0.98,0.98,0.53,0.98,0.00,0.98,0.98,0.53,0.98,0.00,10176.35,13876.75,10452.52,14194.53,12113.37,16105.65,11266.23,15130.86,11866.13,2314.92,5420.31,7176.47,19189.07,4629.84,7735.23,7176.47,21503.99,8381.04,6503.94,10149.81,216.66,290.98,0.21,0.48,0.63,1.39,0.39,0.65,0.60,1.52,0.64,0.64,0.78,0.78,0.98,0.98,0.77,0.75,0.83,0.81,1.18,1.20,0.57,0.70,0.80,1.00,0.71,0.80,1.00,0.69,0.80,1.00
SVN,705,2013,833,1404,0.59,418,356,433,1.17,0.96,43,19,0,0,0,,,,,2366.27,5527.40,6566.66,23662.70,4732.54,7893.67,6566.66,26028.97,,17170.91,0.14,0.32,0.38,1.38,0.28,0.46,0.38,1.52,,1008,1008,750,1.00,1.34,0,78,104,39,0,0,,,,,205.96,205.96,80.77,205.96,205.96,205.96,205.96,80.77,205.96,205.96,330.21,0.62,0.62,0.24,0.62,0.62,0.62,0.62,0.24,0.62,0.62,1008,1008,1404,1.00,0.72,0,52,0,0,0,0,,,,,257.88,274.00,54.86,274.00,0.00,257.88,274.00,54.86,274.00,0.00,330.21,0.78,0.83,0.17,0.83,0.00,0.78,0.83,0.17,0.83,0.00,1008,1008,1.00,0,520,0,0,0,0,,,,,322.35,322.35,180.89,322.35,0.00,322.35,322.35,180.89,322.35,0.00,330.21,0.98,0.98,0.55,0.98,0.00,0.98,0.98,0.55,0.98,0.00,10332.53,14049.45,10707.51,14480.93,12409.88,16439.83,11538.66,15437.32,12154.30,2366.27,5527.40,6566.66,23662.70,4732.54,7893.67,6566.66,26028.97,8585.45,6661.15,10334.08,221.90,296.87,0.21,0.48,0.57,1.63,0.39,0.65,0.54,1.75,0.62,0.62,0.78,0.78,0.98,0.98,0.75,0.73,0.83,0.81,1.18,1.20,0.56,0.68,0.80,1.00,0.69,0.81,1.00,0.68,0.80,1.00
SVN,705,2014,844,1395,0.60,426,364,364,1.17,1.00,44,20,0,0,0,,,,,2379.81,5586.23,6639.50,23798.11,4759.62,7966.05,6639.50,26177.92,,17784.16,0.13,0.31,0.37,1.34,0.27,0.45,0.37,1.47,,1015,1015,744,1.00,1.36,0,78,104,39,0,0,,,,,205.96,205.96,80.77,205.96,205.96,205.96,205.96,80.77,205.96,205.96,342.00,0.60,0.60,0.24,0.60,0.60,0.60,0.60,0.24,0.60,0.60,1015,1015,1395,1.00,0.73,0,1820,0,0,0,0,,,,,264.17,280.68,54.86,280.68,0.00,264.17,280.68,54.86,280.68,0.00,342.00,0.77,0.82,0.16,0.82,0.00,0.77,0.82,0.16,0.82,0.00,1015,1015,1.00,0,520,0,0,0,0,,,,,330.21,330.21,182.11,330.21,0.00,330.21,330.21,182.11,330.21,0.00,342.00,0.97,0.97,0.53,0.97,0.00,0.97,0.97,0.53,0.97,0.00,10506.91,14250.09,10980.69,14795.27,12724.59,16801.95,11887.40,15838.61,12545.37,2379.81,5586.23,6639.50,23798.11,4759.62,7966.05,6639.50,26177.92,8892.08,6861.79,10534.73,228.60,304.59,0.20,0.47,0.56,1.59,0.38,0.63,0.53,1.70,0.60,0.60,0.77,0.77,0.97,0.97,0.73,0.70,0.82,0.80,1.17,1.18,0.55,0.66,0.79,1.00,0.66,0.80,1.00,0.65,0.79,1.00
SVN,705,2015,875,1383,0.63,432,374,374,1.15,1.00,45,21,0,0,0,,,,,2379.81,5576.42,6594.62,23798.11,4759.62,7956.23,6594.62,26177.92,,18192.99,0.13,0.31,0.36,1.31,0.26,0.44,0.36,1.44,,1008,1008,764,1.00,1.32,0,78,104,39,0,0,,,,,205.96,205.96,80.77,205.96,205.96,205.96,205.96,80.77,205.96,205.96,349.87,0.59,0.59,0.23,0.59,0.59,0.59,0.59,0.23,0.59,0.59,1008,1008,1383,1.00,0.73,0,1820,0,0,0,0,,,,,273.60,290.70,54.86,290.70,0.00,273.60,290.70,54.86,290.70,0.00,349.87,0.78,0.83,0.16,0.83,0.00,0.78,0.83,0.16,0.83,0.00,1008,1008,1.00,0,520,0,0,0,0,,,,,342.00,342.00,182.48,342.00,0.00,342.00,342.00,182.48,342.00,0.00,349.87,0.98,0.98,0.52,0.98,0.00,0.98,0.98,0.52,0.98,0.00,10623.15,14383.85,11245.15,15099.58,13051.33,16601.44,12119.89,16106.13,12777.86,2379.81,5576.42,6594.62,23798.11,4759.62,7956.23,6594.62,26177.92,9096.50,6995.55,10668.49,233.07,309.73,0.20,0.46,0.54,1.56,0.37,0.62,0.52,1.67,0.59,0.59,0.78,0.78,0.98,0.98,0.71,0.68,0.83,0.81,1.18,1.09,0.54,0.64,0.80,1.00,0.65,0.81,1.00,0.64,0.80,1.00
SVN,705,2016,891,1371,0.65,435,386,386,1.13,1.00,46,22,0,0,0,,,,,2399.87,5765.60,6828.84,23998.73,4799.75,8165.47,9228.71,26398.60,,18581.52,0.13,0.31,0.37,1.29,0.26,0.44,0.50,1.42,,995,995,782,1.00,1.27,0,78,104,39,0,0,,,,,205.96,205.96,80.77,205.96,205.96,205.96,205.96,80.77,205.96,205.96,357.34,0.58,0.58,0.23,0.58,0.58,0.58,0.58,0.23,0.58,0.58,995,995,1371,1.00,0.73,0,1820,0,0,0,0,,,,,279.89,297.39,54.86,297.39,0.00,279.89,297.39,54.86,297.39,0.00,357.34,0.78,0.83,0.15,0.83,0.00,0.78,0.83,0.15,0.83,0.00,995,995,1.00,0,520,0,0,0,0,,,,,349.87,349.87,182.48,349.87,0.00,349.87,349.87,182.48,349.87,0.00,357.34,0.98,0.98,0.51,0.98,0.00,0.98,0.98,0.51,0.98,0.00,10733.62,14510.97,11454.42,15340.39,13302.12,16701.28,12340.83,16360.37,12998.80,2399.87,5765.60,6828.84,23998.73,4799.75,8165.47,9228.71,26398.60,9290.76,7122.67,10795.61,237.32,314.62,0.19,0.47,0.55,1.56,0.37,0.63,0.71,1.67,0.58,0.58,0.78,0.78,0.98,0.98,0.69,0.67,0.83,0.82,1.18,1.06,0.55,0.63,0.80,1.00,0.63,0.81,1.00,0.62,0.80,1.00
SVN,705,2017,914,1361,0.67,440,396,396,1.11,1.00,47,23,0,0,0,,,,,2399.87,5900.86,7073.92,23998.73,4799.75,8300.73,9473.79,26398.60,,19222.26,0.12,0.31,0.37,1.25,0.25,0.43,0.49,1.37,,1026,1026,815,1.00,1.26,0,78,104,39,0,0,,,,,205.96,205.96,80.77,205.96,205.96,205.96,205.96,80.77,205.96,205.96,369.66,0.56,0.56,0.22,0.56,0.56,0.56,0.56,0.22,0.56,0.56,1026,1026,1361,1.00,0.75,0,1820,0,0,0,0,,,,,285.87,303.74,54.86,303.74,0.00,285.87,303.74,54.86,303.74,0.00,369.66,0.77,0.82,0.15,0.82,0.00,0.77,0.82,0.15,0.82,0.00,1026,1026,1.00,0,520,0,0,0,0,,,,,357.34,357.34,185.76,357.34,0.00,357.34,357.34,185.76,357.34,0.00,369.66,0.97,0.97,0.50,0.97,0.00,0.97,0.97,0.50,0.97,0.00,10915.80,14720.61,11730.51,15658.08,13617.67,17253.13,12705.20,16779.64,13363.17,2399.87,5900.86,7073.92,23998.73,4799.75,8300.73,9473.79,26398.60,9611.13,7332.31,11005.24,244.33,322.69,0.19,0.46,0.55,1.52,0.36,0.62,0.70,1.62,0.56,0.56,0.77,0.77,0.97,0.97,0.67,0.64,0.82,0.81,1.17,1.08,0.54,0.61,0.79,1.00,0.61,0.80,1.00,0.60,0.79,1.00
SVN,705,2018,939,1351,0.70,445,401,401,1.11,1.00,48,24,0,0,0,,,,,2658.47,6203.87,7446.70,26584.65,5316.93,8862.34,10105.17,29243.12,,20011.26,0.13,0.31,0.37,1.33,0.27,0.44,0.50,1.46,,1033,1033,827,1.00,1.25,0,78,104,39,0,0,,,,,205.96,205.96,80.77,205.96,205.96,205.96,205.96,80.77,205.96,205.96,384.83,0.54,0.54,0.21,0.54,0.54,0.54,0.54,0.21,0.54,0.54,1033,1033,1351,1.00,0.76,0,1820,0,0,0,0,,,,,295.73,314.21,54.86,314.21,0.00,295.73,314.21,54.86,314.21,0.00,384.83,0.77,0.82,0.14,0.82,0.00,0.77,0.82,0.14,0.82,0.00,1033,1033,1.00,0,520,0,0,0,0,,,,,369.66,369.66,194.49,369.66,0.00,369.66,369.66,194.49,369.66,0.00,384.83,0.96,0.96,0.51,0.96,0.00,0.96,0.96,0.51,0.96,0.00,10509.21,14252.75,12109.71,16094.42,14061.94,17764.35,13153.88,17295.93,13811.85,2658.47,6203.87,7446.70,26584.65,5316.93,8862.34,10105.17,29243.12,10005.63,7590.46,11263.39,252.96,332.61,0.20,0.47,0.55,1.59,0.38,0.64,0.72,1.71,0.54,0.54,0.77,0.77,0.96,0.96,0.52,0.50,0.81,0.80,1.16,1.08,0.56,0.52,0.79,1.00,0.53,0.79,1.00,0.52,0.78,1.00
SVN,705,2019,961,1356,0.71,451,418,418,1.08,1.00,49,24,0,0,0,,,,,2750.71,6519.13,7830.59,27507.12,5501.42,9269.84,10581.30,30257.83,,20795.15,0.13,0.31,0.38,1.32,0.26,0.45,0.51,1.46,,1028,1028,844,1.00,1.22,0,78,104,39,0,0,,,,,205.96,205.96,80.77,205.96,205.96,205.96,205.96,80.77,205.96,205.96,399.91,0.52,0.52,0.20,0.52,0.52,0.52,0.52,0.20,0.52,0.52,1028,1028,1356,1.00,0.76,0,1820,0,0,0,0,,,,,307.87,327.11,54.86,327.11,0.00,307.87,327.11,54.86,327.11,0.00,399.91,0.77,0.82,0.14,0.82,0.00,0.77,0.82,0.14,0.82,0.00,1028,1028,1.00,0,520,0,0,0,0,,,,,384.83,384.83,204.61,384.83,0.00,384.83,384.83,204.61,384.83,0.00,399.91,0.96,0.96,0.51,0.96,0.00,0.96,0.96,0.51,0.96,0.00,10731.95,14509.13,12523.14,16570.23,14555.51,18332.36,13599.51,17511.31,14257.48,2750.71,6519.13,7830.59,27507.12,5501.42,9269.84,10581.30,30257.83,10397.58,7846.84,11222.30,261.53,336.76,0.20,0.48,0.56,1.59,0.39,0.65,0.72,1.70,0.52,0.52,0.77,0.77,0.96,0.96,0.50,0.52,0.81,0.85,1.17,1.13,0.56,0.51,0.80,1.00,0.51,0.79,1.00,0.52,0.81,1.00
SVN,705,2020,858,1354,0.63,459,424,424,1.08,1.00,50,24,0,0,0,,,,,3269.25,7068.80,8522.36,31163.13,6538.49,10338.05,11791.60,34432.38,,21872.14,0.15,0.32,0.39,1.42,0.30,0.47,0.54,1.57,,1029,1029,850,1.00,1.21,0,78,104,39,0,0,,,,,205.96,205.96,122.35,205.96,205.96,205.96,205.96,122.35,205.96,205.96,420.62,0.49,0.49,0.29,0.49,0.49,0.49,0.49,0.29,0.49,0.49,1029,1029,1354,1.00,0.76,0,1820,0,0,0,0,,,,,319.93,339.92,54.86,339.92,0.00,319.93,339.92,54.86,339.92,0.00,420.62,0.76,0.81,0.13,0.81,0.00,0.76,0.81,0.13,0.81,0.00,1029,1029,1.00,0,520,0,0,0,0,,,,,399.91,399.91,217.06,399.91,0.00,399.91,399.91,217.06,399.91,0.00,420.62,0.95,0.95,0.52,0.95,0.00,0.95,0.95,0.52,0.95,0.00,11091.59,14952.44,13072.23,17231.53,15184.21,19071.48,14265.38,18014.19,14923.35,3269.25,7068.80,8522.36,31163.13,6538.49,10338.05,11791.60,34432.38,10936.07,7716.13,10858.06,274.33,346.43,0.23,0.46,0.54,1.69,0.43,0.65,0.73,1.81,0.49,0.49,0.76,0.76,0.95,0.95,0.52,0.57,0.82,0.89,1.14,1.15,0.55,0.52,0.81,1.00,0.50,0.79,1.00,0.53,0.83,1.00
SVN,705,2021,965,1356,0.71,464,436,436,1.06,1.00,50,24,0,0,0,,,,,3438.62,7833.99,9469.88,32777.63,6877.24,11272.61,12908.51,36216.25,,22485.00,0.15,0.35,0.42,1.46,0.31,0.50,0.57,1.61,,1025,1025,836,1.00,1.23,0,78,104,43,0,0,,,,,205.96,205.96,122.35,205.96,205.96,205.96,205.96,122.35,205.96,205.96,432.40,0.48,0.48,0.28,0.48,0.48,0.48,0.48,0.28,0.48,0.48,1025,1025,1356,1.00,0.76,0,1820,0,0,0,0,,,,,336.49,357.53,54.86,357.53,0.00,336.49,357.53,54.86,357.53,0.00,432.40,0.78,0.83,0.13,0.83,0.00,0.78,0.83,0.13,0.83,0.00,1025,1025,1.00,0,520,0,0,0,0,,,,,420.62,420.62,236.36,420.62,0.00,420.62,420.62,236.36,420.62,0.00,432.40,0.97,0.97,0.55,0.97,0.00,0.97,0.97,0.55,0.97,0.00,11327.79,15152.95,13599.43,17731.56,15851.22,19697.37,14721.70,18415.22,15355.30,3438.62,7833.99,9469.88,32777.63,6877.24,11272.61,12908.51,36216.25,11242.50,7916.64,11058.58,283.11,354.14,0.23,0.49,0.58,1.75,0.44,0.68,0.77,1.88,0.48,0.48,0.78,0.78,0.97,0.97,0.50,0.56,0.84,0.91,1.17,1.17,0.58,0.50,0.82,1.00,0.49,0.81,1.00,0.52,0.84,1.00
SVN,705,2022,989,1344,0.74,471,445,445,1.06,1.00,50,24,0,0,0,,,,,3787.23,8317.01,10067.56,36100.65,7574.46,12104.24,13854.79,39887.88,,23332.00,0.16,0.36,0.43,1.55,0.32,0.52,0.59,1.71,,1027,1027,848,1.00,1.21,0,78,104,43,0,0,,,,,205.96,205.96,122.35,205.96,205.96,205.96,205.96,122.35,205.96,205.96,448.69,0.46,0.46,0.27,0.46,0.46,0.46,0.46,0.27,0.46,0.46,1027,1027,1344,1.00,0.76,0,1820,0,0,0,0,,,,,345.92,367.54,54.86,367.54,0.00,345.92,367.54,54.86,367.54,0.00,448.69,0.77,0.82,0.12,0.82,0.00,0.77,0.82,0.12,0.82,0.00,1027,1027,1.00,0,520,0,0,0,0,,,,,432.40,432.40,247.95,432.40,0.00,432.40,432.40,247.95,432.40,0.00,448.69,0.96,0.96,0.55,0.96,0.00,0.96,0.96,0.55,0.96,0.00,11857.43,15750.03,14279.21,18499.07,16594.09,20508.78,15495.46,19261.69,16148.07,3787.23,8317.01,10067.56,36100.65,7574.46,12104.24,13854.79,39887.88,11666.00,8353.76,11627.93,297.99,370.42,0.24,0.50,0.59,1.83,0.46,0.70,0.79,1.96,0.46,0.46,0.77,0.77,0.96,0.96,0.49,0.54,0.83,0.90,1.15,1.16,0.60,0.49,0.82,1.00,0.47,0.80,1.00,0.50,0.84,1.00
SVN,705,2023,999,1346,0.74,474,454,454,1.04,1.00,50,24,0,0,0,,,,,3951.88,8403.81,10173.98,37670.14,7903.76,12355.69,14125.86,41622.02,,26677.00,0.15,0.32,0.38,1.41,0.30,0.46,0.53,1.56,,1027,1027,848,1.00,1.21,0,78,104,43,0,0,,,,,205.96,205.96,122.35,205.96,205.96,205.96,205.96,122.35,205.96,205.96,513.02,0.40,0.40,0.24,0.40,0.40,0.40,0.40,0.24,0.40,0.40,1027,1027,1346,1.00,0.76,0,1820,0,0,0,0,,,,,358.95,381.39,166.62,381.39,0.00,358.95,381.39,166.62,381.39,0.00,513.02,0.70,0.74,0.32,0.74,0.00,0.70,0.74,0.32,0.74,0.00,1027,1027,1.00,0,520,0,0,0,0,,,,,448.69,448.69,277.70,448.69,0.00,448.69,448.69,277.70,448.69,0.00,513.02,0.87,0.87,0.54,0.87,0.00,0.87,0.87,0.54,0.87,0.00,12951.56,17290.40,15580.85,20275.00,17982.93,22318.89,17553.72,22051.64,18255.20,3951.88,8403.81,10173.98,37670.14,7903.76,12355.69,14125.86,41622.02,13338.50,9528.18,13323.46,337.57,424.07,0.23,0.45,0.53,1.68,0.43,0.64,0.72,1.81,0.40,0.40,0.70,0.70,0.87,0.87,0.43,0.45,0.75,0.80,1.05,1.03,0.54,0.42,0.74,0.96,0.41,0.73,0.96,0.43,0.75,0.95
ESP,724,2000,10754,27787,0.39,2375,6750,6750,0.35,0.35,50,35,0,0,0,,,,,857220.67,1903223.37,1903223.37,4343052.30,1009470.52,1903223.37,1903223.37,4343052.30,,2210000.00,0.39,0.86,0.86,1.97,0.46,0.86,0.86,1.97,,10754,18012,12280,0.60,0.88,0,104,312,52,0,0,,,,,29750.00,29750.00,13978.99,29750.00,31685.71,29750.00,29750.00,18638.65,29750.00,41005.04,42500.00,0.70,0.70,0.33,0.70,0.75,0.70,0.70,0.44,0.70,0.96,10754,18012,27787,0.60,0.39,3,52,260,26,0,0,,,,,25500.00,31139.42,13942.72,31139.42,68950.37,25500.00,31139.42,13942.72,31139.42,68950.37,42500.00,0.60,0.73,0.33,0.73,1.62,0.60,0.73,0.33,0.73,1.62,10754,18012,0.60,0,52,0,0,0,0,,,,,31875.00,31875.00,14272.66,31875.00,71991.35,31875.00,31875.00,14272.66,31875.00,71991.35,42500.00,0.75,0.75,0.34,0.75,1.69,0.75,0.75,0.34,0.75,1.69,1649462.48,1818857.62,1631030.97,1793046.31,1687663.12,1872353.44,1831771.93,2043625.30,1962625.30,857220.67,1903223.37,1903223.37,4343052.30,1009470.52,1903223.37,1903223.37,4343052.30,1105000.00,1034832.50,1119252.50,35226.38,39300.49,0.44,0.88,0.88,1.86,0.51,0.89,0.89,1.81,0.70,0.70,0.60,0.60,0.75,0.75,0.77,0.76,0.75,0.73,0.82,0.81,0.89,0.73,0.67,0.78,0.74,0.67,0.78,0.73,0.66,0.78
ESP,724,2001,11375,27894,0.41,2420,6899,6899,0.35,0.35,50,35,0,0,0,,,,,880374.95,1994060.75,1994060.75,4460342.78,1036747.84,1994060.75,1994060.75,4460342.78,,2290000.00,0.38,0.87,0.87,1.95,0.45,0.87,0.87,1.95,,11375,18050,12815,0.63,0.89,0,104,312,52,0,0,,,,,30826.92,30826.92,14562.69,30826.92,33008.77,30826.92,30826.92,19416.92,30826.92,42717.23,44038.46,0.70,0.70,0.33,0.70,0.75,0.70,0.70,0.44,0.70,0.97,11375,18050,27894,0.63,0.41,3,52,260,26,0,0,,,,,26423.08,32266.64,14226.12,32266.64,70327.48,26423.08,32266.64,14226.12,32266.64,70327.48,44038.46,0.60,0.73,0.32,0.73,1.60,0.60,0.73,0.32,0.73,1.60,11375,18050,0.63,0,52,0,0,0,0,,,,,33028.85,33028.85,14875.46,33028.85,71993.08,33028.85,33028.85,14875.46,33028.85,71993.08,44038.46,0.75,0.75,0.34,0.75,1.63,0.75,0.75,0.34,0.75,1.63,1696478.65,1884698.62,1677379.94,1857952.97,1736062.11,1939480.58,1888726.12,2105059.70,2020616.12,880374.95,1994060.75,1994060.75,4460342.78,1036747.84,1994060.75,1994060.75,4460342.78,1145000.00,1072292.50,1169132.50,36321.66,40481.92,0.43,0.89,0.89,1.84,0.51,0.90,0.90,1.80,0.70,0.70,0.60,0.60,0.75,0.75,0.76,0.76,0.74,0.74,0.81,0.82,0.90,0.73,0.67,0.78,0.73,0.67,0.78,0.73,0.67,0.79
ESP,724,2002,11820,28102,0.42,2450,7027,7027,0.35,0.35,50,35,0,0,0,,,,,5497.52,12723.69,12723.69,27852.72,6474.02,12723.69,12723.69,27852.72,,14372.80,0.38,0.89,0.89,1.94,0.45,0.89,0.89,1.94,,11820,18961,13547,0.62,0.87,0,104,312,52,0,0,,,,,180.66,180.66,79.70,180.66,180.66,193.48,193.48,106.27,193.48,233.79,276.40,0.65,0.65,0.29,0.65,0.65,0.70,0.70,0.38,0.70,0.85,11820,18961,28102,0.62,0.42,3,52,260,26,0,0,,,,,165.84,202.52,87.23,202.52,435.37,165.84,202.52,87.23,202.52,435.37,276.40,0.60,0.73,0.32,0.73,1.58,0.60,0.73,0.32,0.73,1.58,11820,18961,0.62,0,52,0,0,0,0,,,,,207.30,207.30,93.17,207.30,445.66,207.30,207.30,93.17,207.30,445.66,276.40,0.75,0.75,0.34,0.75,1.61,0.75,0.75,0.34,0.75,1.61,10323.38,11788.90,10433.97,11657.07,10809.38,12067.57,11784.63,13119.81,12577.97,5497.52,12723.69,12723.69,27852.72,6474.02,12723.69,12723.69,27852.72,7186.40,6730.06,7312.06,226.63,252.30,0.43,0.91,0.91,1.84,0.51,0.91,0.91,1.80,0.65,0.70,0.60,0.60,0.75,0.75,0.71,0.77,0.73,0.75,0.81,0.82,0.91,0.71,0.67,0.78,0.68,0.67,0.78,0.74,0.67,0.78
ESP,724,2003,12230,28682,0.43,2485,7119,7119,0.35,0.35,50,35,0,0,0,,,,,5651.52,13335.43,13335.43,28632.66,6655.32,13335.43,13335.43,28632.66,,15017.60,0.38,0.89,0.89,1.91,0.44,0.89,0.89,1.91,,12230,19743,14210,0.62,0.86,0,104,312,52,0,0,,,,,180.66,180.66,79.70,180.66,180.66,202.16,202.16,106.27,202.16,233.79,288.80,0.63,0.63,0.28,0.63,0.63,0.70,0.70,0.37,0.70,0.81,12230,19743,28682,0.62,0.43,3,52,260,26,0,0,,,,,173.28,211.60,89.01,211.60,448.41,173.28,211.60,89.01,211.60,448.41,288.80,0.60,0.73,0.31,0.73,1.55,0.60,0.73,0.31,0.73,1.55,12230,19743,0.62,0,52,0,0,0,0,,,,,216.60,216.60,97.10,216.60,459.00,216.60,216.60,97.10,216.60,459.00,288.80,0.75,0.75,0.34,0.75,1.59,0.75,0.75,0.34,0.75,1.59,10799.00,12342.77,11056.98,12184.28,11436.92,12639.27,12440.63,13769.39,13256.63,5651.52,13335.43,13335.43,28632.66,6655.32,13335.43,13335.43,28632.66,7508.80,7031.99,7613.99,239.24,264.80,0.43,0.91,0.91,1.81,0.50,0.91,0.91,1.77,0.63,0.70,0.60,0.60,0.75,0.75,0.70,0.77,0.74,0.74,0.81,0.82,0.91,0.70,0.67,0.78,0.66,0.67,0.78,0.73,0.67,0.78
ESP,724,2004,12669,29237,0.43,2520,7154,7154,0.35,0.35,50,35,0,0,0,,,,,5849.34,14021.16,14021.16,29634.92,6888.28,14021.16,14021.16,29634.92,,15433.60,0.38,0.91,0.91,1.92,0.45,0.91,0.91,1.92,,12669,20376,14702,0.62,0.86,0,104,312,52,0,0,,,,,185.97,185.97,85.02,185.97,185.97,207.76,207.76,113.71,207.76,239.11,296.80,0.63,0.63,0.29,0.63,0.63,0.70,0.70,0.38,0.70,0.81,12669,20376,29237,0.62,0.43,3,52,260,26,0,0,,,,,178.08,217.46,96.82,217.46,461.85,178.08,217.46,96.82,217.46,461.85,296.80,0.60,0.73,0.33,0.73,1.56,0.60,0.73,0.33,0.73,1.56,12669,20376,0.62,0,52,0,0,0,0,,,,,222.60,222.60,101.20,222.60,472.76,222.60,222.60,101.20,222.60,472.76,296.80,0.75,0.75,0.34,0.75,1.59,0.75,0.75,0.34,0.75,1.59,11035.30,12622.03,11294.93,12475.00,11689.48,12929.29,12736.71,14100.53,13552.71,5849.34,14021.16,14021.16,29634.92,6888.28,14021.16,14021.16,29634.92,7716.80,7226.78,7808.78,244.94,271.16,0.43,0.93,0.93,1.82,0.51,0.93,0.93,1.78,0.63,0.70,0.60,0.60,0.75,0.75,0.69,0.77,0.74,0.74,0.81,0.81,0.93,0.70,0.67,0.78,0.66,0.67,0.78,0.73,0.67,0.78
ESP,724,2005,13089,29865,0.44,2567,7230,7230,0.36,0.36,50,35,0,0,0,,,,,6226.36,14801.68,14801.68,30642.64,7436.94,14801.68,14801.68,30642.64,,16120.00,0.39,0.92,0.92,1.90,0.46,0.92,0.92,1.90,,13089,21140,15676,0.62,0.83,0,104,312,52,0,0,,,,,189.73,189.73,86.73,189.73,189.73,217.00,217.00,116.00,217.00,243.93,310.00,0.61,0.61,0.28,0.61,0.61,0.70,0.70,0.37,0.70,0.79,13089,21140,29865,0.62,0.44,3,52,260,26,0,0,,,,,186.00,227.13,101.20,227.13,475.70,186.00,227.13,101.20,227.13,475.70,310.00,0.60,0.73,0.33,0.73,1.53,0.60,0.73,0.33,0.73,1.53,13089,21140,0.62,0,52,0,0,0,0,,,,,232.50,232.50,103.90,232.50,486.93,232.50,232.50,103.90,232.50,486.93,310.00,0.75,0.75,0.34,0.75,1.57,0.75,0.75,0.34,0.75,1.57,11343.43,13091.92,11699.00,12931.89,12138.65,13423.59,13232.45,14646.92,14048.45,6226.36,14801.68,14801.68,30642.64,7436.94,14801.68,14801.68,30642.64,8060.00,7548.19,8130.19,254.47,281.67,0.44,0.94,0.94,1.80,0.52,0.94,0.94,1.77,0.61,0.70,0.60,0.60,0.75,0.75,0.67,0.76,0.73,0.74,0.81,0.81,0.94,0.69,0.67,0.78,0.64,0.67,0.78,0.73,0.67,0.78
ESP,724,2006,13806,30306,0.46,2631,7362,7362,0.36,0.36,50,35,0,0,0,,,,,6576.22,15447.71,15447.71,31439.38,7966.98,15447.71,15447.71,31439.38,,16764.80,0.39,0.92,0.92,1.88,0.48,0.92,0.92,1.88,,13806,21780,16338,0.63,0.85,0,104,312,52,0,0,,,,,193.48,193.48,88.45,193.48,193.48,225.68,225.68,118.30,225.68,248.76,322.40,0.60,0.60,0.27,0.60,0.60,0.70,0.70,0.37,0.70,0.77,13806,21780,30306,0.63,0.46,3,52,260,26,0,0,,,,,193.44,236.22,106.70,236.22,489.95,193.44,236.22,106.70,236.22,489.95,322.40,0.60,0.73,0.33,0.73,1.52,0.60,0.73,0.33,0.73,1.52,13806,21780,0.63,0,52,0,0,0,0,,,,,241.80,241.80,109.25,241.80,501.52,241.80,241.80,109.25,241.80,501.52,322.40,0.75,0.75,0.34,0.75,1.56,0.75,0.75,0.34,0.75,1.56,11637.52,13542.99,12103.94,13376.56,12561.17,13887.93,13698.72,15160.20,14514.72,6576.22,15447.71,15447.71,31439.38,7966.98,15447.71,15447.71,31439.38,8382.40,7850.12,8432.12,263.44,291.54,0.45,0.94,0.94,1.78,0.54,0.95,0.95,1.76,0.60,0.70,0.60,0.60,0.75,0.75,0.65,0.76,0.73,0.73,0.81,0.81,0.95,0.68,0.67,0.78,0.62,0.66,0.78,0.73,0.67,0.78
ESP,724,2007,14451,30852,0.47,2686,7451,7451,0.36,0.36,50,35,0,0,0,,,,,7047.32,16301.98,16301.98,32728.50,8659.56,16301.98,16301.98,32728.50,,17388.80,0.41,0.94,0.94,1.88,0.50,0.94,0.94,1.88,,14451,22426,16910,0.64,0.85,0,104,312,52,0,0,,,,,201.60,201.60,92.16,201.60,201.60,234.08,234.08,123.26,234.08,259.20,334.40,0.60,0.60,0.28,0.60,0.60,0.70,0.70,0.37,0.70,0.78,14451,22426,30852,0.64,0.47,3,52,260,26,0,0,,,,,200.64,245.01,112.56,245.01,506.59,200.64,245.01,112.56,245.01,506.59,334.40,0.60,0.73,0.34,0.73,1.51,0.60,0.73,0.34,0.73,1.51,14451,22426,0.64,0,52,0,0,0,0,,,,,250.80,250.80,115.20,250.80,518.56,250.80,250.80,115.20,250.80,518.56,334.40,0.75,0.75,0.34,0.75,1.55,0.75,0.75,0.34,0.75,1.55,12091.08,14311.20,12558.16,14108.11,13032.41,14732.12,14212.30,15940.30,14212.30,7047.32,16301.98,16301.98,32728.50,8659.56,16301.98,16301.98,32728.50,8694.40,8142.31,8724.31,273.31,306.54,0.46,0.96,0.96,1.79,0.55,0.96,0.96,1.79,0.60,0.70,0.60,0.60,0.75,0.75,0.65,0.77,0.73,0.75,0.81,0.83,0.96,0.68,0.67,0.78,0.63,0.66,0.78,0.74,0.67,0.79
ESP,724,2008,14689,31480,0.47,2756,7577,7577,0.36,0.36,50,35,0,0,0,,,,,7428.82,16785.99,16785.99,33514.18,9258.76,16785.99,16785.99,33514.18,,18241.60,0.41,0.92,0.92,1.84,0.51,0.92,0.92,1.84,,14689,23066,16801,0.64,0.87,0,104,312,52,0,0,,,,,208.75,208.75,95.43,208.75,208.75,245.56,245.56,127.63,245.56,268.39,350.80,0.60,0.60,0.27,0.60,0.60,0.70,0.70,0.36,0.70,0.77,14689,23066,31480,0.64,0.47,3,52,260,26,0,0,,,,,210.48,257.03,118.36,257.03,519.78,210.48,257.03,118.36,257.03,519.78,350.80,0.60,0.73,0.34,0.73,1.48,0.60,0.73,0.34,0.73,1.48,14689,23066,0.64,0,52,0,0,0,0,,,,,263.10,263.10,121.15,263.10,532.06,263.10,263.10,121.15,263.10,532.06,350.80,0.75,0.75,0.35,0.75,1.52,0.75,0.75,0.35,0.75,1.52,12634.91,15013.06,13120.73,14800.02,13618.24,15364.48,14856.00,16602.24,14856.00,7428.82,16785.99,16785.99,33514.18,9258.76,16785.99,16785.99,33514.18,9120.80,8541.63,9123.63,285.69,319.27,0.49,0.94,0.94,1.75,0.58,0.94,0.94,1.75,0.60,0.70,0.60,0.60,0.75,0.75,0.65,0.79,0.73,0.76,0.80,0.83,0.94,0.68,0.67,0.78,0.62,0.66,0.78,0.74,0.68,0.79
ESP,724,2009,13670,31746,0.43,2844,7727,7727,0.37,0.37,50,35,0,0,0,,,,,7861.70,17166.34,17166.34,34184.50,9746.66,17166.34,17166.34,34184.50,,19115.20,0.41,0.90,0.90,1.79,0.51,0.90,0.90,1.79,,13670,23260,15815,0.59,0.86,0,104,312,52,0,0,,,,,212.92,212.92,97.34,212.92,212.92,257.32,257.32,130.19,257.32,273.76,367.60,0.58,0.58,0.26,0.58,0.58,0.70,0.70,0.35,0.70,0.74,13670,23260,31746,0.59,0.43,3,52,260,26,0,0,,,,,220.56,269.34,123.09,269.34,535.35,220.56,269.34,123.09,269.34,535.35,367.60,0.60,0.73,0.33,0.73,1.46,0.60,0.73,0.33,0.73,1.46,13670,23260,0.59,0,52,0,0,0,0,,,,,275.70,275.70,123.58,275.70,548.00,275.70,275.70,123.58,275.70,548.00,367.60,0.75,0.75,0.34,0.75,1.49,0.75,0.75,0.34,0.75,1.49,12983.42,15575.32,13659.40,15405.64,14180.73,15926.97,15477.77,17224.01,15477.77,7861.70,17166.34,17166.34,34184.50,9746.66,17166.34,17166.34,34184.50,9557.60,8950.69,9532.69,297.65,331.23,0.49,0.92,0.92,1.71,0.57,0.92,0.92,1.71,0.58,0.70,0.60,0.60,0.75,0.75,0.62,0.79,0.72,0.76,0.80,0.83,0.92,0.67,0.67,0.78,0.60,0.66,0.78,0.74,0.68,0.79
ESP,724,2010,13213,31742,0.42,2934,7893,7893,0.37,0.37,50,35,0,0,0,,,,,8335.60,17916.48,17916.48,34970.74,10284.40,17916.48,17916.48,34970.74,,19386.61,0.43,0.92,0.92,1.80,0.53,0.92,0.92,1.80,,13213,23365,15522,0.57,0.85,0,104,312,52,0,0,,,,,215.05,215.05,98.31,215.05,215.05,260.97,260.97,131.49,260.97,276.50,372.82,0.58,0.58,0.26,0.58,0.58,0.70,0.70,0.35,0.70,0.74,13213,23365,31742,0.57,0.42,3,52,260,26,0,0,,,,,223.69,273.16,124.93,273.16,540.73,223.69,273.16,124.93,273.16,540.73,372.82,0.60,0.73,0.34,0.73,1.45,0.60,0.73,0.34,0.73,1.45,13213,23365,0.57,0,52,0,0,0,0,,,,,279.61,279.61,126.05,279.61,553.50,279.61,279.61,126.05,279.61,553.50,372.82,0.75,0.75,0.34,0.75,1.48,0.75,0.75,0.34,0.75,1.48,13120.24,15856.03,13826.76,15682.06,14355.49,16216.60,15670.95,17546.49,15670.95,8335.60,17916.48,17916.48,34970.74,10284.40,17916.48,17916.48,34970.74,9693.31,9077.78,9659.78,301.36,337.43,0.51,0.95,0.95,1.72,0.59,0.95,0.95,1.72,0.58,0.70,0.60,0.60,0.75,0.75,0.61,0.79,0.72,0.76,0.80,0.83,0.95,0.67,0.67,0.78,0.59,0.66,0.78,0.74,0.68,0.79
ESP,724,2011,13036,31670,0.41,3028,8052,8052,0.38,0.38,50,35,0,0,0,,,,,8577.80,18553.75,18553.75,34970.74,10584.00,18553.75,18553.75,34970.74,,19910.05,0.43,0.93,0.93,1.76,0.53,0.93,0.93,1.76,,13036,23434,15325,0.56,0.85,0,104,312,52,0,0,,,,,215.05,215.05,98.31,215.05,215.05,268.02,268.02,131.49,268.02,276.50,382.89,0.56,0.56,0.26,0.56,0.56,0.70,0.70,0.34,0.70,0.72,13036,23434,31670,0.56,0.41,3,52,260,26,0,0,,,,,229.73,280.54,126.52,280.54,546.15,229.73,280.54,126.52,280.54,546.15,382.89,0.60,0.73,0.33,0.73,1.43,0.60,0.73,0.33,0.73,1.43,13036,23434,0.56,0,52,0,0,0,0,,,,,287.16,287.16,128.57,287.16,559.06,287.16,287.16,128.57,287.16,559.06,382.89,0.75,0.75,0.34,0.75,1.46,0.75,0.75,0.34,0.75,1.46,13312.83,16237.30,14149.52,16057.78,14692.53,16609.36,16043.50,17981.66,16043.50,8577.80,18553.75,18553.75,34970.74,10584.00,18553.75,18553.75,34970.74,9955.02,9322.88,9904.88,308.53,345.80,0.50,0.95,0.95,1.68,0.59,0.95,0.95,1.68,0.56,0.70,0.60,0.60,0.75,0.75,0.59,0.78,0.72,0.76,0.80,0.83,0.95,0.66,0.67,0.78,0.58,0.66,0.77,0.74,0.68,0.79
ESP,724,2012,12585,31613,0.40,3458,8180,8180,0.42,0.42,50,35,0,0,0,,,,,8664.60,19330.16,19330.16,35320.46,10690.40,19330.16,19330.16,35320.46,,20278.40,0.43,0.95,0.95,1.74,0.53,0.95,0.95,1.74,,12585,23443,14503,0.54,0.87,0,104,312,52,0,0,,,,,215.05,215.05,98.31,215.05,215.05,272.98,272.98,131.49,272.98,276.50,389.97,0.55,0.55,0.25,0.55,0.55,0.70,0.70,0.34,0.70,0.71,12585,23443,31613,0.54,0.40,3,52,260,26,0,0,,,,,233.98,285.73,126.52,285.73,551.63,233.98,285.73,126.52,285.73,551.63,389.97,0.60,0.73,0.32,0.73,1.41,0.60,0.73,0.32,0.73,1.41,12585,23443,0.54,0,52,0,0,0,0,,,,,292.48,292.48,129.50,292.48,564.66,292.48,292.48,129.50,292.48,564.66,389.97,0.75,0.75,0.33,0.75,1.45,0.75,0.75,0.33,0.75,1.45,13392.65,16459.26,14311.78,16278.19,14859.37,16834.52,16221.76,18218.64,16221.76,8664.60,19330.16,19330.16,35320.46,10690.40,19330.16,19330.16,35320.46,10139.20,9495.36,10077.36,311.96,350.36,0.50,0.97,0.97,1.65,0.58,0.97,0.97,1.65,0.55,0.70,0.60,0.60,0.75,0.75,0.58,0.78,0.72,0.76,0.80,0.83,0.97,0.65,0.67,0.78,0.57,0.66,0.77,0.74,0.68,0.79
ESP,724,2013,11848,31376,0.38,3657,8346,8346,0.44,0.44,50,35,0,0,0,,,,,8838.20,19308.59,19531.24,35673.68,10904.60,19308.59,19531.24,35673.68,,20569.20,0.43,0.94,0.95,1.73,0.53,0.94,0.95,1.73,,11848,23190,14010,0.51,0.85,0,104,312,52,0,0,,,,,215.05,215.05,98.31,215.05,215.05,276.50,276.50,131.49,276.50,276.50,395.56,0.54,0.54,0.25,0.54,0.54,0.70,0.70,0.33,0.70,0.70,11848,23190,31376,0.51,0.38,3,52,260,26,0,0,,,,,237.34,289.82,127.29,289.82,579.23,237.34,289.82,127.29,289.82,579.23,395.56,0.60,0.73,0.32,0.73,1.46,0.60,0.73,0.32,0.73,1.46,11848,23190,0.51,0,52,0,0,0,0,,,,,296.67,296.67,129.91,296.67,592.91,296.67,296.67,129.91,296.67,592.91,395.56,0.75,0.75,0.33,0.75,1.50,0.75,0.75,0.33,0.75,1.50,13498.59,16634.58,14489.32,16458.57,15044.77,17022.87,16426.69,18426.83,16426.69,8838.20,19308.59,19531.24,35673.68,10904.60,19308.59,19531.24,35673.68,10284.60,9631.53,10213.53,315.90,354.36,0.50,0.96,0.97,1.64,0.58,0.96,0.97,1.64,0.54,0.70,0.60,0.60,0.75,0.75,0.57,0.78,0.71,0.76,0.80,0.83,0.96,0.65,0.67,0.78,0.56,0.66,0.77,0.74,0.68,0.79
ESP,724,2014,11863,31005,0.38,3815,8510,8510,0.45,0.45,50,36,0,0,0,,,,,8860.60,19267.34,19489.52,35762.86,10932.60,19267.34,19489.52,35762.86,,20704.90,0.43,0.93,0.94,1.73,0.53,0.93,0.94,1.73,,11863,22954,14230,0.52,0.83,0,104,312,52,0,0,,,,,215.05,215.05,98.31,215.05,215.05,276.50,276.50,131.49,276.50,276.50,398.17,0.54,0.54,0.25,0.54,0.54,0.69,0.69,0.33,0.69,0.69,11863,22954,31005,0.52,0.38,3,52,260,26,0,0,,,,,238.90,291.74,127.29,291.74,608.19,238.90,291.74,127.29,291.74,608.19,398.17,0.60,0.73,0.32,0.73,1.53,0.60,0.73,0.32,0.73,1.53,11863,22954,0.52,0,52,0,0,0,0,,,,,298.63,298.63,130.33,298.63,622.56,298.63,298.63,130.33,298.63,622.56,398.17,0.75,0.75,0.33,0.75,1.56,0.75,0.75,0.33,0.75,1.56,13548.03,16684.80,14572.17,16542.74,15131.28,17110.77,16522.32,18523.99,16522.32,8860.60,19267.34,19489.52,35762.86,10932.60,19267.34,19489.52,35762.86,10352.45,9695.07,10277.07,317.74,356.23,0.50,0.95,0.96,1.63,0.58,0.95,0.96,1.63,0.54,0.69,0.60,0.60,0.75,0.75,0.56,0.78,0.71,0.76,0.80,0.83,0.95,0.64,0.67,0.78,0.55,0.66,0.77,0.74,0.68,0.79
ESP,724,2015,12352,30808,0.40,3900,8631,8631,0.45,0.45,50,36,0,0,0,,,,,8883.00,19360.28,19583.54,35852.32,10960.60,19360.28,19583.54,35852.32,,20763.06,0.43,0.93,0.94,1.73,0.53,0.93,0.94,1.73,,12352,22922,14711,0.54,0.84,0,104,312,52,0,0,,,,,215.05,215.05,98.31,215.05,215.05,276.50,276.50,131.49,276.50,276.50,399.29,0.54,0.54,0.25,0.54,0.54,0.69,0.69,0.33,0.69,0.69,12352,22922,30808,0.54,0.40,3,52,260,26,0,0,,,,,239.57,292.56,127.94,292.56,609.71,239.57,292.56,127.94,292.56,609.71,399.29,0.60,0.73,0.32,0.73,1.53,0.60,0.73,0.32,0.73,1.53,12352,22922,0.54,0,52,0,0,0,0,,,,,299.47,299.47,131.31,299.47,624.12,299.47,299.47,131.31,299.47,624.12,399.29,0.75,0.75,0.33,0.75,1.56,0.75,0.75,0.33,0.75,1.56,13871.39,16981.39,14913.30,16845.03,15475.84,17454.15,16875.43,18889.86,16875.43,8883.00,19360.28,19583.54,35852.32,10960.60,19360.28,19583.54,35852.32,10381.53,9722.30,10304.30,324.53,363.27,0.49,0.97,0.98,1.64,0.59,0.97,0.98,1.64,0.54,0.69,0.60,0.60,0.75,0.75,0.58,0.78,0.73,0.76,0.80,0.83,0.97,0.65,0.67,0.78,0.56,0.66,0.78,0.74,0.68,0.79
ESP,724,2016,12732,30721,0.41,3992,8753,8753,0.46,0.46,50,36,0,0,0,,,,,8905.40,19673.84,19900.71,35941.92,10988.60,19673.84,19900.71,35941.92,,20830.24,0.43,0.94,0.96,1.73,0.53,0.94,0.96,1.73,,12732,22822,15161,0.56,0.84,0,104,312,52,0,0,,,,,215.05,215.05,98.31,215.05,215.05,276.50,276.50,131.49,276.50,276.50,400.58,0.54,0.54,0.25,0.54,0.54,0.69,0.69,0.33,0.69,0.69,12732,22822,30721,0.56,0.41,3,52,260,26,0,0,,,,,240.35,293.50,129.25,293.50,615.80,240.35,293.50,129.25,293.50,615.80,400.58,0.60,0.73,0.32,0.73,1.54,0.60,0.73,0.32,0.73,1.54,12732,22822,0.56,0,52,0,0,0,0,,,,,300.44,300.44,132.30,300.44,630.35,300.44,300.44,132.30,300.44,630.35,400.58,0.75,0.75,0.33,0.75,1.57,0.75,0.75,0.33,0.75,1.57,13935.68,17005.43,15001.20,16886.39,15569.31,17500.84,16982.72,18946.68,16982.72,8905.40,19673.84,19900.71,35941.92,10988.60,19673.84,19900.71,35941.92,10415.12,9753.76,10335.76,326.59,364.36,0.49,0.98,0.99,1.65,0.59,0.98,0.99,1.65,0.54,0.69,0.60,0.60,0.75,0.75,0.58,0.77,0.73,0.76,0.80,0.83,0.98,0.65,0.67,0.78,0.56,0.66,0.78,0.73,0.68,0.79
ESP,724,2017,13282,30700,0.43,4089,8879,8879,0.46,0.46,50,36,0,0,0,,,,,8927.80,19926.29,20156.07,36031.80,11016.60,19926.29,20156.07,36031.80,,20964.58,0.43,0.95,0.96,1.72,0.53,0.95,0.96,1.72,,13282,22742,15636,0.58,0.85,0,104,312,52,0,0,,,,,217.20,217.20,99.29,217.20,217.20,279.26,279.26,132.81,279.26,279.26,403.17,0.54,0.54,0.25,0.54,0.54,0.69,0.69,0.33,0.69,0.69,13282,22742,30700,0.58,0.43,3,52,260,26,0,0,,,,,241.90,295.40,139.60,295.40,634.26,241.90,295.40,139.60,295.40,634.26,403.17,0.60,0.73,0.35,0.73,1.57,0.60,0.73,0.35,0.73,1.57,13282,22742,0.58,0,52,0,0,0,0,,,,,302.37,302.37,137.60,302.37,649.25,302.37,302.37,137.60,302.37,649.25,403.17,0.75,0.75,0.34,0.75,1.61,0.75,0.75,0.34,0.75,1.61,14035.64,17113.97,15104.51,16973.94,15682.30,17591.75,17119.80,19053.93,17119.80,8927.80,19926.29,20156.07,36031.80,11016.60,19926.29,20156.07,36031.80,10482.29,9816.66,10398.66,329.23,366.42,0.48,0.98,0.99,1.65,0.58,0.98,0.99,1.65,0.54,0.69,0.60,0.60,0.75,0.75,0.58,0.78,0.72,0.76,0.80,0.83,0.98,0.65,0.67,0.78,0.56,0.66,0.78,0.73,0.68,0.79
ESP,724,2018,13864,30720,0.45,4194,9016,9016,0.47,0.47,50,36,0,0,0,,,,,8950.20,20188.18,20420.98,36121.82,11044.60,20188.18,20420.98,36121.82,,21060.55,0.42,0.96,0.97,1.72,0.52,0.96,0.97,1.72,,13864,22807,16149,0.61,0.86,0,104,312,52,0,0,,,,,217.20,217.20,99.29,217.20,217.20,279.26,279.26,132.81,279.26,279.26,405.01,0.54,0.54,0.25,0.54,0.54,0.69,0.69,0.33,0.69,0.69,13864,22807,30720,0.61,0.45,3,52,260,26,0,0,,,,,243.01,296.75,145.17,296.75,634.26,243.01,296.75,145.17,296.75,634.26,405.01,0.60,0.73,0.36,0.73,1.57,0.60,0.73,0.36,0.73,1.57,13864,22807,0.61,0,52,0,0,0,0,,,,,303.76,303.76,142.89,303.76,649.25,303.76,303.76,142.89,303.76,649.25,405.01,0.75,0.75,0.35,0.75,1.60,0.75,0.75,0.35,0.75,1.60,14453.20,17152.13,15164.31,17037.88,15744.74,17658.52,17188.49,19123.99,17188.49,8950.20,20188.18,20420.98,36121.82,11044.60,20188.18,20420.98,36121.82,10530.27,9861.60,10443.60,330.55,367.77,0.48,0.99,1.00,1.65,0.58,0.99,1.00,1.65,0.54,0.69,0.60,0.60,0.75,0.75,0.63,0.77,0.72,0.76,0.80,0.83,0.99,0.66,0.67,0.78,0.58,0.66,0.78,0.73,0.68,0.79
ESP,724,2019,14370,30901,0.47,4302,9177,9177,0.47,0.47,50,37,0,0,0,,,,,9483.60,20400.49,20635.74,37231.74,11701.20,20400.49,20635.74,37231.74,,21409.21,0.44,0.95,0.96,1.74,0.55,0.95,0.96,1.74,,14370,23027,16572,0.62,0.87,0,104,312,52,0,0,,,,,217.20,217.20,99.29,217.20,217.20,279.26,279.26,132.81,279.26,279.26,411.72,0.53,0.53,0.24,0.53,0.53,0.68,0.68,0.32,0.68,0.68,14370,23027,30901,0.62,0.47,3,52,260,26,0,0,,,,,247.03,301.66,177.54,301.66,688.18,247.03,301.66,177.54,301.66,688.18,411.72,0.60,0.73,0.43,0.73,1.67,0.60,0.73,0.43,0.73,1.67,14370,23027,0.62,0,52,0,0,0,0,,,,,308.79,308.79,147.18,308.79,704.44,308.79,308.79,147.18,308.79,704.44,411.72,0.75,0.75,0.36,0.75,1.71,0.75,0.75,0.36,0.75,1.71,14541.82,17290.74,15381.56,17270.18,15971.60,17888.99,17432.40,19379.10,17432.40,9483.60,20400.49,20635.74,37231.74,11701.20,20400.49,20635.74,37231.74,10704.60,10024.86,10706.86,335.24,372.68,0.50,0.99,1.00,1.66,0.60,0.99,1.00,1.66,0.53,0.68,0.60,0.60,0.75,0.75,0.61,0.76,0.72,0.76,0.80,0.83,0.99,0.64,0.67,0.78,0.57,0.66,0.78,0.72,0.68,0.79
ESP,724,2020,14813,31188,0.47,4367,9303,9303,0.47,0.47,50,37,0,0,0,,,,,9569.00,20131.13,20600.83,37566.76,11807.60,20131.13,20600.83,37566.76,,22106.54,0.43,0.91,0.93,1.70,0.53,0.91,0.93,1.70,,14813,22733,15987,0.65,0.93,0,104,312,52,0,0,,,,,217.20,217.20,99.29,217.20,217.20,279.26,279.26,132.81,279.26,279.26,425.13,0.51,0.51,0.23,0.51,0.51,0.66,0.66,0.31,0.66,0.66,14813,22733,31188,0.65,0.47,3,52,260,26,0,0,,,,,255.08,311.49,187.40,311.49,688.18,255.08,311.49,187.40,311.49,688.18,425.13,0.60,0.73,0.44,0.73,1.62,0.60,0.73,0.44,0.73,1.62,14813,22733,0.65,0,52,0,0,0,0,,,,,318.84,318.84,151.59,318.84,704.44,318.84,318.84,151.59,318.84,704.44,425.13,0.75,0.75,0.36,0.75,1.66,0.75,0.75,0.36,0.75,1.66,14722.54,17570.16,15850.57,17733.96,16459.83,18352.10,17954.72,19892.10,17954.72,9569.00,20131.13,20600.83,37566.76,11807.60,20131.13,20600.83,37566.76,11053.27,10351.39,11033.39,345.28,382.54,0.49,0.95,0.97,1.63,0.59,0.95,0.97,1.63,0.51,0.66,0.60,0.60,0.75,0.75,0.57,0.74,0.72,0.76,0.80,0.83,0.95,0.62,0.67,0.78,0.54,0.66,0.78,0.70,0.68,0.79
ESP,724,2021,14373,31268,0.46,4448,9371,9371,0.47,0.47,50,37,0,0,0,,,,,9655.80,21409.53,21909.05,37904.86,11914.00,21409.53,21909.05,37904.86,,22548.67,0.43,0.95,0.97,1.68,0.53,0.95,0.97,1.68,,14373,23448,16515,0.61,0.87,0,104,312,52,0,0,,,,,228.13,228.13,104.29,228.13,228.13,293.31,293.31,139.49,293.31,293.31,433.63,0.53,0.53,0.24,0.53,0.53,0.68,0.68,0.32,0.68,0.68,14373,23448,31268,0.61,0.46,3,52,260,26,0,0,,,,,260.18,317.72,187.40,317.72,688.18,260.18,317.72,187.40,317.72,688.18,433.63,0.60,0.73,0.43,0.73,1.59,0.60,0.73,0.43,0.73,1.59,14373,23448,0.61,0,52,0,0,0,0,,,,,325.22,325.22,156.14,325.22,704.44,325.22,325.22,156.14,325.22,704.44,433.63,0.75,0.75,0.36,0.75,1.62,0.75,0.75,0.36,0.75,1.62,14927.99,18018.08,16126.06,18013.47,16747.51,18643.98,18264.02,20215.60,18264.02,9655.80,21409.53,21909.05,37904.86,11914.00,21409.53,21909.05,37904.86,11274.33,10558.41,11240.41,351.23,388.76,0.49,0.98,1.00,1.61,0.59,0.98,1.00,1.61,0.53,0.68,0.60,0.60,0.75,0.75,0.57,0.76,0.72,0.75,0.80,0.82,0.98,0.63,0.67,0.78,0.55,0.66,0.78,0.72,0.68,0.79
ESP,724,2022,15191,31278,0.49,4546,9527,9527,0.48,0.48,50,38,0,0,0,,,,,10103.80,22614.21,23141.84,39468.52,12467.00,22614.21,23141.84,39468.52,,22999.64,0.44,0.98,1.01,1.72,0.54,0.98,1.01,1.72,,15191,23526,17207,0.65,0.88,0,104,312,52,0,0,,,,,233.84,233.84,106.90,233.84,233.84,300.65,300.65,142.97,300.65,300.65,442.30,0.53,0.53,0.24,0.53,0.53,0.68,0.68,0.32,0.68,0.68,15191,23526,31278,0.65,0.49,3,52,260,26,0,0,,,,,265.38,324.07,197.27,324.07,699.90,265.38,324.07,197.27,324.07,699.90,442.30,0.60,0.73,0.45,0.73,1.58,0.60,0.73,0.45,0.73,1.58,15191,23526,0.65,0,52,0,0,0,0,,,,,331.73,331.73,160.83,331.73,716.43,331.73,331.73,160.83,331.73,716.43,442.30,0.75,0.75,0.36,0.75,1.62,0.75,0.75,0.36,0.75,1.62,15148.32,18332.01,16407.06,18298.57,17040.94,18941.69,18579.51,20545.57,18579.51,10103.80,22614.21,23141.84,39468.52,12467.00,22614.21,23141.84,39468.52,11499.82,10769.58,11451.58,357.30,395.11,0.50,1.01,1.03,1.64,0.60,1.01,1.03,1.64,0.53,0.68,0.60,0.60,0.75,0.75,0.56,0.76,0.72,0.75,0.80,0.82,1.01,0.63,0.67,0.78,0.54,0.66,0.78,0.72,0.68,0.79
ESP,724,2023,15716,31860,0.49,4666,9688,9688,0.48,0.48,50,38,0,0,0,,,,,10963.40,23209.86,24031.75,42823.24,13526.80,23209.86,24031.75,42823.24,,23459.63,0.47,0.99,1.02,1.83,0.58,0.99,1.02,1.83,,15716,24121,17780,0.65,0.88,0,104,312,52,0,0,,,,,242.31,242.31,110.77,242.31,242.31,311.54,311.54,148.15,311.54,311.54,451.15,0.54,0.54,0.25,0.54,0.54,0.69,0.69,0.33,0.69,0.69,15716,24121,31860,0.65,0.49,3,52,260,26,0,0,,,,,270.69,330.55,197.27,330.55,760.11,270.69,330.55,197.27,330.55,760.11,451.15,0.60,0.73,0.44,0.73,1.68,0.60,0.73,0.44,0.73,1.68,15716,24121,0.65,0,52,0,0,0,0,,,,,338.36,338.36,165.65,338.36,778.07,338.36,338.36,165.65,338.36,778.07,451.15,0.75,0.75,0.37,0.75,1.72,0.75,0.75,0.37,0.75,1.72,16129.00,18866.09,16936.62,18766.95,17405.15,19257.60,18982.22,20891.90,18982.22,10963.40,23209.86,24031.75,42823.24,13526.80,23209.86,24031.75,42823.24,11729.82,9254.57,12905.82,365.04,401.77,0.54,1.04,1.07,1.77,0.65,1.04,1.07,1.77,0.54,0.69,0.60,0.60,0.75,0.75,0.69,0.82,0.79,0.80,0.85,0.86,1.04,0.68,0.70,0.80,0.61,0.69,0.80,0.75,0.70,0.80
SWE,752,2000,5721,5721,1.00,1604,1531,1531,1.05,1.00,40,30,0,0,1,,,,,55961.40,128270.46,171421.86,177876.00,99112.80,171421.86,171421.86,221027.40,,233467.50,0.24,0.55,0.73,0.76,0.42,0.73,0.73,0.95,,4334,4418,4159,0.98,1.04,5,60,52,26,0,0,,,,,2900.00,2900.00,1200.00,2900.00,2900.00,2900.00,2900.00,1200.00,2900.00,2900.00,4489.76,0.65,0.65,0.27,0.65,0.65,0.65,0.65,0.27,0.65,0.65,4418,4418,5721,1.00,0.77,1,1820,0,0,0,0,,,,,3631.72,3651.67,133.00,3651.67,4214.00,3631.72,3651.67,133.00,3651.67,4214.00,4489.76,0.81,0.81,0.03,0.81,0.94,0.81,0.81,0.03,0.81,0.94,4418,4418,1.00,1,1820,0,0,0,0,,,,,3631.72,3651.67,133.00,3651.67,3651.67,3631.72,3651.67,133.00,3651.67,3651.67,4489.76,0.81,0.81,0.03,0.81,0.81,0.81,0.81,0.03,0.81,0.81,129600.75,150000.75,142085.20,162485.20,142085.20,162485.20,156440.50,176840.50,156440.50,55961.40,128270.46,171421.86,177876.00,99112.80,171421.86,171421.86,221027.40,116733.75,82100.75,102500.75,3008.47,3400.78,0.26,0.60,0.79,0.81,0.57,0.88,0.88,1.10,0.65,0.65,0.81,0.81,0.81,0.81,0.64,0.64,0.81,0.81,0.81,0.81,0.74,0.64,0.81,0.81,0.64,0.81,0.81,0.64,0.81,0.81
SWE,752,2001,5757,5757,1.00,1593,1532,1532,1.04,1.00,40,30,0,0,1,,,,,56420.10,130966.02,174471.12,179334.00,99925.20,174471.12,174471.12,222839.10,,239131.12,0.24,0.55,0.73,0.75,0.42,0.73,0.73,0.93,,4368,4538,4318,0.96,1.01,5,60,52,26,0,0,,,,,3400.00,3284.62,1350.00,3284.62,3284.62,3400.00,3284.62,1350.00,3284.62,3284.62,4598.68,0.74,0.71,0.29,0.71,0.71,0.74,0.71,0.29,0.71,0.71,4538,4538,5757,1.00,0.79,1,1820,0,0,0,0,,,,,3719.82,3740.26,140.00,3740.26,4214.00,3719.82,3740.26,140.00,3740.26,4214.00,4598.68,0.81,0.81,0.03,0.81,0.92,0.81,0.81,0.03,0.81,0.92,4538,4538,1.00,1,1820,0,0,0,0,,,,,3719.82,3740.26,140.00,3740.26,3740.26,3719.82,3740.26,140.00,3740.26,3740.26,4598.68,0.81,0.81,0.03,0.81,0.81,0.81,0.81,0.03,0.81,0.81,140261.56,160661.56,148136.22,168536.22,148136.22,168536.22,163091.12,183491.12,163091.12,56420.10,130966.02,174471.12,179334.00,99925.20,174471.12,174471.12,222839.10,119565.56,85643.56,106043.56,3136.37,3528.68,0.26,0.59,0.77,0.79,0.55,0.86,0.86,1.06,0.74,0.74,0.81,0.81,0.81,0.81,0.71,0.71,0.81,0.81,0.81,0.81,0.72,0.72,0.81,0.81,0.72,0.81,0.81,0.72,0.81,0.81
SWE,752,2002,5795,5795,1.00,1591,1534,1534,1.04,1.00,40,30,0,0,1,,,,,57949.10,136088.31,180772.41,184194.00,102633.20,180772.41,180772.41,228878.10,,247507.00,0.23,0.55,0.73,0.74,0.41,0.73,0.73,0.92,,4382,4555,4324,0.96,1.01,5,60,52,26,0,0,,,,,3650.00,3592.31,1600.00,3592.31,3592.31,3650.00,3592.31,1600.00,3592.31,3592.31,4759.75,0.77,0.75,0.34,0.75,0.75,0.77,0.75,0.34,0.75,0.75,4555,4555,5795,1.00,0.79,1,1820,0,0,0,0,,,,,3850.11,3871.26,140.00,3871.26,4361.00,3850.11,3871.26,140.00,3871.26,4361.00,4759.75,0.81,0.81,0.03,0.81,0.92,0.81,0.81,0.03,0.81,0.92,4555,4555,1.00,1,1820,0,0,0,0,,,,,3850.11,3871.26,140.00,3871.26,3871.26,3850.11,3871.26,140.00,3871.26,3871.26,4759.75,0.81,0.81,0.03,0.81,0.81,0.81,0.81,0.03,0.81,0.81,151442.50,174242.50,156328.35,179128.35,156328.35,179128.35,172101.00,194901.00,172101.00,57949.10,136088.31,180772.41,184194.00,102633.20,180772.41,180772.41,228878.10,123753.50,90376.50,113176.50,3309.63,3748.10,0.25,0.58,0.75,0.77,0.54,0.85,0.85,1.03,0.77,0.77,0.81,0.81,0.81,0.81,0.75,0.75,0.81,0.81,0.81,0.81,0.71,0.76,0.81,0.81,0.76,0.81,0.81,0.76,0.81,0.81
SWE,752,2003,5835,5835,1.00,1626,1541,1541,1.05,1.00,50,50,0,0,1,,,,,82218.00,133409.91,136663.83,185867.01,146680.00,201345.91,204599.83,253803.01,,254626.49,0.32,0.52,0.54,0.73,0.58,0.79,0.80,1.00,,4404,4574,4314,0.96,1.02,5,60,52,26,0,0,,,,,3650.00,3592.31,1600.00,3592.31,3592.31,3650.00,3592.31,1600.00,3592.31,3592.31,4896.66,0.75,0.73,0.33,0.73,0.73,0.75,0.73,0.33,0.73,0.73,4574,4574,5835,1.00,0.78,1,1820,0,0,0,0,,,,,3842.03,3863.14,140.00,3863.14,4312.00,3842.03,3863.14,140.00,3863.14,4312.00,4896.66,0.78,0.79,0.03,0.79,0.88,0.78,0.79,0.03,0.79,0.88,4574,4574,1.00,1,1820,0,0,0,0,,,,,3842.03,3863.14,140.00,3863.14,3863.14,3842.03,3863.14,140.00,3863.14,3863.14,4896.66,0.78,0.79,0.03,0.79,0.79,0.78,0.79,0.03,0.79,0.79,153962.24,176762.24,158534.91,181334.91,158534.91,181334.91,175835.49,198635.49,175835.49,82218.00,133409.91,136663.83,185867.01,146680.00,201345.91,204599.83,253803.01,127313.24,93675.24,116475.24,3381.45,3819.91,0.36,0.56,0.58,0.76,0.54,0.54,0.54,0.54,0.75,0.75,0.78,0.78,0.78,0.78,0.73,0.73,0.79,0.79,0.79,0.79,0.55,0.74,0.79,0.79,0.74,0.79,0.79,0.74,0.79,0.79
SWE,752,2004,5873,5873,1.00,1650,1554,1554,1.06,1.00,50,50,0,0,1,,,,,83709.00,135331.63,139496.96,189371.21,149340.00,204843.51,209008.83,258883.09,,261536.58,0.32,0.52,0.53,0.72,0.57,0.78,0.80,0.99,,4420,4590,4290,0.96,1.03,5,60,52,26,0,0,,,,,3650.00,3592.31,1600.00,3592.31,3592.31,3650.00,3592.31,1600.00,3592.31,3592.31,5029.55,0.73,0.71,0.32,0.71,0.71,0.73,0.71,0.32,0.71,0.71,4590,4590,5873,1.00,0.78,1,1820,0,0,0,0,,,,,3946.30,3967.98,140.00,3967.98,4389.00,3946.30,3967.98,140.00,3967.98,4389.00,5029.55,0.78,0.79,0.03,0.79,0.87,0.78,0.79,0.03,0.79,0.87,4590,4590,1.00,1,1820,0,0,0,0,,,,,3946.30,3967.98,140.00,3967.98,3967.98,3946.30,3967.98,140.00,3967.98,3967.98,5029.55,0.78,0.79,0.03,0.79,0.79,0.78,0.79,0.03,0.79,0.79,155720.29,178520.29,162015.75,184815.75,162015.75,184815.75,179695.58,202495.58,179695.58,83709.00,135331.63,139496.96,189371.21,149340.00,204843.51,209008.83,258883.09,130768.29,95845.29,118645.29,3455.68,3894.15,0.36,0.56,0.57,0.76,0.54,0.54,0.54,0.54,0.73,0.73,0.78,0.78,0.78,0.78,0.71,0.71,0.79,0.79,0.79,0.79,0.55,0.72,0.79,0.79,0.72,0.79,0.79,0.72,0.79,0.79
SWE,752,2005,5922,5922,1.00,1684,1565,1565,1.08,1.00,50,50,0,0,1,,,,,83922.00,135641.19,140726.33,190108.55,149720.00,205674.69,210759.83,260142.05,,269284.26,0.31,0.50,0.52,0.71,0.56,0.76,0.78,0.97,,4454,4687,4336,0.95,1.03,5,60,52,26,0,0,,,,,3650.00,3592.31,1600.00,3592.31,3592.31,3650.00,3592.31,1600.00,3592.31,3592.31,5178.54,0.70,0.69,0.31,0.69,0.69,0.70,0.69,0.31,0.69,0.69,4687,4687,5922,1.00,0.79,1,1820,0,0,0,0,,,,,4188.87,4188.87,147.09,4188.87,4546.15,4188.87,4188.87,147.09,4188.87,4546.15,5178.54,0.81,0.81,0.03,0.81,0.88,0.81,0.81,0.03,0.81,0.88,4687,4687,1.00,1,1820,0,0,0,0,,,,,4188.87,4188.87,147.09,4188.87,4188.87,4188.87,4188.87,147.09,4188.87,4188.87,5178.54,0.81,0.81,0.03,0.81,0.81,0.81,0.81,0.03,0.81,0.81,160409.13,183209.13,170379.65,193179.65,170379.65,193179.65,187031.26,209831.26,187031.26,83922.00,135641.19,140726.33,190108.55,149720.00,205674.69,210759.83,260142.05,134642.13,100010.13,122810.13,3596.76,4035.22,0.35,0.54,0.56,0.73,0.53,0.53,0.53,0.53,0.70,0.70,0.81,0.81,0.81,0.81,0.69,0.69,0.81,0.81,0.81,0.81,0.53,0.70,0.81,0.81,0.70,0.81,0.81,0.70,0.81,0.81
SWE,752,2006,5982,5982,1.00,1717,1581,1581,1.09,1.00,50,50,0,0,1,,,,,84561.00,136780.83,142856.86,192217.30,150860.00,207694.95,213770.99,263131.43,,277438.05,0.30,0.49,0.51,0.69,0.54,0.75,0.77,0.95,,4484,4766,4429,0.94,1.01,5,60,52,26,0,0,,,,,3650.00,3592.31,1600.00,3592.31,3592.31,3650.00,3592.31,1600.00,3592.31,3592.31,5335.35,0.68,0.67,0.30,0.67,0.67,0.68,0.67,0.30,0.67,0.67,4766,4766,5982,1.00,0.80,1,1820,0,0,0,0,,,,,4186.23,4186.23,143.77,4186.23,4443.35,4186.23,4186.23,143.77,4186.23,4443.35,5335.35,0.78,0.78,0.03,0.78,0.83,0.78,0.78,0.03,0.78,0.83,4766,4766,1.00,1,1820,0,0,0,0,,,,,4186.23,4186.23,143.77,4186.23,4186.23,4186.23,4186.23,143.77,4186.23,4186.23,5335.35,0.78,0.78,0.03,0.78,0.78,0.78,0.78,0.03,0.78,0.78,165032.22,191432.22,175102.25,201502.25,175102.25,201502.25,194582.85,220982.85,194582.85,84561.00,136780.83,142856.86,192217.30,150860.00,207694.95,213770.99,263131.43,138719.02,104085.42,130485.42,3741.98,4249.67,0.34,0.53,0.55,0.71,0.51,0.51,0.51,0.51,0.68,0.68,0.78,0.78,0.78,0.78,0.67,0.67,0.78,0.78,0.78,0.78,0.52,0.68,0.78,0.78,0.68,0.78,0.78,0.68,0.78,0.78
SWE,752,2007,6033,6033,1.00,1760,1608,1608,1.09,1.00,50,50,0,0,1,,,,,85839.00,140760.02,148213.05,198358.54,153140.00,213098.52,220551.55,270697.04,,287682.56,0.30,0.49,0.52,0.69,0.53,0.74,0.77,0.94,,4538,4839,4541,0.94,1.00,5,60,52,26,0,0,,,,,3400.00,3400.00,1600.00,3400.00,3400.00,3400.00,3400.00,1600.00,3400.00,3400.00,5532.36,0.61,0.61,0.29,0.61,0.61,0.61,0.61,0.29,0.61,0.61,4839,4839,6033,1.00,0.80,1,1820,0,0,0,0,,,,,4340.81,4340.81,145.94,4340.81,4510.50,4340.81,4340.81,145.94,4340.81,4510.50,5532.36,0.78,0.78,0.03,0.78,0.82,0.78,0.78,0.03,0.78,0.82,4839,4839,1.00,1,1820,0,0,0,0,,,,,4340.81,4340.81,145.94,4340.81,4340.81,4340.81,4340.81,145.94,4340.81,4340.81,5532.36,0.78,0.78,0.03,0.78,0.78,0.78,0.78,0.03,0.78,0.78,173933.38,200333.38,190664.94,217064.94,190664.94,217064.94,211896.71,238296.71,211896.71,85839.00,140760.02,148213.05,198358.54,153140.00,213098.52,220551.55,270697.04,143841.28,113423.98,139823.98,4074.94,4582.63,0.34,0.53,0.55,0.71,0.51,0.51,0.51,0.51,0.61,0.61,0.78,0.78,0.78,0.78,0.61,0.61,0.78,0.78,0.78,0.78,0.52,0.61,0.78,0.78,0.61,0.78,0.78,0.61,0.78,0.78
SWE,752,2008,6069,6069,1.00,1806,1645,1645,1.10,1.00,50,50,0,0,1,,,,,87330.00,143889.91,152556.66,204226.48,155800.00,217843.66,226510.41,278180.23,,298763.36,0.29,0.48,0.51,0.68,0.52,0.73,0.76,0.93,,4578,4898,4593,0.93,1.00,7,60,52,26,0,0,,,,,3400.00,3400.00,1600.00,3400.00,3400.00,3400.00,3400.00,1600.00,3400.00,3400.00,5745.45,0.59,0.59,0.28,0.59,0.59,0.59,0.59,0.28,0.59,0.59,4898,4898,6069,1.00,0.81,1,52,0,0,0,0,,,,,4508.01,4508.01,148.47,4508.01,4588.85,4508.01,4508.01,148.47,4508.01,4588.85,5745.45,0.78,0.78,0.03,0.78,0.80,0.78,0.78,0.03,0.78,0.80,4898,4898,1.00,1,1820,0,0,0,0,,,,,4508.01,4508.01,148.47,4508.01,4508.01,4508.01,4508.01,148.47,4508.01,4508.01,5745.45,0.78,0.78,0.03,0.78,0.78,0.78,0.78,0.03,0.78,0.78,180753.44,207153.44,200806.15,227206.15,200806.15,227206.15,223065.88,249465.88,223065.88,87330.00,143889.91,152556.66,204226.48,155800.00,217843.66,226510.41,278180.23,149381.68,119229.12,145629.12,4289.73,4797.42,0.34,0.52,0.54,0.71,0.51,0.51,0.51,0.51,0.59,0.59,0.78,0.78,0.78,0.78,0.59,0.59,0.79,0.79,0.79,0.79,0.51,0.59,0.79,0.79,0.59,0.79,0.79,0.59,0.79,0.79
SWE,752,2009,6100,6100,1.00,1855,1691,1691,1.10,1.00,50,50,0,0,1,,,,,91164.00,147689.74,157450.07,214840.09,162640.00,225264.74,235025.07,292415.09,,304514.89,0.30,0.49,0.52,0.71,0.53,0.74,0.77,0.96,,4595,4909,4499,0.94,1.02,7,60,52,26,0,0,,,,,3400.00,3400.00,1600.00,3400.00,3400.00,3400.00,3400.00,1600.00,3400.00,3400.00,5856.06,0.58,0.58,0.27,0.58,0.58,0.58,0.58,0.27,0.58,0.58,4909,4909,6100,1.00,0.80,1,52,0,0,0,0,,,,,4594.79,4594.79,154.99,4594.79,4790.31,4594.79,4594.79,154.99,4594.79,4790.31,5856.06,0.78,0.78,0.03,0.78,0.82,0.78,0.78,0.03,0.78,0.82,4909,4909,1.00,1,1820,0,0,0,0,,,,,4594.79,4594.79,154.99,4594.79,4594.79,4594.79,4594.79,154.99,4594.79,4594.79,5856.06,0.78,0.78,0.03,0.78,0.78,0.78,0.78,0.03,0.78,0.78,185751.29,212151.29,207650.50,234050.50,207650.50,234050.50,230687.17,257087.17,230687.17,91164.00,147689.74,157450.07,214840.09,162640.00,225264.74,235025.07,292415.09,152257.45,123403.73,149803.73,4436.29,4943.98,0.35,0.52,0.55,0.73,0.51,0.51,0.51,0.51,0.58,0.58,0.78,0.78,0.78,0.78,0.58,0.58,0.79,0.79,0.79,0.79,0.52,0.58,0.78,0.78,0.58,0.78,0.78,0.58,0.78,0.78
SWE,752,2010,6113,6113,1.00,1908,1737,1737,1.10,1.00,50,50,0,0,1,,,,,90312.00,147357.90,158281.70,213930.22,161120.00,224578.90,235502.70,291151.22,,313136.26,0.29,0.47,0.51,0.68,0.51,0.72,0.75,0.93,,4628,4950,4524,0.93,1.02,7,60,52,26,0,0,,,,,3400.00,3400.00,1600.00,3400.00,3400.00,3400.00,3400.00,1600.00,3400.00,3400.00,6021.85,0.56,0.56,0.27,0.56,0.56,0.56,0.56,0.27,0.56,0.56,4950,4950,6113,1.00,0.81,1,52,0,0,0,0,,,,,4724.88,4724.88,153.54,4724.88,4745.54,4724.88,4724.88,153.54,4724.88,4745.54,6021.85,0.78,0.78,0.03,0.78,0.79,0.78,0.78,0.03,0.78,0.79,4950,4950,1.00,1,1820,0,0,0,0,,,,,4724.88,4724.88,153.54,4724.88,4724.88,4724.88,4724.88,153.54,4724.88,4724.88,6021.85,0.78,0.78,0.03,0.78,0.78,0.78,0.78,0.03,0.78,0.78,191112.53,218112.53,215705.56,242705.56,215705.56,242705.56,239317.66,266317.66,239317.66,90312.00,147357.90,158281.70,213930.22,161120.00,224578.90,235502.70,291151.22,156568.13,127960.85,154960.85,4602.26,5121.49,0.35,0.52,0.55,0.73,0.51,0.52,0.53,0.53,0.56,0.56,0.78,0.78,0.78,0.78,0.57,0.57,0.79,0.79,0.79,0.79,0.52,0.57,0.79,0.79,0.57,0.79,0.79,0.57,0.79,0.79
SWE,752,2011,6114,6114,1.00,1958,1785,1785,1.10,1.00,50,50,0,0,1,,,,,91164.00,148874.38,161065.62,217413.95,162640.00,227198.38,239389.62,295737.95,,321678.24,0.28,0.46,0.50,0.68,0.51,0.71,0.74,0.92,,4694,5017,4626,0.94,1.01,7,60,52,26,0,0,,,,,3400.00,3400.00,1600.00,3400.00,3400.00,3400.00,3400.00,1600.00,3400.00,3400.00,6186.12,0.55,0.55,0.26,0.55,0.55,0.55,0.55,0.26,0.55,0.55,5017,5017,6114,1.00,0.82,1,52,0,0,0,0,,,,,4790.31,4790.31,154.99,4790.31,4790.31,4790.31,4790.31,154.99,4790.31,4790.31,6186.12,0.77,0.77,0.03,0.77,0.77,0.77,0.77,0.03,0.77,0.77,5017,5017,1.00,1,1820,0,0,0,0,,,,,4790.31,4790.31,154.99,4790.31,4790.31,4790.31,4790.31,154.99,4790.31,4790.31,6186.12,0.77,0.77,0.03,0.77,0.77,0.77,0.77,0.03,0.77,0.77,194324.22,221324.22,220164.87,247164.87,220164.87,247164.87,245437.54,272437.54,245437.54,91164.00,148874.38,161065.62,217413.95,162640.00,227198.38,239389.62,295737.95,160839.12,131164.82,158164.82,4719.95,5239.18,0.35,0.52,0.56,0.73,0.52,0.52,0.52,0.52,0.55,0.55,0.77,0.77,0.77,0.77,0.55,0.55,0.78,0.78,0.78,0.78,0.52,0.55,0.78,0.78,0.55,0.78,0.78,0.55,0.78,0.78
SWE,752,2012,6116,6116,1.00,2005,1828,1828,1.10,1.00,50,50,0,0,1,,,,,93720.00,152157.66,165787.56,226545.97,167200.00,233062.66,246692.56,307450.97,,333345.32,0.28,0.46,0.50,0.68,0.50,0.70,0.74,0.92,,4730,5061,4657,0.93,1.02,7,60,52,26,0,0,,,,,3400.00,3400.00,1600.00,3400.00,3400.00,3400.00,3400.00,1600.00,3400.00,3400.00,6410.49,0.53,0.53,0.25,0.53,0.53,0.53,0.53,0.25,0.53,0.53,5061,5061,6116,1.00,0.83,1,52,0,0,0,0,,,,,4924.62,4924.62,159.34,4924.62,4924.62,4924.62,4924.62,159.34,4924.62,4924.62,6410.49,0.77,0.77,0.02,0.77,0.77,0.77,0.77,0.02,0.77,0.77,5061,5061,1.00,1,1820,0,0,0,0,,,,,4924.62,4924.62,159.34,4924.62,4924.62,4924.62,4924.62,159.34,4924.62,4924.62,6410.49,0.77,0.77,0.02,0.77,0.77,0.77,0.77,0.02,0.77,0.77,198868.26,225868.26,227154.06,254154.06,227154.06,254154.06,253994.32,280994.32,253994.32,93720.00,152157.66,165787.56,226545.97,167200.00,233062.66,246692.56,307450.97,166672.66,135749.06,162749.06,4884.51,5403.74,0.35,0.52,0.56,0.74,0.52,0.52,0.52,0.52,0.53,0.53,0.77,0.77,0.77,0.77,0.53,0.53,0.77,0.77,0.77,0.77,0.52,0.53,0.77,0.77,0.53,0.77,0.77,0.53,0.77,0.77
SWE,752,2013,6127,6127,1.00,2053,1872,1872,1.10,1.00,50,50,0,0,1,,,,,94785.00,152561.25,167427.33,233013.41,169100.00,234775.00,249641.08,315227.16,,340220.57,0.28,0.45,0.49,0.68,0.50,0.69,0.73,0.93,,4780,5116,4704,0.93,1.02,7,60,52,26,0,0,,,,,3400.00,3400.00,1600.00,3400.00,3400.00,3400.00,3400.00,1600.00,3400.00,3400.00,6542.70,0.52,0.52,0.24,0.52,0.52,0.52,0.52,0.24,0.52,0.52,5116,5116,6127,1.00,0.84,1,52,0,0,0,0,,,,,4980.58,4980.58,161.15,4980.58,4980.58,4980.58,4980.58,161.15,4980.58,4980.58,6542.70,0.76,0.76,0.02,0.76,0.76,0.76,0.76,0.02,0.76,0.76,5116,5116,1.00,1,1820,0,0,0,0,,,,,4980.58,4980.58,161.15,4980.58,4980.58,4980.58,4980.58,161.15,4980.58,4980.58,6542.70,0.76,0.76,0.02,0.76,0.76,0.76,0.76,0.02,0.76,0.76,201260.02,228260.02,230553.07,257553.07,230553.07,257553.07,258650.04,285650.04,258650.04,94785.00,152561.25,167427.33,233013.41,169100.00,234775.00,249641.08,315227.16,170110.29,138244.58,165244.58,4974.04,5493.27,0.35,0.52,0.56,0.75,0.51,0.52,0.52,0.52,0.52,0.52,0.76,0.76,0.76,0.76,0.52,0.52,0.77,0.77,0.77,0.77,0.52,0.52,0.76,0.76,0.52,0.76,0.76,0.52,0.76,0.76
SWE,752,2014,6152,6152,1.00,2097,1913,1913,1.10,1.00,50,50,0,0,1,,,,,94572.00,151339.03,167271.87,231678.28,168720.00,233756.53,249689.37,314095.78,,348137.52,0.27,0.43,0.48,0.67,0.48,0.67,0.72,0.90,,4822,5184,4772,0.93,1.01,7,60,52,26,0,0,,,,,3400.00,3400.00,1600.00,3400.00,3400.00,3400.00,3400.00,1600.00,3400.00,3400.00,6694.95,0.51,0.51,0.24,0.51,0.51,0.51,0.51,0.24,0.51,0.51,5184,5184,6152,1.00,0.84,1,52,0,0,0,0,,,,,4969.38,4969.38,160.79,4969.38,4969.38,4969.38,4969.38,160.79,4969.38,4969.38,6694.95,0.74,0.74,0.02,0.74,0.74,0.74,0.74,0.02,0.74,0.74,5184,5184,1.00,1,1820,0,0,0,0,,,,,4969.38,4969.38,160.79,4969.38,4969.38,4969.38,4969.38,160.79,4969.38,4969.38,6694.95,0.74,0.74,0.02,0.74,0.74,0.74,0.74,0.02,0.74,0.74,205937.60,232937.60,235185.46,262185.46,235185.46,262185.46,267333.38,294333.38,267333.38,94572.00,151339.03,167271.87,231678.28,168720.00,233756.53,249689.37,314095.78,174068.76,142575.52,169575.52,5141.03,5660.26,0.34,0.51,0.55,0.73,0.50,0.51,0.51,0.51,0.51,0.51,0.74,0.74,0.74,0.74,0.51,0.51,0.74,0.74,0.74,0.74,0.51,0.51,0.74,0.74,0.51,0.74,0.74,0.51,0.74,0.74
SWE,752,2015,6187,6187,1.00,2136,1947,1947,1.10,1.00,50,50,0,0,1,,,,,94785.00,152096.69,169464.92,236075.56,169100.00,235089.19,252457.42,319068.06,,357096.18,0.27,0.43,0.47,0.66,0.47,0.66,0.71,0.89,,4866,5225,4837,0.93,1.01,7,60,52,26,0,0,,,,,3400.00,3400.00,1600.00,3400.00,3400.00,3400.00,3400.00,1600.00,3400.00,3400.00,6867.23,0.50,0.50,0.23,0.50,0.50,0.50,0.50,0.23,0.50,0.50,5225,5225,6187,1.00,0.84,1,52,0,0,0,0,,,,,4980.58,4980.58,161.15,4980.58,4980.58,4980.58,4980.58,161.15,4980.58,4980.58,6867.23,0.73,0.73,0.02,0.73,0.73,0.73,0.73,0.02,0.73,0.73,5225,5225,1.00,1,1820,0,0,0,0,,,,,4980.58,4980.58,161.15,4980.58,4980.58,4980.58,4980.58,161.15,4980.58,4980.58,6867.23,0.73,0.73,0.02,0.73,0.73,0.73,0.73,0.02,0.73,0.73,208946.63,235946.63,238353.15,265353.15,238353.15,265353.15,273471.57,300471.57,273471.57,94785.00,152096.69,169464.92,236075.56,169100.00,235089.19,252457.42,319068.06,178548.09,145686.91,172686.91,5259.07,5778.30,0.34,0.50,0.55,0.73,0.50,0.50,0.50,0.50,0.50,0.50,0.73,0.73,0.73,0.73,0.50,0.50,0.73,0.73,0.73,0.73,0.50,0.50,0.73,0.73,0.50,0.73,0.73,0.50,0.73,0.73
SWE,752,2016,6257,6257,1.00,2174,1977,1977,1.10,1.00,50,50,0,0,1,,,,,94359.00,150836.44,169372.94,238863.38,168340.00,233843.57,252380.06,321870.50,,363811.25,0.26,0.41,0.47,0.66,0.46,0.64,0.69,0.88,,4923,5279,4910,0.93,1.00,7,60,52,26,0,0,,,,,4550.00,4376.92,1825.00,4376.92,4376.92,4550.00,4376.92,1825.00,4376.92,4376.92,6996.37,0.65,0.63,0.26,0.63,0.63,0.65,0.63,0.26,0.63,0.63,5279,5279,6257,1.00,0.84,1,52,0,0,0,0,,,,,4958.19,4958.19,160.43,4958.19,4958.19,4958.19,4958.19,160.43,4958.19,4958.19,6996.37,0.71,0.71,0.02,0.71,0.71,0.71,0.71,0.02,0.71,0.71,5279,5279,1.00,1,1820,0,0,0,0,,,,,4958.19,4958.19,160.43,4958.19,4958.19,4958.19,4958.19,160.43,4958.19,4958.19,6996.37,0.71,0.71,0.02,0.71,0.71,0.71,0.71,0.02,0.71,0.71,229205.33,256205.33,240009.72,267009.72,240009.72,267009.72,277675.45,304675.45,277675.45,94359.00,150836.44,169372.94,238863.38,168340.00,233843.57,252380.06,321870.50,181905.62,147880.42,174880.42,5339.91,5859.14,0.33,0.49,0.54,0.72,0.49,0.49,0.49,0.49,0.65,0.65,0.71,0.71,0.71,0.71,0.63,0.63,0.71,0.71,0.71,0.71,0.49,0.64,0.71,0.71,0.64,0.71,0.71,0.64,0.71,0.71
SWE,752,2017,6319,6319,1.00,2203,2006,2006,1.10,1.00,50,50,0,0,1,,,,,95424.00,150669.99,170545.36,247071.67,170240.00,235005.99,254881.36,331407.67,,371185.69,0.26,0.41,0.46,0.67,0.46,0.63,0.69,0.89,,5004,5383,5022,0.93,1.00,7,60,52,26,0,0,,,,,4550.00,4376.92,1825.00,4376.92,4376.92,4550.00,4376.92,1825.00,4376.92,4376.92,7138.19,0.64,0.61,0.26,0.61,0.61,0.64,0.61,0.26,0.61,0.61,5383,5383,6319,1.00,0.85,1,52,0,0,0,0,,,,,5014.15,5014.15,162.24,5014.15,5014.15,5014.15,5014.15,162.24,5014.15,5014.15,7138.19,0.70,0.70,0.02,0.70,0.70,0.70,0.70,0.02,0.70,0.70,5383,5383,1.00,1,1820,0,0,0,0,,,,,5014.15,5014.15,162.24,5014.15,5014.15,5014.15,5014.15,162.24,5014.15,5014.15,7138.19,0.70,0.70,0.02,0.70,0.70,0.70,0.70,0.02,0.70,0.70,232025.88,259025.88,243853.04,270853.04,243853.04,270853.04,282998.21,309998.21,282998.21,95424.00,150669.99,170545.36,247071.67,170240.00,235005.99,254881.36,331407.67,185592.85,150720.12,177720.12,5442.27,5961.50,0.33,0.48,0.54,0.73,0.48,0.48,0.48,0.48,0.64,0.64,0.70,0.70,0.70,0.70,0.61,0.61,0.70,0.70,0.70,0.70,0.48,0.63,0.70,0.70,0.63,0.70,0.70,0.63,0.70,0.70
SWE,752,2018,6375,6375,1.00,2233,2036,2036,1.10,1.00,50,50,0,0,1,,,,,96915.00,148549.67,169414.23,246135.53,172900.00,234769.38,255633.94,332187.41,,381943.69,0.25,0.39,0.44,0.64,0.45,0.61,0.67,0.87,,5056,5444,5097,0.93,0.99,6,60,52,26,0,0,,,,,4550.00,4376.92,1825.00,4376.92,4376.92,4550.00,4376.92,1825.00,4376.92,4376.92,7345.07,0.62,0.60,0.25,0.60,0.60,0.62,0.60,0.25,0.60,0.60,5444,5444,6375,1.00,0.85,1,52,0,0,0,0,,,,,5247.95,5247.95,164.77,5247.95,5247.95,5247.95,5247.95,164.77,5247.95,5247.95,7345.07,0.71,0.71,0.02,0.71,0.71,0.71,0.71,0.02,0.71,0.71,5444,5444,1.00,1,1820,0,0,0,0,,,,,5247.95,5247.95,164.77,5247.95,5247.95,5247.95,5247.95,164.77,5247.95,5247.95,7345.07,0.71,0.71,0.02,0.71,0.71,0.71,0.71,0.02,0.71,0.71,236145.76,266345.76,252309.43,282509.43,252309.43,282509.43,290771.49,320971.49,290771.49,96915.00,148549.67,169414.23,246135.53,172900.00,234769.38,255633.94,332187.41,190971.85,154840.89,185040.89,5591.76,6172.53,0.33,0.47,0.53,0.72,0.48,0.48,0.48,0.48,0.62,0.62,0.71,0.71,0.71,0.71,0.60,0.60,0.72,0.72,0.72,0.72,0.48,0.61,0.72,0.72,0.61,0.72,0.72,0.61,0.72,0.72
SWE,752,2019,6427,6427,1.00,2269,2065,2065,1.10,1.00,50,50,0,0,1,,,,,99045.00,150253.36,172647.25,253961.23,176700.00,238603.36,260997.25,342311.23,,390914.47,0.25,0.38,0.44,0.65,0.45,0.61,0.67,0.88,,5094,5508,5132,0.92,0.99,6,60,52,26,0,0,,,,,4550.00,4376.92,1825.00,4376.92,4376.92,4550.00,4376.92,1825.00,4376.92,4376.92,7517.59,0.61,0.58,0.24,0.58,0.58,0.61,0.58,0.24,0.58,0.58,5508,5508,6427,1.00,0.86,0,52,0,0,0,0,,,,,4441.11,5465.98,168.39,5465.98,5551.38,4441.11,5465.98,168.39,5465.98,5551.38,7517.59,0.59,0.73,0.02,0.73,0.74,0.59,0.73,0.02,0.73,0.74,5508,5508,1.00,1,1820,0,0,0,0,,,,,5551.38,5551.38,168.39,5551.38,5551.38,5551.38,5551.38,168.39,5551.38,5551.38,7517.59,0.74,0.74,0.02,0.74,0.74,0.74,0.74,0.02,0.74,0.74,241748.61,273548.61,262119.97,293919.97,263722.77,295522.77,299854.79,331654.79,299854.79,99045.00,150253.36,172647.25,253961.23,176700.00,238603.36,260997.25,342311.23,195457.23,159891.49,191691.49,5766.44,6377.98,0.33,0.47,0.53,0.73,0.47,0.48,0.49,0.49,0.61,0.61,0.59,0.59,0.74,0.74,0.58,0.58,0.73,0.73,0.74,0.74,0.48,0.60,0.66,0.74,0.60,0.66,0.74,0.60,0.66,0.74
SWE,752,2020,6453,6453,1.00,2284,2088,2088,1.09,1.00,50,50,0,0,1,,,,,103161.30,151888.83,174392.22,262644.12,184564.60,244171.13,266674.52,354926.42,,393933.65,0.26,0.39,0.44,0.67,0.47,0.62,0.68,0.90,,5080,5522,5064,0.92,1.00,6,60,52,26,0,0,,,,,4550.00,4376.92,1825.00,4376.92,4376.92,4550.00,4376.92,1825.00,4376.92,4376.92,7575.65,0.60,0.58,0.24,0.58,0.58,0.60,0.58,0.24,0.58,0.58,5522,5522,6453,1.00,0.86,0,52,0,0,0,0,,,,,4517.51,5560.02,171.29,5560.02,5646.89,4517.51,5560.02,171.29,5560.02,5646.89,7575.65,0.60,0.73,0.02,0.73,0.75,0.60,0.73,0.02,0.73,0.75,5522,5522,1.00,1,1820,0,0,0,0,,,,,5646.89,5646.89,171.29,5646.89,5646.89,5646.89,5646.89,171.29,5646.89,5646.89,7575.65,0.75,0.75,0.02,0.75,0.75,0.75,0.75,0.02,0.75,0.75,242980.15,274780.15,265070.67,296870.67,266710.71,298510.71,302250.65,334050.65,302250.65,103161.30,151888.83,174392.22,262644.12,184564.60,244171.13,266674.52,354926.42,196966.83,161212.71,193012.71,5812.51,6424.05,0.34,0.47,0.53,0.76,0.47,0.47,0.47,0.47,0.60,0.60,0.60,0.60,0.75,0.75,0.58,0.58,0.74,0.74,0.75,0.75,0.47,0.59,0.67,0.75,0.59,0.67,0.75,0.59,0.67,0.75
SWE,752,2021,6494,6494,1.00,2288,2119,2119,1.08,1.00,50,50,0,0,1,,,,,103815.60,154468.90,177560.96,267093.52,185735.20,247336.50,270428.56,359961.12,,405751.66,0.26,0.38,0.44,0.66,0.46,0.61,0.67,0.89,,5120,5610,5120,0.91,1.00,0,60,52,26,0,0,,,,,6000.00,5769.23,2550.00,5769.23,5769.23,6000.00,5769.23,2550.00,5769.23,5769.23,7802.92,0.77,0.74,0.33,0.74,0.74,0.77,0.74,0.33,0.74,0.74,5610,5610,6494,1.00,0.86,0,52,0,0,0,0,,,,,4546.17,5595.28,172.38,5595.28,5682.71,4546.17,5595.28,172.38,5595.28,5682.71,7802.92,0.58,0.72,0.02,0.72,0.73,0.58,0.72,0.02,0.72,0.73,5610,5610,1.00,1,1820,0,0,0,0,,,,,5682.71,5682.71,172.38,5682.71,5682.71,5682.71,5682.71,172.38,5682.71,5682.71,7802.92,0.73,0.73,0.02,0.73,0.73,0.73,0.73,0.02,0.73,0.73,276726.01,308526.01,273525.83,305325.83,275121.89,306921.89,313232.07,345032.07,313232.07,103815.60,154468.90,177560.96,267093.52,185735.20,247336.50,270428.56,359961.12,202875.83,167979.51,199779.51,6023.69,6635.23,0.29,0.42,0.47,0.68,0.49,0.64,0.69,0.90,0.77,0.77,0.58,0.58,0.73,0.73,0.75,0.75,0.73,0.73,0.74,0.74,0.53,0.76,0.65,0.73,0.76,0.65,0.73,0.76,0.65,0.73
SWE,752,2022,6545,6545,1.00,2295,2147,2147,1.07,1.00,50,50,0,0,1,,,,,117369.00,155536.96,178629.02,278059.24,212520.00,261796.96,284889.02,384319.24,,417924.21,0.28,0.37,0.43,0.67,0.51,0.63,0.68,0.92,,5165,5675,5256,0.91,0.98,2,60,52,26,0,0,,,,,6000.00,5769.23,2550.00,5769.23,5769.23,6000.00,5769.23,2550.00,5769.23,5769.23,8037.00,0.75,0.72,0.32,0.72,0.72,0.75,0.72,0.32,0.72,0.72,5675,5675,6545,1.00,0.87,0,52,0,0,0,0,,,,,4613.02,5677.56,174.91,5677.56,5682.71,4613.02,5677.56,174.91,5677.56,5682.71,8037.00,0.57,0.71,0.02,0.71,0.71,0.57,0.71,0.02,0.71,0.71,5675,5675,1.00,1,1820,0,0,0,0,,,,,5682.71,5682.71,174.91,5682.71,5682.71,5682.71,5682.71,174.91,5682.71,5682.71,8037.00,0.71,0.71,0.02,0.71,0.71,0.71,0.71,0.02,0.71,0.71,283092.10,314892.10,281414.03,313214.03,281488.26,313288.26,323646.33,355446.33,323646.33,117369.00,155536.96,178629.02,278059.24,212520.00,261796.96,284889.02,384319.24,208962.10,174490.35,206290.35,6223.97,6835.51,0.32,0.41,0.47,0.68,0.54,0.66,0.70,0.93,0.75,0.75,0.57,0.57,0.71,0.71,0.73,0.73,0.72,0.72,0.72,0.72,0.53,0.74,0.65,0.71,0.74,0.65,0.71,0.74,0.65,0.71
SWE,752,2023,6573,6573,1.00,2310,2175,2175,1.06,1.00,50,50,0,0,1,,,,,127575.00,164400.55,188185.37,290983.12,231000.00,279900.55,303685.37,406483.12,,430461.94,0.30,0.38,0.44,0.68,0.54,0.65,0.71,0.94,,5242,5773,5335,0.91,0.98,2,60,52,26,0,0,,,,,6000.00,5769.23,2550.00,5769.23,5769.23,6000.00,5769.23,2550.00,5769.23,5769.23,8278.11,0.72,0.70,0.31,0.70,0.70,0.72,0.70,0.31,0.70,0.70,5773,5773,6573,1.00,0.88,0,52,0,0,0,0,,,,,5014.15,6171.27,190.12,6171.27,5766.28,5014.15,6171.27,190.12,6171.27,5766.28,8278.11,0.61,0.75,0.02,0.75,0.70,0.61,0.75,0.02,0.75,0.70,5773,5773,1.00,1,1820,0,0,0,0,,,,,5766.28,5766.28,190.12,5766.28,5766.28,5766.28,5766.28,190.12,5766.28,5766.28,8278.11,0.70,0.70,0.02,0.70,0.70,0.70,0.70,0.02,0.70,0.70,287711.21,319511.21,295240.53,327040.53,287662.65,319462.65,334364.94,366164.94,334364.94,127575.00,164400.55,188185.37,290983.12,231000.00,279900.55,303685.37,406483.12,215230.97,179430.46,211230.46,6430.09,7041.63,0.33,0.42,0.48,0.70,0.57,0.68,0.72,0.94,0.72,0.72,0.61,0.61,0.70,0.70,0.70,0.70,0.75,0.75,0.70,0.70,0.55,0.71,0.68,0.70,0.71,0.68,0.70,0.71,0.68,0.70
CHE,756,2000,4835,4835,1.00,1517,1101,1200,1.38,1.00,44,44,0,0,1,,,,,16460.00,17991.74,17991.74,24120.00,24690.00,26987.61,26987.61,36180.00,,52217.85,0.32,0.34,0.34,0.46,0.47,0.52,0.52,0.69,,3892,3881,3892,1.00,1.00,5,30,104,26,0,0,,,,,702.93,702.93,0.00,702.93,1308.46,803.35,803.35,0.00,803.35,1495.38,1004.19,0.70,0.70,0.00,0.70,1.30,0.80,0.80,0.00,0.80,1.49,3892,3881,4835,1.00,0.80,0,103,13,13,0,0,,,,,1004.19,424.85,0.00,424.85,0.00,1004.19,424.85,0.00,424.85,0.00,1004.19,1.00,0.42,0.00,0.42,0.00,1.00,0.42,0.00,0.42,0.00,3892,3881,1.00,3,1820,0,0,0,0,,,,,803.35,803.35,0.00,803.35,1622.77,803.35,803.35,0.00,803.35,1622.77,1004.19,0.80,0.80,0.00,0.80,1.62,0.80,0.80,0.00,0.80,1.62,32406.96,35886.39,28586.04,31058.60,36103.72,38014.00,37488.65,38959.71,34928.08,16460.00,17991.74,17991.74,24120.00,24690.00,26987.61,26987.61,36180.00,26108.92,19820.74,22833.90,720.94,749.23,0.35,0.38,0.38,0.49,0.43,0.47,0.47,0.61,0.70,0.80,1.00,1.00,0.80,0.80,0.71,0.81,0.50,0.51,0.92,0.94,0.42,0.76,0.75,0.87,0.71,0.75,0.86,0.80,0.76,0.87
CHE,756,2001,4878,4878,1.00,1548,1123,1179,1.38,1.00,44,44,0,0,1,,,,,16880.00,18428.74,18428.74,24120.00,25320.00,27643.11,27643.11,36180.00,,54214.92,0.31,0.34,0.34,0.44,0.47,0.51,0.51,0.67,,3962,3936,3962,1.00,1.00,5,30,104,26,0,0,,,,,729.82,729.82,0.00,729.82,1437.69,834.08,834.08,0.00,834.08,1643.08,1042.59,0.70,0.70,0.00,0.70,1.38,0.80,0.80,0.00,0.80,1.58,3962,3936,4878,1.00,0.81,0,103,13,13,0,0,,,,,1042.59,441.10,0.00,441.10,0.00,1042.59,441.10,0.00,441.10,0.00,1042.59,1.00,0.42,0.00,0.42,0.00,1.00,0.42,0.00,0.42,0.00,3962,3936,1.00,3,1820,0,0,0,0,,,,,834.08,834.08,0.00,834.08,1622.77,834.08,834.08,0.00,834.08,1622.77,1042.59,0.80,0.80,0.00,0.80,1.56,0.80,0.80,0.00,0.80,1.56,33588.27,37119.82,29642.22,32121.25,37386.75,39298.25,38843.32,40293.19,36182.00,16880.00,18428.74,18428.74,24120.00,25320.00,27643.11,27643.11,36180.00,27107.46,20534.25,23632.89,746.99,774.87,0.34,0.37,0.37,0.48,0.43,0.47,0.47,0.59,0.70,0.80,1.00,1.00,0.80,0.80,0.71,0.81,0.50,0.51,0.92,0.94,0.42,0.76,0.75,0.87,0.71,0.75,0.86,0.80,0.75,0.87
CHE,756,2002,4926,4926,1.00,1580,1136,1201,1.39,1.00,44,44,0,0,1,,,,,16880.00,18779.49,18779.49,24120.00,25320.00,28169.23,28169.23,36180.00,,55178.54,0.31,0.34,0.34,0.44,0.46,0.51,0.51,0.66,,3984,3984,3984,1.00,1.00,5,30,104,26,0,0,,,,,742.79,742.79,0.00,742.79,1437.69,848.90,848.90,0.00,848.90,1643.08,1061.13,0.70,0.70,0.00,0.70,1.35,0.80,0.80,0.00,0.80,1.55,3984,3984,4926,1.00,0.81,0,103,13,13,0,0,,,,,1061.13,448.94,0.00,448.94,0.00,1061.13,448.94,0.00,448.94,0.00,1061.13,1.00,0.42,0.00,0.42,0.00,1.00,0.42,0.00,0.42,0.00,3984,3984,1.00,3,1820,0,0,0,0,,,,,848.90,848.90,0.00,848.90,1622.77,848.90,848.90,0.00,848.90,1622.77,1061.13,0.80,0.80,0.00,0.80,1.53,0.80,0.80,0.00,0.80,1.53,34219.48,37658.34,30188.83,32587.83,38084.48,39898.84,39561.41,40919.50,36826.44,16880.00,18779.49,18779.49,24120.00,25320.00,28169.23,28169.23,36180.00,27589.27,20906.03,23954.28,760.80,786.91,0.34,0.37,0.37,0.47,0.42,0.47,0.47,0.58,0.70,0.80,1.00,1.00,0.80,0.80,0.71,0.81,0.50,0.51,0.92,0.94,0.42,0.76,0.75,0.87,0.71,0.75,0.86,0.80,0.75,0.87
CHE,756,2003,4973,4973,1.00,1624,1149,1214,1.41,1.00,44,44,0,0,1,,,,,17300.00,19140.42,19140.42,25320.00,25950.00,28710.63,28710.63,37980.00,,55843.89,0.31,0.34,0.34,0.45,0.46,0.51,0.51,0.68,,3981,4026,3981,0.99,1.00,5,80,104,52,0,0,,,,,751.74,751.74,0.00,751.74,1437.69,859.14,859.14,0.00,859.14,1643.08,1073.92,0.70,0.70,0.00,0.70,1.34,0.80,0.80,0.00,0.80,1.53,3981,4026,4973,0.99,0.80,0,103,13,13,0,0,,,,,1073.92,454.35,0.00,454.35,0.00,1073.92,454.35,0.00,454.35,0.00,1073.92,1.00,0.42,0.00,0.42,0.00,1.00,0.42,0.00,0.42,0.00,3981,4026,0.99,3,1820,0,0,0,0,,,,,859.14,859.14,0.00,859.14,1622.77,859.14,859.14,0.00,859.14,1622.77,1073.92,0.80,0.80,0.00,0.80,1.51,0.80,0.80,0.00,0.80,1.51,34759.82,38211.77,30641.21,33028.52,38643.80,40433.42,40205.48,41519.57,37412.01,17300.00,19140.42,19140.42,25320.00,25950.00,28710.63,28710.63,37980.00,27921.94,21246.13,24295.95,773.18,798.45,0.34,0.37,0.37,0.48,0.43,0.47,0.47,0.60,0.70,0.80,1.00,1.00,0.80,0.80,0.71,0.81,0.50,0.51,0.92,0.94,0.42,0.76,0.75,0.86,0.71,0.75,0.86,0.80,0.75,0.87
CHE,756,2004,5016,5016,1.00,1678,1165,1230,1.44,1.00,44,44,0,0,1,,,,,17300.00,19445.52,19445.52,25320.00,25950.00,29168.28,29168.28,37980.00,,56233.93,0.31,0.35,0.35,0.45,0.46,0.52,0.52,0.68,,3977,4043,3977,0.98,1.00,5,80,104,52,0,0,,,,,757.00,757.00,0.00,757.00,1437.69,865.14,865.14,0.00,865.14,1643.08,1081.42,0.70,0.70,0.00,0.70,1.33,0.80,0.80,0.00,0.80,1.52,3977,4043,5016,0.98,0.79,0,103,13,13,0,0,,,,,1081.42,457.52,0.00,457.52,0.00,1081.42,457.52,0.00,457.52,0.00,1081.42,1.00,0.42,0.00,0.42,0.00,1.00,0.42,0.00,0.42,0.00,3977,4043,0.98,3,1820,0,0,0,0,,,,,865.14,865.14,0.00,865.14,1622.77,865.14,865.14,0.00,865.14,1622.77,1081.42,0.80,0.80,0.00,0.80,1.50,0.80,0.80,0.00,0.80,1.50,35074.14,38562.72,30902.19,33315.54,38942.29,40745.76,40585.47,41911.56,37760.55,17300.00,19445.52,19445.52,25320.00,25950.00,29168.28,29168.28,37980.00,28116.97,21438.19,24529.87,780.49,805.99,0.34,0.37,0.37,0.48,0.42,0.47,0.47,0.60,0.70,0.80,1.00,1.00,0.80,0.80,0.71,0.81,0.49,0.51,0.91,0.93,0.42,0.75,0.75,0.86,0.71,0.75,0.86,0.80,0.75,0.87
CHE,756,2005,5055,5055,1.00,1698,1183,1211,1.44,1.00,44,44,0,0,1,,,,,17640.00,19887.90,19887.90,25800.00,26460.00,29831.85,29831.85,38700.00,,56968.11,0.31,0.35,0.35,0.45,0.46,0.52,0.52,0.68,,3991,4071,3991,0.98,1.00,5,80,104,52,0,0,,,,,766.88,766.88,0.00,766.88,1437.69,876.43,876.43,0.00,876.43,1643.08,1095.54,0.70,0.70,0.00,0.70,1.31,0.80,0.80,0.00,0.80,1.50,3991,4071,5055,0.98,0.79,0,103,13,13,0,0,,,,,1095.54,463.50,0.00,463.50,0.00,1095.54,463.50,0.00,463.50,0.00,1095.54,1.00,0.42,0.00,0.42,0.00,1.00,0.42,0.00,0.42,0.00,3991,4071,0.98,3,1820,0,0,0,0,,,,,876.43,876.43,0.00,876.43,1622.77,876.43,876.43,0.00,876.43,1622.77,1095.54,0.80,0.80,0.00,0.80,1.48,0.80,0.80,0.00,0.80,1.48,35472.87,38961.12,31271.23,33651.11,39400.55,41176.61,41055.17,42348.85,38204.22,17640.00,19887.90,19887.90,25800.00,26460.00,29831.85,29831.85,38700.00,28484.06,21699.74,24771.50,789.52,814.40,0.34,0.38,0.38,0.48,0.42,0.47,0.47,0.60,0.70,0.80,1.00,1.00,0.80,0.80,0.71,0.81,0.49,0.51,0.91,0.93,0.43,0.75,0.75,0.86,0.71,0.75,0.86,0.80,0.75,0.87
CHE,756,2006,5092,5092,1.00,1749,1204,1232,1.45,1.00,44,44,0,0,1,,,,,17640.00,20040.01,20040.01,25800.00,26460.00,30060.01,30060.01,38700.00,,57626.31,0.31,0.35,0.35,0.45,0.46,0.52,0.52,0.67,,4070,4122,4070,0.99,1.00,5,80,104,52,0,0,,,,,775.74,775.74,0.00,775.74,1437.69,886.56,886.56,0.00,886.56,1643.08,1108.20,0.70,0.70,0.00,0.70,1.30,0.80,0.80,0.00,0.80,1.48,4070,4122,5092,0.99,0.80,0,103,13,13,0,0,,,,,1108.20,468.85,0.00,468.85,0.00,1108.20,468.85,0.00,468.85,0.00,1108.20,1.00,0.42,0.00,0.42,0.00,1.00,0.42,0.00,0.42,0.00,4070,4122,0.99,3,1820,0,0,0,0,,,,,886.56,886.56,0.00,886.56,1622.77,886.56,886.56,0.00,886.56,1622.77,1108.20,0.80,0.80,0.00,0.80,1.46,0.80,0.80,0.00,0.80,1.46,35834.86,39312.03,31608.94,33956.23,39802.73,41556.61,41494.44,42745.47,38605.77,17640.00,20040.01,20040.01,25800.00,26460.00,30060.01,30060.01,38700.00,28813.15,21930.54,24986.74,797.97,822.03,0.34,0.38,0.38,0.48,0.42,0.47,0.47,0.59,0.70,0.80,1.00,1.00,0.80,0.80,0.71,0.81,0.49,0.51,0.91,0.93,0.42,0.75,0.75,0.86,0.71,0.75,0.86,0.80,0.75,0.87
CHE,756,2007,5142,5142,1.00,1808,1230,1258,1.47,1.00,44,44,0,0,1,,,,,18140.00,20612.86,20612.86,26520.00,27210.00,30919.28,30919.28,39780.00,,58466.08,0.31,0.35,0.35,0.45,0.47,0.53,0.53,0.68,,4151,4170,4151,1.00,1.00,5,80,104,52,0,0,,,,,787.04,787.04,0.00,787.04,1437.69,899.48,899.48,0.00,899.48,1643.08,1124.35,0.70,0.70,0.00,0.70,1.28,0.80,0.80,0.00,0.80,1.46,4151,4170,5142,1.00,0.81,0,103,13,13,0,0,,,,,1124.35,475.69,0.00,475.69,0.00,1124.35,475.69,0.00,475.69,0.00,1124.35,1.00,0.42,0.00,0.42,0.00,1.00,0.42,0.00,0.42,0.00,4151,4170,1.00,3,1820,0,0,0,0,,,,,899.48,899.48,0.00,899.48,1622.77,899.48,899.48,0.00,899.48,1622.77,1124.35,0.80,0.80,0.00,0.80,1.44,0.80,0.80,0.00,0.80,1.44,36353.22,40159.02,32049.51,34657.09,40392.19,42429.62,42081.04,43634.69,39151.15,18140.00,20612.86,20612.86,26520.00,27210.00,30919.28,30919.28,39780.00,29233.04,22232.20,25446.91,809.25,839.13,0.34,0.38,0.38,0.48,0.42,0.48,0.48,0.60,0.70,0.80,1.00,1.00,0.80,0.80,0.71,0.81,0.49,0.51,0.91,0.93,0.43,0.76,0.75,0.86,0.71,0.75,0.86,0.80,0.75,0.87
CHE,756,2008,5210,5210,1.00,1869,1260,1288,1.48,1.00,44,44,0,0,1,,,,,18140.00,20753.34,20753.34,26520.00,27210.00,31130.01,31130.01,39780.00,,59487.42,0.30,0.35,0.35,0.45,0.46,0.52,0.52,0.67,,4262,4257,4262,1.00,1.00,5,80,104,52,0,0,,,,,800.79,800.79,0.00,800.79,1696.15,915.19,915.19,0.00,915.19,1938.46,1143.99,0.70,0.70,0.00,0.70,1.48,0.80,0.80,0.00,0.80,1.69,4262,4257,5210,1.00,0.82,0,103,13,13,0,0,,,,,1143.99,484.00,0.00,484.00,0.00,1143.99,484.00,0.00,484.00,0.00,1143.99,1.00,0.42,0.00,0.42,0.00,1.00,0.42,0.00,0.42,0.00,4262,4257,1.00,3,1820,0,0,0,0,,,,,915.19,915.19,0.00,915.19,1622.77,915.19,915.19,0.00,915.19,1622.77,1143.99,0.80,0.80,0.00,0.80,1.42,0.80,0.80,0.00,0.80,1.42,37268.79,43870.44,32865.91,38290.89,41353.47,46204.42,43054.45,47383.82,40281.03,18140.00,20753.34,20753.34,26520.00,27210.00,31130.01,31130.01,39780.00,29743.71,22865.79,28831.01,827.97,911.23,0.34,0.38,0.38,0.48,0.42,0.48,0.48,0.59,0.70,0.80,1.00,1.00,0.80,0.80,0.71,0.81,0.50,0.51,0.92,0.94,0.43,0.76,0.75,0.86,0.71,0.75,0.86,0.81,0.75,0.87
CHE,756,2009,5272,5272,1.00,1929,1292,1320,1.49,1.00,44,44,0,0,1,,,,,18720.00,21394.51,21394.51,27360.00,28080.00,32091.77,32091.77,41040.00,,62000.73,0.30,0.35,0.35,0.44,0.45,0.52,0.52,0.66,,4293,4322,4293,0.99,1.00,5,80,104,52,0,0,,,,,834.63,834.63,0.00,834.63,1696.15,953.86,953.86,0.00,953.86,1938.46,1192.32,0.70,0.70,0.00,0.70,1.42,0.80,0.80,0.00,0.80,1.63,4293,4322,5272,0.99,0.81,0,103,13,13,0,0,,,,,1192.32,504.44,0.00,504.44,0.00,1192.32,504.44,0.00,504.44,0.00,1192.32,1.00,0.42,0.00,0.42,0.00,1.00,0.42,0.00,0.42,0.00,4293,4322,0.99,3,1820,0,0,0,0,,,,,953.86,953.86,0.00,953.86,1622.77,953.86,953.86,0.00,953.86,1622.77,1192.32,0.80,0.80,0.00,0.80,1.36,0.80,0.80,0.00,0.80,1.36,38674.67,43248.67,34162.00,37415.61,42936.23,45688.35,44711.60,46919.27,41817.55,18720.00,21394.51,21394.51,27360.00,28080.00,32091.77,32091.77,41040.00,31000.37,23765.86,27481.75,859.84,902.29,0.33,0.38,0.38,0.47,0.42,0.47,0.47,0.59,0.70,0.80,1.00,1.00,0.80,0.80,0.71,0.81,0.50,0.51,0.92,0.94,0.42,0.76,0.75,0.86,0.71,0.75,0.86,0.81,0.76,0.87
CHE,756,2010,5318,5318,1.00,1981,1324,1353,1.50,1.00,44,44,0,0,1,,,,,18720.00,21529.79,21609.91,27360.00,28080.00,32294.68,32414.87,41040.00,,61064.73,0.31,0.35,0.35,0.45,0.46,0.53,0.53,0.67,,4234,4300,4234,0.98,1.00,5,80,104,52,0,0,,,,,822.03,822.03,0.00,822.03,1696.15,939.46,939.46,0.00,939.46,1938.46,1174.32,0.70,0.70,0.00,0.70,1.44,0.80,0.80,0.00,0.80,1.65,4234,4300,5318,0.98,0.80,0,103,13,13,0,0,,,,,1174.32,496.83,0.00,496.83,0.00,1174.32,496.83,0.00,496.83,0.00,1174.32,1.00,0.42,0.00,0.42,0.00,1.00,0.42,0.00,0.42,0.00,4234,4300,0.98,3,1820,0,0,0,0,,,,,939.46,939.46,0.00,939.46,1622.77,939.46,939.46,0.00,939.46,1622.77,1174.32,0.80,0.80,0.00,0.80,1.38,0.80,0.80,0.00,0.80,1.38,41003.26,45626.25,35323.89,38549.79,44027.08,46779.75,47456.40,49621.20,44541.48,18720.00,21529.79,21609.91,27360.00,28080.00,32294.68,32414.87,41040.00,30532.37,25054.27,28683.35,912.62,954.25,0.31,0.36,0.36,0.45,0.39,0.45,0.45,0.55,0.70,0.80,1.00,1.00,0.80,0.80,0.71,0.81,0.46,0.47,0.85,0.86,0.40,0.76,0.73,0.83,0.71,0.73,0.82,0.80,0.74,0.83
CHE,756,2011,5372,5372,1.00,2031,1347,1376,1.51,1.00,44,44,0,0,1,,,,,19050.00,21926.31,22063.87,27840.00,28575.00,32889.47,33095.81,41760.00,,61463.40,0.31,0.36,0.36,0.45,0.46,0.54,0.54,0.68,,4333,4365,4333,0.99,1.00,5,80,104,52,0,0,,,,,827.39,827.39,0.00,827.39,1696.15,945.59,945.59,0.00,945.59,1938.46,1181.99,0.70,0.70,0.00,0.70,1.44,0.80,0.80,0.00,0.80,1.64,4333,4365,5372,0.99,0.81,0,103,13,13,0,0,,,,,1181.99,500.07,0.00,500.07,0.00,1181.99,500.07,0.00,500.07,0.00,1181.99,1.00,0.42,0.00,0.42,0.00,1.00,0.42,0.00,0.42,0.00,4333,4365,0.99,3,1820,0,0,0,0,,,,,945.59,945.59,0.00,945.59,1910.77,945.59,945.59,0.00,945.59,1910.77,1181.99,0.80,0.80,0.00,0.80,1.62,0.80,0.80,0.00,0.80,1.62,41235.11,45873.54,35522.07,38722.22,44307.23,47078.94,47730.43,49928.70,44765.36,19050.00,21926.31,22063.87,27840.00,28575.00,32889.47,33095.81,41760.00,30731.70,25189.30,28801.02,917.89,960.17,0.32,0.36,0.36,0.45,0.40,0.45,0.45,0.56,0.70,0.80,1.00,1.00,0.80,0.80,0.71,0.81,0.46,0.47,0.85,0.87,0.41,0.75,0.73,0.83,0.71,0.73,0.82,0.80,0.73,0.83
CHE,756,2012,5417,5417,1.00,2088,1382,1411,1.51,1.00,44,44,0,0,1,,,,,19050.00,21917.62,22116.18,27840.00,28575.00,32876.44,33174.27,41760.00,,62399.39,0.31,0.35,0.35,0.45,0.46,0.53,0.53,0.67,,4385,4417,4385,0.99,1.00,5,80,104,52,0,0,,,,,839.99,839.99,0.00,839.99,1696.15,959.99,959.99,0.00,959.99,1938.46,1199.99,0.70,0.70,0.00,0.70,1.41,0.80,0.80,0.00,0.80,1.62,4385,4417,5417,0.99,0.81,0,103,13,13,0,0,,,,,1199.99,507.69,0.00,507.69,0.00,1199.99,507.69,0.00,507.69,0.00,1199.99,1.00,0.42,0.00,0.42,0.00,1.00,0.42,0.00,0.42,0.00,4385,4417,0.99,3,1820,0,0,0,0,,,,,959.99,959.99,0.00,959.99,1910.77,959.99,959.99,0.00,959.99,1910.77,1199.99,0.80,0.80,0.00,0.80,1.59,0.80,0.80,0.00,0.80,1.59,41976.29,46667.08,36186.47,39358.23,45156.63,47920.47,48605.97,50827.20,45624.92,19050.00,21917.62,22116.18,27840.00,28575.00,32876.44,33174.27,41760.00,31199.69,25614.51,29117.77,934.73,977.45,0.31,0.36,0.36,0.44,0.39,0.45,0.45,0.55,0.70,0.80,1.00,1.00,0.80,0.80,0.71,0.81,0.46,0.47,0.85,0.87,0.40,0.76,0.73,0.83,0.71,0.73,0.82,0.80,0.74,0.83
CHE,756,2013,5467,5467,1.00,2143,1416,1445,1.51,1.00,44,44,0,0,1,,,,,19210.00,22323.47,22558.55,28080.00,28815.00,33485.20,33837.82,42120.00,,63647.38,0.30,0.35,0.35,0.44,0.45,0.53,0.53,0.66,,4428,4463,4428,0.99,1.00,5,80,104,52,0,0,,,,,856.79,856.79,0.00,856.79,1696.15,979.19,979.19,0.00,979.19,1938.46,1223.99,0.70,0.70,0.00,0.70,1.39,0.80,0.80,0.00,0.80,1.58,4428,4463,5467,0.99,0.81,0,103,13,13,0,0,,,,,1223.99,517.84,0.00,517.84,0.00,1223.99,517.84,0.00,517.84,0.00,1223.99,1.00,0.42,0.00,0.42,0.00,1.00,0.42,0.00,0.42,0.00,4428,4463,0.99,3,1820,0,0,0,0,,,,,979.19,979.19,0.00,979.19,1910.77,979.19,979.19,0.00,979.19,1910.77,1223.99,0.80,0.80,0.00,0.80,1.56,0.80,0.80,0.00,0.80,1.56,38270.75,43119.60,33094.21,36575.24,41213.35,44395.42,44247.78,46872.90,41297.66,19210.00,22323.47,22558.55,28080.00,28815.00,33485.20,33837.82,42120.00,31823.69,23447.55,27127.48,850.92,901.40,0.35,0.40,0.40,0.49,0.44,0.50,0.51,0.62,0.70,0.80,1.00,1.00,0.80,0.80,0.71,0.81,0.46,0.48,0.85,0.87,0.45,0.76,0.74,0.83,0.71,0.73,0.83,0.80,0.74,0.84
CHE,756,2014,5521,5521,1.00,2196,1449,1478,1.52,1.00,44,44,0,0,1,,,,,19210.00,22457.49,22737.47,28080.00,28815.00,33686.23,34106.21,42120.00,,64392.70,0.30,0.35,0.35,0.44,0.45,0.52,0.53,0.65,,4505,4533,4505,0.99,1.00,5,80,104,52,0,0,,,,,866.82,866.82,0.00,866.82,1696.15,990.66,990.66,0.00,990.66,1938.46,1238.32,0.70,0.70,0.00,0.70,1.37,0.80,0.80,0.00,0.80,1.57,4505,4533,5521,0.99,0.82,0,103,13,13,0,0,,,,,1238.32,523.91,0.00,523.91,0.00,1238.32,523.91,0.00,523.91,0.00,1238.32,1.00,0.42,0.00,0.42,0.00,1.00,0.42,0.00,0.42,0.00,4505,4533,0.99,3,1820,0,0,0,0,,,,,990.66,990.66,0.00,990.66,1910.77,990.66,990.66,0.00,990.66,1910.77,1238.32,0.80,0.80,0.00,0.80,1.54,0.80,0.80,0.00,0.80,1.54,38675.30,43513.38,33447.83,36905.12,41647.64,44807.84,44721.60,47316.27,41734.85,19210.00,22457.49,22737.47,28080.00,28815.00,33686.23,34106.21,42120.00,32196.35,23703.21,27375.45,860.03,909.93,0.34,0.40,0.40,0.49,0.43,0.50,0.50,0.61,0.70,0.80,1.00,1.00,0.80,0.80,0.71,0.81,0.46,0.48,0.85,0.87,0.45,0.76,0.74,0.83,0.71,0.73,0.83,0.80,0.74,0.84
CHE,756,2015,5571,5571,1.00,2240,1480,1512,1.51,1.00,44,44,0,0,1,,,,,19290.00,22659.17,22989.18,28200.00,28935.00,33988.75,34483.77,42300.00,,65165.41,0.30,0.35,0.35,0.43,0.44,0.52,0.53,0.65,,4575,4597,4575,1.00,1.00,5,80,104,52,0,0,,,,,877.23,877.23,0.00,877.23,1696.15,1002.54,1002.54,0.00,1002.54,1938.46,1253.18,0.70,0.70,0.00,0.70,1.35,0.80,0.80,0.00,0.80,1.55,4575,4597,5571,1.00,0.82,0,103,13,13,0,0,,,,,1253.18,530.19,0.00,530.19,0.00,1253.18,530.19,0.00,530.19,0.00,1253.18,1.00,0.42,0.00,0.42,0.00,1.00,0.42,0.00,0.42,0.00,4575,4597,1.00,3,1820,0,0,0,0,,,,,1002.54,1002.54,0.00,1002.54,1910.77,1002.54,1002.54,0.00,1002.54,1910.77,1253.18,0.80,0.80,0.00,0.80,1.52,0.80,0.80,0.00,0.80,1.52,39057.90,43900.11,33798.47,37229.79,42078.40,45213.88,45172.77,47743.05,42151.01,19290.00,22659.17,22989.18,28200.00,28935.00,33988.75,34483.77,42300.00,32582.71,23944.81,27619.50,868.71,918.14,0.34,0.39,0.40,0.48,0.43,0.50,0.50,0.61,0.70,0.80,1.00,1.00,0.80,0.80,0.71,0.81,0.46,0.48,0.85,0.87,0.45,0.76,0.74,0.83,0.71,0.73,0.83,0.80,0.74,0.84
CHE,756,2016,5618,5618,1.00,2285,1509,1540,1.51,1.00,44,44,0,0,1,,,,,19290.00,22799.17,23172.60,28200.00,28935.00,34198.75,34758.90,42300.00,,65491.24,0.29,0.35,0.35,0.43,0.44,0.52,0.53,0.65,,4647,4660,4647,1.00,1.00,5,80,104,52,0,0,,,,,881.61,881.61,0.00,881.61,1995.00,1007.56,1007.56,0.00,1007.56,2280.00,1259.45,0.70,0.70,0.00,0.70,1.58,0.80,0.80,0.00,0.80,1.81,4647,4660,5618,1.00,0.83,0,103,13,13,0,0,,,,,1259.45,532.84,0.00,532.84,0.00,1259.45,532.84,0.00,532.84,0.00,1259.45,1.00,0.42,0.00,0.42,0.00,1.00,0.42,0.00,0.42,0.00,4647,4660,1.00,3,1820,0,0,0,0,,,,,1007.56,1007.56,0.00,1007.56,2248.62,1007.56,1007.56,0.00,1007.56,2248.62,1259.45,0.80,0.80,0.00,0.80,1.79,0.80,0.80,0.00,0.80,1.79,39245.06,44095.36,33973.08,37392.64,42281.35,45410.73,45402.48,47962.92,42366.14,19290.00,22799.17,23172.60,28200.00,28935.00,34198.75,34758.90,42300.00,32745.62,24074.90,27742.57,873.12,922.36,0.34,0.40,0.40,0.48,0.43,0.50,0.51,0.60,0.70,0.80,1.00,1.00,0.80,0.80,0.71,0.81,0.46,0.48,0.85,0.87,0.45,0.76,0.74,0.83,0.71,0.73,0.83,0.80,0.74,0.84
CHE,756,2017,5653,5653,1.00,2325,1537,1569,1.51,1.00,44,44,0,0,1,,,,,19290.00,22939.63,23357.35,28200.00,28935.00,34409.45,35036.03,42300.00,,66080.66,0.29,0.35,0.35,0.43,0.44,0.52,0.53,0.64,,4685,4688,4685,1.00,1.00,5,80,104,52,0,0,,,,,889.55,889.55,0.00,889.55,1995.00,1016.63,1016.63,0.00,1016.63,2280.00,1270.78,0.70,0.70,0.00,0.70,1.57,0.80,0.80,0.00,0.80,1.79,4685,4688,5653,1.00,0.83,0,103,13,13,0,0,,,,,1270.78,537.64,0.00,537.64,0.00,1270.78,537.64,0.00,537.64,0.00,1270.78,1.00,0.42,0.00,0.42,0.00,1.00,0.42,0.00,0.42,0.00,4685,4688,1.00,3,1820,0,0,0,0,,,,,1016.63,1016.63,0.00,1016.63,2248.62,1016.63,1016.63,0.00,1016.63,2248.62,1270.78,0.80,0.80,0.00,0.80,1.77,0.80,0.80,0.00,0.80,1.77,39513.64,44359.80,34209.77,37610.89,42566.66,45681.09,45713.17,48247.49,42648.83,19290.00,22939.63,23357.35,28200.00,28935.00,34409.45,35036.03,42300.00,33040.33,24240.01,27908.95,879.10,927.84,0.34,0.39,0.40,0.48,0.42,0.50,0.51,0.60,0.70,0.80,1.00,1.00,0.80,0.80,0.71,0.81,0.46,0.48,0.85,0.87,0.45,0.76,0.74,0.83,0.71,0.73,0.83,0.80,0.74,0.84
CHE,756,2018,5674,5674,1.00,2364,1564,1596,1.51,1.00,44,44,0,0,1,,,,,19290.00,23080.93,23542.91,28200.00,28935.00,34621.40,35314.36,42300.00,,66873.63,0.29,0.35,0.35,0.42,0.43,0.52,0.53,0.63,,4723,4719,4723,1.00,1.00,5,80,104,52,0,0,,,,,900.22,900.22,0.00,900.22,1995.00,1028.83,1028.83,0.00,1028.83,2280.00,1286.03,0.70,0.70,0.00,0.70,1.55,0.80,0.80,0.00,0.80,1.77,4723,4719,5674,1.00,0.83,0,103,13,13,0,0,,,,,1286.03,544.09,0.00,544.09,0.00,1286.03,544.09,0.00,544.09,0.00,1286.03,1.00,0.42,0.00,0.42,0.00,1.00,0.42,0.00,0.42,0.00,4723,4719,1.00,3,1820,0,0,0,0,,,,,1028.83,1028.83,0.00,1028.83,2248.62,1028.83,1028.83,0.00,1028.83,2248.62,1286.03,0.80,0.80,0.00,0.80,1.75,0.80,0.80,0.00,0.80,1.75,39949.23,44781.51,34589.95,37963.44,43016.96,46113.79,46203.89,48697.81,43100.57,19290.00,23080.93,23542.91,28200.00,28935.00,34621.40,35314.36,42300.00,33436.82,24513.93,28172.44,888.54,936.50,0.33,0.39,0.40,0.47,0.42,0.49,0.50,0.59,0.70,0.80,1.00,1.00,0.80,0.80,0.71,0.81,0.46,0.48,0.85,0.87,0.44,0.76,0.74,0.83,0.71,0.73,0.83,0.80,0.74,0.84
CHE,756,2019,5694,5694,1.00,2404,1592,1624,1.51,1.00,44,44,0,0,1,,,,,19450.00,23343.48,23864.80,28440.00,29175.00,35015.22,35797.21,42660.00,,68211.10,0.29,0.34,0.35,0.42,0.43,0.51,0.52,0.63,,4753,4743,4753,1.00,1.00,5,80,104,52,0,0,,,,,918.23,918.23,0.00,918.23,1995.00,1049.40,1049.40,0.00,1049.40,2280.00,1311.75,0.70,0.70,0.00,0.70,1.52,0.80,0.80,0.00,0.80,1.74,4753,4743,5694,1.00,0.83,0,103,13,13,0,0,,,,,1311.75,554.97,0.00,554.97,0.00,1311.75,554.97,0.00,554.97,0.00,1311.75,1.00,0.42,0.00,0.42,0.00,1.00,0.42,0.00,0.42,0.00,4753,4743,1.00,3,1820,0,0,0,0,,,,,1049.40,1049.40,0.00,1049.40,2248.62,1049.40,1049.40,0.00,1049.40,2248.62,1311.75,0.80,0.80,0.00,0.80,1.71,0.80,0.80,0.00,0.80,1.71,40615.17,45450.87,35194.50,38526.94,43747.98,46807.69,46997.47,49418.43,43821.91,19450.00,23343.48,23864.80,28440.00,29175.00,35015.22,35797.21,42660.00,34105.55,24941.05,28592.97,903.80,950.35,0.33,0.39,0.40,0.47,0.42,0.49,0.50,0.59,0.70,0.80,1.00,1.00,0.80,0.80,0.71,0.81,0.46,0.48,0.85,0.87,0.44,0.76,0.74,0.83,0.71,0.73,0.83,0.80,0.74,0.84
CHE,756,2020,5720,5720,1.00,2439,1618,1654,1.51,1.00,44,44,0,0,1,,,,,19450.00,23486.51,24055.87,28440.00,29175.00,35229.76,36083.80,42660.00,,65251.15,0.30,0.36,0.37,0.44,0.45,0.54,0.55,0.65,,4740,4754,4740,1.00,1.00,5,80,104,52,0,0,,,,,878.38,878.38,0.00,878.38,1995.00,1003.86,1003.86,0.00,1003.86,2280.00,1254.83,0.70,0.70,0.00,0.70,1.59,0.80,0.80,0.00,0.80,1.82,4740,4754,5720,1.00,0.83,0,103,13,13,0,0,,,,,1254.83,530.89,0.00,530.89,0.00,1254.83,530.89,0.00,530.89,0.00,1254.83,1.00,0.42,0.00,0.42,0.00,1.00,0.42,0.00,0.42,0.00,4740,4754,1.00,3,1820,0,0,0,0,,,,,1003.86,1003.86,0.00,1003.86,2248.62,1003.86,1003.86,0.00,1003.86,2248.62,1254.83,0.80,0.80,0.00,0.80,1.79,0.80,0.80,0.00,0.80,1.79,38945.58,43781.07,33722.84,37147.14,41976.28,45112.09,45058.60,47609.81,42026.15,19450.00,23486.51,24055.87,28440.00,29175.00,35229.76,36083.80,42660.00,32625.57,23878.74,27548.50,866.51,915.57,0.34,0.41,0.42,0.49,0.43,0.52,0.53,0.61,0.70,0.80,1.00,1.00,0.80,0.80,0.71,0.81,0.46,0.48,0.85,0.88,0.46,0.76,0.74,0.83,0.71,0.73,0.83,0.80,0.74,0.84
CHE,756,2021,5746,5746,1.00,2471,1645,1679,1.50,1.00,44,44,0,0,1,,,,,19610.00,23609.39,24238.73,28680.00,29415.00,35414.09,36358.10,43020.00,,70573.53,0.28,0.33,0.34,0.41,0.42,0.50,0.52,0.61,,4750,4772,4750,1.00,1.00,5,80,104,52,0,0,,,,,950.03,950.03,0.00,950.03,1995.00,1085.75,1085.75,0.00,1085.75,2280.00,1357.18,0.70,0.70,0.00,0.70,1.47,0.80,0.80,0.00,0.80,1.68,4750,4772,5746,1.00,0.83,0,103,13,13,0,0,,,,,1357.18,574.19,0.00,574.19,0.00,1357.18,574.19,0.00,574.19,0.00,1357.18,1.00,0.42,0.00,0.42,0.00,1.00,0.42,0.00,0.42,0.00,4750,4772,1.00,3,1820,0,0,0,0,,,,,1085.75,1085.75,0.00,1085.75,2248.62,1085.75,1085.75,0.00,1085.75,2248.62,1357.18,0.80,0.80,0.00,0.80,1.66,0.80,0.80,0.00,0.80,1.66,41684.68,46494.30,36151.01,39428.29,44946.68,47900.21,48229.53,50546.15,44956.90,19610.00,23609.39,24238.73,28680.00,29415.00,35414.09,36358.10,43020.00,35286.77,25633.82,29255.38,927.49,972.04,0.32,0.38,0.39,0.46,0.41,0.48,0.50,0.58,0.70,0.80,1.00,1.00,0.80,0.80,0.71,0.81,0.47,0.48,0.85,0.88,0.43,0.76,0.74,0.83,0.71,0.73,0.83,0.80,0.74,0.84
CHE,756,2022,5777,5777,1.00,2505,1677,1712,1.49,1.00,44,44,0,0,1,,,,,20100.00,23859.90,24534.82,28680.00,30150.00,35789.85,36802.22,43020.00,,75350.69,0.27,0.32,0.33,0.38,0.40,0.47,0.49,0.57,,4795,4781,4795,1.00,1.00,5,80,104,52,0,0,,,,,1014.34,1014.34,0.00,1014.34,1995.00,1159.24,1159.24,0.00,1159.24,2280.00,1449.05,0.70,0.70,0.00,0.70,1.38,0.80,0.80,0.00,0.80,1.57,4795,4781,5777,1.00,0.83,0,103,13,13,0,0,,,,,1449.05,613.06,0.00,613.06,0.00,1449.05,613.06,0.00,613.06,0.00,1449.05,1.00,0.42,0.00,0.42,0.00,1.00,0.42,0.00,0.42,0.00,4795,4781,1.00,3,1820,0,0,0,0,,,,,1159.24,1159.24,0.00,1159.24,2248.62,1159.24,1159.24,0.00,1159.24,2248.62,1449.05,0.80,0.80,0.00,0.80,1.55,0.80,0.80,0.00,0.80,1.55,44244.61,48984.71,38356.26,41522.68,47638.24,50444.99,51143.75,53274.17,47692.99,20100.00,23859.90,24534.82,28680.00,30150.00,35789.85,36802.22,43020.00,37675.34,27248.14,30832.80,983.53,1024.50,0.31,0.37,0.38,0.43,0.39,0.46,0.47,0.54,0.70,0.80,1.00,1.00,0.80,0.80,0.71,0.81,0.46,0.48,0.85,0.87,0.41,0.76,0.74,0.83,0.71,0.73,0.83,0.80,0.74,0.84
CHE,756,2023,5825,5825,1.00,2546,1709,1743,1.49,1.00,44,44,0,0,1,,,,,20100.00,24370.36,25115.77,29400.00,30150.00,36555.54,37673.65,44100.00,,79118.22,0.25,0.31,0.32,0.37,0.38,0.46,0.48,0.56,,4883,4851,4883,1.00,1.00,5,80,104,52,0,0,,,,,1065.05,1065.05,0.00,1065.05,1995.00,1217.20,1217.20,0.00,1217.20,2280.00,1521.50,0.70,0.70,0.00,0.70,1.31,0.80,0.80,0.00,0.80,1.50,4883,4851,5825,1.00,0.84,0,103,13,13,0,0,,,,,1521.50,643.71,0.00,643.71,0.00,1521.50,643.71,0.00,643.71,0.00,1521.50,1.00,0.42,0.00,0.42,0.00,1.00,0.42,0.00,0.42,0.00,4883,4851,1.00,3,1820,0,0,0,0,,,,,1217.20,1217.20,0.00,1217.20,2248.62,1217.20,1217.20,0.00,1217.20,2248.62,1521.50,0.80,0.80,0.00,0.80,1.48,0.80,0.80,0.00,0.80,1.48,46224.58,50907.89,40056.32,43134.77,49731.19,52442.81,53432.39,55419.99,49796.83,20100.00,24370.36,25115.77,29400.00,30150.00,36555.54,37673.65,44100.00,39559.11,28521.54,32055.04,1027.55,1065.77,0.30,0.36,0.37,0.42,0.38,0.45,0.46,0.53,0.70,0.80,1.00,1.00,0.80,0.80,0.71,0.81,0.46,0.47,0.85,0.87,0.40,0.75,0.73,0.83,0.71,0.73,0.83,0.80,0.74,0.84
GBR,826,2000,27484,38375,0.72,10991,9308,10767,1.18,1.00,44,44,0,0,0,,,,,875.00,5750.78,5810.67,10178.87,1398.69,7417.09,7476.97,11845.18,,16822.67,0.05,0.34,0.35,0.61,0.08,0.44,0.44,0.70,,24300,29070,27484,0.84,0.88,3,26,104,50,0,0,,,,,53.05,53.05,53.05,53.05,53.05,53.05,53.05,53.05,53.05,53.05,323.51,0.16,0.16,0.16,0.16,0.16,0.16,0.16,0.16,0.16,0.16,24300,29070,38375,0.84,0.63,3,28,104,50,0,0,,,,,59.55,59.55,59.55,59.55,59.55,59.55,59.55,59.55,59.55,59.55,323.51,0.18,0.18,0.18,0.18,0.18,0.18,0.18,0.18,0.18,0.18,24300,29070,0.84,3,1820,0,0,0,0,,,,,59.55,59.55,59.55,59.55,59.55,59.55,59.55,59.55,59.55,59.55,323.51,0.18,0.18,0.18,0.18,0.18,0.18,0.18,0.18,0.18,0.18,8332.53,10506.77,8447.45,10658.87,8447.45,10658.87,13114.32,14281.72,12981.72,875.00,5750.78,5810.67,10178.87,1398.69,7417.09,7476.97,11845.18,8411.33,7328.31,8615.40,252.20,274.65,0.08,0.45,0.45,0.79,0.11,0.57,0.58,0.91,0.16,0.16,0.18,0.18,0.18,0.18,0.17,0.33,0.19,0.36,0.19,0.36,0.51,0.21,0.23,0.23,0.17,0.19,0.19,0.25,0.27,0.27
GBR,826,2001,27712,38634,0.72,11104,9373,10817,1.18,1.00,44,44,0,0,0,,,,,926.18,5968.15,6029.79,10325.80,1480.59,7732.17,7793.82,12089.82,,17672.79,0.05,0.34,0.34,0.58,0.08,0.44,0.44,0.68,,24324,29200,27712,0.83,0.88,3,26,104,50,0,0,,,,,53.95,53.95,53.95,53.95,53.95,53.95,53.95,53.95,53.95,53.95,339.86,0.16,0.16,0.16,0.16,0.16,0.16,0.16,0.16,0.16,0.16,25112,29200,38634,0.86,0.65,3,28,104,50,0,0,,,,,60.20,60.20,60.20,60.20,60.20,60.20,60.20,60.20,60.20,60.20,339.86,0.18,0.18,0.18,0.18,0.18,0.18,0.18,0.18,0.18,0.18,25112,29200,0.86,3,1820,0,0,0,0,,,,,60.20,60.20,60.20,60.20,60.20,60.20,60.20,60.20,60.20,60.20,339.86,0.18,0.18,0.18,0.18,0.18,0.18,0.18,0.18,0.18,0.18,8751.38,11001.39,8861.88,11147.64,8861.88,11147.64,13806.30,15027.00,13693.20,926.18,5968.15,6029.79,10325.80,1480.59,7732.17,7793.82,12089.82,8836.40,7741.00,9072.06,265.51,288.98,0.08,0.44,0.44,0.76,0.11,0.56,0.57,0.88,0.16,0.16,0.18,0.18,0.18,0.18,0.17,0.32,0.18,0.35,0.18,0.35,0.50,0.20,0.22,0.22,0.16,0.18,0.18,0.24,0.26,0.26
GBR,826,2002,27944,38900,0.72,11217,9430,10876,1.19,1.00,44,44,0,0,0,,,,,971.68,6134.92,6197.80,10443.28,1553.38,7985.80,8048.68,12294.16,,18564.04,0.05,0.33,0.33,0.56,0.08,0.43,0.43,0.66,,24550,29472,27944,0.83,0.88,3,26,104,50,0,0,,,,,54.65,54.65,54.65,54.65,54.65,54.65,54.65,54.65,54.65,54.65,357.00,0.15,0.15,0.15,0.15,0.15,0.15,0.15,0.15,0.15,0.15,25641,29472,38900,0.87,0.66,3,28,104,50,0,0,,,,,62.20,62.20,62.20,62.20,62.20,62.20,62.20,62.20,62.20,62.20,357.00,0.17,0.17,0.17,0.17,0.17,0.17,0.17,0.17,0.17,0.17,25641,29472,0.87,3,1820,0,0,0,0,,,,,62.20,62.20,62.20,62.20,62.20,62.20,62.20,62.20,62.20,62.20,357.00,0.17,0.17,0.17,0.17,0.17,0.17,0.17,0.17,0.17,0.17,9080.09,11463.03,9213.57,11639.70,9213.57,11639.70,14425.65,15699.65,14332.05,971.68,6134.92,6197.80,10443.28,1553.38,7985.80,8048.68,12294.16,9282.02,8067.07,9500.42,277.42,301.92,0.07,0.43,0.44,0.73,0.11,0.56,0.56,0.86,0.15,0.15,0.17,0.17,0.17,0.17,0.16,0.32,0.18,0.35,0.18,0.35,0.49,0.20,0.22,0.22,0.16,0.18,0.18,0.23,0.26,0.26
GBR,826,2003,28223,39171,0.72,11330,9489,10952,1.19,1.00,44,44,0,0,0,,,,,1000.44,6418.07,6483.55,10879.59,1599.20,8323.23,8388.72,12784.75,,19716.14,0.05,0.33,0.33,0.55,0.08,0.42,0.43,0.65,,24749,29711,28223,0.83,0.88,3,26,104,50,0,0,,,,,55.65,55.65,55.65,55.65,55.65,55.65,55.65,55.65,55.65,55.65,379.16,0.15,0.15,0.15,0.15,0.15,0.15,0.15,0.15,0.15,0.15,26146,29711,39171,0.88,0.67,3,28,104,50,0,0,,,,,63.25,63.25,63.25,63.25,63.25,63.25,63.25,63.25,63.25,63.25,379.16,0.17,0.17,0.17,0.17,0.17,0.17,0.17,0.17,0.17,0.17,26146,29711,0.88,3,1820,0,0,0,0,,,,,63.25,63.25,63.25,63.25,63.25,63.25,63.25,63.25,63.25,63.25,379.16,0.17,0.17,0.17,0.17,0.17,0.17,0.17,0.17,0.17,0.17,9411.91,11870.50,9544.30,12046.37,9544.30,12046.37,15047.39,16814.39,15514.39,1000.44,6418.07,6483.55,10879.59,1599.20,8323.23,8388.72,12784.75,9858.07,8403.49,9932.76,289.37,323.35,0.07,0.43,0.44,0.73,0.10,0.54,0.54,0.82,0.15,0.15,0.17,0.17,0.17,0.17,0.15,0.28,0.17,0.31,0.17,0.31,0.48,0.18,0.20,0.20,0.15,0.17,0.17,0.21,0.24,0.24
GBR,826,2004,28533,39462,0.72,11444,9550,11047,1.20,1.00,44,44,0,0,0,,,,,1027.73,6666.79,6734.00,11313.30,1642.91,8624.17,8691.38,13270.68,,20520.44,0.05,0.32,0.33,0.55,0.08,0.42,0.42,0.65,,24953,29955,28533,0.83,0.87,3,26,104,50,0,0,,,,,56.20,56.20,56.20,56.20,56.20,56.20,56.20,56.20,56.20,56.20,394.62,0.14,0.14,0.14,0.14,0.14,0.14,0.14,0.14,0.14,0.14,27559,29955,39462,0.92,0.70,3,28,104,50,0,0,,,,,64.35,64.35,64.35,64.35,64.35,64.35,64.35,64.35,64.35,64.35,394.62,0.16,0.16,0.16,0.16,0.16,0.16,0.16,0.16,0.16,0.16,27559,29955,0.92,3,1820,0,0,0,0,,,,,64.35,64.35,64.35,64.35,64.35,64.35,64.35,64.35,64.35,64.35,394.62,0.16,0.16,0.16,0.16,0.16,0.16,0.16,0.16,0.16,0.16,9716.20,12386.61,9858.17,12575.20,9858.17,12575.20,15611.54,17534.54,16101.94,1027.73,6666.79,6734.00,11313.30,1642.91,8624.17,8691.38,13270.68,10260.22,8709.90,10369.85,300.22,337.20,0.07,0.43,0.43,0.73,0.10,0.54,0.54,0.82,0.14,0.14,0.16,0.16,0.16,0.16,0.15,0.28,0.17,0.31,0.17,0.31,0.48,0.18,0.20,0.20,0.14,0.16,0.16,0.21,0.24,0.24
GBR,826,2005,28853,39892,0.72,11557,9615,11151,1.20,1.00,44,44,0,0,0,,,,,1058.61,6955.03,7024.36,11529.63,1692.63,8972.38,9041.72,13546.98,,21411.69,0.05,0.32,0.33,0.54,0.08,0.42,0.42,0.63,,25140,30316,28853,0.83,0.87,3,26,104,50,0,0,,,,,57.45,57.45,57.45,57.45,57.45,57.45,57.45,57.45,57.45,57.45,411.76,0.14,0.14,0.14,0.14,0.14,0.14,0.14,0.14,0.14,0.14,28150,30316,39892,0.93,0.71,3,28,104,50,0,0,,,,,66.15,66.15,66.15,66.15,66.15,66.15,66.15,66.15,66.15,66.15,411.76,0.16,0.16,0.16,0.16,0.16,0.16,0.16,0.16,0.16,0.16,28150,30316,0.93,3,1820,0,0,0,0,,,,,66.15,66.15,66.15,66.15,66.15,66.15,66.15,66.15,66.15,66.15,411.76,0.16,0.16,0.16,0.16,0.16,0.16,0.16,0.16,0.16,0.16,10093.68,12872.08,10245.23,13073.39,10245.23,13073.39,16265.81,18233.01,16756.21,1058.61,6955.03,7024.36,11529.63,1692.63,8972.38,9041.72,13546.98,10705.84,9065.60,10804.28,312.80,350.63,0.07,0.43,0.44,0.71,0.10,0.54,0.54,0.81,0.14,0.14,0.16,0.16,0.16,0.16,0.14,0.28,0.16,0.31,0.16,0.31,0.48,0.18,0.20,0.20,0.14,0.16,0.16,0.21,0.23,0.23
GBR,826,2006,29141,40304,0.72,11642,9654,11256,1.21,1.00,44,44,0,0,0,,,,,1088.02,7205.64,7276.63,11879.61,1740.08,9280.39,9351.38,13954.35,,21917.66,0.05,0.33,0.33,0.54,0.08,0.42,0.43,0.64,,25449,30810,29141,0.83,0.87,3,26,104,50,0,0,,,,,59.15,59.15,59.15,59.15,59.15,59.15,59.15,59.15,59.15,59.15,421.49,0.14,0.14,0.14,0.14,0.14,0.14,0.14,0.14,0.14,0.14,28499,30810,40304,0.93,0.71,3,28,104,50,0,0,,,,,68.20,68.20,68.20,68.20,68.20,68.20,68.20,68.20,68.20,68.20,421.49,0.16,0.16,0.16,0.16,0.16,0.16,0.16,0.16,0.16,0.16,28499,30810,0.93,3,1820,0,0,0,0,,,,,68.20,68.20,68.20,68.20,68.20,68.20,68.20,68.20,68.20,68.20,421.49,0.16,0.16,0.16,0.16,0.16,0.16,0.16,0.16,0.16,0.16,10293.35,13192.73,10451.00,13402.15,10451.00,13402.15,16605.37,18666.17,17150.37,1088.02,7205.64,7276.63,11879.61,1740.08,9280.39,9351.38,13954.35,10958.83,9262.96,11066.10,319.33,358.96,0.07,0.43,0.44,0.72,0.10,0.54,0.55,0.81,0.14,0.14,0.16,0.16,0.16,0.16,0.14,0.28,0.16,0.31,0.16,0.31,0.49,0.18,0.20,0.20,0.14,0.16,0.16,0.21,0.23,0.23
GBR,826,2007,29379,40691,0.72,11846,9743,11418,1.22,1.00,44,44,0,0,0,,,,,1124.90,7549.25,7623.25,12432.07,1798.90,9693.79,9767.79,14576.61,,22952.59,0.05,0.33,0.33,0.54,0.08,0.42,0.43,0.64,,25633,31032,29379,0.83,0.87,3,26,104,50,0,0,,,,,60.50,60.50,60.50,60.50,60.50,60.50,60.50,60.50,60.50,60.50,441.40,0.14,0.14,0.14,0.14,0.14,0.14,0.14,0.14,0.14,0.14,28705,31032,40691,0.93,0.71,3,28,104,50,0,0,,,,,70.05,70.05,70.05,70.05,70.05,70.05,70.05,70.05,70.05,70.05,441.40,0.16,0.16,0.16,0.16,0.16,0.16,0.16,0.16,0.16,0.16,28705,31032,0.93,3,1820,0,0,0,0,,,,,70.05,70.05,70.05,70.05,70.05,70.05,70.05,70.05,70.05,70.05,441.40,0.16,0.16,0.16,0.16,0.16,0.16,0.16,0.16,0.16,0.16,10732.13,13756.27,10898.49,13977.26,10898.49,13977.26,17367.34,19482.74,17912.34,1124.90,7549.25,7623.25,12432.07,1798.90,9693.79,9767.79,14576.61,11476.30,9678.22,11571.10,333.99,374.67,0.06,0.43,0.44,0.72,0.10,0.54,0.55,0.81,0.14,0.14,0.16,0.16,0.16,0.16,0.14,0.28,0.16,0.30,0.16,0.30,0.49,0.17,0.20,0.20,0.14,0.16,0.16,0.21,0.23,0.23
GBR,826,2008,29628,40993,0.72,12075,9894,11643,1.22,1.00,44,44,0,0,0,,,,,1167.96,7897.74,7974.75,12758.62,1867.79,10124.48,10201.49,14985.36,,23734.54,0.05,0.33,0.34,0.54,0.08,0.43,0.43,0.63,,25948,31414,29628,0.83,0.88,3,26,104,50,0,0,,,,,64.30,64.30,64.30,64.30,64.30,64.30,64.30,64.30,64.30,64.30,456.43,0.14,0.14,0.14,0.14,0.14,0.14,0.14,0.14,0.14,0.14,29057,31414,40993,0.93,0.71,3,28,104,50,0,0,,,,,72.55,72.55,72.55,72.55,72.55,72.55,72.55,72.55,72.55,72.55,456.43,0.16,0.16,0.16,0.16,0.16,0.16,0.16,0.16,0.16,0.16,29057,31414,0.93,3,1820,0,0,0,0,,,,,72.55,72.55,72.55,72.55,72.55,72.55,72.55,72.55,72.55,72.55,456.43,0.16,0.16,0.16,0.16,0.16,0.16,0.16,0.16,0.16,0.16,11149.56,14280.57,11297.56,14471.48,11297.56,14471.48,18184.43,20359.63,18729.43,1167.96,7897.74,7974.75,12758.62,1867.79,10124.48,10201.49,14985.36,11867.27,9996.02,11977.57,349.70,391.53,0.06,0.43,0.44,0.70,0.10,0.54,0.54,0.80,0.14,0.14,0.16,0.16,0.16,0.16,0.14,0.27,0.16,0.30,0.16,0.30,0.49,0.17,0.19,0.19,0.14,0.16,0.16,0.21,0.23,0.23
GBR,826,2009,29154,41206,0.71,12304,10072,11864,1.22,1.00,44,44,0,0,0,,,,,1194.12,8022.12,8099.25,13305.06,1956.19,10446.88,10524.00,15729.82,,24150.63,0.05,0.33,0.34,0.55,0.08,0.43,0.44,0.65,,26065,31556,29154,0.83,0.89,3,26,104,50,0,0,,,,,65.45,65.45,65.45,65.45,65.45,65.45,65.45,65.45,65.45,65.45,464.44,0.14,0.14,0.14,0.14,0.14,0.14,0.14,0.14,0.14,0.14,29190,31556,41206,0.93,0.71,3,28,104,50,0,0,,,,,75.40,75.40,75.40,75.40,75.40,75.40,75.40,75.40,75.40,75.40,464.44,0.16,0.16,0.16,0.16,0.16,0.16,0.16,0.16,0.16,0.16,29190,31556,0.93,3,1820,0,0,0,0,,,,,75.40,75.40,75.40,75.40,75.40,75.40,75.40,75.40,75.40,75.40,464.44,0.16,0.16,0.16,0.16,0.16,0.16,0.16,0.16,0.16,0.16,11431.77,14618.57,11610.27,14848.82,11610.27,14848.82,18589.56,20860.96,19134.56,1194.12,8022.12,8099.25,13305.06,1956.19,10446.88,10524.00,15729.82,12075.32,10257.60,12240.86,357.49,401.17,0.06,0.43,0.44,0.72,0.10,0.55,0.55,0.82,0.14,0.14,0.16,0.16,0.16,0.16,0.14,0.28,0.16,0.30,0.16,0.30,0.49,0.17,0.20,0.20,0.14,0.16,0.16,0.21,0.23,0.23
GBR,826,2010,29227,41444,0.71,12541,10263,11703,1.22,1.00,44,44,0,0,0,,,,,1251.80,8391.02,8471.01,13774.77,2017.28,10826.63,10906.62,16210.38,,25382.70,0.05,0.33,0.33,0.54,0.08,0.43,0.43,0.64,,26213,31723,29227,0.83,0.90,3,26,104,50,0,0,,,,,67.50,67.50,67.50,67.50,67.50,67.50,67.50,67.50,67.50,67.50,488.13,0.14,0.14,0.14,0.14,0.14,0.14,0.14,0.14,0.14,0.14,29092,31723,41444,0.92,0.70,3,28,104,50,0,0,,,,,79.15,79.15,79.15,79.15,79.15,79.15,79.15,79.15,79.15,79.15,488.13,0.16,0.16,0.16,0.16,0.16,0.16,0.16,0.16,0.16,0.16,29092,31723,0.92,3,1820,0,0,0,0,,,,,79.15,79.15,79.15,79.15,79.15,79.15,79.15,79.15,79.15,79.15,488.13,0.16,0.16,0.16,0.16,0.16,0.16,0.16,0.16,0.16,0.16,11891.63,15238.30,12100.63,15507.88,12100.63,15507.88,19437.71,21735.11,19982.71,1251.80,8391.02,8471.01,13774.77,2017.28,10826.63,10906.62,16210.38,12691.35,10680.68,12800.15,373.80,417.98,0.06,0.43,0.44,0.71,0.10,0.54,0.55,0.81,0.14,0.14,0.16,0.16,0.16,0.16,0.14,0.27,0.16,0.30,0.16,0.30,0.49,0.17,0.20,0.20,0.14,0.16,0.16,0.21,0.23,0.23
GBR,826,2011,29374,41711,0.70,12616,10458,11925,1.21,1.00,30,30,0,0,0,,,,,1313.22,8831.23,8915.29,14359.38,2099.99,11334.58,11418.63,16862.72,,25738.06,0.05,0.34,0.35,0.56,0.08,0.44,0.44,0.66,,26532,31966,29374,0.83,0.90,3,26,104,50,0,0,,,,,67.50,67.50,67.50,67.50,67.50,67.50,67.50,67.50,67.50,67.50,494.96,0.14,0.14,0.14,0.14,0.14,0.14,0.14,0.14,0.14,0.14,29729,31966,41711,0.93,0.71,3,28,104,50,0,0,,,,,79.15,79.15,79.15,79.15,79.15,79.15,79.15,79.15,79.15,79.15,494.96,0.16,0.16,0.16,0.16,0.16,0.16,0.16,0.16,0.16,0.16,29729,31966,0.93,3,1820,0,0,0,0,,,,,79.15,79.15,79.15,79.15,79.15,79.15,79.15,79.15,79.15,79.15,494.96,0.16,0.16,0.16,0.16,0.16,0.16,0.16,0.16,0.16,0.16,12306.34,15488.55,12512.31,15755.10,12512.31,15755.10,19863.88,22161.28,20408.88,1313.22,8831.23,8915.29,14359.38,2099.99,11334.58,11418.63,16862.72,12869.03,11112.94,13067.95,382.00,426.18,0.07,0.44,0.45,0.72,0.10,0.56,0.56,0.83,0.14,0.14,0.16,0.16,0.16,0.16,0.14,0.27,0.16,0.30,0.16,0.30,0.50,0.17,0.19,0.19,0.14,0.16,0.16,0.20,0.23,0.23
GBR,826,2012,29694,41650,0.71,12767,10841,12184,1.18,1.00,30,30,0,0,0,,,,,1379.52,9366.74,9454.10,14897.67,2206.26,11997.27,12084.63,17528.20,,26194.95,0.05,0.36,0.36,0.57,0.08,0.46,0.46,0.67,,26779,32264,29694,0.83,0.90,3,26,104,50,0,0,,,,,71.00,71.00,71.00,71.00,71.00,71.00,71.00,71.00,71.00,71.00,503.75,0.14,0.14,0.14,0.14,0.14,0.14,0.14,0.14,0.14,0.14,30006,32264,41650,0.93,0.72,3,28,104,50,0,0,,,,,81.60,81.60,81.60,81.60,81.60,81.60,81.60,81.60,81.60,81.60,503.75,0.16,0.16,0.16,0.16,0.16,0.16,0.16,0.16,0.16,0.16,30006,32264,0.93,3,1820,0,0,0,0,,,,,81.60,81.60,81.60,81.60,81.60,81.60,81.60,81.60,81.60,81.60,503.75,0.16,0.16,0.16,0.16,0.16,0.16,0.16,0.16,0.16,0.16,12695.16,15815.26,12882.57,16057.79,12882.57,16057.79,20346.17,24575.84,20346.17,1379.52,9366.74,9454.10,14897.67,2206.26,11997.27,12084.63,17528.20,13097.48,11439.88,13314.58,391.27,472.61,0.07,0.46,0.46,0.73,0.11,0.59,0.59,0.86,0.14,0.14,0.16,0.16,0.16,0.16,0.14,0.22,0.16,0.24,0.16,0.24,0.53,0.16,0.18,0.18,0.14,0.16,0.16,0.18,0.20,0.20
GBR,826,2013,30042,41667,0.72,12861,11132,12101,1.16,1.00,30,30,0,0,0,,,,,1423.07,9810.17,9900.40,15370.60,2275.80,12523.42,12613.65,18083.85,,26829.51,0.05,0.37,0.37,0.57,0.08,0.47,0.47,0.67,,26986,32514,30042,0.83,0.90,3,26,104,50,0,0,,,,,71.70,71.70,71.70,71.70,71.70,71.70,71.70,71.70,71.70,71.70,515.95,0.14,0.14,0.14,0.14,0.14,0.14,0.14,0.14,0.14,0.14,30238,32514,41667,0.93,0.73,3,28,104,50,0,0,,,,,85.85,85.85,85.85,85.85,85.85,85.85,85.85,85.85,85.85,85.85,515.95,0.17,0.17,0.17,0.17,0.17,0.17,0.17,0.17,0.17,0.17,30238,32514,0.93,3,1820,0,0,0,0,,,,,85.85,85.85,85.85,85.85,85.85,85.85,85.85,85.85,85.85,85.85,515.95,0.17,0.17,0.17,0.17,0.17,0.17,0.17,0.17,0.17,0.17,13208.29,16128.48,13458.46,16452.23,13458.46,16452.23,21062.67,25112.17,21062.67,1423.07,9810.17,9900.40,15370.60,2275.80,12523.42,12613.65,18083.85,13414.75,11940.63,13611.78,405.05,482.93,0.07,0.47,0.47,0.73,0.11,0.59,0.60,0.86,0.14,0.14,0.17,0.17,0.17,0.17,0.14,0.22,0.17,0.25,0.17,0.25,0.53,0.16,0.19,0.19,0.14,0.17,0.17,0.18,0.21,0.21
GBR,826,2014,30752,41782,0.74,12951,11407,12350,1.14,1.00,30,30,0,0,0,,,,,1460.60,10201.31,10294.03,15757.18,2336.08,12986.94,13079.66,18542.81,,27362.55,0.05,0.37,0.38,0.58,0.09,0.47,0.48,0.68,,27205,32777,30752,0.83,0.88,3,26,104,50,0,0,,,,,72.40,72.40,72.40,72.40,72.40,72.40,72.40,72.40,72.40,72.40,526.20,0.14,0.14,0.14,0.14,0.14,0.14,0.14,0.14,0.14,0.14,30483,32777,41782,0.93,0.73,3,28,104,50,0,0,,,,,87.55,87.55,87.55,87.55,87.55,87.55,87.55,87.55,87.55,87.55,526.20,0.17,0.17,0.17,0.17,0.17,0.17,0.17,0.17,0.17,0.17,30483,32777,0.93,3,1820,0,0,0,0,,,,,87.55,87.55,87.55,87.55,87.55,87.55,87.55,87.55,87.55,87.55,526.20,0.17,0.17,0.17,0.17,0.17,0.17,0.17,0.17,0.17,0.17,13538.02,16421.35,13805.87,16767.99,13805.87,16767.99,21561.25,25520.41,21561.25,1460.60,10201.31,10294.03,15757.18,2336.08,12986.94,13079.66,18542.81,13681.27,12257.99,13879.54,414.64,490.78,0.07,0.47,0.48,0.73,0.11,0.60,0.61,0.86,0.14,0.14,0.17,0.17,0.17,0.17,0.14,0.22,0.17,0.25,0.17,0.25,0.54,0.16,0.19,0.19,0.14,0.17,0.17,0.18,0.21,0.21
GBR,826,2015,31285,41968,0.75,12958,11611,12574,1.12,1.00,30,30,0,0,0,,,,,1497.97,10509.22,10602.97,16152.94,2395.88,13366.20,13459.94,19009.91,,27743.29,0.05,0.38,0.38,0.58,0.09,0.48,0.49,0.69,,27856,33065,31285,0.84,0.89,7,26,104,50,0,0,,,,,73.10,73.10,73.10,73.10,73.10,73.10,73.10,73.10,73.10,73.10,533.52,0.14,0.14,0.14,0.14,0.14,0.14,0.14,0.14,0.14,0.14,30944,33065,41968,0.94,0.74,3,28,104,50,0,0,,,,,88.45,88.45,88.45,88.45,88.45,88.45,88.45,88.45,88.45,88.45,533.52,0.17,0.17,0.17,0.17,0.17,0.17,0.17,0.17,0.17,0.17,30944,33065,0.94,3,1820,0,0,0,0,,,,,88.45,88.45,88.45,88.45,88.45,88.45,88.45,88.45,88.45,88.45,533.52,0.17,0.17,0.17,0.17,0.17,0.17,0.17,0.17,0.17,0.17,13812.33,16635.58,14083.71,16986.78,14083.71,16986.78,21952.64,25883.89,21952.64,1497.97,10509.22,10602.97,16152.94,2395.88,13366.20,13459.94,19009.91,13871.65,12519.92,14068.65,422.17,497.77,0.07,0.48,0.48,0.74,0.11,0.61,0.61,0.87,0.14,0.14,0.17,0.17,0.17,0.17,0.14,0.22,0.17,0.25,0.17,0.25,0.54,0.16,0.19,0.19,0.14,0.17,0.17,0.18,0.21,0.21
GBR,826,2016,31746,42157,0.75,12948,11814,12417,1.10,1.00,30,30,0,0,0,,,,,1539.89,10848.31,10943.31,16572.26,2462.82,13784.90,13879.90,19508.85,,28170.03,0.05,0.39,0.39,0.59,0.09,0.49,0.49,0.69,,28372,33378,31746,0.85,0.89,7,26,104,50,0,0,,,,,73.10,73.10,73.10,73.10,73.10,73.10,73.10,73.10,73.10,73.10,541.73,0.13,0.13,0.13,0.13,0.13,0.13,0.13,0.13,0.13,0.13,31376,33378,42157,0.94,0.74,3,28,104,50,0,0,,,,,88.45,88.45,88.45,88.45,88.45,88.45,88.45,88.45,88.45,88.45,541.73,0.16,0.16,0.16,0.16,0.16,0.16,0.16,0.16,0.16,0.16,31376,33378,0.94,3,1820,0,0,0,0,,,,,88.45,88.45,88.45,88.45,88.45,88.45,88.45,88.45,88.45,88.45,541.73,0.16,0.16,0.16,0.16,0.16,0.16,0.16,0.16,0.16,0.16,14037.42,16823.34,14308.81,17174.55,14308.81,17174.55,22322.82,26299.11,22542.82,1539.89,10848.31,10943.31,16572.26,2462.82,13784.90,13879.90,19508.85,14085.01,12745.01,14256.41,429.28,505.75,0.07,0.49,0.49,0.74,0.11,0.61,0.62,0.87,0.13,0.13,0.16,0.16,0.16,0.16,0.13,0.21,0.16,0.24,0.16,0.24,0.55,0.15,0.18,0.18,0.13,0.16,0.16,0.17,0.20,0.20
GBR,826,2017,32060,42243,0.76,12884,11989,12612,1.07,1.00,30,30,0,0,0,,,,,2355.79,14481.66,14579.12,20241.33,2355.79,14481.66,14579.12,20241.33,,29430.98,0.08,0.49,0.50,0.69,0.08,0.49,0.50,0.69,,28506,33536,32060,0.85,0.89,7,26,104,50,0,0,,,,,73.10,73.10,73.10,73.10,73.10,73.10,73.10,73.10,73.10,73.10,565.98,0.13,0.13,0.13,0.13,0.13,0.13,0.13,0.13,0.13,0.13,31524,33536,42243,0.94,0.75,3,28,104,50,0,0,,,,,88.45,88.45,88.45,88.45,88.45,88.45,88.45,88.45,88.45,88.45,565.98,0.16,0.16,0.16,0.16,0.16,0.16,0.16,0.16,0.16,0.16,31524,33536,0.94,3,1820,0,0,0,0,,,,,88.45,88.45,88.45,88.45,88.45,88.45,88.45,88.45,88.45,88.45,565.98,0.16,0.16,0.16,0.16,0.16,0.16,0.16,0.16,0.16,0.16,14578.62,17390.64,14850.01,17741.85,14850.01,17741.85,23292.75,26762.04,23522.75,2355.79,14481.66,14579.12,20241.33,2355.79,14481.66,14579.12,20241.33,14715.49,13286.21,14823.71,447.94,514.65,0.10,0.62,0.63,0.87,0.10,0.62,0.62,0.86,0.13,0.13,0.16,0.16,0.16,0.16,0.13,0.22,0.16,0.24,0.16,0.24,0.62,0.15,0.18,0.18,0.13,0.16,0.16,0.17,0.20,0.20
GBR,826,2018,32443,42359,0.77,12748,12166,12809,1.05,1.00,30,30,0,0,0,,,,,2423.76,14966.18,15067.49,20693.05,2423.76,14966.18,15067.49,20693.05,,30293.70,0.08,0.49,0.50,0.68,0.08,0.49,0.50,0.68,,28750,33823,32443,0.85,0.89,7,26,104,50,0,0,,,,,73.10,73.10,73.10,73.10,73.10,73.10,73.10,73.10,73.10,73.10,582.57,0.13,0.13,0.13,0.13,0.13,0.13,0.13,0.13,0.13,0.13,31794,33823,42359,0.94,0.75,3,28,104,50,0,0,,,,,89.35,89.35,89.35,89.35,89.35,89.35,89.35,89.35,89.35,89.35,582.57,0.15,0.15,0.15,0.15,0.15,0.15,0.15,0.15,0.15,0.15,31794,33823,0.94,3,1820,0,0,0,0,,,,,89.35,89.35,89.35,89.35,89.35,89.35,89.35,89.35,89.35,89.35,582.57,0.15,0.15,0.15,0.15,0.15,0.15,0.15,0.15,0.15,0.15,14973.15,17801.43,15260.45,18173.23,15260.45,18173.23,23980.59,27104.18,24218.59,2423.76,14966.18,15067.49,20693.05,2423.76,14966.18,15067.49,20693.05,15146.85,13680.74,15234.51,461.17,521.23,0.10,0.62,0.63,0.86,0.10,0.62,0.62,0.85,0.13,0.13,0.15,0.15,0.15,0.15,0.13,0.22,0.15,0.25,0.15,0.25,0.62,0.15,0.18,0.18,0.13,0.15,0.15,0.17,0.20,0.20
GBR,826,2019,32794,42461,0.77,12621,12375,12272,1.02,1.00,30,30,0,0,0,,,,,2488.94,15167.12,15462.62,21101.77,2488.94,15167.12,15462.62,21101.77,,31429.87,0.08,0.48,0.49,0.67,0.08,0.48,0.49,0.67,,28987,34102,32794,0.85,0.88,7,26,104,50,0,0,,,,,73.10,73.10,73.10,73.10,73.10,73.10,73.10,73.10,73.10,73.10,604.42,0.12,0.12,0.12,0.12,0.12,0.12,0.12,0.12,0.12,0.12,32056,34102,42461,0.94,0.75,3,28,104,50,0,0,,,,,92.05,92.05,92.05,92.05,92.05,92.05,92.05,92.05,92.05,92.05,604.42,0.15,0.15,0.15,0.15,0.15,0.15,0.15,0.15,0.15,0.15,32056,34102,0.94,3,1820,0,0,0,0,,,,,92.05,92.05,92.05,92.05,92.05,92.05,92.05,92.05,92.05,92.05,604.42,0.15,0.15,0.15,0.15,0.15,0.15,0.15,0.15,0.15,0.15,15514.40,18326.31,15849.44,18759.88,15849.44,18759.88,24908.15,27577.90,25158.15,2488.94,15167.12,15462.62,21101.77,2488.94,15167.12,15462.62,21101.77,15714.93,14221.99,15759.38,479.00,530.34,0.10,0.61,0.62,0.85,0.10,0.60,0.61,0.84,0.12,0.12,0.15,0.15,0.15,0.15,0.12,0.22,0.15,0.25,0.15,0.25,0.61,0.15,0.18,0.18,0.12,0.15,0.15,0.17,0.20,0.20
GBR,826,2020,32509,42598,0.76,12418,12509,12395,0.99,1.00,30,30,0,0,0,,,,,2578.26,15454.57,15956.56,21030.31,2578.26,15454.57,15956.56,21030.31,,32203.23,0.08,0.48,0.50,0.65,0.08,0.48,0.50,0.65,,28952,34061,32509,0.85,0.89,7,26,104,50,0,0,,,,,74.35,74.35,74.35,74.35,74.35,74.35,74.35,74.35,74.35,74.35,619.29,0.12,0.12,0.12,0.12,0.12,0.12,0.12,0.12,0.12,0.12,32017,34061,42598,0.94,0.75,3,28,104,50,0,0,,,,,95.85,95.85,95.85,95.85,95.85,95.85,95.85,95.85,95.85,95.85,619.29,0.15,0.15,0.15,0.15,0.15,0.15,0.15,0.15,0.15,0.15,32017,34061,0.94,3,1820,0,0,0,0,,,,,95.85,95.85,95.85,95.85,95.85,95.85,95.85,95.85,95.85,95.85,619.29,0.15,0.15,0.15,0.15,0.15,0.15,0.15,0.15,0.15,0.15,15903.61,18830.55,16283.73,19322.47,16283.73,19322.47,25538.20,29197.17,25788.20,2578.26,15454.57,15956.56,21030.31,2578.26,15454.57,15956.56,21030.31,16101.61,14589.10,16219.42,491.12,561.48,0.10,0.61,0.62,0.82,0.10,0.60,0.62,0.82,0.12,0.12,0.15,0.15,0.15,0.15,0.12,0.20,0.15,0.24,0.15,0.24,0.60,0.14,0.18,0.18,0.12,0.15,0.15,0.16,0.20,0.20
GBR,826,2021,32407,42940,0.75,12409,12537,12423,0.99,1.00,30,30,0,0,0,,,,,2651.80,15598.50,16309.36,21441.40,2651.80,15598.50,16309.36,21441.40,,33875.51,0.08,0.46,0.48,0.63,0.08,0.46,0.48,0.63,,28842,33932,32407,0.85,0.89,7,26,104,50,0,0,,,,,74.70,74.70,74.70,74.70,74.70,74.70,74.70,74.70,74.70,74.70,651.45,0.11,0.11,0.11,0.11,0.11,0.11,0.11,0.11,0.11,0.11,31896,33932,42940,0.94,0.74,3,28,104,50,0,0,,,,,96.35,96.35,96.35,96.35,96.35,96.35,96.35,96.35,96.35,96.35,651.45,0.15,0.15,0.15,0.15,0.15,0.15,0.15,0.15,0.15,0.15,31896,33932,0.94,3,1820,0,0,0,0,,,,,96.35,96.35,96.35,96.35,96.35,96.35,96.35,96.35,96.35,96.35,651.45,0.15,0.15,0.15,0.15,0.15,0.15,0.15,0.15,0.15,0.15,16500.53,19590.32,16883.30,20085.67,16883.30,20085.67,26697.51,28777.31,26949.51,2651.80,15598.50,16309.36,21441.40,2651.80,15598.50,16309.36,21441.40,16937.76,15179.83,16967.29,513.41,553.41,0.10,0.58,0.61,0.80,0.10,0.58,0.61,0.80,0.11,0.11,0.15,0.15,0.15,0.15,0.11,0.22,0.15,0.26,0.15,0.26,0.58,0.14,0.18,0.18,0.11,0.15,0.15,0.17,0.21,0.21
GBR,826,2022,32848,43060,0.76,12543,12733,12617,0.99,0.99,30,30,0,0,0,,,,,2729.98,16146.04,17134.07,22059.11,2729.98,16146.04,17134.07,22059.11,,34123.55,0.08,0.47,0.50,0.65,0.08,0.47,0.50,0.65,,29013,34133,32848,0.85,0.88,7,26,104,50,0,0,,,,,77.00,77.00,77.00,77.00,77.00,77.00,77.00,77.00,77.00,77.00,656.22,0.12,0.12,0.12,0.12,0.12,0.12,0.12,0.12,0.12,0.12,32085,34133,43060,0.94,0.75,3,28,104,50,0,0,,,,,99.35,99.35,99.35,99.35,99.35,99.35,99.35,99.35,99.35,99.35,656.22,0.15,0.15,0.15,0.15,0.15,0.15,0.15,0.15,0.15,0.15,32085,34133,0.94,3,1820,0,0,0,0,,,,,99.35,99.35,99.35,99.35,99.35,99.35,99.35,99.35,99.35,99.35,656.22,0.15,0.15,0.15,0.15,0.15,0.15,0.15,0.15,0.15,0.15,16662.97,19846.72,17058.11,20358.09,17058.11,20358.09,26903.61,29295.66,27155.61,2729.98,16146.04,17134.07,22059.11,2729.98,16146.04,17134.07,22059.11,17061.77,15301.61,17142.46,517.38,563.38,0.10,0.60,0.64,0.82,0.10,0.59,0.63,0.81,0.12,0.12,0.15,0.15,0.15,0.15,0.12,0.22,0.15,0.26,0.15,0.26,0.60,0.14,0.18,0.18,0.12,0.15,0.15,0.17,0.21,0.21
GBR,826,2023,33158,43587,0.76,12694,12868,12751,0.99,1.00,30,30,0,0,0,,,,,2958.94,17571.14,18951.74,23398.90,2958.94,17571.14,18951.74,23398.90,,35147.25,0.08,0.50,0.54,0.67,0.08,0.50,0.54,0.67,,29368,34550,33158,0.85,0.89,7,26,104,50,0,0,,,,,84.80,84.80,84.80,84.80,84.80,84.80,84.80,84.80,84.80,84.80,675.91,0.13,0.13,0.13,0.13,0.13,0.13,0.13,0.13,0.13,0.13,32477,34550,43587,0.94,0.75,3,28,104,50,0,0,,,,,109.40,109.40,109.40,109.40,109.40,109.40,109.40,109.40,109.40,109.40,675.91,0.16,0.16,0.16,0.16,0.16,0.16,0.16,0.16,0.16,0.16,32477,34550,0.94,3,1820,0,0,0,0,,,,,109.40,109.40,109.40,109.40,109.40,109.40,109.40,109.40,109.40,109.40,675.91,0.16,0.16,0.16,0.16,0.16,0.16,0.16,0.16,0.16,0.16,17471.73,20988.21,17906.66,21551.06,17906.66,21551.06,27922.53,30247.33,28172.53,2958.94,17571.14,18951.74,23398.90,2958.94,17571.14,18951.74,23398.90,17573.63,15972.47,18010.59,536.97,581.68,0.11,0.63,0.68,0.84,0.11,0.62,0.67,0.83,0.13,0.13,0.16,0.16,0.16,0.16,0.13,0.24,0.16,0.29,0.16,0.29,0.63,0.15,0.19,0.19,0.13,0.16,0.16,0.18,0.23,0.23
USA,840,2000,142990,179110,0.80,32160,35070,33092,0.92,0.97,50,45,0,0,0,,,,,6156.00,12267.93,13333.20,17223.60,9228.00,18401.89,19999.80,25835.40,,29839.26,0.21,0.41,0.45,0.58,0.31,0.62,0.67,0.87,,104820,142583,126535,0.74,0.83,7,26,0,0,0,0,,,,,286.92,286.92,39.50,286.92,285.00,304.92,304.92,57.50,304.92,303.00,573.83,0.50,0.50,0.07,0.50,0.50,0.53,0.53,0.10,0.53,0.53,0,142583,179110,1.00,0.00,0,0,0,0,0,0,,,,,0.00,0.00,0.00,0.00,0.00,0.00,0.00,0.00,0.00,0.00,573.83,0.00,0.00,0.00,0.00,0.00,0.00,0.00,0.00,0.00,0.00,127141,142583,0.89,7,1820,0,0,0,0,,,,,382.55,382.55,0.00,382.55,531.00,382.55,382.55,0.00,382.55,531.00,573.83,0.67,0.67,0.00,0.67,0.93,0.67,0.67,0.00,0.67,0.93,16993.97,22202.15,11742.64,17746.41,21689.06,27692.83,22245.31,25651.56,23250.27,6156.00,12267.93,13333.20,17223.60,9228.00,18401.89,19999.80,25835.40,14919.63,11742.64,17746.41,427.79,493.30,0.28,0.49,0.52,0.66,0.39,0.71,0.77,0.96,0.50,0.53,0.00,0.00,0.89,0.78,0.50,0.56,0.00,0.00,0.95,1.26,0.60,0.52,0.00,0.97,0.50,0.00,0.92,0.55,0.00,1.00
USA,840,2001,144902,181421,0.80,32481,35290,33348,0.92,0.97,50,45,0,0,0,,,,,6372.00,12980.74,14123.92,18458.40,9552.00,19471.10,21185.89,27687.60,,30783.95,0.21,0.42,0.46,0.60,0.31,0.63,0.69,0.90,,104108,143734,126690,0.72,0.82,7,26,0,0,0,0,,,,,296.00,296.00,39.50,296.00,300.00,314.00,314.00,57.50,314.00,318.00,592.00,0.50,0.50,0.07,0.50,0.51,0.53,0.53,0.10,0.53,0.54,0,143734,181421,1.00,0.00,0,0,0,0,0,0,,,,,0.00,0.00,0.00,0.00,0.00,0.00,0.00,0.00,0.00,0.00,592.00,0.00,0.00,0.00,0.00,0.00,0.00,0.00,0.00,0.00,0.00,126972,143734,0.88,7,1820,0,0,0,0,,,,,394.67,394.67,0.00,394.67,551.50,394.67,394.67,0.00,394.67,551.50,592.00,0.67,0.67,0.00,0.67,0.93,0.67,0.67,0.00,0.67,0.93,17572.67,23092.49,12140.46,18478.07,22401.78,28739.39,23004.89,25962.99,22592.66,6372.00,12980.74,14123.92,18458.40,9552.00,19471.10,21185.89,27687.60,15391.97,12140.46,18478.07,442.40,499.29,0.28,0.50,0.54,0.68,0.41,0.78,0.83,1.01,0.50,0.53,0.00,0.00,0.89,0.79,0.50,0.62,0.00,0.00,0.94,1.37,0.64,0.54,0.00,1.00,0.50,0.00,0.92,0.57,0.00,1.00
USA,840,2002,146714,183762,0.80,32825,35522,33481,0.92,0.98,50,45,0,0,0,,,,,6540.00,13546.56,14772.89,19926.00,9804.00,20319.84,22159.34,29889.00,,31889.33,0.21,0.42,0.46,0.62,0.31,0.64,0.69,0.94,,102139,144863,126438,0.71,0.81,7,65,0,0,0,0,,,,,306.63,306.63,39.50,306.63,312.00,324.63,324.63,57.50,324.63,330.00,613.26,0.50,0.50,0.06,0.50,0.51,0.53,0.53,0.09,0.53,0.54,0,144863,183762,1.00,0.00,0,0,0,0,0,0,,,,,0.00,0.00,0.00,0.00,0.00,0.00,0.00,0.00,0.00,0.00,613.26,0.00,0.00,0.00,0.00,0.00,0.00,0.00,0.00,0.00,0.00,125603,144863,0.87,7,1820,0,0,0,0,,,,,408.84,408.84,0.00,408.84,578.50,408.84,408.84,0.00,408.84,578.50,613.26,0.67,0.67,0.00,0.67,0.94,0.67,0.67,0.00,0.67,0.94,18520.47,24289.67,12885.23,19288.60,23515.00,29918.38,24155.71,28386.94,25520.45,6540.00,13546.56,14772.89,19926.00,9804.00,20319.84,22159.34,29889.00,15944.67,12885.23,19288.60,464.53,545.90,0.27,0.51,0.55,0.71,0.38,0.73,0.79,1.03,0.50,0.53,0.00,0.00,0.88,0.75,0.50,0.55,0.00,0.00,0.94,1.17,0.62,0.52,0.00,0.94,0.50,0.00,0.91,0.54,0.00,0.96
USA,840,2003,148742,186914,0.80,33054,35864,33802,0.92,0.98,50,45,0,0,0,,,,,6624.00,13820.90,15309.28,20893.20,9948.00,20708.01,22963.92,31339.80,,32827.87,0.20,0.42,0.47,0.64,0.30,0.63,0.70,0.95,,101529,146510,127314,0.69,0.80,7,26,0,0,0,0,,,,,315.65,315.65,40.00,315.65,319.00,333.65,333.65,58.00,333.65,337.00,631.31,0.50,0.50,0.06,0.50,0.51,0.53,0.53,0.09,0.53,0.53,0,146510,186914,1.00,0.00,0,0,0,0,0,0,,,,,0.00,0.00,0.00,0.00,0.00,0.00,0.00,0.00,0.00,0.00,631.31,0.00,0.00,0.00,0.00,0.00,0.00,0.00,0.00,0.00,0.00,124685,146510,0.85,7,1820,0,0,0,0,,,,,420.87,420.87,0.00,420.87,595.00,420.87,420.87,0.00,420.87,595.00,631.31,0.67,0.67,0.00,0.67,0.94,0.67,0.67,0.00,0.67,0.94,19131.32,25817.47,13314.22,20533.25,24256.84,31475.87,24948.42,30059.98,26610.94,6624.00,13820.90,15309.28,20893.20,9948.00,20708.01,22963.92,31339.80,16413.93,13314.22,20533.25,479.78,578.08,0.27,0.50,0.55,0.72,0.37,0.72,0.79,1.05,0.50,0.53,0.00,0.00,0.88,0.73,0.50,0.55,0.00,0.00,0.94,1.15,0.61,0.52,0.00,0.92,0.50,0.00,0.91,0.54,0.00,0.94
USA,840,2004,150770,188748,0.80,33568,36203,34131,0.93,0.98,50,45,0,0,0,,,,,6768.00,14446.56,16136.70,21904.80,10152.00,21632.99,24205.06,32857.20,,33682.98,0.20,0.43,0.48,0.65,0.30,0.64,0.72,0.98,,102859,147401,128705,0.70,0.80,7,26,0,0,0,0,,,,,323.87,323.87,40.00,323.87,334.00,341.87,341.87,58.00,341.87,352.00,647.75,0.50,0.50,0.06,0.50,0.52,0.53,0.53,0.09,0.53,0.54,0,147401,188748,1.00,0.00,0,0,0,0,0,0,,,,,0.00,0.00,0.00,0.00,0.00,0.00,0.00,0.00,0.00,0.00,647.75,0.00,0.00,0.00,0.00,0.00,0.00,0.00,0.00,0.00,0.00,125878,147401,0.85,7,1820,0,0,0,0,,,,,431.83,431.83,0.00,431.83,616.50,431.83,431.83,0.00,431.83,616.50,647.75,0.67,0.67,0.00,0.67,0.95,0.67,0.67,0.00,0.67,0.95,19615.90,26370.34,13647.27,20971.68,24874.93,32199.34,25584.52,30730.03,27277.04,6768.00,14446.56,16136.70,21904.80,10152.00,21632.99,24205.06,32857.20,16841.49,13647.27,20971.68,492.01,590.96,0.27,0.51,0.56,0.74,0.37,0.73,0.81,1.07,0.50,0.53,0.00,0.00,0.88,0.73,0.50,0.55,0.00,0.00,0.94,1.15,0.62,0.52,0.00,0.92,0.50,0.00,0.91,0.54,0.00,0.94
USA,840,2005,152867,191014,0.80,34098,36650,34484,0.93,0.99,50,45,0,0,0,,,,,6948.00,15349.99,17413.38,23268.00,10428.00,22958.83,26120.07,34902.00,,34538.09,0.20,0.44,0.50,0.67,0.30,0.66,0.76,1.01,,104817,149320,131143,0.70,0.80,7,26,0,0,0,0,,,,,332.10,332.10,40.00,332.10,345.50,350.10,350.10,58.00,350.10,363.50,664.19,0.50,0.50,0.06,0.50,0.52,0.53,0.53,0.09,0.53,0.55,0,149320,191014,1.00,0.00,0,0,0,0,0,0,,,,,0.00,0.00,0.00,0.00,0.00,0.00,0.00,0.00,0.00,0.00,664.19,0.00,0.00,0.00,0.00,0.00,0.00,0.00,0.00,0.00,0.00,128158,149320,0.86,7,1820,0,0,0,0,,,,,442.80,442.80,0.00,442.80,640.19,442.80,442.80,0.00,442.80,640.19,664.19,0.67,0.67,0.00,0.67,0.96,0.67,0.67,0.00,0.67,0.96,20166.07,27223.79,14029.09,21662.94,25541.78,33175.64,26303.06,31716.60,28040.67,6948.00,15349.99,17413.38,23268.00,10428.00,22958.83,26120.07,34902.00,17269.04,14029.09,21662.94,505.83,609.93,0.27,0.53,0.59,0.76,0.37,0.75,0.85,1.10,0.50,0.53,0.00,0.00,0.88,0.73,0.50,0.55,0.00,0.00,0.94,1.15,0.64,0.52,0.00,0.92,0.50,0.00,0.91,0.54,0.00,0.94
USA,840,2006,155064,193201,0.80,34637,37164,34911,0.93,0.99,50,45,0,0,0,,,,,7236.00,15611.36,17974.33,24638.40,10848.00,23321.52,26961.50,36957.60,,35059.50,0.21,0.45,0.51,0.70,0.31,0.67,0.77,1.05,,106735,151428,133736,0.70,0.80,7,26,0,0,0,0,,,,,337.11,337.11,42.00,337.11,361.00,355.11,355.11,60.00,355.11,379.00,674.22,0.50,0.50,0.06,0.50,0.54,0.53,0.53,0.09,0.53,0.56,0,151428,193201,1.00,0.00,0,0,0,0,0,0,,,,,0.00,0.00,0.00,0.00,0.00,0.00,0.00,0.00,0.00,0.00,674.22,0.00,0.00,0.00,0.00,0.00,0.00,0.00,0.00,0.00,0.00,130339,151428,0.86,7,1820,0,0,0,0,,,,,449.48,449.48,0.00,449.48,678.50,449.48,449.48,0.00,449.48,678.50,674.22,0.67,0.67,0.00,0.67,1.01,0.67,0.67,0.00,0.67,1.01,20494.35,27738.94,14264.72,22062.45,25951.22,33748.95,26723.99,32303.47,28511.94,7236.00,15611.36,17974.33,24638.40,10848.00,23321.52,26961.50,36957.60,17529.75,14264.72,22062.45,513.92,621.22,0.27,0.53,0.60,0.79,0.38,0.75,0.86,1.15,0.50,0.53,0.00,0.00,0.87,0.72,0.50,0.55,0.00,0.00,0.94,1.14,0.64,0.52,0.00,0.92,0.50,0.00,0.91,0.54,0.00,0.93
USA,840,2007,157268,195639,0.80,35195,37826,35549,0.93,0.99,50,45,0,0,0,,,,,7476.00,15539.54,18029.77,25395.60,11208.00,23199.88,27044.65,38093.40,,35998.03,0.21,0.43,0.50,0.71,0.31,0.64,0.75,1.06,,107831,153124,135503,0.70,0.80,7,26,0,0,0,0,,,,,346.13,346.13,42.00,346.13,362.00,364.13,364.13,60.00,364.13,380.00,692.27,0.50,0.50,0.06,0.50,0.52,0.53,0.53,0.09,0.53,0.55,0,153124,195639,1.00,0.00,0,0,0,0,0,0,,,,,0.00,0.00,0.00,0.00,0.00,0.00,0.00,0.00,0.00,0.00,692.27,0.00,0.00,0.00,0.00,0.00,0.00,0.00,0.00,0.00,0.00,131734,153124,0.86,7,1820,0,0,0,0,,,,,461.51,461.51,0.00,461.51,717.50,461.51,461.51,0.00,461.51,717.50,692.27,0.67,0.67,0.00,0.67,1.04,0.67,0.67,0.00,0.67,1.04,21053.40,28508.34,14657.00,22669.69,26656.34,34669.04,27449.80,33201.95,29296.50,7476.00,15539.54,18029.77,25395.60,11208.00,23199.88,27044.65,38093.40,17999.02,14657.00,22669.69,527.88,638.50,0.28,0.51,0.59,0.80,0.38,0.73,0.84,1.15,0.50,0.53,0.00,0.00,0.87,0.72,0.50,0.55,0.00,0.00,0.94,1.14,0.62,0.52,0.00,0.92,0.50,0.00,0.91,0.54,0.00,0.93
USA,840,2008,159372,196627,0.81,35948,38778,36441,0.93,0.99,50,45,0,0,0,,,,,7644.00,15878.51,18696.41,26224.80,11472.00,23675.99,28044.62,39337.20,,36999.13,0.21,0.43,0.51,0.71,0.31,0.64,0.76,1.06,,106786,154287,135161,0.69,0.79,7,60,0,0,0,0,,,,,355.76,355.76,41.00,355.76,387.00,373.76,373.76,59.00,373.76,405.00,711.52,0.50,0.50,0.06,0.50,0.54,0.53,0.53,0.08,0.53,0.57,0,154287,196627,1.00,0.00,0,0,0,0,0,0,,,,,0.00,0.00,0.00,0.00,0.00,0.00,0.00,0.00,0.00,0.00,711.52,0.00,0.00,0.00,0.00,0.00,0.00,0.00,0.00,0.00,0.00,130643,154287,0.85,7,1820,0,0,0,0,,,,,474.35,474.35,0.00,474.35,744.00,474.35,474.35,0.00,474.35,744.00,711.52,0.67,0.67,0.00,0.67,1.05,0.67,0.67,0.00,0.67,1.05,21517.03,29306.14,14984.37,23312.95,27317.41,35646.00,28049.69,34097.92,29951.24,7644.00,15878.51,18696.41,26224.80,11472.00,23675.99,28044.62,39337.20,18499.57,14984.37,23312.95,539.42,655.73,0.27,0.51,0.59,0.80,0.38,0.73,0.85,1.16,0.50,0.53,0.00,0.00,0.88,0.72,0.50,0.56,0.00,0.00,0.94,1.14,0.62,0.52,0.00,0.92,0.50,0.00,0.91,0.54,0.00,0.93
USA,840,2009,161352,197803,0.82,37210,39623,37052,0.94,1.00,50,45,0,0,0,,,,,8088.00,16044.77,18913.14,27885.60,12132.00,23923.90,28369.71,41828.40,,38016.99,0.21,0.42,0.50,0.73,0.32,0.63,0.75,1.10,,100393,154142,129956,0.65,0.77,7,80,0,0,0,0,,,,,365.55,365.55,43.00,365.55,406.00,383.55,383.55,61.00,383.55,424.00,731.10,0.50,0.50,0.06,0.50,0.56,0.52,0.52,0.08,0.52,0.58,0,154142,197803,1.00,0.00,0,0,0,0,0,0,,,,,0.00,0.00,0.00,0.00,0.00,0.00,0.00,0.00,0.00,0.00,731.10,0.00,0.00,0.00,0.00,0.00,0.00,0.00,0.00,0.00,0.00,124856,154142,0.81,7,1820,0,0,0,0,,,,,487.40,487.40,0.00,487.40,770.00,487.40,487.40,0.00,487.40,770.00,731.10,0.67,0.67,0.00,0.67,1.05,0.67,0.67,0.00,0.67,1.05,22541.13,31435.90,15828.75,24787.53,28501.08,37459.86,29253.50,36366.52,31640.00,8088.00,16044.77,18913.14,27885.60,12132.00,23923.90,28369.71,41828.40,19008.50,15828.75,24787.53,562.57,699.36,0.29,0.51,0.59,0.83,0.41,0.73,0.84,1.19,0.50,0.52,0.00,0.00,0.87,0.70,0.50,0.57,0.00,0.00,0.94,1.09,0.62,0.52,0.00,0.90,0.50,0.00,0.91,0.55,0.00,0.90
USA,840,2010,163131,199123,0.82,38299,40478,37841,0.95,1.00,50,45,0,0,0,,,,,8088.00,16191.13,19118.85,28161.60,12132.00,24142.13,28678.28,42242.40,,38777.79,0.21,0.42,0.49,0.73,0.31,0.62,0.74,1.09,,99549,153889,129266,0.65,0.77,7,99,0,0,0,0,,,,,372.86,372.86,44.00,372.86,416.50,390.86,390.86,62.00,390.86,434.50,745.73,0.50,0.50,0.06,0.50,0.56,0.52,0.52,0.08,0.52,0.58,0,153889,199123,1.00,0.00,0,0,0,0,0,0,,,,,0.00,0.00,0.00,0.00,0.00,0.00,0.00,0.00,0.00,0.00,745.73,0.00,0.00,0.00,0.00,0.00,0.00,0.00,0.00,0.00,0.00,124638,153889,0.81,7,1820,0,0,0,0,,,,,497.15,497.15,0.00,497.15,773.00,497.15,497.15,0.00,497.15,773.00,745.73,0.67,0.67,0.00,0.67,1.04,0.67,0.67,0.00,0.67,1.04,22945.36,31763.67,16098.66,25121.24,29024.59,38047.17,29792.06,36798.08,32179.81,8088.00,16191.13,19118.85,28161.60,12132.00,24142.13,28678.28,42242.40,19388.90,16098.66,25121.24,572.92,707.66,0.29,0.50,0.58,0.82,0.40,0.72,0.84,1.18,0.50,0.52,0.00,0.00,0.87,0.70,0.50,0.57,0.00,0.00,0.94,1.11,0.61,0.52,0.00,0.91,0.50,0.00,0.91,0.55,0.00,0.90
USA,840,2011,164691,199889,0.82,39312,41351,38750,0.95,1.00,50,45,0,0,0,,,,,8088.00,16487.71,19504.43,28393.20,12132.00,24584.36,29256.64,42589.80,,39403.24,0.21,0.42,0.49,0.72,0.31,0.62,0.74,1.08,,101382,153617,130315,0.66,0.78,7,99,0,0,0,0,,,,,378.88,378.88,44.00,378.88,418.50,396.88,396.88,62.00,396.88,436.50,757.75,0.50,0.50,0.06,0.50,0.55,0.52,0.52,0.08,0.52,0.58,0,153617,199889,1.00,0.00,0,0,0,0,0,0,,,,,0.00,0.00,0.00,0.00,0.00,0.00,0.00,0.00,0.00,0.00,757.75,0.00,0.00,0.00,0.00,0.00,0.00,0.00,0.00,0.00,0.00,125876,153617,0.82,7,1820,0,0,0,0,,,,,505.17,505.17,0.00,505.17,783.00,505.17,505.17,0.00,505.17,783.00,757.75,0.67,0.67,0.00,0.67,1.03,0.67,0.67,0.00,0.67,1.03,22914.10,31435.71,15956.97,24699.81,29091.38,37834.22,29871.24,36555.44,31896.44,8088.00,16487.71,19504.43,28393.20,12132.00,24584.36,29256.64,42589.80,19701.62,15956.97,24699.81,574.45,702.99,0.27,0.50,0.58,0.81,0.38,0.71,0.83,1.17,0.50,0.52,0.00,0.00,0.88,0.72,0.50,0.57,0.00,0.00,0.94,1.11,0.61,0.52,0.00,0.91,0.50,0.00,0.91,0.55,0.00,0.91
USA,840,2012,166151,201415,0.82,40421,43132,40209,0.94,1.00,50,45,0,0,0,,,,,8376.00,17406.31,20646.10,30163.20,12576.00,25954.05,30969.14,45244.80,,39820.20,0.21,0.44,0.52,0.76,0.32,0.65,0.78,1.14,,103686,154975,132830,0.67,0.78,7,67,0,0,0,0,,,,,382.89,382.89,45.00,382.89,424.00,400.89,400.89,63.00,400.89,442.00,765.77,0.50,0.50,0.06,0.50,0.55,0.52,0.52,0.08,0.52,0.58,0,154975,201415,1.00,0.00,0,0,0,0,0,0,,,,,0.00,0.00,0.00,0.00,0.00,0.00,0.00,0.00,0.00,0.00,765.77,0.00,0.00,0.00,0.00,0.00,0.00,0.00,0.00,0.00,0.00,127916,154975,0.83,7,1820,0,0,0,0,,,,,510.52,510.52,0.00,510.52,806.00,510.52,510.52,0.00,510.52,806.00,765.77,0.67,0.67,0.00,0.67,1.05,0.67,0.67,0.00,0.67,1.05,23779.77,32518.63,16549.91,25400.53,29823.31,38673.93,31009.62,37884.98,33082.32,8376.00,17406.31,20646.10,30163.20,12576.00,25954.05,30969.14,45244.80,19910.10,16549.91,25400.53,596.34,728.56,0.27,0.51,0.59,0.83,0.38,0.72,0.85,1.20,0.50,0.52,0.00,0.00,0.86,0.70,0.50,0.57,0.00,0.00,0.92,1.06,0.61,0.52,0.00,0.88,0.50,0.00,0.89,0.55,0.00,0.88
USA,840,2013,167723,202268,0.83,41613,44632,41377,0.93,1.00,50,45,0,0,0,,,,,8520.00,17933.10,21333.82,30402.00,12792.00,26739.54,32000.73,45603.00,,40237.17,0.21,0.45,0.53,0.76,0.32,0.66,0.80,1.13,,106274,155389,134420,0.68,0.79,7,57,0,0,0,0,,,,,386.90,386.90,46.00,386.90,425.00,404.90,404.90,64.00,404.90,443.00,773.79,0.50,0.50,0.06,0.50,0.55,0.52,0.52,0.08,0.52,0.57,0,155389,202268,1.00,0.00,0,0,0,0,0,0,,,,,0.00,0.00,0.00,0.00,0.00,0.00,0.00,0.00,0.00,0.00,773.79,0.00,0.00,0.00,0.00,0.00,0.00,0.00,0.00,0.00,0.00,130149,155389,0.84,7,1820,0,0,0,0,,,,,515.86,515.86,0.00,515.86,821.00,515.86,515.86,0.00,515.86,821.00,773.79,0.67,0.67,0.00,0.67,1.06,0.67,0.67,0.00,0.67,1.06,24067.84,33008.01,16754.74,25923.26,30167.13,39335.65,31380.95,38319.32,33509.47,8520.00,17933.10,21333.82,30402.00,12792.00,26739.54,32000.73,45603.00,20118.58,16754.74,25923.26,603.48,736.91,0.27,0.51,0.60,0.83,0.38,0.74,0.87,1.19,0.50,0.52,0.00,0.00,0.85,0.70,0.50,0.57,0.00,0.00,0.92,1.08,0.62,0.52,0.00,0.89,0.50,0.00,0.89,0.55,0.00,0.89
USA,840,2014,169395,202987,0.83,42777,46161,42887,0.93,1.00,50,45,0,0,0,,,,,8652.00,17245.16,20560.33,31711.20,12984.00,25713.76,30840.50,47566.80,,40862.62,0.21,0.42,0.50,0.78,0.32,0.63,0.75,1.16,,108848,155922,136861,0.70,0.80,7,20,0,0,0,0,,,,,392.91,392.91,44.00,392.91,425.00,410.91,410.91,62.00,410.91,443.00,785.82,0.50,0.50,0.06,0.50,0.54,0.52,0.52,0.08,0.52,0.56,0,155922,202987,1.00,0.00,0,0,0,0,0,0,,,,,0.00,0.00,0.00,0.00,0.00,0.00,0.00,0.00,0.00,0.00,785.82,0.00,0.00,0.00,0.00,0.00,0.00,0.00,0.00,0.00,0.00,132791,155922,0.85,7,1820,0,0,0,0,,,,,523.88,523.88,0.00,523.88,835.00,523.88,523.88,0.00,523.88,835.00,785.82,0.67,0.67,0.00,0.67,1.06,0.67,0.67,0.00,0.67,1.06,23825.93,33137.22,16603.46,26026.33,30224.33,39647.20,31048.40,38340.16,33206.92,8652.00,17245.16,20560.33,31711.20,12984.00,25713.76,30840.50,47566.80,20431.31,16603.46,26026.33,597.08,737.31,0.28,0.50,0.59,0.87,0.39,0.72,0.85,1.25,0.50,0.52,0.00,0.00,0.88,0.71,0.50,0.58,0.00,0.00,0.94,1.11,0.61,0.53,0.00,0.91,0.50,0.00,0.91,0.55,0.00,0.91
USA,840,2015,171192,204292,0.84,43885,47656,44531,0.92,0.99,50,45,0,0,0,,,,,8796.00,17256.61,20626.82,31965.60,13200.00,25730.84,30940.23,47948.40,,41488.07,0.21,0.42,0.50,0.77,0.32,0.62,0.75,1.16,,111109,157130,139225,0.71,0.80,7,20,0,0,0,0,,,,,398.92,398.92,44.00,398.92,427.00,416.92,416.92,62.00,416.92,445.00,797.85,0.50,0.50,0.06,0.50,0.54,0.52,0.52,0.08,0.52,0.56,0,157130,204292,1.00,0.00,0,0,0,0,0,0,,,,,0.00,0.00,0.00,0.00,0.00,0.00,0.00,0.00,0.00,0.00,797.85,0.00,0.00,0.00,0.00,0.00,0.00,0.00,0.00,0.00,0.00,139494,157130,0.89,7,1820,0,0,0,0,,,,,531.90,531.90,0.00,531.90,849.65,531.90,531.90,0.00,531.90,849.65,797.85,0.67,0.67,0.00,0.67,1.06,0.67,0.67,0.00,0.67,1.06,24187.57,33603.48,16854.56,26387.62,30683.91,40216.97,31520.59,38889.88,33709.11,8796.00,17256.61,20626.82,31965.60,13200.00,25730.84,30940.23,47948.40,20744.03,16854.56,26387.62,606.17,747.88,0.28,0.49,0.58,0.86,0.39,0.71,0.84,1.24,0.50,0.52,0.00,0.00,0.88,0.71,0.50,0.58,0.00,0.00,0.94,1.11,0.60,0.52,0.00,0.91,0.50,0.00,0.91,0.55,0.00,0.91
USA,840,2016,172788,205503,0.84,45050,49208,46210,0.92,0.97,50,45,0,0,0,,,,,8796.00,17473.94,20942.65,31672.80,13200.00,26054.89,31413.97,47509.20,,42592.75,0.21,0.41,0.49,0.74,0.31,0.61,0.74,1.12,,113073,159187,141744,0.71,0.80,0,20,0,0,0,0,,,,,409.55,409.55,45.00,409.55,427.00,427.55,427.55,63.00,427.55,445.00,819.09,0.50,0.50,0.05,0.50,0.52,0.52,0.52,0.08,0.52,0.54,0,159187,205503,1.00,0.00,0,0,0,0,0,0,,,,,0.00,0.00,0.00,0.00,0.00,0.00,0.00,0.00,0.00,0.00,819.09,0.00,0.00,0.00,0.00,0.00,0.00,0.00,0.00,0.00,0.00,138468,159187,0.87,7,1820,0,0,0,0,,,,,546.06,546.06,0.00,546.06,863.66,546.06,546.06,0.00,546.06,863.66,819.09,0.67,0.67,0.00,0.67,1.05,0.67,0.67,0.00,0.67,1.05,24775.83,34095.70,17247.56,26886.41,31445.14,41083.99,32304.10,39529.52,34495.12,8796.00,17473.94,20942.65,31672.80,13200.00,26054.89,31413.97,47509.20,21296.37,17247.56,26886.41,621.23,760.18,0.28,0.49,0.58,0.84,0.38,0.70,0.83,1.21,0.50,0.52,0.00,0.00,0.88,0.72,0.50,0.57,0.00,0.00,0.94,1.12,0.59,0.52,0.00,0.92,0.50,0.00,0.91,0.55,0.00,0.92
USA,840,2017,174490,205538,0.85,46272,50758,47207,0.91,0.98,50,45,0,0,0,,,,,8820.00,17963.88,21563.05,32247.60,13236.00,26785.43,32344.58,48371.40,,43556.74,0.20,0.41,0.50,0.74,0.30,0.61,0.74,1.11,,114750,160320,143736,0.72,0.80,0,20,0,0,0,0,,,,,418.81,418.81,45.00,418.81,430.00,436.81,436.81,63.00,436.81,448.00,837.63,0.50,0.50,0.05,0.50,0.51,0.52,0.52,0.08,0.52,0.53,0,160320,205538,1.00,0.00,0,0,0,0,0,0,,,,,0.00,0.00,0.00,0.00,0.00,0.00,0.00,0.00,0.00,0.00,837.63,0.00,0.00,0.00,0.00,0.00,0.00,0.00,0.00,0.00,0.00,140424,160320,0.88,7,1820,0,0,0,0,,,,,558.42,558.42,0.00,558.42,883.00,558.42,558.42,0.00,558.42,883.00,837.63,0.67,0.67,0.00,0.67,1.05,0.67,0.67,0.00,0.67,1.05,25306.61,34609.16,17607.96,27354.62,32126.87,41873.53,33005.26,40171.62,35215.91,8820.00,17963.88,21563.05,32247.60,13236.00,26785.43,32344.58,48371.40,21778.37,17607.96,27354.62,634.72,772.53,0.27,0.49,0.58,0.83,0.38,0.70,0.84,1.20,0.50,0.52,0.00,0.00,0.88,0.72,0.50,0.57,0.00,0.00,0.94,1.13,0.60,0.52,0.00,0.92,0.50,0.00,0.91,0.54,0.00,0.93
USA,840,2018,175793,206508,0.85,47556,52355,48581,0.91,0.98,50,45,0,0,0,,,,,9000.00,18579.58,22337.00,33466.80,13500.00,27703.48,33505.51,50200.20,,44885.48,0.20,0.41,0.50,0.75,0.30,0.62,0.75,1.12,,116774,162075,145958,0.72,0.80,0,20,0,0,0,0,,,,,431.59,431.59,45.00,431.59,447.00,449.59,449.59,63.00,449.59,465.00,863.18,0.50,0.50,0.05,0.50,0.52,0.52,0.52,0.07,0.52,0.54,0,162075,206508,1.00,0.00,0,0,0,0,0,0,,,,,0.00,0.00,0.00,0.00,0.00,0.00,0.00,0.00,0.00,0.00,863.18,0.00,0.00,0.00,0.00,0.00,0.00,0.00,0.00,0.00,0.00,142635,162075,0.88,7,1820,0,0,0,0,,,,,575.45,575.45,0.00,575.45,908.87,575.45,575.45,0.00,575.45,908.87,863.18,0.67,0.67,0.00,0.67,1.05,0.67,0.67,0.00,0.67,1.05,26625.35,35650.85,18355.20,28829.99,33317.03,43791.82,34895.50,41353.90,36710.40,9000.00,18579.58,22337.00,33466.80,13500.00,27703.48,33505.51,50200.20,22442.74,18355.20,28829.99,671.07,795.27,0.26,0.48,0.57,0.83,0.37,0.70,0.84,1.21,0.50,0.52,0.00,0.00,0.86,0.72,0.50,0.54,0.00,0.00,0.90,1.19,0.59,0.52,0.00,0.92,0.50,0.00,0.88,0.53,0.00,0.96
USA,840,2019,177252,206270,0.86,48950,54037,50443,0.91,0.97,50,45,0,0,0,,,,,9252.00,19348.74,23309.23,34333.20,13884.00,28850.35,34963.85,51499.80,,46160.38,0.20,0.42,0.50,0.74,0.30,0.63,0.76,1.12,,118463,163539,147920,0.72,0.80,0,20,0,0,0,0,,,,,443.85,443.85,50.00,443.85,451.00,461.85,461.85,68.00,461.85,469.00,887.70,0.50,0.50,0.06,0.50,0.51,0.52,0.52,0.08,0.52,0.53,0,163539,206270,1.00,0.00,0,0,0,0,0,0,,,,,0.00,0.00,0.00,0.00,0.00,0.00,0.00,0.00,0.00,0.00,887.70,0.00,0.00,0.00,0.00,0.00,0.00,0.00,0.00,0.00,0.00,144415,163539,0.88,7,1820,0,0,0,0,,,,,591.80,591.80,0.00,591.80,937.03,591.80,591.80,0.00,591.80,937.03,887.70,0.67,0.67,0.00,0.67,1.06,0.67,0.67,0.00,0.67,1.06,27359.68,36433.36,18854.63,29503.50,34241.42,44890.30,35864.73,42296.04,37709.25,9252.00,19348.74,23309.23,34333.20,13884.00,28850.35,34963.85,51499.80,23080.19,18854.63,29503.50,689.71,813.39,0.26,0.49,0.58,0.83,0.37,0.71,0.85,1.21,0.50,0.52,0.00,0.00,0.86,0.73,0.50,0.54,0.00,0.00,0.90,1.20,0.60,0.52,0.00,0.92,0.50,0.00,0.88,0.53,0.00,0.97
USA,840,2020,178510,205721,0.87,50179,54827,51017,0.92,0.98,50,45,0,0,0,,,,,9396.00,19466.57,23831.27,36138.00,14100.00,28988.27,35746.91,54207.00,,47496.07,0.20,0.41,0.50,0.76,0.30,0.61,0.75,1.14,,110365,160742,138459,0.69,0.80,0,20,0,0,0,0,,,,,456.69,456.69,54.00,456.69,462.00,474.69,474.69,72.00,474.69,480.00,913.39,0.50,0.50,0.06,0.50,0.51,0.52,0.52,0.08,0.52,0.53,0,160742,205721,1.00,0.00,0,0,0,0,0,0,,,,,0.00,0.00,0.00,0.00,0.00,0.00,0.00,0.00,0.00,0.00,913.39,0.00,0.00,0.00,0.00,0.00,0.00,0.00,0.00,0.00,0.00,135572,160742,0.84,7,1820,0,0,0,0,,,,,608.92,608.92,0.00,608.92,968.89,608.92,608.92,0.00,608.92,968.89,913.39,0.67,0.67,0.00,0.67,1.06,0.67,0.67,0.00,0.67,1.06,29355.23,40713.88,20604.08,33692.37,36436.10,49524.39,38106.38,46743.08,41208.15,9396.00,19466.57,23831.27,36138.00,14100.00,28988.27,35746.91,54207.00,23748.04,20604.08,33692.37,732.81,898.91,0.28,0.50,0.59,0.85,0.40,0.72,0.85,1.22,0.50,0.52,0.00,0.00,0.83,0.68,0.50,0.54,0.00,0.00,0.90,1.21,0.61,0.51,0.00,0.91,0.50,0.00,0.87,0.53,0.00,0.95
USA,840,2021,179721,205255,0.88,51136,56230,52313,0.91,0.98,50,45,0,0,0,,,,,9528.00,19842.33,24678.90,37777.20,14292.00,29508.17,37018.34,56665.80,,49652.40,0.19,0.40,0.50,0.76,0.29,0.59,0.75,1.14,,115186,161204,142517,0.71,0.81,0,20,0,0,0,0,,,,,477.43,477.43,54.00,477.43,466.00,495.43,495.43,72.00,495.43,484.00,954.85,0.50,0.50,0.06,0.50,0.49,0.52,0.52,0.08,0.52,0.51,0,161204,205255,1.00,0.00,0,0,0,0,0,0,,,,,0.00,0.00,0.00,0.00,0.00,0.00,0.00,0.00,0.00,0.00,954.85,0.00,0.00,0.00,0.00,0.00,0.00,0.00,0.00,0.00,0.00,140227,161204,0.87,7,1820,0,0,0,0,,,,,636.57,636.57,0.00,636.57,1038.00,636.57,636.57,0.00,636.57,1038.00,954.85,0.67,0.67,0.00,0.67,1.09,0.67,0.67,0.00,0.67,1.09,32325.14,41007.11,22892.33,34016.35,39443.13,50567.16,41473.60,53286.93,43233.37,9528.00,19842.33,24678.90,37777.20,14292.00,29508.17,37018.34,56665.80,24826.20,22892.33,34016.35,797.57,1024.75,0.27,0.49,0.59,0.86,0.40,0.70,0.85,1.22,0.50,0.52,0.00,0.00,0.80,0.62,0.51,0.36,0.00,0.00,0.89,0.86,0.59,0.47,0.00,0.79,0.50,0.00,0.84,0.44,0.00,0.74
USA,840,2022,181132,207264,0.87,52464,57795,53841,0.91,0.97,50,45,0,0,0,,,,,10092.00,21397.20,27036.67,39765.60,15132.00,31776.44,40555.00,59648.40,,51178.56,0.20,0.42,0.53,0.78,0.30,0.62,0.79,1.17,,121128,164287,148328,0.74,0.82,0,20,0,0,0,0,,,,,492.10,492.10,54.00,492.10,499.00,510.10,510.10,72.00,510.10,517.00,984.20,0.50,0.50,0.05,0.50,0.51,0.52,0.52,0.07,0.52,0.53,0,164287,207264,1.00,0.00,0,0,0,0,0,0,,,,,0.00,0.00,0.00,0.00,0.00,0.00,0.00,0.00,0.00,0.00,984.20,0.00,0.00,0.00,0.00,0.00,0.00,0.00,0.00,0.00,0.00,142611,164287,0.87,7,1820,0,0,0,0,,,,,656.14,656.14,0.00,656.14,1104.92,656.14,656.14,0.00,656.14,1104.92,984.20,0.67,0.67,0.00,0.67,1.12,0.67,0.67,0.00,0.67,1.12,30264.60,39242.98,20834.95,32132.78,37894.47,49192.30,39694.25,45714.92,41669.90,10092.00,21397.20,27036.67,39765.60,15132.00,31776.44,40555.00,59648.40,25589.28,20834.95,32132.78,763.35,879.13,0.28,0.49,0.60,0.86,0.39,0.71,0.88,1.26,0.50,0.52,0.00,0.00,0.86,0.75,0.50,0.52,0.00,0.00,0.90,1.26,0.60,0.51,0.00,0.94,0.50,0.00,0.88,0.52,0.00,1.00
USA,840,2023,182752,208682,0.88,53699,59498,55548,0.90,0.97,50,45,0,0,0,,,,,10968.00,22064.53,28288.65,43525.20,16452.00,32720.69,42432.98,65287.80,,53051.74,0.21,0.42,0.53,0.82,0.31,0.62,0.80,1.23,,123357,167116,150108,0.74,0.82,0,20,0,0,0,0,,,,,510.11,510.11,54.00,510.11,532.00,528.11,528.11,72.00,528.11,550.00,1020.23,0.50,0.50,0.05,0.50,0.52,0.52,0.52,0.07,0.52,0.54,0,167116,208682,1.00,0.00,0,0,0,0,0,0,,,,,0.00,0.00,0.00,0.00,0.00,0.00,0.00,0.00,0.00,0.00,1020.23,0.00,0.00,0.00,0.00,0.00,0.00,0.00,0.00,0.00,0.00,145035,167116,0.87,7,1820,0,0,0,0,,,,,656.14,656.14,0.00,656.14,1186.51,656.14,656.14,0.00,656.14,1186.51,1020.23,0.64,0.64,0.00,0.64,1.16,0.64,0.64,0.00,0.64,1.16,31418.75,40761.25,21643.97,33314.76,38703.48,50374.28,41193.53,47494.69,43287.93,10968.00,22064.53,28288.65,43525.20,16452.00,32720.69,42432.98,65287.80,26525.87,21643.97,33314.76,792.18,913.36,0.26,0.49,0.61,0.91,0.38,0.70,0.89,1.32,0.50,0.52,0.00,0.00,0.83,0.72,0.50,0.53,0.00,0.00,0.87,1.20,0.60,0.51,0.00,0.91,0.50,0.00,0.85,0.52,0.00,0.96
