title,abstract,eid,authors,journal,issue,volume,keywords,doctype,year,doi,pagestart,pageend
"National eco-social policies in the framework of EU just transition: The cases of Greece, Italy, Portugal and Spain","This article examines two questions. First, how far have the green and social policy objectives of the European Green Deal and the Recovery and Resilience Facility (RRF) been translated into ‘eco-social policies’ (i.e. demonstrate a ‘socio-ecological’ dimension) in the National Recovery and Resilience Plans (NRRPs) of four of the biggest beneficiary countries, namely, Greece, Italy, Portugal and Spain? And, second, how is the role of national welfare states articulated in these eco-social policies to support this just green transition? Our analysis shows first, that, although the analysed NRRPs have a socio-ecological dimension, this is very limited in terms of the share of ‘eco-social’ measures in the total number of policy measures in the NRRPs. Moreover, we find that the role of national welfare states in the identified eco-social policies of the NRRPs in the four country-cases we examine is significantly tilted in favour of what we call ‘benchmarking’ and ‘enabling’ functions, in contrast to what we call ‘buffering’ and ‘consensus-building’ functions. In that sense, the socio-ecological dimension of these national plans seems ‘unbalanced’ in terms of the functions that national welfare states play in it. The article concludes with some reflections on the implications of these findings for the role of EU policy legacies and frameworks and of national welfare states in shaping the emergence of eco-social policies as means to a just green transition and on some methodological challenges for the study of eco-social policies in the context of the European Green Deal and its implementation. © The Author(s) 2024.",2-s2.0-105001646135,"Theodoropoulou, S.; Sabato, S.; Akgüç, M.",Global Social Policy,1,25.0,Climate change; eco-social policies; environmental policy; EU; European Green Deal; just transition; recovery and resilience Facility; Recovery and Resilience plans; social policy; welfare state,Article,2025,10.1177/14680181241291122,86,111
Resilience in the face of ecological challenges: Strategies for integrating environmental considerations into social policy planning in Africa,"Africa faces severe ecological crises, such as climate change, resource depletion, and biodiversity loss, undermining sustainable development efforts and exacerbating poverty and hunger. Integrating environmental concerns into social policy planning could help build community resilience and support sustainable development. This study employed policy analysis and stakeholder engagement to identify key environmental issues, policy gaps, and strategies for integrating environmental considerations into social policies across various sectors in Africa. The study found a significant lack of integration of environmental concerns into social policy across areas like disaster management, agriculture, urban planning, healthcare access, and infrastructure development policies. As a percentage of respondents, the top environmental issues were flooding (32%), drought/desertification (13%), and food security/agriculture (11%), with farmers (35.4%) and women (21.7%) being the most vulnerable to climate change. Most community stakeholders (87.5%) emphasized the importance of integrating environmental considerations into social policy, with 56.25% rating it a high priority. They underscored the need for more locally driven planning, ecological monitoring, land restoration, diversified livelihoods, and climate change adaptation support through social policies to enhance environmental sustainability. This study's novelty lies in its comprehensive approach to understanding and addressing the complex interplay between environmental challenges and social policy planning in Africa. The findings emphasize the urgent need for policymakers to develop cross-sectoral national and local policies that use participatory processes to prioritize environmental sustainability, adaptation, community empowerment, and alignment with sustainable development goals while being responsive to continuing environmental uncertainty and change. © 2024 The Author(s). Sustainable Development published by ERP Environment and John Wiley & Sons Ltd.",2-s2.0-85197686411,"Adebayo, W.G.",Sustainable Development,1,33.0,adaptive social policies; Africa; climate change mitigation; ecological crises; policy analysis; resilience; stakeholder engagement; sustainable development,Article,2025,10.1002/sd.3113,203,220
One and the Same or Worlds Apart? Linking Transformative Regional Resilience and Just Transitions Through Welfare State Policies,"This paper explores the intersection between transformative resilience and just transitions, two increasingly significant frameworks in the context of environmental and socio-economic adaptation. Applying a systematic literature review, this paper examines how these concepts are defined and identifies both overlapping and non-overlapping dimensions within the existing literature. The analysis then shifts to consider the role of welfare state policies in reinforcing these connections. Specifically, this study assesses how physical social infrastructure, welfare state provisions, and eco-social policies are able to bridge the concepts of transformative resilience and just transitions. The findings indicate a notable gap in the literature connecting transformative resilience and just transition, despite the potential for aligning these concepts. This paper thus contributes to the theoretical foundation for discussing transformative resilience and just transitions together, underscoring the need for inclusive policies in sustainable development frameworks. © 2025 by the author.",2-s2.0-85215811031,"Neuhuber, T.",Sustainability (Switzerland),2,17.0,just transition; social infrastructure; social policies; systematic literature review; transformative resilience; welfare state,Review,2025,10.3390/su17020637,,
Regulating the Blue Economy: The Importance of Ocean Governance in Making Economic and Social Policies,"This chapter aims to examine how ocean governance can contribute to the expansion and regulation of the blue economy. The chapter will showcase how the three components of ocean governance, namely a legal framework, an institutional framework and mechanisms of implementation, can be used to build resilience against future socio-economic shocks. The method to be used to conduct this research is a qualitative socio-legal approach. Through this method, a review of the existing literature and case studies will be carried out as well as an analysis of the existing conventions and policies regulating ocean governance and the blue economy. By implementing the ocean governance measures and principles in developing the blue economy, this can address challenges such as the unsustainable use of marine resources, conflict between users and uses of the sea and the need to uphold rights such as the right to food and the right to sustain a livelihood and other socio-economic rights. The blue economy promotes the sustainable use of the sea and its resources as a new vector of socio-economic development. Ocean governance therefore provides a framework within which countries can develop policies and measures for the sustainable development of the blue economy © 2026 selection and editorial matter, Verena Tandrayen-Ragoobur, Sheereen Fauzel and Stefano Moncada; individual chapters, the contributors. All rights reserved.",2-s2.0-105023719807,"Uppiah, M.V.; Henriette-Bolli, D.G.",,,,,,2025,,312,327
"Conclusion to Families, Welfare States and Resilience","This chapter provides an overview of the findings, especially from a comparative viewpoint. It first summarizes the general situation of participants’ families in the six countries, examining the challenging situations they experience, the meanings and significance of family in that context, and the sources of support that they have available. It then moves on to paint a picture of people's engagement with the public support system and how they feel about it. This evidence underlines great dissatisfaction with the public system of both income support and services within and across countries. The cause was not just operational failings but also structural weaknesses. In its third section, the chapter places people's practices and behaviours in the context of whether they are leading to adaptation or change. It shows that, while people are putting in great effort, they are not fundamentally changing their situation. The final section offers some thoughts on the utility of a resilience framework and resilience as a focus for social policy. In the latter regard, it suggests that welfare states need policies that protect families but also promote their resilience, paying particular attention to transitions. © The Editor and Contributing Authors Severally 2025.",2-s2.0-105019909740,"Daly, M.",,,,Care Trilemma; Coping Practices; Meaning of Family; Resilience and Social Policy; Welfare State Weaknesses,Book chapter,2025,,176,191
"Families, Welfare States and Resilience: Low-Resource Families Navigating Care, Employment and Welfare in Europe","This is an open access title available under the terms of a CC BY-NC-ND 4.0 License. It is free to read, download and share on Elgaronline.com. This pioneering book critically reviews and develops the concept of resilience in relation to family life. It examines the experiences of low-resourced families in Belgium, Croatia, Poland, Spain, Sweden and the United Kingdom, assessing how they manage challenges such as low income and poor working conditions whilst also caring for children and others needing care. It considers the resources that are available to families, how they are utilised and the role and effectiveness of the welfare state system in supporting families with low resources. © The Editor and Contributing Authors Severally 2025.",2-s2.0-105019905100,"Daly, M.",,,,Family Adaptation; Family Agency; Family Process; Family Resilience; Low Resources And Vulnerability; Social Policy,Book,2025,,,
"Introduction to Families, Welfare States and Resilience","This introduction sets out the aims and orientation of the book, detailing its research interests and theoretical framework, the comparative focus on six countries (Belgium, Croatia, Poland, Spain, Sweden and the United Kingdom) and the nature of the evidence. It articulates how the book's two core concepts - family and resilience - are defined and researched, placing emphasis on how families cope with risk, the resources (including social and welfare state support) that they need and use, and the outcomes that they seek. The chapter also outlines the details of the research and the structure of the book. © The Editor and Contributing Authors Severally 2025.",2-s2.0-105019837002,"Daly, M.",,,,Book Structure; European Comparison; Everyday Family Life; Family Transitions; Low Resources; Resilience,Book chapter,2025,,16,Jan
Welfare state governance: going beyond New Public Management?,"Welfare state reforms under permanent austerity coincided with a paradigm shift in public administration, acclaimed as New Public Management (NPM). However, marketization and managerialization were only a prelude to subsequent reforms aimed at tackling unintended consequences of NPM reforms, such as creaming, parking, increased fragmentation, and a lack of accountability. The chapter describes the trajectories of marketization, post-NPM reforms, and the advent of digital era governance, reflecting on their impact on welfare state resilience and service provision. Studying the governance and organization of the welfare state is crucial to understanding implementation problems and their impact on outcomes. By examining challenges such as fragmented governance, bureaucratic structures, and digitalization, the chapter underlines the ongoing quest for improved coordination and resilience in welfare state governance. In conclusion, it emphasizes the need for continued efforts towards a resilient digital welfare state against a background of continued wicked issues. © Bernhard Ebbinghaus and Moira Nelson 2025.",2-s2.0-105019159796,"Klenk, T.",,,,Accessibly; Accountability; Coordination; Digitalization; Fragmentation; Implementation,Book chapter,2025,,91,105
Studying the reconfiguration of EU social policy,"This chapter highlights ideational drivers of welfare state reform in the European Union (EU). A unique laboratory for the circulation of ideas and practices in the domain of social and economic policymaking, the EU has played a pivotal role in the ongoing transformations of European welfare states. Showcasing and synthesizing almost 30 years of ideational research on the welfare state, we show how ideas have conditioned reform alongside interests and institutions. We rely on the rich conceptual tools (paradigms, discourse, and narratives) elaborated by scholars to flesh out how ideas matter. We put forward four sets of ideational drivers that have significantly impacted welfare in the EU, namely marketization, fiscal discipline, social investment, and resilience. © Bernhard Ebbinghaus and Moira Nelson 2025.",2-s2.0-105019133512,"Hartlapp, M.; Windwehr, J.",,,,EU directives; EU welfare state; External and internal drivers; Governance mix; Open Method of Coordination; Policy change,Book chapter,2025,,360,372
Resilience of Socially Vulnerable Populations to Disinformation in Lithuania: The Role of the Welfare State,"The geopolitical context, particularly the ongoing war in Ukraine, underscores the necessity for societal preparedness and resilience against disinformation in Lithuania. This issue is especially important for the Baltic countries, which experience substantial disinformation flows from the Russian Federation. This study aims to investigate the resilience of socially vulnerable people in Lithuania to disinformation, with a specific focus on the role of the welfare state. A representative survey was conducted among the Lithuanian population in 2024 to achieve this aim. The data were analysed using multinomial logistic regression. Resilience to disinformation was measured through statements reflecting the dominant narratives of Russian disinformation. Independent variables included respondents’ labor market status, age, income, education, and subjective evaluation of their living standards, providing a comprehensive framework for assessing social vulnerability. The findings reveal that socially vulnerable populations, particularly those with lower socioeconomic status and limited educational attainment, exhibit lower levels of resilience to disinformation. Furthermore, the role of the Lithuanian welfare state in mitigating these vulnerabilities and protecting against poverty appears inadequate. © 2025 by the author(s),.",2-s2.0-105016856974,"Skučiene, D.; Braziene, R.; Vencius, T.",Social Inclusion,,13.0,disinformation; hybrid threats; Lithuania; resilience; vulnerable population; welfare state,Article,2025,10.17645/si.10100,,
Impact of global economic instability on social policies: Adaptation and resilience strategies,"The purpose of the study was to examine the implications of global economic changes for social policy in the Kyrgyz Republic and to identify strategies for adapting social programs to new economic realities. The methodology included qualitative and quantitative methods. The analysis used statistical data from the National Statistical Committee of the Kyrgyz Republic on gross domestic product, unemployment, remittances, and tourism revenues. The qualitative analysis was aimed at studying social protection strategies, while quantitative methods allowed to assess changes in socio-economic indicators through comparative and correlation analysis. The results of the study showed significant changes in the socio-economic environment of the Kyrgyz Republic. An analysis of the main social indicators of the Kyrgyz Republic for 2022–2023 showed positive changes. The poverty rate decreased by 10.2 %, per capita income increased by 27.4 %, and household spending increased by 21.7 %. At the same time, the unemployment rate remained stable, indicating the need for further improvement of employment policy. This demonstrates the potential of this sector for economic recovery. The study also emphasised the importance of digitalising social services to improve access to social programs but identified challenges in ensuring equal access for all segments of the population. The findings confirm that global economic instability has a significant impact on social programs, so to increase the sustainability of social policy, it is necessary to continue to improve digital tools and introduce new approaches to social protection. It is recommended to focus on economic diversification, support for small and medium-sized businesses, and infrastructure development to improve economic resilience. © 2025 The Authors",2-s2.0-105014545868,"Derkenbaeva, S.; Galushkina, E.; Soodonbekova, A.; Beksultanov, A.; Kozubekova, S.",Social Sciences and Humanities Open,,12.0,Factors of the population's expenditures; Financial response; Government finances; Income of the population; Vulnerability,Article,2025,10.1016/j.ssaho.2025.101946,,
Long-Term Care Policies in Spain: Welfare State and Resilience in the European Context,"This paper analyses the long-term care system in the context of Spain’s aging population from a comparative and multilevel perspective. Starting with the European regulatory framework, it examines the main characteristics of long-term care systems in Europe and the challenges of establishing a welfare system in Spain amidst two consecutive crises: the economic and financial crisis of 2008–2014 and the pandemic crisis of 2020–2022. To achieve this, in addition to a thorough review of international literature, the study utilises legislation and reports from the European Commission, the Council of Europe, the World Health Organization, databases from the National Institute of Statistics and the Ministry of Social Rights, and Spain’s Ministry of Health. The article concludes that Spain’s long-term care model has evolved over time and has established a universal system characterised by territorial inequality. This inequality stems from regional preferences for service provision versus monetary compensation and their varying degrees of reliance on direct management or involvement of private organisations. © 2024 by the authors.",2-s2.0-85213402986,"Díaz-Tendero, A.; Ruano, J.M.",Economies,12,12.0,COVID-19; human rights; long-term care; resilience; welfare policies,Article,2024,10.3390/economies12120347,,
"Social policy support for families in South Korea during and after the pandemic of COVID-19, from a comparative perspective","The pandemic of Covid-19 exposed critical gaps in social policy and underscored the foundational role of families and households in both societal and economic stability. This introductory chapter to a Special Issue explores the interdependence between formal economic participation and unpaid domestic labour-collectively referred to as 'social reproduction'. Drawing on feminist political economy, the chapter addresses how gendered and undervalued reproductive labour is essential to economic growth and the realisation of international commitments such as the Sustainable Development Goals, particularly gender equality and inclusive growth. This Special Issue uses South Korea as a comparative case study due to its unique economic trajectory, rapid demographic ageing, stark gender inequalities, and limited social protection systems. The country's long working hours, low fertility rate, and pronounced wage and care burdens on women illustrate how inadequate social reproduction support can threaten broader social and economic sustainability. The pandemic further intensified these issues, disrupting institutional supports and deepening inequalities. This Special Issue collectively examines how policies across different contexts either alleviate or exacerbate the tensions between productive and reproductive labour, using South Korea as a focal point for comparison. This comparative analysis highlights the need for structural reforms and cultural change to support effective social reproduction policies, emphasising that gender-equal leave, accessible childcare, and shared caregiving responsibilities are crucial for work-family balance and social well-being. South Korea's experience illustrates both progress and ongoing challenges, offering valuable lessons on the limitations of market-driven approaches and the importance of resilient, state-supported family policies. © The Author(s), 2025.",2-s2.0-105011394391,"Lee, S.-H.; Nunn, A.",Journal of International and Comparative Social Policy,3,40.0,care policies; East Asia; labour market; migrant workers; social policy; welfare state,Article,2024,10.1017/ics.2025.10053,237,245
"A comparative study on childcare-related social policy support during the COVID-19 pandemic: Focusing on South Korea, France, and the UK","The COVID-19 pandemic caused widespread disruption to early childhood education and care services worldwide, affecting children's well-being and placing unprecedented caregiving burdens on families. This paper compares the childcare-related social policy responses in three countries representing distinct welfare regimes: South Korea (Productivist/East Asian), France (Conservative-Corporatist), and the UK (Liberal). Focusing on four key domains-ECEC services, family leave, work environment, and financial support-it examines how each country addressed childcare challenges during the pandemic. The findings show that, while some similarities emerged in responding to shared challenges, the policy responses diverged considerably. These differences were shaped not only by pandemic-specific health strategies but also by pre-existing welfare structures and childcare systems. France utilised its strong public infrastructure and introduced special childcare leave; Korea expanded temporary family leave and financial aid while relying heavily on informal care; and the UK prioritised employment protection with limited direct caregiving support. The study underscores the importance of institutional flexibility and multi-layered care systems in building crisis-resilient childcare policies. © The Author(s), 2025.",2-s2.0-105009438209,"Im, B.-N.; Kim, H.",Journal of International and Comparative Social Policy,3,40.0,childcare-related policies; COVID-19 response; France; South Korea; UK,Article,2024,10.1017/ics.2025.10056,380,391
"How financially fragile can households become? Household borrowing, the welfare state, and macroeconomic resilience","We extend the principles of the financial instability hypothesis (FIH) to the household sector by re-framing the three financial postures associated with the FIH (hedge, speculative, and Ponzi) in the context of households, using a simple model of household borrowing and debt-financing behavior. We also connect our analysis to various strands of research in comparative political economy on credit regimes, the welfare state, and varieties of capitalism. Our paper thereby discusses the importance of welfare systems and financial regimes as determinants of household borrowing behavior and hence the financial fragility of the household sector. In so doing, it relates to recent US policy debates by demonstrating the macroeconomic consequences of raising taxes on top incomes in order to fund an increase in the social wage. Our results suggest that taxing top incomes to provide social services without accumulating public debt improves macroeconomic resilience and may also improve macroeconomic performance. We therefore uncover some of the values of welfarism that the neoliberal “experiment” inadvertently revealed by “rolling back the frontiers of the welfare state,” and in so doing, leading capitalism headlong into the 2007–2009 financial crisis. © The Author(s), under exclusive licence to European Association for Evolutionary Political Economy and EAEPE Academy GmbH 2023.",2-s2.0-85179415510,"Setterfield, M.; Kim, Y.K.",Review of Evolutionary Political Economy,1,5.0,E12; E44; Financial fragility; Financial instability hypothesis; Household borrowing; Household debt; Macroeconomic resilience; O41; Welfare state,Article,2024,10.1007/s43253-023-00106-w,121,151
A Transformative Social Policy Perspective on Land and Agrarian Reform in Zimbabwe,"Land and agrarian reform in former settler colonies is an overlooked aspect of social policy, especially in the African context. This is, however, changing with the recognition that it is a policy instrument with functional equivalents to other conventional forms of social policy. Since the cataclysmic COVID-19 pandemic exposed the shortcomings of conventional social policy approaches, a renewed interest in land and agrarian reforms has emerged. Increasingly there has been a call for the decolonisation of social policy in Africa and for transformative social policy (TSP) initiatives, which privilege local needs and policy perspectives. With scholarship crystallising around possibilities of post-pandemic social policy transformation, this article explores lessons that can be learned from Zimbabwe's agrarian welfare regime in dealing with the challenges of rural poverty and inequality. Using empirical evidence gathered from the Goromonzi and Zvimba districts in Zimbabwe and the analytical lenses of the TSP framework, this article argues that land reform beneficiaries in an agrarian welfare regime have better opportunities for the enhancement of their welfare and wellbeing, as well as their productive and reproductive capacities. Arguably, the pandemic highlighted that access to land enhances the resilience of land reform beneficiaries and surrounding communities. Land access can be utilised to overcome rural poverty and inequality, which makes it critical for inclusive and sustainable growth. © The Author(s) 2024.",,"Chipenda, C.",Africa Spectrum,1,59.0,,,2024,10.1177/00020397241234024,89,118
"Crises of the welfare state, resilience, and pessimism of the intellect","The crises faced by welfare states have now endured for significantly longer than the counter-period of stability, calm and cooperation between the 1940s and 1970s. Systemic crisis of welfare states tied to the contradictions of capitalism, and the exogenous crises for the welfare state that have afflicted its expansion have, however, been met by faith in its resilience evidenced in its economic functions and popularity. We question the basis for optimism by examining the ‘state of the welfare state’ in the context of the social goals envisaged in the 1940s and the extent to which these are evidenced in contemporary social policy arrangements. We present a case for more ‘pessimism of the intellect’ in assessing welfare futures to better underpin welfare state scholars' tendency towards ‘optimism of the will’. © 2024 The Authors. Social Policy & Administration published by John Wiley & Sons Ltd.",2-s2.0-85181675600,"Farnsworth, K.; Irving, Z.",Social Policy and Administration,2,58.0,crisis of the welfare state; welfare state resilience,Article,2024,10.1111/spol.12996,248,263
Mind the gap: Young people and welfare-state related knowledge in deservingness and welfare attitude research,"Welfare deservingness opinions help explain welfare attitudes and hence are crucial for understanding the social legitimacy of the welfare state. However, even when considering deservingness alongside other explanatory frameworks, many open questions remain in the welfare attitude framework. This article argues that a novel research agenda focusing on welfare-state related knowledge and young people could considerably enrich current debates in deservingness and welfare attitude research. Deservingness assessments are made heuristically and could greatly depend on what people know (especially when they are misinformed). Studying this with young people is highly relevant, as the formative years are crucial for welfare attitude formation and change, even later in life. Research with young people provides unique opportunities for disentangling causal mechanisms between welfare-state related knowledge, deservingness and welfare attitudes. Moreover, it could help challenge welfare-state related misinformation and build resilience against disinformation. This thematic review outlines benefits, blind spots, and research trajectories when focusing on knowledge and young people in deservingness and welfare attitude research. © The Author(s) 2023.",2-s2.0-85179938173,"Sowula, J.",Journal of European Social Policy,1,34.0,misinformation and disinformation; political knowledge; welfare attitudes; welfare deservingness; welfare state legitimacy; youth attitudes,Review,2024,10.1177/09589287231222884,101,114
Social Policies and Theories on Quality of Life under COVID-19: In Search of the Missing Links,"COVID-19 has generated many negative impacts on the family, including impaired psychological well-being of family members (parents and children) and family processes (such as parenting and family functioning). Regarding social policies to support families under the pandemic, there are several missing links. First, COVID-19 related policies mainly focus on physical well-being with a relatively weaker emphasis on psychological well-being. Second, with social policies primarily aiming at stabilizing the “financial capital” of the public, human capital (particularly personal resilience) and social capital (particularly family resilience) are relatively neglected. Third, while “general” social policies may help “averaged” individuals and families, there is a need to take pre-existing family vulnerabilities (such as poverty and caregiving burdens) and inequalities into account when formulating “down to earth” social policies. Fourth, while social science knowledge and theories have important potential contributions to help develop relevant policies and services to promote quality of life under COVID-19, explicit utilization is not strong. With reference to these missing links, we proposed several research and practice directions for the promotion of quality of life under the pandemic. © 2023, The Author(s).",2-s2.0-85148582430,"Shek, D.T.L.; Leung, J.T.Y.; Tan, L.",Applied Research in Quality of Life,3,18.0,,,2023,10.1007/s11482-023-10147-2,1149,1165
Coping with COVID-19. Dugnad: a case of the moral premise of the Norwegian welfare state,"Purpose: This paper provides an analysis of the notion of dugnad (collective effort) in the context of the first weeks of the outbreak of COVID-19 in Norway. By appealing to people's sense of collective effort (dugnadsånd) Norwegian leaders successfully managed to coordinate the actions of the population and beat the outbreak. Design/methodology/approach: The argument builds on the pragmatic sociology associated with Boltanski and Thévenot and their “orders of worth”. Building on qualitative interview studies of the Norwegian middle and working classes a moral ideal type labelled “the socially responsible citizen” is identified. Findings: The authors argue that dugnad is embedded in a moral repertoire of the socially responsible citizen that is indicative of a specific Norwegian welfare mentality and that is imperative for the sustainability and resilience of the Norwegian welfare model. This repertoire is found across social classes and has to be understood in light of the Norwegian welfare model and the role of civil society. Social implications: The analysis explains the societal impact of the appeal and endorsement of the notion of dugnad in the context of the outbreak of COVID-19. Originality/value: The paper explores the roots and impact of a social phenomenon that has not been a matter for much sociological analysis. © 2020, Emerald Publishing Limited.",2-s2.0-85088987292,"Nilsen, A.C.E.; Skarpenes, O.",International Journal of Sociology and Social Policy,4-Mar,42.0,Civil society; Covid-19; Dugnad; Norwegian welfare model,Article,2022,10.1108/IJSSP-07-2020-0263,262,275
Election Campaigns and Welfare State Change: Democratic Linkage and Leadership Under Pressure,"For over three decades, mature European welfare states have been on their way into an austerity phase marked by greater need and more insecure revenues. A number of reform pressures-including population ageing, unemployment, economic globalization, and increased migration-call into question the economic sustainability and normative underpinning of transfer systems and public services. And while welfare states long seemed resilient to growing challenges, it now seems clear that they are changing. This book examines how political leaders and the public respond to reform pressures at a pivotal moment in a mass democracy: the election campaign. Do campaigns facilitate debate and attention to welfare state challenges? Do political parties present citizens with distinct choices as to how challenges might be met? Do leaders prepare citizens for the idea that some policies may be painful? Do party messages have adaptive consequences for how the public perceives the need for reform? Do citizens adjust their normative support for welfare policies in the process? Overall, the answers to these questions affect how we understand welfare state change and the functioning of representative democracy in an era of mounting challenges. The book builds on an integrated set of data sources collected by the authors. These include information about campaign themes from a large number of countries across three decades, content analysis of party leader speeches from the largest parties in Germany, Norway, and Sweden in the 2000s, as well as experiments and panel survey data from these countries. © Staff an Kumlin and Achim Goerres 2022.",2-s2.0-85143091191,"Kumlin, S.; Goerres, A.",,,,democratic leadership; democratic linkage; election campaign; Germany; Norway; public opinion; reform; social investment; Sweden; welfare state,Book,2022,,,
The economic-social policy of resilient development and common prosperity in the construction of new development paradigm and Rural Revitalisation,"Rural Revitalisation is an important part of the construction of the new development paradigm. In this context, the revitalisation and development of rural areas in the central and western regions need economic-social policies for resilience development. It is an economic and social policy focusing on Rural Revitalisation, which can promote rural resilient development with the purpose of promoting rural economic development, boosting rural popularity and raising the level of economic and social life in rural areas. It is a policy group, including the revitalisation and development of county economy, the implementation of economic policies conducive to social development, the implementation of public policies and social policies, and the mechanism of enabling them integrative development. All the above eventually contributes to the development of common prosperity of the rural. © 2022 Informa UK Limited, trading as Taylor & Francis Group.",2-s2.0-85135617402,"Wang, S.",China Journal of Social Work,3,15.0,common prosperity; resilience development; Rural revitalisation; the economic-social policy,Article,2022,10.1080/17525098.2022.2088052,294,309
Institutional sources of trust resilience in diverse societies: The mitigating role of inclusive and egalitarian welfare state institutions,"Advanced industrialized democracies are becoming increasingly ethnically heterogeneous due to immigration. Some authors have suggested that such ethnic diversity will lead to an erosion of trust amongst citizens, while others have contested this link by pointing to continuing variation of trust levels across host societies arguably linked to cross-national differences in institutions. In this chapter, we first catalogue and critically evaluate existing literature on the institutional sources of trust. Based on this, we propose that equal treatment emerges as a crucial institutional characteristic for strengthening trust when facing diversity. We test this argument using cross-national micro and macro-level data for 17 advanced European democracies from the last two decades. We find that exposure to diversity and skeptical attitudes towards such ethnic diversity correlate with lower trust. Notably, the negative relationship between anti-diversity attitudes and trust is dampened in countries where welfare state institutions treat immigrants more equally. © Markus M. L. Crepaz 2022.",2-s2.0-85130161207,"Kayran, E.N.; Kolbe, M.",,,,,,2022,,276,296
The resilience of maternalism in European welfare states,"This article goes in search of contemporary maternalism in European social policy. It first undertakes a review of both the meaning and forms of maternalism querying how scholarship and policy framed maternalism in Europe and, secondly, assesses its significance in today’s European welfare state. The article argues that maternalism has been crowded out from the analysis of contemporary social policy by a host of other concepts and frameworks that downgrade gender equality. However, maternalism continues to have relevance and application in policy. It is a different–less explicit–maternalism as compared with the past. The maternalism that we see today is more implicit in the sense that it is the result of a new familialism which emphasises both women’s and men’s changed roles but in a gender-neutral framing. The ‘problem’ as policy sees it is to get men more involved and active in the rearing of their children and the main way of doing that is not through major redistributive or other structural change measures but through a mild set of incentives oriented to cultural change. At the same time, women are being repositioned more centrally between family and employment but they have to do both. Policy now tends to speak in gender-neutral terms or, when it does use gender-specific terms. These lack any radical purchase. © 2022 The Author(s). Published by Informa UK Limited, trading as Taylor & Francis Group.",2-s2.0-85128733757,"Daly, M.",Contemporary Social Science,4,17.0,European welfare states; Maternalism; paternalism; social policy; welfare reform,Article,2022,10.1080/21582041.2022.2061042,313,325
"Resilience, discipline and financialisation in the UK’s liberal welfare state","Financialisation has become central to contemporary liberal welfare states. The embedding of asset-based welfare and social investment strategies has emphasised focus on maximising the number of potential consumers, alongside reducing the welfare state’s economic liabilities as much as possible. A central component of this is shifting risk away from the state, individualising risk. The efficacy of this process rests on individuals internalising this risk shift and accepting the premise that they are entirely responsible for their own economic wellbeing, regardless of the social conditions in which they live. In this article, I argue that the concept of ‘resilience’ facilitates this internalisation, which helps to explain its relatively rapid uptake in the social policy of welfare regimes such as the UK. ‘Resilience’ can be understood as a disciplinary mechanism that assists with both legitimising and enforcing the financialisation of everyday life through the welfare state. This article makes a theoretical contribution to the literature through providing the first substantive attempt to demonstrate the role resilience as a social policy strategy may play in maintaining the longevity of financialised welfare capitalism and furthering the financialisation of everyday life. © 2021 The Author(s). Published by Informa UK Limited, trading as Taylor & Francis Group.",2-s2.0-85118630026,"Donoghue, M.",New Political Economy,3,27.0,financialisation; Gramsci; Resilience; social investment; welfare state,Article,2022,10.1080/13563467.2021.1994538,504,516
The Nordic welfare state’s value base and resilience: A status update,,2-s2.0-85148004800,"Hellman, M.; Alanko, A.; Olsen, T.",Nordic Welfare Research,2,6.0,,,2021,10.18261/issn.2464-4161-2021-03-01,125,127
Withstanding the plague: Institutional resilience of the East Asian welfare state,"As the origin place of the COVID-19 outbreak, East Asian welfare states have largely survived the immediate health threats out of the pandemic shock but have yet to deal with its dire social consequences. This paper offers an institutionalist account—in terms of the institutional resilience of the welfare state—to grasp the policy dynamics in East Asia. We select four cases under scrutiny: China, Japan, Korea and Taiwan, to analyse the major trend of social policy responses in this region. With a systematic comparison of the policy responses, in particular reference to the unemployment protection and social assistance that have arisen as the major crisis responses, we identify striking similarities in institutional arrangements but also some variation in policy approaches. Given the effective containment of the pandemic spread and the comprehensive social safety nets, region-wide measures such as consumption vouchers, prolonged unemployment benefits and emergency relief aids are of a one-shot nature that will fall off once this crisis abates. The common trend of social policy responses to the crisis is largely an extension, not replacement or reinvention, of the existing institutional edifice of the East Asian welfare state. However, the pandemic crisis may offer a window of opportunity for gradual institutional change in light of the exacerbating social inequalities. © 2021 John Wiley & Sons Ltd",2-s2.0-85100953006,"Soon, S.; Chou, C.C.; Shi, S.-J.",Social Policy and Administration,2,55.0,coronavirus; East Asia; institutional resilience; social policy,Article,2021,10.1111/spol.12713,374,387
Disaster-sensitive infrastructure in the health welfare state: The COVID-19 pandemic as live stress test of the administrative organization law,"The COVID-19 pandemic has challenged the capacity of the welfare state (“social state”) to provide health protection. In light of the challenges of the pandemic, the social state principle needs to be reassessed, especially as it entails a constitutional obligation to organize health protection effectively. In addition, the concept of “resilience” may help explain why preparedness is one of the social state principle’s core characteristics. From the outset of the pandemic, the lack of preparedness has been a serious concern, along with the lack of cooperation between public health authorities and health care institutions. Particularly due to staffing problems and insufficient IT infrastructure, public health authorities have had to cope with perpetual performance problems. Consequently, the modification of legal provisions relating to the organization of health-related public administration is necessary to improve preparedness, performance, and cooperation. © 2021 Duncker und Humblot GmbH. All rights reserved.",,"Rixen, S.",Verwaltung,3,54.0,,,2021,10.3790/VERW.54.3.319,319,339
Manoeuvring Through the Crisis: Labour Market and Social Policies During the COVID-19 Pandemic,"The unprecedented COVID-19 pandemic has a severe impact on societies, economies and labour markets. However, not all countries, socio-economic groups and sectors are equally affected. Part of this disparity can be related to the different role and extent of short-time work, which is now being used more widely than during the Great Recession. Furthermore, unemployment benefits have been made more generous in many countries. While it is still too early to assess the relative success of national strategies to cope with the pandemic and to revitalise the labour market as well as to evaluate the medium-term fiscal viability of different support measures, a few policy directions become apparent. These include the use of digital tools to increase resilience against economic shocks, the longer-term perspective of short-time workers in the current crisis, social protection for self-employed workers that is robust to economic crises and resilient models for school-to-work transitions of younger workers. © 2020, The Author(s).",2-s2.0-85096906394,"Eichhorst, W.; Marx, P.; Rinne, U.",Intereconomics,6,55.0,,,2020,10.1007/s10272-020-0937-6,375,380
"Organizing service delivery on social media platforms? Loosely organized networks, co-optation, and the welfare state","Recent crisis situations have witnessed a growing number of loosely organised networks (LONs) that deliver welfare services and employ social media platforms to coordinate their actions. Focusing on the 2015 ‘refugee crisis’ in Sweden, we explore the role of LONs in Swedish resilience policy. In the absence of standardised heuristics characteristic of established organizations, the LONs refer to social media for generating a common stance on the policy problem and their relation to the state. The study indicates challenges in governing LONs, showing that although a LON may become co-opted by the state, this co-optation may lead to its demise. © 2019, © 2019 The Author(s). Published by Informa UK Limited, trading as Taylor & Francis Group.",2-s2.0-85067567360,"Turunen, J.; Weinryb, N.",Public Management Review,6,22.0,loosely organized networks (LONs); refugee crisis; resilience policy; Social media; welfare service delivery,Article,2020,10.1080/14719037.2019.1619805,857,876
"Smart cities, resilience, and the 5G revolution: Implications for social policy",,2-s2.0-85115783357,"Weeber, S.",,,,,,2020,,221,241
Looking Beyond Cash Transfers for Optimizing Poverty Reduction and Livelihood Sustainability in Rural Ghana: Comparative Analysis of Two Social Policy Interventions Against Poverty,"In this article, we argue that, if the poverty reduction inroads recorded from the declaration of the Millennium Development Goals could be optimized and sustained particularly in rural areas experiencing higher incidence of poverty and livelihood vulnerabilities, policymakers and development practitioners ought to look beyond cash transfer measures to embrace skills and technology transfer policies and programs. This approach has a greater tendency of creating appropriate context for the empowerment and enhancement of the production capacities of the poor in ways that guarantee their independence to engage in self-help initiatives and resilient local livelihoods. This conclusion is drawn from comparative study outcomes of two Government of Ghana social policies for poverty reduction, namely—the Livelihood Empowerment against Poverty and the Rural Enterprise Program. © 2020 Published by Wiley Periodicals, Inc., 350 Main Street, Malden, MA 02148, USA, and 9600 Garsington Road, Oxford, OX4 2DQ.",2-s2.0-85082972368,"Osei-Wusu Adjei, P.O.-W.; Adjei, J.O.; Serbeh, R.",Poverty and Public Policy,1,12.0,Africa; cash transfers; Ghana; livelihood sustainability; poverty reduction; rural transformation,Article,2020,10.1002/pop4.270,84,111
Gritty citizens? Exploring the logic and limits of resilience in UK social policy during times of socio-material insecurity,"In recent years, resilience has been invoked as both a pre-emptive and responsive strategy to tackling socio-material insecurity. This article outlines a number of discursive and administrative features that distinguish the rise of resilience from longer-term shifts towards ‘active citizenship’ in British social policy. We use data from two studies of financial hardship to examine how the fetishised ideal of resilience is reified and negotiated in the everyday experiences of low-income citizens. We argue that resilience is practised as ‘a way of being’, but in contorted ways that reflect restrictions to agency, resources and autonomy. This article makes an original contribution by exposing a current paradox within resilience as a governing agenda: it is principally pursued in ways that compromise the material and ontological security necessary for its productive potential. The article concludes by reflecting on what conceptual and applied agendas this presents for policymakers, practitioners and academics in the UK and further afield. © The Author(s) 2019.",2-s2.0-85061571487,"Donoghue, M.; Edmiston, D.",Critical Social Policy,1,40.0,austerity; citizenship; governance; poverty; resilience; welfare politics,Article,2020,10.1177/0261018319825547,29,Jul
"Debt, austerity capitalism and the welfare state","This chapter focuses on the adverse conditions austerity creates for welfare states. It contends that austerity cannot be condensed into a singular (economic) phenomenon; the term hosts multiple meanings and is inherently connected with intersecting political, cultural and moral economic contexts in which welfare states now operate, including globalization, financialization and neoliberalism. The chapter concentrates on these intersections through the lens of austerity capitalism and situates the current post-Great Financial Crisis austerity challenges within the longer evolution of austerity capitalism since the 1970s. In this context it suggests that welfare states are characterized neither by wholesale dismantlement nor by resilience, but continue to be reconfigured by the contemporary dynamics of debt and (re)financialization that mark new types of permanent austerity and instability. © Nick Ellison and Tina Haux 2020. All rights reserved.",2-s2.0-85097968996,"Dukelow, F.",,,,,,2020,,459,472
The political economy of immigration and welfare state effort: Evidence from Europe,"This article explores whether immigration plays a role in determining national welfare state effort in 16 European countries. It examines the relationship between stocks of migrants, the foreign-born population, on two different indicators of welfare state effort - social welfare spending as a percentage of gross domestic product (GDP) and a welfare generosity index. The nexus between immigration and welfare is a controversial and highly sensitive political issue, and as such it typically divides opinion. Traditionally, it has been argued that increases in immigration create pressures for governments to reduce levels of social welfare provision. By building on theories and results from the political economy literature, this article provides further evidence on the debate through using a fresh approach to operationalize welfare state effort. The empirical results show that the foreign-born population has a positive and statistically significant relationship with social welfare spending and no statistically significant association with the welfare generosity index. The findings provide no evidence to support the hypothesis that the higher levels of immigration lead to reduced levels of social welfare provision. On the contrary, these findings lend support to the view that increasing immigration leads to welfare state expansion rather than retrenchment, and that European welfare states remain resilient in the face of the globalization of migration. © 2019 European Consortium for Political Research.",2-s2.0-85071152665,"Fenwick, C.",European Political Science Review,3,11.0,Europe; immigration; social protection; welfare state,Article,2019,10.1017/S175577391900016X,357,375
Resilience in British social policy: Depoliticising risk and regulating deviance,"Over the past decade, resilience has emerged as a key priority linking disparate areas of British policy. Yet research to date has focused heavily on resilience as a dimension of international development and security agendas. This article maps the movement of resilience into British social policy. It finds that, as in other areas of policy, resilience in social policy functions to depoliticise, placing the structural determinants of gender, racial, and other inequalities beyond the reach of policymakers. Yet, in a departure from academic accounts of resilience, in social policy, resilience appears to play another role: that of regulating social deviance. © The Author(s) 2018.",2-s2.0-85048040766,"Amery, F.",Politics,3,39.0,governance; resilience; risk; social policy,Article,2019,10.1177/0263395718777920,363,378
"Polarization, tax revenue and the welfare state: Digital disruption or still standing strong?","How resilient will the Swedish welfare state be in the face of further rapid technological change? In other countries, labor markets have become more polarized while in Sweden the effects have so far been limited. The country also benefits from having in place a safety net for its citizens and well-endowed structural funds for retraining of displaced workers. The institutions built up during in the aftermath of Sweden’s crisis in the 1990s further helped in containing the fallout from the Great Recession two decades later. On the surface, Sweden thus seems well prepared. But outside of the main urban areas, municipalities are at risk from digitalization affecting almost all sectors at the same time. With high taxes also on middle-income earners and a shortage of skilled labor in key segments of the labor market, tax bases could begin to erode. Automation and platform-based labor markets open additional possibilities to substitute away from labor to machines. The result is further labor-market polarization and more strained financing of comprehensive social welfare. Upholding the social contract in the welfare state is already becoming a challenge. © 2020 selection and editorial matter, Anthony Larsson and Robin Teigland.",2-s2.0-85121179414,"Blix, M.",,,,,,2019,,149,162
Ireland: The welfare state and the crisis,"Mary Daly examines the severe crisis in Ireland in this chapter. The crisis was preceded by an extended period of rapid economic growth, yet the national financial situation had been deteriorating prior to the recession. When it hit, a strong austerity approach was adopted, dictated principally by the terms of the financial bailout Ireland secured in 2010. In return for this funding, Ireland undertook a very detailed programme of reforms in which social policy and changed taxation were prioritized. These reforms featured large reductions in social expenditure and significant cuts to all benefits (except old-age pensions) and services, increasing poverty and hardship. Housing-related indebtedness increased quite widely as well. Reforms also institutionalized a much stronger activation approach. Apart from this, there was little or no major restructuring of the Irish welfare state, hence this proved quite resilient in a period that saw the overshadowing if not demise of social partnership. © Oxford University Press 2019.",2-s2.0-85117758709,"Daly, M.",,,,Austerity; Hardship; Ireland; Poverty; Severe crisis,Book chapter,2019,,115,131
Responding to free movement: quarantining mobile union citizens in European welfare states,"It is often held that free movement within the European Union and the expansion of social rights of mobile citizens by the European Court of Justice place national welfare states under pressure, potentially leading to welfare retrenchment. Yet thorough empirical investigation of this claim has been surprisingly limited. In this article, we distinguish three possible responses to such pressures: ‘embedding’, the inclusion of Union citizens in the welfare system; ‘quarantining’, restrictive measures excluding mobile Union citizens; and ‘retrenchment’, general cutbacks in benefit programmes. Through a longitudinal comparative case study of generous non-contributory welfare benefits in Denmark and the Netherlands, we find general welfare retrenchment in response to Europeanisation strikingly limited. Instead, welfare states remain resilient by creatively quarantining mobile Union citizens from the coverage of social benefits. Legal cultures and degrees of politicization are important factors, shaping the pathways towards these creative but exclusionary responses. © 2018, © 2018 The Author(s). Published by Informa UK Limited, trading as Taylor & Francis Group.",2-s2.0-85049138941,"Kramer, D.; Thierry, J.; van Hooren, F.",Journal of European Public Policy,10,25.0,Europeanisation; free movement; quarantining; resilience; retrenchment; welfare state,Article,2018,10.1080/13501763.2018.1488882,1501,1521
Minority children and academic resilience in the Nordic welfare states,"Purpose - The purpose of this paper is to summarise and analyse empirical research on protective factors that promote academic resilience in ethnic minority children mainly aged between 13 and 18 years attending schools in the Nordic countries. Design/methodology/approach - This paper was opted for a literature review of 23 peer-reviewed quantitative articles published between 1999 and 2014. The analysis entailed protective factors at both the personal and environmental levels in ethnic minority children. Findings - Some minority children's school performance may be just as good if not better than majority children when having similar or even lower socioeconomic status than majority children. Protective factors at the personal level included working hard, having a positive attitude towards school, and having high educational aspirations. Protective factors at the environmental level included supportive school systems, supportive schools, and supportive networks including parental qualities and support. The findings are comparable to the findings outside the Nordic countries with one exception; minority children in the Nordic countries performed better than expected despite socioeconomic disadvantages. Research limitations/implications - Protective factors affecting academic resilience need further attention in a time with an increased global migration. Research implications may be related to how schools and policy makers develop supportive school systems, supportive schools, and supportive networks to contribute to making a difference for minority children's educational opportunities in the Nordic countries. Originality/value - Academic resilience is a relatively new research field in the Nordic countries. This review is the first review which has summarised and analysed existing findings on academic resilience in the Nordic countries in minority children. © Emerald Publishing Limited.",2-s2.0-85033601801,"Johnsen, A.; Ortiz-Barreda, G.; Rekkedal, G.; Iversen, A.C.","International Journal of Migration, Health and Social Care",4,13.0,Academic resilience; Ethnic minority children; Nordic countries; School success; Welfare state,Article,2017,10.1108/IJMHSC-11-2015-0050,374,390
Corrigendum: All in it together? Community food aid in a multi-ethnic context (Journal of Social Policy (2017) DOI: 10.1017/S0047279417000010),"The following acknowledgement was omitted from the original publication: The authors would like to acknowledge the support of the BBSRC (The Biotechnology and Biosciences Research Council) for the funding of IKnowFood at York which is 4-year research programme being funded through the Global Food Security-Food System Resilience programme with contributions from BBSRC, ESRC, NERC, and the Scottish Government. The authors apologise for this oversight. © 2017 Cambridge University Press.",,,Journal of Social Policy,3,46.0,,,2017,10.1017/S0047279417000083,473,
Economic Hardship and Well-Being: Examining the Relative Role of Individual Resources and Welfare State Effort in Resilience Against Economic Hardship,"With the aftermath of the economic crisis starting to fold out, the extent and the conditions under which the experience of economic hardship thwarts subjective well-being spark academic interest. In this paper, we examine the cushioning impact of three immaterial buffers embedded within civil society—namely social networks, religiosity, and confidence in politics—in combination with the cushioning role of the welfare state. Analyzing the 2010 wave of the European Social Survey, the results confirm that the experience of economic hardship is inversely related to happiness. All three proposed protective measures cushion the negative impact of economic strain on happiness, whereby the positive effect of social networks and confidence in politics is stronger in countries with lower levels of social expenditure. The latter finding provides some evidence for the crowding out-thesis but mainly suggests that a strong welfare state can take over the role of protective buffers in civil society, which is helpful as such buffers are less present among the most vulnerable social groups. The results of the analysis are discussed in relation to social science research and public policy. © 2016, The Author(s).",2-s2.0-84954524778,"Reeskens, T.; Vandecasteele, L.",Journal of Happiness Studies,1,18.0,Comparative welfare state analysis; Crowding-out thesis; Economic hardship; European Social Survey; Resilience; Subjective well-being,Article,2017,10.1007/s10902-016-9716-2,41,62
The Impact of eurozone governance on welfare state stability,"Introduction The European Union, also in its Treaty, is committed to economic, social, and territorial cohesion, balanced growth and upward convergence. After years of financial, economic, and social crises, the gap between these ideals and the reality has to be noted, and taken seriously. However, the gap is not only a product of the recent crisis, but is a product of a longer period of transformation. In the last 25 years, Europe was transformed by two main projects. The first project is the establishment of a Single Market and a single currency. The second one is the Eastward enlargement (2004, 2007, and 2013). The impact of these two projects on cohesion and convergence is a critical question for academic studies and public policy at the same time. In the following sections, we analyse the nature of asymmetry, divergence and imbalances in the Eurozone, and outline the relevant policy responses that have been developed or considered to address these imbalances. Furthermore, we elaborate on what is still missing, if our aim is to stress welfare state resilience in particular. EURO AREA IMBALANCES AND DIVERGENCE The dual transformation of Europe has resulted in a deeply imbalanced union. South–North imbalances can be interpreted as a core–periphery relation, which gave rise to dangerous divergences at the time of the recent crisis, with severe implications for the national welfare systems on the Eurozone periphery. In this section we analyse the origin of divergence and its manifestation within the social dimension. Core and Periphery in the EU and the Eurozone Core and periphery used to be a conceptual framework to describe the world (economic) system. Western Europe, a geographical area of former colonial powers, formed part of the core of the world system. Countries of East Central Europe have formed part of a semi-periphery, with various historical cycles of attempted ‘catching-up’ with the West, and often finding itself in a dependent relation with it. In recent years, core and periphery have been increasingly used to describe relations within Europe, within the EU, and within the Eurozone. Various components of dependency theory and the original core–periphery analysis have inspired the study of intra-European political economy: The international division of labour, the functioning of transnational corporations, international capital flows, as well as currency regimes and exchange rate policy. © Frank Vandenbroucke, Catherine Barnard, and Geert De Baere 2017.",2-s2.0-85048538684,"Andor, L.",,,,,,2017,,143,159
"Relational Resilience in Māori, Pacific, and European Sole Parent Families: From Theory and Research to Social Policy","This study reports findings and policy recommendations from a research project that applied a relational resilience framework to a study of 60 sole parent families in New Zealand, with approximately equal numbers of Māori, Pacific, and European (White) participants. The sole parent families involved were already known to be resilient and the study focused on identifying the relationships and strategies underlying the achievement and maintenance of their resilience. The study was carried out to provide an evidence base for the development and implementation of policies and interventions to both support sole parent families who have achieved resilience and assist those who struggle to do so. The three populations shared many similarities in their pathways to becoming sole parents and the challenges they faced as sole parents. The coping strategies underlying their demonstrated resilience were also broadly similar, but the ways in which they were carried out did vary in a manner that particularly reflected cultural practices in terms of their reliance upon extended family-based support or support from outside the family. The commonalities support the appropriateness of the common conceptual framework used, whereas the differences underline the importance of developing nuanced policy responses that take into account cultural differences between the various populations to which policy initiatives are directed. © 2016 Family Process Institute",2-s2.0-84970996580,"Waldegrave, C.; King, P.; Maniapoto, M.; Tamasese, T.K.; Parsons, T.L.; Sullivan, G.",Family Process,4,55.0,Culturally Diverse Families; Family Resilience; Relational Resilience; Resilience; Sole Parent Families,Article,2016,10.1111/famp.12219,673,688
"The imperial welfare state? Decolonisation, education and professional interventions on immigrant children in Birmingham, 1948-1971","This article approaches debates about how the history of the post-1945 English welfare state might be written. It argues that professionals’ interventions on immigrant children can serve as a prism for understanding the crafting of the modern English welfare state. In this sense the article engages with the narrative concerning the resilience of a post-war British history that sees 1945 as a moment of profound rupture symbolised by the demise of Empire, the development of a universal welfare state, and the coming of mass immigration that brought with it social problems whose management presaged a distinctive British multiculturalism. Due to its influential impact on the development of immigrant education policies in England and because of its extensive education archive the article uses the Birmingham Local Education Authority (LEA) as an empirical and historical case. The significant British Nationality Act of 1948 and the Immigration Act of 1971 serve as demarcations of the period treated. The article concludes that the immigrant child and the child’s background were consistently presented as educational problems and as the cause of both poor academic attainment and a more intangible unwillingness to assimilate. In this lens the crafting of the post-war English welfare state was a continuation of an imperial project shoring up imperial boundaries within as the former colonised appeared on English soil. © 2016 Stichting Paedagogica Historica.",2-s2.0-84973643500,"Ydesen, C.; Myers, K.",Paedagogica Historica,5,52.0,Decolonisation; Immigrants; Intercultural education; Professionals; State-crafting; Welfare state,Article,2016,10.1080/00309230.2016.1192207,453,466
"The south European welfare state in the new Millennium: Constraints, Challenges and prospects for Europeanisation","The development of the South European welfare state has raised several questions regarding the transformation and viability of its defining features in the new millennium. Where do the incentives for change come from? What are the obstacles and opportunities for change? The key issues concern the stability of welfare institutions, the resilience of welfare policy legacies, such as familialism, and the constellation of actors involved in the processes of continuity and change. This article examines the challenges faced by the South European welfare state and argues that after the global economic crisis of 2007-2011 South European countries continue to share the main characteristic of very weak welfare capitalism, although Greece, Italy, Portugal and Spain have undertaken divergent paths to cope with the political economy of austerity. In addition, the article suggests that prospects for Europeanization are dwarfed by the fact that national actors use EU constraints and opportunities in the field of social policy either to strengthen their legitimization, amplify their room for manoeuvre or expand their power. Hence policy reforms reflect the timing, the constellation of actors and the political and social conflicts that prevail in each country. By 'bringing politics back in' this article departs from mainstream research on South European welfare policy change where institutions are typically anthropomorphised and treated as coherent actors in the policy process. The article contributes to the literature by offering a sounder explanation that includes the role of political entrepreneurs as a crucial analytical aspect in understanding variations in welfare state patterns in Southern Europe.",2-s2.0-85002584275,"Mulé, R.",World Economy and International Relations,7,60.0,Europeanization; Familialism; Great Recession; Poverty risk; South European; Welfare state,Article,2016,10.20542/0131-2227-2016-60-7-25-36,25,36
Rumors that diversity is the death of the welfare state are greatly exaggerated: On the resilience of the European social model,,2-s2.0-85055017861,"Crepaz, M.M.L.",,,,,,2016,,315,329
Welfare States and Social Cohesion in Europe: Does Social Service Quality Matter?,"In this article, the authors evaluate whether the provision of good quality social services has the potential to create social cohesion. In addition to examining the relationship between social services and social cohesion, the authors expand institutional theories of social capital by investigating whether this potential for building social solidarity may be resilient to the corrosive effects of economic strain. Multilevel analyses of variations in the perceptions of social cohesion amongst Europeans were conducted for 27 member countries of the EU using the Eurobarometer 74.1 on poverty and social exclusion from 2010. The results suggest that individuals receiving better quality social service provision perceived higher levels of social cohesion within the country in which they live. By contrast, individuals living in households experiencing economic strain perceived lower levels of cohesion. Further analysis revealed that the experience of economic strain does not weaken the positive relationship between social services quality and perceptions of cohesion. © © Cambridge University Press 2015.",2-s2.0-84949319985,"Andrews, R.; Jilke, S.",Journal of Social Policy,1,45.0,,,2015,10.1017/S0047279415000513,119,140
Change and Resilience in Welfare State Policy. The Politics of Sickness Insurance in Norway and Sweden,"This article compares the processes of reforming sickness insurance in Norway and Sweden. Despite the many similarities between the Norwegian and Swedish welfare states, they have taken different paths when it comes to reforming their sickness insurance systems. In the period between 1990 and 2010 Sweden changed its wage replacement levels and levels of employer financing several times, while in Norway they remain basically unchanged since 1978, notwithstanding many reform initiatives by political authorities. Why have the two cases evolved so differently? We address this question by using Peter Starke's review of the retrenchment literature which outlines four major strands of theorizing the politics of welfare reform: neo-functionalism, conflict theories, institutionalist theories and discourse theory. Rather than treating these as providing competing explanations, the article suggests that elements from all perspectives bring insights to the case. The need for policy reform must always be communicated in a way that can be understood and approved in order to materialize as actual policy change. But discursive change and apparently seductive frames will not always be enough. This comparative analysis illustrates that the chance of success for new frames or discourses depends on the institutional, political and functional context into which they are inserted. Similar attempts at framing the need for reform and cutbacks have had different effects in the two countries depending on the character of the counter forces and extant frames reformers are up against. On the other hand, over time discourses and frames also shape institutions and political relations. © 2013 John Wiley & Sons Ltd.",2-s2.0-84899570679,"Hagelund, A.; Bryngelson, A.",Social Policy and Administration,3,48.0,Discourse; Institutions; Norway; Policy change; Sickness insurance; Sweden,Article,2014,10.1111/spol.12009,300,318
"Testing the Resilience of Civil society The Euro Crisis, Portugal’s Welfare State, and the Third Sector",,2-s2.0-105020541204,"Glatzer, M.",,,,,,2014,,213,232
Workplace work-family interventions: Italy in times of welfare state retrenchment and recession,"Purpose: The purpose of this article is to investigate work-family interventions in Italian organizations within the context of a national welfare regime and in the face of recession. Design/methodology/approach: The results of case studies carried out on eight leading companies in the field of workplace work-family policies are presented. The case study research is supported by a literature review as well as an analysis of national legislation and political agenda concerning work-family issues. Findings: Findings indicate that, against the backdrop of the institutional framework, one impact of the recession may be the setting aside of workplace work-family intervention, especially in small and medium-sized organizations with limited resources. Evidence collected using case study research suggests that this has not happened in larger companies where employers have adopted a strategic approach to work-family issues. In these larger firms, work-family policies have been assessed and reorganized as a result of an increasing concern for workplace performance and efficiency. In this regard, resilience to the crisis in workplace arrangements is related to the fact that the adoption of an evidence-based approach makes economic sense and contributes to obtaining the long-term support needed from important stakeholders. Research limitations/implications: The case study companies are not necessarily representative of current workplace intervention in the field; a generalization of the findings may not therefore be appropriate. They do however provide valuable insights for both future research on workplace support and public policy design. Originality/value: The article investigates the links between the wider social, economic and political context and workplace work-family arrangements in specific organizations. © Emerald Group Publishing Limited.",2-s2.0-84883115729,"Riva, E.",International Journal of Sociology and Social Policy,10-Sep,33.0,Employment; Family life; Italy; Mutual gains; Quality of life; Social policy; Strategic approach to work-family issues; Welfare community approach; Work-family policies; Workplace arrangements,Review,2013,10.1108/IJSSP-11-2012-0098,565,578
Stress-testing the New Welfare State,"Deep economic crises are moments of institutional truth, so the history of the 20th century teaches us. In the wake of both the Great Depression in the 1930s and the Great Inflation of the 1970s, the socioeconomic order of advanced economies, triggered by exceptional economic hardship, recast in fundamental ways. The aftermath of the global financial crisis of 2008 marks another 'stress test' for the welfare state. Can the welfare state wither the storm, once again, as it did in the 1980s and 1990s? This chapter deals with the initial responses adopted across Western Europe since the outbreak of the crisis in 2008. It reviews three distinctive sequences of crisis management that have been pursued, each triggered by different, but complementary, sets of economic and political challenges. The global financial crisis has affected different economies differently, as a result of their relative vulnerability to endogenous and external economic shocks and also because of the differing institutional capacities they were able to mobilise to address the economic duress. In particular it focuses on the developments that social investment policies have undergone after 2008. While there are differences across welfare regimes, policies with a social investment flavour (activation, childcare) have been somewhat more resilient in the face of fiscal austerity. While clearly suffering from an extremely unfavourable budgetary context, the reorientation towards a social investment welfare state seems still on the agenda, if anything because of a lack of alternatives. © The several contributors 2012. All rights reserved.",2-s2.0-84921838411,"Hemerijck, A.",,,,Crisis aftershocks; Global financial crisis; Policy responses; Social investment; Welfare reform; Welfare regimes,Book chapter,2013,,,
"Blinded by neuroscience: Social policy, the family and the infant brain","Current social policy initiatives are promoting early intervention to improve the lives of disadvantaged children. Neuroscientific evidence is prominent in this discourse, creating the lustre of science, but too much has been taken on trust. In particular, the argument that the first three years are critical has created a now-or-never imperative to intervene before irreparable damage is done to the developing infant brain. A critique of current policy in the United Kingdom is provided here, drawing on counter-arguments from the policy discourse in the United States during the 'decade of the brain', updated with more recent research findings. Overall, we show that the infant brain is not readily susceptible to permanent and irreversible damage from psychosocial deprivation. Rather, plasticity and resilience seem to be the general rule. The co-option of neuroscience has medicalised policy discourse, silencing vital moral debate and pushing practice in the direction of standardised, targeted interventions rather than simpler forms of family and community support, which can yield more sustainable results. © The Policy Press.",2-s2.0-84878471000,"Wastell, D.; White, S.","Families, Relationships and Societies",3,1.0,Child welfare; Early intervention; Family policy; Neuroscience; Resilience,Article,2012,10.1332/204674312X656301,397,414
Crisis social policy and the resilience of the concept of community,"This paper considers the continuing resilience of the notion of community in social policy making and wider political commentary in the contemporary UK. Focusing in particular on the ways in which community is negatively and positively invoked and mobilized in narratives of the 'big' and 'broken' societies, it considers why the notion of community, so popular with the previous New Labour government, continues to enchant the present UK Coalition government and has been given added resonance in the context of the economic crisis and of the 'austerity' measures currently being adopted. The paper argues that placing community at the heart of current welfare provision illuminates a number of tensions in the UK government's policy-making agenda. Informed by a discussion of Liverpool - once one of the big society 'laboratories' - we highlight the contradictions between top-down, depoliticized understandings of community and the types of community engagement and participation that are to be found in poor, disadvantaged communities in particular. Such communities are also where the impact of UK government 'austerity' measures are being most keenly felt. © The Author(s) 2012.",2-s2.0-84863770585,"Hancock, L.; Mooney, G.; Neal, S.",Critical Social Policy,3,32.0,Big society; Broken society; community; crisis; policy; welfare,Article,2012,10.1177/0261018312444410,343,364
"Explaining welfare state adaptation in East Asia: The cases of Japan, Korea and Taiwan","A growing volume of literature suggests that the countries in North-east Asia are defying the productivist logic that has underpinned their welfare state regime. This article aims to unfold the developmental trajectory of welfare states in Japan, Korea and Taiwan. By combining structural accounts and political explanations of social policy reform, it discusses continuity and changes in the role of social policy over a stretched period of time. It then argues that although there has been significant change made to social policy in the region, structural conditions and the politics of expansion associated with them are yet to amount to a shift in the core foundation of their welfare production logic. The market-conforming role of social policy in East Asia has been persistent and, paradoxically, this explains their resilience against the forces of economic liberalisation. © 2012 Koninklijke Brill NV, Leiden.",2-s2.0-84861670822,"Hwang, G.-J.",Asian Journal of Social Science,2,40.0,East Asia; economy; Japan; Korea; labour market; social policy; Taiwan; welfare regime,Article,2012,10.1163/156853112X640134,174,202
Inequality and social policy in: Latin America A new analytical framework,"Across Latin America, overall state spending on social policies compares favourably to countries with similar levels of wealth located in other regions. A recent survey reported that social spending in Latin America accounted for 13 per cent of gross domestic product (GDP) in 2004, compared to 9 per cent in the Middle East/North Africa and 8 per cent in the emerging Asian economies (Clements et al., 2007). Despite Latin America’s general adherence to neo-liberal policy frameworks, official data show social spending as a share of GDP increased significantly over the past 15 years (ECLAC, 2007a). This large and resilient social expenditure reflects Latin America’s historical legacy as a region with high levels of state intervention in social welfare, roughly in accordance with Esping-Andersen’s social democratic welfare regime. It also reflects the relative strength of civil society organisations, particularly trade unions, in the region, which have been able to resist some aspects of neo-liberal restructuring. It might be expected that comparatively high levels of social spending would foster social equality in Latin America. In the case of Cuba, there is clear evidence that this has happened (Mesa-Lago, 2005). Elsewhere, the picture is different: as a region, Latin America remains characterised by extreme patterns of inequality of wealth, power and access to resources. A World Bank report observed that the Latin American country with least income inequality (Uruguay) was still more unequal than any Organisation for Economic Co-operation and Development (OECD) or Eastern European country (World Bank, 2003).1 There is evidence that inequality has deep historical roots in the region, dating back to colonial times. In much of the region, large-scale state welfare interventions have been in place for at least half a century, a substantial period of time in which to address established inequalities (Abel and Lewis, 2002). This chapter will argue that, rather than reduce socio-economic disparities, many welfare interventions have actually contributed to them. It shows that, historically, social policies have privileged richer groups, distributing resources away from the poor. The chapter also assesses whether recent developments in social policy, including the emergence of new cash transfer programmes, have led to more progressive social policy regimes. © 2013 Bent Greve. All rights reserved.",2-s2.0-85087697887,"Lloyd-Sherlock, P.",,,,,,2012,,232,241
Welfare-state transformations: From neo-liberalism to liberal neo-welfarism?,"Introduction What has been the influence of the neo-liberal ideology on welfare-state transformations since the 1980s? How resilient is such ideology and what is its influence today - that is, in the early 2010s? In the context of this book's themes, we would expect to find in this policy area a high degree of influence and resilience. After all, neo-liberalism emerged as an attack on Big Government, with a view to rescuing individual freedom from the torments of taxation, bureaucracy, and regulation (including in the social realm). This chapter recognizes the high relevance (and not only rhetorical) of neo-liberalism for welfare-state developments since the 1980s - but with two decisive qualifications. The first has to do with meanings: gauging neo-liberal resilience requires a prior clarification of what is connoted by the term ‘neo-liberalism’. The second qualification has to do with timing: I argue that the influence of neo-liberalism on the welfare state has followed a broad parabola, which reached its peak in the early 1990s but started to decline thereafter in the wake of ideological changes and discursive reorientations. I start with the meaning attributed to the term ‘neo-liberalism’ and, more precisely, to both the noun (liberal) and the prefix (neo). Unfortunately, the English language conflates in the noun three connotations that Italian (and Italy's political-theory tradition) separates by using different nouns. The Italian language, in fact, distinguishes among liberalesimo, liberalismo, and liberismo. The first term has the widest connotation: It refers to the entire, complex, and diverse thought tradition that began with the philosophical contractualism of John Locke and with the doctrines about the constitutional protection of individual freedoms. Liberalesimo thus embraces the entire range of offspring that ‘germinated’ from the Lockean core: its outer perimeter ends where authoritarianism and collectivism begin and the ideas of negative freedom, its constitutional protection, and its lexicographic primacy are rejected. © Cambridge University Press 2013.",2-s2.0-84924177611,"Ferrera, M.",,,9781110000000.0,,,2012,,77,111
An absent presence: Experiences of the 'welfare state' in an Indian Muslim mohallā,"This paper examines the everyday experiences and perspectives of Muslim Ansāris (weavers) in urban north India with respect to the 'welfare state'. The case of a recent health insurance scheme, initiated by the Indian government, constitutes the paper's focus. Narratives around the scheme expressed by residents in a majority Muslim mohallā (neighbourhood) in Varanasi illustrate the ways in which the state's presence was more often experienced through its perceived absence and inaccessibility. But even whilst such experiences represented broader patterns of neglect, locally interpreted as the upshot of being India's largest religious minority, this community was not stricken by a sense of absolute alienation and nor did individual or collective actions exhibit outright disaffection towards the state. More appropriately, 'defensive agencies' informed by degrees of pragmatism, acceptance and resilience, were articulated in an effort to protect, as well as improve the future capacities and ambitions of the neighbourhood residents where the state had seemingly failed. The paper concludes however with a word of caution about celebrating such agency, and reflects on the potential for transformative politics by Muslims in urban India. © 2011 Taylor & Francis.",2-s2.0-80052838716,"Williams, P.",Contemporary South Asia,3,19.0,Agency; Everyday state; Indian muslims; Marginalisation; Urban politics,Article,2011,10.1080/09584935.2011.594157,263,280
"On consensus, constraint and choice: Economic and monetary integration and Europe's welfare states","This article reassesses the theoretical expectations and empirical findings in the political economy literature on the impact of economic and monetary union (EMU) on European welfare states. After summarizing the literature which views EMU as the symbol of the primordial conversion to neoliberalism, the article identifies the underlying hypothesis, assumptions, and predictions of the earlier, largely apprehensive literature of the 1990s which was based on ex ante convictions on EMU's social consequences. Then it reviews more recent ex post studies pointing to dynamics of welfare state resilience informed by new empirical evidence that became available and new theoretical approaches that became influential. After highlighting the conditions under which welfare reforms have taken place and the role played by EMU in these processes, this article concludes by re-evaluating the earlier expectations in the literature in light of the empirical findings and draws lessons for the discipline of political economy. © 2009 Taylor & Francis.",2-s2.0-70449562942,"Bolukbasi, H.T.",Journal of European Public Policy,4,16.0,EMU; Neoliberalism; Retrenchment; Welfare reform,Article,2009,10.1080/13501760902872551,527,544
Liberalization without Retrenchment: Understanding the consensus on swedish welfare state reforms,"In 1980, Sweden was a highly regulated economy with several state monopolies and low levels of economic freedom. Less than twenty years later, liberal reforms turned Sweden into one of the world's most open economies with a remarkable increase in economic freedom. While there is resilience when it comes to high levels of taxes and expenditure shares of GDP, there has been a profound restructuring of Sweden's economy in the 1980s and 1990s that previous studies have under-estimated. Furthermore, the degree of political consensus is striking, both regarding the welfare state expansions that characterized Sweden up to 1980, as well as the subsequent liberalizations. Since established theories have difficulties explaining institutional change, this article seeks to understand how the Swedish style of policy making produced this surprising political consensus on liberal reforms. It highlights the importance of three complementary factors: policy making in Sweden has always been influenced by, and intimately connected to, social science; government commissions have functioned as 'early warning systems', pointing out future challenges and creating a common way to perceive problems; and, as a consequence, political consensus has evolved as a feature of Swedish style of policy making. The approach to policy making has been rationalistic, technocratic and pragmatic. The article concludes that the Swedish style of policy making not only explains the period of welfare state expansion - it is also applicable to the intense reform period of the 1980s and 1990s. © 2008 Nordic Political Science Association.",2-s2.0-58449100923,"Bergh, A.; Erlingsson, G.Ó.",Scandinavian Political Studies,1,32.0,,,2009,10.1111/j.1467-9477.2008.00210.x,71,93
"Devolution and neoliberalism in the Canadian welfare state: Ideology, national and international conditioning frameworks, and policy change in British Columbia","The Canadian welfare state has changed significantly in the last decade with the federal devolution of policy responsibilities creating opportunities for some provinces to adopt American social policy ideas. Given the expectations of resilience and non-convergence, in the welfare state literature, this article addresses the issues of policy change by demonstrating that the movement of British Columbia's labour and social policy towards international neoliberal norms, including policy examples set in many US jurisdictions, have produced limited convergence. We suggest that this indicates that more change has occurred and is occurring in the Canadian welfare state than the resilience model or comparative public policy literature would indicate. © 2007 SAGE Publications.",2-s2.0-34547103286,"McBride, S.; McNutt, K.",Global Social Policy,2,7.0,British Columbia; Labour; Neoliberalism; Policy change; Policy convergence; Social policy,Article,2007,10.1177/1468018107078161,177,201
"Research, advocacy, and social policy: Lessons from the risk and resilience model",,2-s2.0-34247463754,"Jenson, J.M.",Social Work Research,1,31.0,,,2007,10.1093/swr/31.1.3,5,Mar
"Neoliberalism, institutional change and the welfare state: The case of Britain and France","Neoliberal turn in economic policy involved an attack on the welfare state in some countries but not in others. This article provides an institutionalist explanation of the causes of this variation through a comparative analysis of the transformation of British and French economic policy from the end of the Second World War through the end of the 1980s. The author shows that in both nations the transition to neoliberalism accompanied the economic crisis that took place in the 1970s. However, consistent with the differences in the way the two countries came to diagnose the nature of their respective crises; the policy manifestations of neoliberalism remained different in each. In Britain, where the crisis was diagnosed as one of Keynesianism, neoliberalism emerged as a radical antiKeynesian movement that sought to dismantle major Keynesian institutions and policies.In this context, the welfare state, a fundamental Keynesian institution, was identified as a part of the 'problem,' and became subject to the neoliberal 'solution.' On the other hand, in France, where the crisis was perceived to reside in the declining competitiveness of the dirigiste policies, the neoliberal reorganization of the economy focused on industrial policy. The welfare state was not associated with the problems of dirigisme, and remained largely resilient. Through this analysis, the author attempts to develop a general theory of the relationship between neoliberalism and national policies and provide insights into the process through which paradigmatic ideas such as neoliberalism translate into concrete policy preferences in different national contexts. Data for this study come from a combination of content analysis of major government documents concerning the economy and social policy, political party election manifestos, opinion papers, OECD statistics and secondary literature. © 2006 SAGE Pulications.",2-s2.0-33751556053,"Kus, B.",International Journal of Comparative Sociology,6,47.0,Economic policy; Globalization; Institutional change; Neoliberalism; Welfare state,Article,2006,10.1177/0020715206070268,488,525
Why do welfare states persist?,"The shape and aggregate output of welfare states within many developed democracies have been fairly resilient in the face of profound shifts in their national settings, and with respect to the global environment of the past 20 years. This contrasts with once-widespread predictions of universal retrenchment, and it has broadened debates over trends in social policymaking to focus on the phenomenon of welfare state persistence. Research on persistence has not, to date, directly considered the possibility that welfare states survive because of enduring popular support. Building from recent welfare state theory and the emerging literature on policy responsiveness, we consider the possibility that mass public opinion - citizens' aggregate policy preferences - are a factor behind welfare state persistence. We analyze a new country-level data set, controlling for established sources of welfare state development, and buttressing estimates by testing for endogeneity with respect to policy preferences. We find evidence that the temporal distribution of policy preferences has contributed to persistence tendencies in a number of welfare states. We discuss results in conclusion, suggesting the utility of further consideration of linkages between mass opinion and social policy in cross-national perspective. © 2006 Southern Political Science Association.",2-s2.0-33746505777,"Brooks, C.; Manza, J.",Journal of Politics,4,68.0,,,2006,10.1111/j.1468-2508.2006.00472.x,816,827
Theoretical visions versus policymaking realities? Searching for the logical grounds of expansion and retrenchment arguments in studies on Nordic social policy models from the 1960s to the 2000s,"Theoretical welfare analyses emphasising the Nordic welfare regimes' structural stability have increasingly clashed, above all since the late 1980s, with policy analyses emphasising that Nordic welfare benefits should be cut back. This study analyses the ideological, political and broader institutional reasons for why this disjuncture increased. We argue that theory and policy analyses may be reconciled by ""talking past one another"" on definitions of universalism, on assessments of whether crisis and systemic change are actually happening, as well as on whether or how citizens' opinions should inform policymaking. Such an analysis enables us to more dispassionately assess the veracity of ""resilience analyses"" of Nordic welfare regimes, as well as to more critically assess the feasibility of retrenchment policies actually pursued. © Koninklijke Brill NV 2006.",2-s2.0-33748349855,"Lin, K.; Carroll, E.",Comparative Sociology,1,5.0,Institutionalism; Nordic model; Policy analysis; State Elites; Welfare Research; Welfare retrenchment,Article,2006,10.1163/156913306776915605,65,86
Social policy in a cold climate: Health and social welfare in Russia,"The Russian Federation faces multiple challenges for its health and welfare systems and for the development of social policy responses. This article provides a review of some of the key challenges for social policy in Russia and assesses the adequacy of the responses to date. The author surveys recent developments in health and social welfare and makes recommendations on priorities for Russia's policy-makers and international funders. A range of public health challenges including drug and alcohol misuse, health in prisons and mental health is discussed; HIV/AIDS is singled out for particular attention. While Russia is increasingly attracting the attention of social scientists in the West, there is uncertainty about models and concepts suitable for the analysis of this complex society. Although empirical trends are largely discussed in this article, it is argued that theoretical development is required and some suggestions are made about concepts of the 'middle range' to assist in future analyses. Intermediate theories, such as those relating to the management of personal welfare, and development of resilience in a formerly collectivized context, are identified as having explanatory potential for this task. © 2006 The Author(s) Journal Compilation © 2006 Blackwell Publishing Ltd.",2-s2.0-33645969563,"Titterton, M.",Social Policy and Administration,1,40.0,Health; Russia; Social policy; Social theory; Social welfare,Article,2006,10.1111/j.1467-9515.2006.00478.x,88,103
Political partisanship and welfare state reform in advanced industrial societies,"In this article we evaluate two claims made in recent studies of the welfare states of advanced industrial societies: first, that welfare states have remained quite resilient in the face of demands for retrenchment; and second, that partisan politics have ceased to play a decisive role in their evolution. Addressing the first claim, we present analysis from a new data set on unemployment insurance and sickness benefit replacement rates for 18 countries for the years 1975-99. We find considerably more evidence of welfare retrenchment during the last two decades than do recent cross-national studies. Second, we examine the ""end of partisanship"" claim by estimating the effects of government partisanship on changes in income replacement rates in sickness and unemployment programs. Our results suggest that, contrary to claims that partisanship has little impact on welfare state commitments, traditional partisanship continues to have a considerable effect on welfare state entitlements in the era of retrenchment.",2-s2.0-3242816145,"Allan, J.P.; Scruggs, L.",American Journal of Political Science,3,48.0,,,2004,10.1111/j.0092-5853.2004.00083.x,496,512
Risk and Resilience in the Life Course: Implications for Interventions and Social Policies,"It is now increasingly recognized that youth research needs to pay at least as much attention to the development of competences, resources, skills, and assets as to the emergence of disadvantage and risk. This paper summarizes recent developments in theory and research on resilience, a construct describing positive adaptation in the face of adversity, and explores possible applications of the theoretical advances and empirical findings to the development of interventions and social policies. A series of guiding principles are discussed along with examples of existing programmes aiming to promote the well being of disadvantage, high-risk young people in our society. © 2003 Taylor & Francis Ltd.",2-s2.0-23344445929,"Schoon, I.; Bynner, J.",Journal of Youth Studies,1,6.0,,,2003,10.1080/1367626032000068145,21,31
The silver age of the welfare state: Perspectives on resilience,"The circumstances which favoured the expansion of state welfare in the post-war 'golden age' - secure growth, full employment, moderate welfare needs and national politico-economic autonomy - have been reversed in the 'silver age' of labour market restructuring, demographic transition and economic globalisation. Most researchers argue that the European welfare settlement is (so far) surprisingly resilient in the face of current challenges. This article argues that analysis of welfare states has been approached from two basic directions - quantitative analysis and comparative case study - and that each approach has its merits and difficulties. Using the example of pensions policy it show that quantitative methods tend to produce findings which place greater emphasis on continuity and resilience, while case studies focus attention more on political processes. The latter approach is likely to provide greater insight into shifts that may lead to new policy directions in the immediate future. The picture presented by the quantitative method tends to predominate in comparative cross-national studies of the response of welfare states to current pressures, and this may overemphasise stability and resilience against discontinuity and change.",2-s2.0-0036773129,"Taylor-Gooby, P.",Journal of Social Policy,4,31.0,,,2002,10.1017/S0047279402006785,597,621
Coping with permanent austerity: Welfare state restructuring in affluent democracies,"The advanced industrial democracies face mounting pressures to reform their welfare states at the same time that social programs generally continue to elicit substantial political support. Caught between the resilience of social programs and a context of permanent austerity, the politics of reform have generally centered on efforts to construct broad coalitions in support of restructuring rather than dismantling of mature welfare states. Understanding the dynamics of reform requires an appreciation for the distinct dimensions of reform (which I term cost containment, recommodification, and recalibration) and the distinctive political and policy configurations that operate in liberal, conservative, and social democratic welfare regimes.",2-s2.0-0036062817,"Pierson, P.",Revue Francaise de Sociologie,2,43.0,,,2002,10.2307/3322510,369,433
Review essay: Welfare State Challenges and Responses: Institutional and Ideological Resilience or Restructuring?,,2-s2.0-84996235833,"Sainsbury, D.",Acta Sociologica,3,44.0,,,2001,10.1177/000169930104400305,257,265
Dismantling the social democratic welfare model? Has the Swedish welfare state lost its defining characteristics?,"The Swedish welfare state was often seen as the most highly developed welfare state and a model for others to follow. In the early 1990s, however, the Swedish economy was in big trouble; the state budget had enormous deficits which the government had to cover by loans in the finance market, exposing the Swedish welfare state model to the evaluation of international capital. This article describes what happened to the welfare state in the 1990s. Was it dismantled? The Swedish experience can shed some light on two competing hypotheses. Globalisation is often seen as an irresistible force that dismantles national autonomy and particularly the possibility of generous welfare arrangements. Another line of thought, however, points out that the welfare state is highly resilient to cutbacks. Cuts are very unpopular among voters and are therefore very dangerous for politicians or parties that aspire to be re-elected. I argue that my data show that although the Swedish welfare state was reformed in many ways in the 1990s and some cutbacks were made, the welfare state has not been dismantled. Its major attributes when compared with other countries - e.g. its generosity, universality and developed welfare services - are almost as prominent as before the crisis. This result is in line with the thesis of the welfare state's resilience and contradicts the globalisation thesis.",2-s2.0-0035618574,"Lindbom, A.",Scandinavian Political Studies,3,24.0,,,2001,10.1111/1467-9477.00052,171,193
The puzzle for Dutch welfare state retrenchment,"In the literature on welfare state retrenchment and in the general emphasis on the resilience of welfare states, the Dutch case appears puzzling by virtue of the fact that significant retrenchments have actually taken place in the Netherlands. It appears even more puzzling considering that the arguments in this literature as to the difficulties in welfare state retrenchments apply very well to this case, whereas the arguments as to why after all welfare state retrenchments are possible do not apply particularly well. This article argues that the explanation for the Dutch puzzle should be found in Dutch politics. Due to the power of the CDA as a pivotal centre party, the PvdA was at an early stage forced to accept welfare state retrenchment. A party consensus thus emerged allowing Dutch governments to define the issue of welfare state retrenchment as a matter of economic necessity.",2-s2.0-0034889177,"Green-Pedersen, C.",West European Politics,3,24.0,,,2001,10.1080/01402380108425456,135,150
"Social policy in harsh times. Social security development in Denmark, Finland, Norway and Sweden during the 1980s and 1990s","For the past two decades, Nordic social policy has been subject to a range of serious challenges, among which economic problems and critiques by neo-classical economists have been most prominent. This article raises the question whether Nordic social policy has significantly changed during this period of challenges. Based on an empirical analysis of social expenditure data and three central social security programs, this article provides evidence that changes in Nordic social policy over this period have, in fact, been relatively minor. Indeed, the four welfare states of Denmark, Finland, Norway and Sweden have shown remarkable resilience considering the harsh challenges that they have been exposed to since the early 1980s.",2-s2.0-0346385954,"Nordlund, A.",International Journal of Social Welfare,1,9.0,Nordic countries; Social policy; Welfare state,Article,2000,10.1111/1468-2397.00106,31,42
West European welfare states: The old politics of retrenchment,"Analysing endeavours to restructure welfare provision, Paul Pierson proposes that the 'politics of retrenchment' is very different from the politics of welfare expansion. In particular, the difficulties of welfare retrenchment are not to be explained by existing theories of welfare expansion; and the 'old' politics of welfare expansion has little to offer in explaining the 'new' politics of welfare retrenchment. This article questions these claims. First, contemporary societal developments are considered in the light of three major theories advanced to explain the emergence of welfare states in Western Europe: the logic-of-industrialism, the crisis of capitalism, and nation-building. Secondly, focusing on trade unions, mainstream left parties, and traditions of governance, the current status of the political forces regarded as vital in building welfare states is assessed. The conclusion drawn is that the resilience of the welfare state in Western Europe lies less in the 'new' politics of 'policy lock in' and 'client interest groups' than in the persistence of the 'old' forces that led to the founding and expansion of welfare states.",2-s2.0-0034369148,"Scarbrough, E.",European Journal of Political Research,2,38.0,,,2000,10.1111/1475-6765.00533,225,259
